symbol,timeframe,timestamp,date,time,open,high,low,close,volume,source
FIB6F,W,2026-01-07 08:00:00,2026-01-07,08:00:00,45170,45170,44877,45028,1,AGG_FROM_D
FIB6F,D,2026-01-07 08:00:00,2026-01-07,08:00:00,45170,45170,44877,44877,1,DIRECTA
FIB6F,1H,2026-01-07 10:00:00,2026-01-07,10:00:00,45170,45170,45170,45170,1,DIRECTA
FIB6F,15M,2026-01-07 10:30:00,2026-01-07,10:30:00,45170,45170,45170,45170,1,DIRECTA
FIB6F,5M,2026-01-07 10:35:00,2026-01-07,10:35:00,45170,45170,45170,45170,1,DIRECTA
FIB6F,D,2026-01-08 08:00:00,2026-01-08,08:00:00,44987,44987,44987,44987,0,DIRECTA
FIB6F,D,2026-01-09 08:00:00,2026-01-09,08:00:00,45028,45028,45028,45028,0,DIRECTA
FIB6F,W,2026-01-12 08:00:00,2026-01-12,08:00:00,45031,45175,44822,45082,1,AGG_FROM_D
FIB6F,D,2026-01-12 08:00:00,2026-01-12,08:00:00,45031,45031,45031,45031,0,DIRECTA
FIB6F,D,2026-01-13 08:00:00,2026-01-13,08:00:00,44822,44822,44822,44822,0,DIRECTA
FIB6F,D,2026-01-14 08:00:00,2026-01-14,08:00:00,44941,44941,44941,44941,0,DIRECTA
FIB6F,D,2026-01-15 08:00:00,2026-01-15,08:00:00,45175,45175,45139,45139,1,DIRECTA
FIB6F,1H,2026-01-15 10:00:00,2026-01-15,10:00:00,45175,45175,45175,45175,1,DIRECTA
FIB6F,15M,2026-01-15 10:15:00,2026-01-15,10:15:00,45175,45175,45175,45175,1,DIRECTA
FIB6F,5M,2026-01-15 10:25:00,2026-01-15,10:25:00,45175,45175,45175,45175,1,DIRECTA
FIB6F,D,2026-01-16 08:00:00,2026-01-16,08:00:00,45082,45082,45082,45082,0,DIRECTA
FIB6F,W,2026-01-19 08:00:00,2026-01-19,08:00:00,44600,44650,43881,44215,4,AGG_FROM_D
FIB6F,D,2026-01-19 08:00:00,2026-01-19,08:00:00,44600,44650,44550,44596,4,DIRECTA
FIB6F,1H,2026-01-19 08:00:00,2026-01-19,08:00:00,44600,44600,44600,44600,0,DIRECTA
FIB6F,15M,2026-01-19 08:00:00,2026-01-19,08:00:00,44600,44600,44600,44600,0,DIRECTA
FIB6F,5M,2026-01-19 08:00:00,2026-01-19,08:00:00,44600,44600,44600,44600,0,DIRECTA
FIB6F,1H,2026-01-19 13:00:00,2026-01-19,13:00:00,44555,44555,44555,44555,2,DIRECTA
FIB6F,15M,2026-01-19 13:00:00,2026-01-19,13:00:00,44555,44555,44555,44555,2,DIRECTA
FIB6F,5M,2026-01-19 13:10:00,2026-01-19,13:10:00,44555,44555,44555,44555,2,DIRECTA
FIB6F,1H,2026-01-19 14:00:00,2026-01-19,14:00:00,44650,44650,44650,44650,1,DIRECTA
FIB6F,15M,2026-01-19 14:30:00,2026-01-19,14:30:00,44650,44650,44650,44650,1,DIRECTA
FIB6F,5M,2026-01-19 14:30:00,2026-01-19,14:30:00,44650,44650,44650,44650,1,DIRECTA
FIB6F,1H,2026-01-19 17:00:00,2026-01-19,17:00:00,44550,44550,44550,44550,1,DIRECTA
FIB6F,15M,2026-01-19 17:30:00,2026-01-19,17:30:00,44550,44550,44550,44550,1,DIRECTA
FIB6F,5M,2026-01-19 17:40:00,2026-01-19,17:40:00,44550,44550,44550,44550,1,DIRECTA
FIB6F,D,2026-01-20 08:00:00,2026-01-20,08:00:00,44111,44111,44111,44111,0,DIRECTA
FIB6F,D,2026-01-21 08:00:00,2026-01-21,08:00:00,43881,43881,43881,43881,0,DIRECTA
FIB6F,D,2026-01-22 08:00:00,2026-01-22,08:00:00,44479,44479,44479,44479,0,DIRECTA
FIB6F,D,2026-01-23 08:00:00,2026-01-23,08:00:00,44215,44215,44215,44215,0,DIRECTA
FIB6F,W,2026-01-27 08:00:00,2026-01-27,08:00:00,44650,44896,44400,44896,30,AGG_FROM_D
FIB6F,D,2026-01-27 08:00:00,2026-01-27,08:00:00,44650,44819,44650,44819,2,DIRECTA
FIB6F,1H,2026-01-27 14:00:00,2026-01-27,14:00:00,44650,44650,44650,44650,1,DIRECTA
FIB6F,15M,2026-01-27 14:30:00,2026-01-27,14:30:00,44650,44650,44650,44650,1,DIRECTA
FIB6F,5M,2026-01-27 14:40:00,2026-01-27,14:40:00,44650,44650,44650,44650,1,DIRECTA
FIB6F,1H,2026-01-27 15:00:00,2026-01-27,15:00:00,44690,44690,44690,44690,1,DIRECTA
FIB6F,15M,2026-01-27 15:00:00,2026-01-27,15:00:00,44690,44690,44690,44690,1,DIRECTA
FIB6F,5M,2026-01-27 15:10:00,2026-01-27,15:10:00,44690,44690,44690,44690,1,DIRECTA
FIB6F,D,2026-01-28 08:00:00,2026-01-28,08:00:00,44500,44580,44400,44510,12,DIRECTA
FIB6F,1H,2026-01-28 12:00:00,2026-01-28,12:00:00,44500,44505,44500,44505,2,DIRECTA
FIB6F,15M,2026-01-28 12:00:00,2026-01-28,12:00:00,44500,44500,44500,44500,1,DIRECTA
FIB6F,5M,2026-01-28 12:05:00,2026-01-28,12:05:00,44500,44500,44500,44500,1,DIRECTA
FIB6F,15M,2026-01-28 12:15:00,2026-01-28,12:15:00,44505,44505,44505,44505,1,DIRECTA
FIB6F,5M,2026-01-28 12:20:00,2026-01-28,12:20:00,44505,44505,44505,44505,1,DIRECTA
FIB6F,1H,2026-01-28 14:00:00,2026-01-28,14:00:00,44400,44425,44400,44410,3,DIRECTA
FIB6F,15M,2026-01-28 14:45:00,2026-01-28,14:45:00,44400,44425,44400,44410,3,DIRECTA
FIB6F,5M,2026-01-28 14:45:00,2026-01-28,14:45:00,44400,44400,44400,44400,1,DIRECTA
FIB6F,5M,2026-01-28 14:50:00,2026-01-28,14:50:00,44425,44425,44425,44425,1,DIRECTA
FIB6F,5M,2026-01-28 14:55:00,2026-01-28,14:55:00,44410,44410,44410,44410,1,DIRECTA
FIB6F,1H,2026-01-28 15:00:00,2026-01-28,15:00:00,44430,44580,44430,44580,5,DIRECTA
FIB6F,15M,2026-01-28 15:00:00,2026-01-28,15:00:00,44430,44440,44430,44440,2,DIRECTA
FIB6F,5M,2026-01-28 15:00:00,2026-01-28,15:00:00,44430,44430,44430,44430,1,DIRECTA
FIB6F,5M,2026-01-28 15:10:00,2026-01-28,15:10:00,44440,44440,44440,44440,1,DIRECTA
FIB6F,15M,2026-01-28 15:15:00,2026-01-28,15:15:00,44460,44460,44460,44460,1,DIRECTA
FIB6F,5M,2026-01-28 15:15:00,2026-01-28,15:15:00,44460,44460,44460,44460,1,DIRECTA
FIB6F,15M,2026-01-28 15:30:00,2026-01-28,15:30:00,44530,44530,44530,44530,1,DIRECTA
FIB6F,5M,2026-01-28 15:35:00,2026-01-28,15:35:00,44530,44530,44530,44530,1,DIRECTA
FIB6F,15M,2026-01-28 15:45:00,2026-01-28,15:45:00,44580,44580,44580,44580,1,DIRECTA
FIB6F,5M,2026-01-28 15:45:00,2026-01-28,15:45:00,44580,44580,44580,44580,1,DIRECTA
FIB6F,1H,2026-01-28 17:00:00,2026-01-28,17:00:00,44460,44470,44460,44470,2,DIRECTA
FIB6F,15M,2026-01-28 17:30:00,2026-01-28,17:30:00,44460,44460,44460,44460,1,DIRECTA
FIB6F,5M,2026-01-28 17:35:00,2026-01-28,17:35:00,44460,44460,44460,44460,1,DIRECTA
FIB6F,15M,2026-01-28 17:45:00,2026-01-28,17:45:00,44470,44470,44470,44470,1,DIRECTA
FIB6F,5M,2026-01-28 17:55:00,2026-01-28,17:55:00,44470,44470,44470,44470,1,DIRECTA
FIB6F,D,2026-01-29 08:00:00,2026-01-29,08:00:00,44800,44820,44443,44443,14,DIRECTA
FIB6F,1H,2026-01-29 10:00:00,2026-01-29,10:00:00,44800,44820,44790,44790,5,DIRECTA
FIB6F,15M,2026-01-29 10:15:00,2026-01-29,10:15:00,44800,44820,44800,44820,2,DIRECTA
FIB6F,5M,2026-01-29 10:15:00,2026-01-29,10:15:00,44800,44820,44800,44820,2,DIRECTA
FIB6F,15M,2026-01-29 10:30:00,2026-01-29,10:30:00,44790,44810,44790,44810,2,DIRECTA
FIB6F,5M,2026-01-29 10:35:00,2026-01-29,10:35:00,44790,44810,44790,44810,2,DIRECTA
FIB6F,15M,2026-01-29 10:45:00,2026-01-29,10:45:00,44790,44790,44790,44790,1,DIRECTA
FIB6F,5M,2026-01-29 10:45:00,2026-01-29,10:45:00,44790,44790,44790,44790,1,DIRECTA
FIB6F,1H,2026-01-29 11:00:00,2026-01-29,11:00:00,44810,44810,44790,44790,2,DIRECTA
FIB6F,15M,2026-01-29 11:15:00,2026-01-29,11:15:00,44810,44810,44790,44790,2,DIRECTA
FIB6F,5M,2026-01-29 11:20:00,2026-01-29,11:20:00,44810,44810,44810,44810,1,DIRECTA
FIB6F,5M,2026-01-29 11:25:00,2026-01-29,11:25:00,44790,44790,44790,44790,1,DIRECTA
FIB6F,1H,2026-01-29 14:00:00,2026-01-29,14:00:00,44810,44810,44810,44810,1,DIRECTA
FIB6F,15M,2026-01-29 14:00:00,2026-01-29,14:00:00,44810,44810,44810,44810,1,DIRECTA
FIB6F,5M,2026-01-29 14:10:00,2026-01-29,14:10:00,44810,44810,44810,44810,1,DIRECTA
FIB6F,1H,2026-01-29 15:00:00,2026-01-29,15:00:00,44800,44800,44800,44800,1,DIRECTA
FIB6F,15M,2026-01-29 15:45:00,2026-01-29,15:45:00,44800,44800,44800,44800,1,DIRECTA
FIB6F,5M,2026-01-29 15:50:00,2026-01-29,15:50:00,44800,44800,44800,44800,1,DIRECTA
FIB6F,1H,2026-01-29 16:00:00,2026-01-29,16:00:00,44465,44465,44465,44465,1,DIRECTA
FIB6F,15M,2026-01-29 16:45:00,2026-01-29,16:45:00,44465,44465,44465,44465,1,DIRECTA
FIB6F,5M,2026-01-29 16:50:00,2026-01-29,16:50:00,44465,44465,44465,44465,1,DIRECTA
FIB6F,1H,2026-01-29 17:00:00,2026-01-29,17:00:00,44465,44465,44465,44465,1,DIRECTA
FIB6F,15M,2026-01-29 17:15:00,2026-01-29,17:15:00,44465,44465,44465,44465,1,DIRECTA
FIB6F,5M,2026-01-29 17:20:00,2026-01-29,17:20:00,44465,44465,44465,44465,1,DIRECTA
FIB6F,1H,2026-01-29 18:00:00,2026-01-29,18:00:00,44650,44650,44580,44580,3,DIRECTA
FIB6F,15M,2026-01-29 18:30:00,2026-01-29,18:30:00,44650,44650,44650,44650,2,DIRECTA
FIB6F,5M,2026-01-29 18:35:00,2026-01-29,18:35:00,44650,44650,44650,44650,2,DIRECTA
FIB6F,15M,2026-01-29 18:45:00,2026-01-29,18:45:00,44580,44580,44580,44580,1,DIRECTA
FIB6F,5M,2026-01-29 18:50:00,2026-01-29,18:50:00,44580,44580,44580,44580,1,DIRECTA
FIB6F,D,2026-01-30 08:00:00,2026-01-30,08:00:00,44835,44896,44835,44896,2,DIRECTA
FIB6F,1H,2026-01-30 10:00:00,2026-01-30,10:00:00,44835,44835,44835,44835,1,DIRECTA
FIB6F,15M,2026-01-30 10:00:00,2026-01-30,10:00:00,44835,44835,44835,44835,1,DIRECTA
FIB6F,5M,2026-01-30 10:05:00,2026-01-30,10:05:00,44835,44835,44835,44835,1,DIRECTA
FIB6F,1H,2026-01-30 12:00:00,2026-01-30,12:00:00,44855,44855,44855,44855,1,DIRECTA
FIB6F,15M,2026-01-30 12:30:00,2026-01-30,12:30:00,44855,44855,44855,44855,1,DIRECTA
FIB6F,5M,2026-01-30 12:35:00,2026-01-30,12:35:00,44855,44855,44855,44855,1,DIRECTA
FIB6F,W,2026-02-02 08:00:00,2026-02-02,08:00:00,44830,46280,44780,45229,33,AGG_FROM_D
FIB6F,D,2026-02-02 08:00:00,2026-02-02,08:00:00,44830,45377,44780,45377,4,DIRECTA
FIB6F,1H,2026-02-02 10:00:00,2026-02-02,10:00:00,44830,44830,44780,44825,4,DIRECTA
FIB6F,15M,2026-02-02 10:00:00,2026-02-02,10:00:00,44830,44830,44780,44780,2,DIRECTA
FIB6F,5M,2026-02-02 10:00:00,2026-02-02,10:00:00,44830,44830,44830,44830,1,DIRECTA
FIB6F,5M,2026-02-02 10:10:00,2026-02-02,10:10:00,44780,44780,44780,44780,1,DIRECTA
FIB6F,15M,2026-02-02 10:15:00,2026-02-02,10:15:00,44825,44825,44825,44825,2,DIRECTA
FIB6F,5M,2026-02-02 10:20:00,2026-02-02,10:20:00,44825,44825,44825,44825,2,DIRECTA
FIB6F,D,2026-02-03 08:00:00,2026-02-03,08:00:00,45700,46050,45525,45790,11,DIRECTA
FIB6F,1H,2026-02-03 08:00:00,2026-02-03,08:00:00,45700,45700,45700,45700,1,DIRECTA
FIB6F,15M,2026-02-03 08:00:00,2026-02-03,08:00:00,45700,45700,45700,45700,1,DIRECTA
FIB6F,5M,2026-02-03 08:10:00,2026-02-03,08:10:00,45700,45700,45700,45700,1,DIRECTA
FIB6F,1H,2026-02-03 10:00:00,2026-02-03,10:00:00,45750,45770,45750,45770,2,DIRECTA
FIB6F,15M,2026-02-03 10:45:00,2026-02-03,10:45:00,45750,45770,45750,45770,2,DIRECTA
FIB6F,5M,2026-02-03 10:45:00,2026-02-03,10:45:00,45750,45750,45750,45750,1,DIRECTA
FIB6F,5M,2026-02-03 10:50:00,2026-02-03,10:50:00,45770,45770,45770,45770,1,DIRECTA
FIB6F,1H,2026-02-03 12:00:00,2026-02-03,12:00:00,45750,45750,45750,45750,1,DIRECTA
FIB6F,15M,2026-02-03 12:30:00,2026-02-03,12:30:00,45750,45750,45750,45750,1,DIRECTA
FIB6F,5M,2026-02-03 12:30:00,2026-02-03,12:30:00,45750,45750,45750,45750,1,DIRECTA
FIB6F,1H,2026-02-03 13:00:00,2026-02-03,13:00:00,45885,46050,45885,46050,2,DIRECTA
FIB6F,15M,2026-02-03 13:30:00,2026-02-03,13:30:00,45885,45885,45885,45885,1,DIRECTA
FIB6F,5M,2026-02-03 13:30:00,2026-02-03,13:30:00,45885,45885,45885,45885,1,DIRECTA
FIB6F,15M,2026-02-03 13:45:00,2026-02-03,13:45:00,46050,46050,46050,46050,1,DIRECTA
FIB6F,5M,2026-02-03 13:55:00,2026-02-03,13:55:00,46050,46050,46050,46050,1,DIRECTA
FIB6F,1H,2026-02-03 14:00:00,2026-02-03,14:00:00,45820,45820,45820,45820,1,DIRECTA
FIB6F,15M,2026-02-03 14:00:00,2026-02-03,14:00:00,45820,45820,45820,45820,1,DIRECTA
FIB6F,5M,2026-02-03 14:10:00,2026-02-03,14:10:00,45820,45820,45820,45820,1,DIRECTA
FIB6F,1H,2026-02-03 15:00:00,2026-02-03,15:00:00,45525,45805,45525,45805,4,DIRECTA
FIB6F,15M,2026-02-03 15:15:00,2026-02-03,15:15:00,45525,45525,45525,45525,1,DIRECTA
FIB6F,5M,2026-02-03 15:15:00,2026-02-03,15:15:00,45525,45525,45525,45525,1,DIRECTA
FIB6F,15M,2026-02-03 15:30:00,2026-02-03,15:30:00,45750,45750,45750,45750,1,DIRECTA
FIB6F,5M,2026-02-03 15:35:00,2026-02-03,15:35:00,45750,45750,45750,45750,1,DIRECTA
FIB6F,15M,2026-02-03 15:45:00,2026-02-03,15:45:00,45805,45805,45805,45805,2,DIRECTA
FIB6F,5M,2026-02-03 15:45:00,2026-02-03,15:45:00,45805,45805,45805,45805,2,DIRECTA
FIB6F,D,2026-02-04 08:00:00,2026-02-04,08:00:00,46280,46280,46011,46011,1,DIRECTA
FIB6F,1H,2026-02-04 14:00:00,2026-02-04,14:00:00,46280,46280,46280,46280,1,DIRECTA
FIB6F,15M,2026-02-04 14:45:00,2026-02-04,14:45:00,46280,46280,46280,46280,1,DIRECTA
FIB6F,5M,2026-02-04 14:55:00,2026-02-04,14:55:00,46280,46280,46280,46280,1,DIRECTA
FIB6F,D,2026-02-05 08:00:00,2026-02-05,08:00:00,45800,45955,45176,45176,16,DIRECTA
FIB6F,1H,2026-02-05 10:00:00,2026-02-05,10:00:00,45800,45880,45800,45880,5,DIRECTA
FIB6F,15M,2026-02-05 10:00:00,2026-02-05,10:00:00,45800,45800,45800,45800,1,DIRECTA
FIB6F,5M,2026-02-05 10:05:00,2026-02-05,10:05:00,45800,45800,45800,45800,1,DIRECTA
FIB6F,15M,2026-02-05 10:15:00,2026-02-05,10:15:00,45820,45820,45820,45820,2,DIRECTA
FIB6F,5M,2026-02-05 10:25:00,2026-02-05,10:25:00,45820,45820,45820,45820,2,DIRECTA
FIB6F,15M,2026-02-05 10:30:00,2026-02-05,10:30:00,45840,45880,45840,45880,2,DIRECTA
FIB6F,5M,2026-02-05 10:30:00,2026-02-05,10:30:00,45840,45840,45840,45840,1,DIRECTA
FIB6F,5M,2026-02-05 10:35:00,2026-02-05,10:35:00,45880,45880,45880,45880,1,DIRECTA
FIB6F,1H,2026-02-05 11:00:00,2026-02-05,11:00:00,45715,45920,45715,45920,4,DIRECTA
FIB6F,15M,2026-02-05 11:00:00,2026-02-05,11:00:00,45715,45715,45715,45715,1,DIRECTA
FIB6F,5M,2026-02-05 11:00:00,2026-02-05,11:00:00,45715,45715,45715,45715,1,DIRECTA
FIB6F,15M,2026-02-05 11:45:00,2026-02-05,11:45:00,45900,45920,45900,45920,3,DIRECTA
FIB6F,5M,2026-02-05 11:45:00,2026-02-05,11:45:00,45900,45900,45900,45900,1,DIRECTA
FIB6F,5M,2026-02-05 11:55:00,2026-02-05,11:55:00,45900,45920,45900,45920,2,DIRECTA
FIB6F,1H,2026-02-05 12:00:00,2026-02-05,12:00:00,45920,45940,45920,45935,3,DIRECTA
FIB6F,15M,2026-02-05 12:00:00,2026-02-05,12:00:00,45920,45920,45920,45920,1,DIRECTA
FIB6F,5M,2026-02-05 12:00:00,2026-02-05,12:00:00,45920,45920,45920,45920,1,DIRECTA
FIB6F,15M,2026-02-05 12:15:00,2026-02-05,12:15:00,45940,45940,45940,45940,1,DIRECTA
FIB6F,5M,2026-02-05 12:25:00,2026-02-05,12:25:00,45940,45940,45940,45940,1,DIRECTA
FIB6F,15M,2026-02-05 12:30:00,2026-02-05,12:30:00,45935,45935,45935,45935,1,DIRECTA
FIB6F,5M,2026-02-05 12:30:00,2026-02-05,12:30:00,45935,45935,45935,45935,1,DIRECTA
FIB6F,1H,2026-02-05 13:00:00,2026-02-05,13:00:00,45955,45955,45955,45955,1,DIRECTA
FIB6F,15M,2026-02-05 13:00:00,2026-02-05,13:00:00,45955,45955,45955,45955,1,DIRECTA
FIB6F,5M,2026-02-05 13:00:00,2026-02-05,13:00:00,45955,45955,45955,45955,1,DIRECTA
FIB6F,1H,2026-02-05 15:00:00,2026-02-05,15:00:00,45440,45500,45440,45500,3,DIRECTA
FIB6F,15M,2026-02-05 15:00:00,2026-02-05,15:00:00,45440,45440,45440,45440,1,DIRECTA
FIB6F,5M,2026-02-05 15:05:00,2026-02-05,15:05:00,45440,45440,45440,45440,1,DIRECTA
FIB6F,15M,2026-02-05 15:30:00,2026-02-05,15:30:00,45460,45460,45460,45460,1,DIRECTA
FIB6F,5M,2026-02-05 15:40:00,2026-02-05,15:40:00,45460,45460,45460,45460,1,DIRECTA
FIB6F,15M,2026-02-05 15:45:00,2026-02-05,15:45:00,45500,45500,45500,45500,1,DIRECTA
FIB6F,5M,2026-02-05 15:45:00,2026-02-05,15:45:00,45500,45500,45500,45500,1,DIRECTA
FIB6F,D,2026-02-06 08:00:00,2026-02-06,08:00:00,45520,45520,45229,45229,1,DIRECTA
FIB6F,1H,2026-02-06 17:00:00,2026-02-06,17:00:00,45520,45520,45520,45520,1,DIRECTA
FIB6F,15M,2026-02-06 17:30:00,2026-02-06,17:30:00,45520,45520,45520,45520,1,DIRECTA
FIB6F,5M,2026-02-06 17:40:00,2026-02-06,17:40:00,45520,45520,45520,45520,1,DIRECTA
FIB6F,W,2026-02-09 08:00:00,2026-02-09,08:00:00,45780,46250,44800,44800,32,AGG_FROM_D
FIB6F,D,2026-02-09 08:00:00,2026-02-09,08:00:00,45780,46171,45775,46171,10,DIRECTA
FIB6F,1H,2026-02-09 10:00:00,2026-02-09,10:00:00,45780,45800,45780,45800,2,DIRECTA
FIB6F,15M,2026-02-09 10:15:00,2026-02-09,10:15:00,45780,45780,45780,45780,1,DIRECTA
FIB6F,5M,2026-02-09 10:20:00,2026-02-09,10:20:00,45780,45780,45780,45780,1,DIRECTA
FIB6F,15M,2026-02-09 10:30:00,2026-02-09,10:30:00,45800,45800,45800,45800,1,DIRECTA
FIB6F,5M,2026-02-09 10:30:00,2026-02-09,10:30:00,45800,45800,45800,45800,1,DIRECTA
FIB6F,1H,2026-02-09 11:00:00,2026-02-09,11:00:00,45775,45775,45775,45775,1,DIRECTA
FIB6F,15M,2026-02-09 11:00:00,2026-02-09,11:00:00,45775,45775,45775,45775,1,DIRECTA
FIB6F,5M,2026-02-09 11:00:00,2026-02-09,11:00:00,45775,45775,45775,45775,1,DIRECTA
FIB6F,1H,2026-02-09 12:00:00,2026-02-09,12:00:00,45800,45800,45780,45800,5,DIRECTA
FIB6F,15M,2026-02-09 12:15:00,2026-02-09,12:15:00,45800,45800,45800,45800,1,DIRECTA
FIB6F,5M,2026-02-09 12:25:00,2026-02-09,12:25:00,45800,45800,45800,45800,1,DIRECTA
FIB6F,15M,2026-02-09 12:30:00,2026-02-09,12:30:00,45780,45800,45780,45800,2,DIRECTA
FIB6F,5M,2026-02-09 12:35:00,2026-02-09,12:35:00,45780,45800,45780,45800,2,DIRECTA
FIB6F,15M,2026-02-09 12:45:00,2026-02-09,12:45:00,45780,45800,45780,45800,2,DIRECTA
FIB6F,5M,2026-02-09 12:45:00,2026-02-09,12:45:00,45780,45780,45780,45780,1,DIRECTA
FIB6F,5M,2026-02-09 12:50:00,2026-02-09,12:50:00,45800,45800,45800,45800,1,DIRECTA
FIB6F,1H,2026-02-09 16:00:00,2026-02-09,16:00:00,46080,46100,46080,46100,2,DIRECTA
FIB6F,15M,2026-02-09 16:15:00,2026-02-09,16:15:00,46080,46080,46080,46080,1,DIRECTA
FIB6F,5M,2026-02-09 16:15:00,2026-02-09,16:15:00,46080,46080,46080,46080,1,DIRECTA
FIB6F,15M,2026-02-09 16:30:00,2026-02-09,16:30:00,46100,46100,46100,46100,1,DIRECTA
FIB6F,5M,2026-02-09 16:30:00,2026-02-09,16:30:00,46100,46100,46100,46100,1,DIRECTA
FIB6F,D,2026-02-10 08:00:00,2026-02-10,08:00:00,46250,46250,46234,46234,2,DIRECTA
FIB6F,1H,2026-02-10 16:00:00,2026-02-10,16:00:00,46250,46250,46250,46250,2,DIRECTA
FIB6F,15M,2026-02-10 16:45:00,2026-02-10,16:45:00,46250,46250,46250,46250,2,DIRECTA
FIB6F,5M,2026-02-10 16:45:00,2026-02-10,16:45:00,46250,46250,46250,46250,2,DIRECTA
FIB6F,D,2026-02-11 08:00:00,2026-02-11,08:00:00,45620,46000,45620,45937,16,DIRECTA
FIB6F,1H,2026-02-11 10:00:00,2026-02-11,10:00:00,45620,45665,45620,45665,3,DIRECTA
FIB6F,15M,2026-02-11 10:45:00,2026-02-11,10:45:00,45620,45665,45620,45665,3,DIRECTA
FIB6F,5M,2026-02-11 10:50:00,2026-02-11,10:50:00,45620,45620,45620,45620,1,DIRECTA
FIB6F,5M,2026-02-11 10:55:00,2026-02-11,10:55:00,45640,45665,45640,45665,2,DIRECTA
FIB6F,1H,2026-02-11 11:00:00,2026-02-11,11:00:00,45685,45850,45685,45850,4,DIRECTA
FIB6F,15M,2026-02-11 11:00:00,2026-02-11,11:00:00,45685,45710,45685,45710,3,DIRECTA
FIB6F,5M,2026-02-11 11:00:00,2026-02-11,11:00:00,45685,45685,45685,45685,1,DIRECTA
FIB6F,5M,2026-02-11 11:05:00,2026-02-11,11:05:00,45690,45710,45690,45710,2,DIRECTA
FIB6F,15M,2026-02-11 11:45:00,2026-02-11,11:45:00,45850,45850,45850,45850,1,DIRECTA
FIB6F,5M,2026-02-11 11:45:00,2026-02-11,11:45:00,45850,45850,45850,45850,1,DIRECTA
FIB6F,1H,2026-02-11 14:00:00,2026-02-11,14:00:00,45860,45860,45860,45860,1,DIRECTA
FIB6F,15M,2026-02-11 14:30:00,2026-02-11,14:30:00,45860,45860,45860,45860,1,DIRECTA
FIB6F,5M,2026-02-11 14:30:00,2026-02-11,14:30:00,45860,45860,45860,45860,1,DIRECTA
FIB6F,1H,2026-02-11 15:00:00,2026-02-11,15:00:00,46000,46000,46000,46000,2,DIRECTA
FIB6F,15M,2026-02-11 15:45:00,2026-02-11,15:45:00,46000,46000,46000,46000,2,DIRECTA
FIB6F,5M,2026-02-11 15:50:00,2026-02-11,15:50:00,46000,46000,46000,46000,2,DIRECTA
FIB6F,1H,2026-02-11 17:00:00,2026-02-11,17:00:00,45915,45915,45915,45915,1,DIRECTA
FIB6F,15M,2026-02-11 17:30:00,2026-02-11,17:30:00,45915,45915,45915,45915,1,DIRECTA
FIB6F,5M,2026-02-11 17:40:00,2026-02-11,17:40:00,45915,45915,45915,45915,1,DIRECTA
FIB6F,1H,2026-02-11 18:00:00,2026-02-11,18:00:00,45940,45970,45940,45970,3,DIRECTA
FIB6F,15M,2026-02-11 18:15:00,2026-02-11,18:15:00,45940,45970,45940,45970,3,DIRECTA
FIB6F,5M,2026-02-11 18:15:00,2026-02-11,18:15:00,45940,45940,45940,45940,1,DIRECTA
FIB6F,5M,2026-02-11 18:20:00,2026-02-11,18:20:00,45950,45950,45950,45950,1,DIRECTA
FIB6F,5M,2026-02-11 18:25:00,2026-02-11,18:25:00,45970,45970,45970,45970,1,DIRECTA
FIB6F,1H,2026-02-11 19:00:00,2026-02-11,19:00:00,45925,45945,45925,45945,2,DIRECTA
FIB6F,15M,2026-02-11 19:15:00,2026-02-11,19:15:00,45925,45945,45925,45945,2,DIRECTA
FIB6F,5M,2026-02-11 19:25:00,2026-02-11,19:25:00,45925,45945,45925,45945,2,DIRECTA
FIB6F,D,2026-02-12 08:00:00,2026-02-12,08:00:00,46160,46160,45647,45647,1,DIRECTA
FIB6F,1H,2026-02-12 10:00:00,2026-02-12,10:00:00,46160,46160,46160,46160,1,DIRECTA
FIB6F,15M,2026-02-12 10:30:00,2026-02-12,10:30:00,46160,46160,46160,46160,1,DIRECTA
FIB6F,5M,2026-02-12 10:30:00,2026-02-12,10:30:00,46160,46160,46160,46160,1,DIRECTA
FIB6F,D,2026-02-13 08:00:00,2026-02-13,08:00:00,45400,45400,44800,44800,3,DIRECTA
FIB6F,1H,2026-02-13 09:00:00,2026-02-13,09:00:00,45400,45400,45400,45400,1,DIRECTA
FIB6F,15M,2026-02-13 09:15:00,2026-02-13,09:15:00,45400,45400,45400,45400,1,DIRECTA
FIB6F,5M,2026-02-13 09:15:00,2026-02-13,09:15:00,45400,45400,45400,45400,1,DIRECTA
FIB6F,1H,2026-02-13 10:00:00,2026-02-13,10:00:00,45275,45275,45275,45275,1,DIRECTA
FIB6F,15M,2026-02-13 10:30:00,2026-02-13,10:30:00,45275,45275,45275,45275,1,DIRECTA
FIB6F,5M,2026-02-13 10:30:00,2026-02-13,10:30:00,45275,45275,45275,45275,1,DIRECTA
FIB6F,1H,2026-02-13 12:00:00,2026-02-13,12:00:00,44800,44800,44800,44800,1,DIRECTA
FIB6F,15M,2026-02-13 12:30:00,2026-02-13,12:30:00,44800,44800,44800,44800,1,DIRECTA
FIB6F,5M,2026-02-13 12:30:00,2026-02-13,12:30:00,44800,44800,44800,44800,1,DIRECTA
FIB6F,W,2026-02-16 08:00:00,2026-02-16,08:00:00,44980,45985,44650,45880,21,AGG_FROM_D
FIB6F,D,2026-02-16 08:00:00,2026-02-16,08:00:00,44980,44980,44841,44841,6,DIRECTA
FIB6F,1H,2026-02-16 11:00:00,2026-02-16,11:00:00,44980,44980,44980,44980,5,DIRECTA
FIB6F,15M,2026-02-16 11:45:00,2026-02-16,11:45:00,44980,44980,44980,44980,5,DIRECTA
FIB6F,5M,2026-02-16 11:55:00,2026-02-16,11:55:00,44980,44980,44980,44980,5,DIRECTA
FIB6F,1H,2026-02-16 12:00:00,2026-02-16,12:00:00,44980,44980,44980,44980,1,DIRECTA
FIB6F,15M,2026-02-16 12:00:00,2026-02-16,12:00:00,44980,44980,44980,44980,1,DIRECTA
FIB6F,5M,2026-02-16 12:00:00,2026-02-16,12:00:00,44980,44980,44980,44980,1,DIRECTA
FIB6F,D,2026-02-17 08:00:00,2026-02-17,08:00:00,44655,45200,44650,45179,5,DIRECTA
FIB6F,1H,2026-02-17 08:00:00,2026-02-17,08:00:00,44655,44655,44650,44650,2,DIRECTA
FIB6F,15M,2026-02-17 08:00:00,2026-02-17,08:00:00,44655,44655,44655,44655,1,DIRECTA
FIB6F,5M,2026-02-17 08:10:00,2026-02-17,08:10:00,44655,44655,44655,44655,1,DIRECTA
FIB6F,15M,2026-02-17 08:45:00,2026-02-17,08:45:00,44650,44650,44650,44650,1,DIRECTA
FIB6F,5M,2026-02-17 08:55:00,2026-02-17,08:55:00,44650,44650,44650,44650,1,DIRECTA
FIB6F,1H,2026-02-17 09:00:00,2026-02-17,09:00:00,44885,44885,44885,44885,1,DIRECTA
FIB6F,15M,2026-02-17 09:00:00,2026-02-17,09:00:00,44885,44885,44885,44885,1,DIRECTA
FIB6F,5M,2026-02-17 09:10:00,2026-02-17,09:10:00,44885,44885,44885,44885,1,DIRECTA
FIB6F,1H,2026-02-17 10:00:00,2026-02-17,10:00:00,45020,45020,45020,45020,1,DIRECTA
FIB6F,15M,2026-02-17 10:30:00,2026-02-17,10:30:00,45020,45020,45020,45020,1,DIRECTA
FIB6F,5M,2026-02-17 10:30:00,2026-02-17,10:30:00,45020,45020,45020,45020,1,DIRECTA
FIB6F,1H,2026-02-17 19:00:00,2026-02-17,19:00:00,45200,45200,45200,45200,1,DIRECTA
FIB6F,15M,2026-02-17 19:45:00,2026-02-17,19:45:00,45200,45200,45200,45200,1,DIRECTA
FIB6F,5M,2026-02-17 19:45:00,2026-02-17,19:45:00,45200,45200,45200,45200,1,DIRECTA
FIB6F,D,2026-02-18 08:00:00,2026-02-18,08:00:00,45515,45520,45515,45520,2,DIRECTA
FIB6F,1H,2026-02-18 09:00:00,2026-02-18,09:00:00,45515,45520,45515,45520,2,DIRECTA
FIB6F,15M,2026-02-18 09:45:00,2026-02-18,09:45:00,45515,45520,45515,45520,2,DIRECTA
FIB6F,5M,2026-02-18 09:55:00,2026-02-18,09:55:00,45515,45520,45515,45520,2,DIRECTA
FIB6F,D,2026-02-19 08:00:00,2026-02-19,08:00:00,45385,45385,45198,45198,1,DIRECTA
FIB6F,1H,2026-02-19 09:00:00,2026-02-19,09:00:00,45385,45385,45385,45385,1,DIRECTA
FIB6F,15M,2026-02-19 09:30:00,2026-02-19,09:30:00,45385,45385,45385,45385,1,DIRECTA
FIB6F,5M,2026-02-19 09:35:00,2026-02-19,09:35:00,45385,45385,45385,45385,1,DIRECTA
FIB6F,D,2026-02-20 08:00:00,2026-02-20,08:00:00,45335,45985,45335,45880,7,DIRECTA
FIB6F,1H,2026-02-20 08:00:00,2026-02-20,08:00:00,45335,45335,45335,45335,1,DIRECTA
FIB6F,15M,2026-02-20 08:30:00,2026-02-20,08:30:00,45335,45335,45335,45335,1,DIRECTA
FIB6F,5M,2026-02-20 08:40:00,2026-02-20,08:40:00,45335,45335,45335,45335,1,DIRECTA
FIB6F,1H,2026-02-20 14:00:00,2026-02-20,14:00:00,45630,45630,45630,45630,1,DIRECTA
FIB6F,15M,2026-02-20 14:30:00,2026-02-20,14:30:00,45630,45630,45630,45630,1,DIRECTA
FIB6F,5M,2026-02-20 14:30:00,2026-02-20,14:30:00,45630,45630,45630,45630,1,DIRECTA
FIB6F,1H,2026-02-20 16:00:00,2026-02-20,16:00:00,45980,45985,45795,45800,5,DIRECTA
FIB6F,15M,2026-02-20 16:00:00,2026-02-20,16:00:00,45980,45985,45795,45800,5,DIRECTA
FIB6F,5M,2026-02-20 16:00:00,2026-02-20,16:00:00,45980,45985,45980,45985,3,DIRECTA
FIB6F,5M,2026-02-20 16:05:00,2026-02-20,16:05:00,45795,45800,45795,45800,2,DIRECTA
FIB6F,W,2026-02-23 08:00:00,2026-02-23,08:00:00,46190,46816,45850,46601,26,AGG_FROM_D
FIB6F,D,2026-02-23 08:00:00,2026-02-23,08:00:00,46190,46190,46055,46102,2,DIRECTA
FIB6F,1H,2026-02-23 10:00:00,2026-02-23,10:00:00,46190,46190,46190,46190,1,DIRECTA
FIB6F,15M,2026-02-23 10:15:00,2026-02-23,10:15:00,46190,46190,46190,46190,1,DIRECTA
FIB6F,5M,2026-02-23 10:15:00,2026-02-23,10:15:00,46190,46190,46190,46190,1,DIRECTA
FIB6F,1H,2026-02-23 19:00:00,2026-02-23,19:00:00,46055,46055,46055,46055,1,DIRECTA
FIB6F,15M,2026-02-23 19:15:00,2026-02-23,19:15:00,46055,46055,46055,46055,1,DIRECTA
FIB6F,5M,2026-02-23 19:25:00,2026-02-23,19:25:00,46055,46055,46055,46055,1,DIRECTA
FIB6F,D,2026-02-24 08:00:00,2026-02-24,08:00:00,45850,46295,45850,46055,9,DIRECTA
FIB6F,1H,2026-02-24 12:00:00,2026-02-24,12:00:00,45850,45875,45850,45875,2,DIRECTA
FIB6F,15M,2026-02-24 12:45:00,2026-02-24,12:45:00,45850,45875,45850,45875,2,DIRECTA
FIB6F,5M,2026-02-24 12:45:00,2026-02-24,12:45:00,45850,45850,45850,45850,1,DIRECTA
FIB6F,5M,2026-02-24 12:50:00,2026-02-24,12:50:00,45875,45875,45875,45875,1,DIRECTA
FIB6F,1H,2026-02-24 15:00:00,2026-02-24,15:00:00,45860,45885,45860,45885,2,DIRECTA
FIB6F,15M,2026-02-24 15:00:00,2026-02-24,15:00:00,45860,45860,45860,45860,1,DIRECTA
FIB6F,5M,2026-02-24 15:10:00,2026-02-24,15:10:00,45860,45860,45860,45860,1,DIRECTA
FIB6F,15M,2026-02-24 15:15:00,2026-02-24,15:15:00,45885,45885,45885,45885,1,DIRECTA
FIB6F,5M,2026-02-24 15:25:00,2026-02-24,15:25:00,45885,45885,45885,45885,1,DIRECTA
FIB6F,1H,2026-02-24 16:00:00,2026-02-24,16:00:00,46295,46295,45965,45965,3,DIRECTA
FIB6F,15M,2026-02-24 16:15:00,2026-02-24,16:15:00,46295,46295,45965,45965,3,DIRECTA
FIB6F,5M,2026-02-24 16:15:00,2026-02-24,16:15:00,46295,46295,45965,45965,3,DIRECTA
FIB6F,1H,2026-02-24 17:00:00,2026-02-24,17:00:00,46025,46025,46025,46025,1,DIRECTA
FIB6F,15M,2026-02-24 17:30:00,2026-02-24,17:30:00,46025,46025,46025,46025,1,DIRECTA
FIB6F,5M,2026-02-24 17:35:00,2026-02-24,17:35:00,46025,46025,46025,46025,1,DIRECTA
FIB6F,1H,2026-02-24 19:00:00,2026-02-24,19:00:00,46110,46110,46110,46110,1,DIRECTA
FIB6F,15M,2026-02-24 19:45:00,2026-02-24,19:45:00,46110,46110,46110,46110,1,DIRECTA
FIB6F,5M,2026-02-24 19:45:00,2026-02-24,19:45:00,46110,46110,46110,46110,1,DIRECTA
FIB6F,D,2026-02-25 08:00:00,2026-02-25,08:00:00,46240,46566,46240,46566,2,DIRECTA
FIB6F,1H,2026-02-25 08:00:00,2026-02-25,08:00:00,46240,46240,46240,46240,1,DIRECTA
FIB6F,15M,2026-02-25 08:45:00,2026-02-25,08:45:00,46240,46240,46240,46240,1,DIRECTA
FIB6F,5M,2026-02-25 08:45:00,2026-02-25,08:45:00,46240,46240,46240,46240,1,DIRECTA
FIB6F,1H,2026-02-25 16:00:00,2026-02-25,16:00:00,46315,46315,46315,46315,1,DIRECTA
FIB6F,15M,2026-02-25 16:15:00,2026-02-25,16:15:00,46315,46315,46315,46315,1,DIRECTA
FIB6F,5M,2026-02-25 16:15:00,2026-02-25,16:15:00,46315,46315,46315,46315,1,DIRECTA
FIB6F,D,2026-02-26 08:00:00,2026-02-26,08:00:00,46670,46816,46670,46816,2,DIRECTA
FIB6F,1H,2026-02-26 16:00:00,2026-02-26,16:00:00,46670,46670,46670,46670,2,DIRECTA
FIB6F,15M,2026-02-26 16:15:00,2026-02-26,16:15:00,46670,46670,46670,46670,2,DIRECTA
FIB6F,5M,2026-02-26 16:15:00,2026-02-26,16:15:00,46670,46670,46670,46670,2,DIRECTA
FIB6F,D,2026-02-27 08:00:00,2026-02-27,08:00:00,46645,46655,46265,46601,11,DIRECTA
FIB6F,1H,2026-02-27 15:00:00,2026-02-27,15:00:00,46645,46655,46645,46655,5,DIRECTA
FIB6F,15M,2026-02-27 15:15:00,2026-02-27,15:15:00,46645,46655,46645,46655,5,DIRECTA
FIB6F,5M,2026-02-27 15:20:00,2026-02-27,15:20:00,46645,46655,46645,46655,5,DIRECTA
FIB6F,1H,2026-02-27 16:00:00,2026-02-27,16:00:00,46585,46585,46585,46585,1,DIRECTA
FIB6F,15M,2026-02-27 16:00:00,2026-02-27,16:00:00,46585,46585,46585,46585,1,DIRECTA
FIB6F,5M,2026-02-27 16:10:00,2026-02-27,16:10:00,46585,46585,46585,46585,1,DIRECTA
FIB6F,1H,2026-02-27 17:00:00,2026-02-27,17:00:00,46585,46645,46585,46645,2,DIRECTA
FIB6F,15M,2026-02-27 17:15:00,2026-02-27,17:15:00,46585,46645,46585,46645,2,DIRECTA
FIB6F,5M,2026-02-27 17:20:00,2026-02-27,17:20:00,46585,46585,46585,46585,1,DIRECTA
FIB6F,5M,2026-02-27 17:25:00,2026-02-27,17:25:00,46645,46645,46645,46645,1,DIRECTA
FIB6F,1H,2026-02-27 21:00:00,2026-02-27,21:00:00,46265,46270,46265,46270,3,DIRECTA
FIB6F,15M,2026-02-27 21:45:00,2026-02-27,21:45:00,46265,46270,46265,46270,3,DIRECTA
FIB6F,5M,2026-02-27 21:55:00,2026-02-27,21:55:00,46265,46270,46265,46270,3,DIRECTA
FIB6F,W,2026-03-02 08:00:00,2026-03-02,08:00:00,45340,45651,42820,43434,101,AGG_FROM_D
FIB6F,D,2026-03-02 08:00:00,2026-03-02,08:00:00,45340,45651,45340,45651,15,DIRECTA
FIB6F,1H,2026-03-02 08:00:00,2026-03-02,08:00:00,45340,45340,45340,45340,2,DIRECTA
FIB6F,15M,2026-03-02 08:00:00,2026-03-02,08:00:00,45340,45340,45340,45340,2,DIRECTA
FIB6F,5M,2026-03-02 08:00:00,2026-03-02,08:00:00,45340,45340,45340,45340,2,DIRECTA
FIB6F,1H,2026-03-02 10:00:00,2026-03-02,10:00:00,45645,45650,45640,45640,3,DIRECTA
FIB6F,15M,2026-03-02 10:15:00,2026-03-02,10:15:00,45645,45645,45645,45645,1,DIRECTA
FIB6F,5M,2026-03-02 10:25:00,2026-03-02,10:25:00,45645,45645,45645,45645,1,DIRECTA
FIB6F,15M,2026-03-02 10:30:00,2026-03-02,10:30:00,45650,45650,45640,45640,2,DIRECTA
FIB6F,5M,2026-03-02 10:35:00,2026-03-02,10:35:00,45650,45650,45640,45640,2,DIRECTA
FIB6F,1H,2026-03-02 14:00:00,2026-03-02,14:00:00,45500,45500,45500,45500,1,DIRECTA
FIB6F,15M,2026-03-02 14:15:00,2026-03-02,14:15:00,45500,45500,45500,45500,1,DIRECTA
FIB6F,5M,2026-03-02 14:25:00,2026-03-02,14:25:00,45500,45500,45500,45500,1,DIRECTA
FIB6F,1H,2026-03-02 15:00:00,2026-03-02,15:00:00,45490,45490,45490,45490,2,DIRECTA
FIB6F,15M,2026-03-02 15:30:00,2026-03-02,15:30:00,45490,45490,45490,45490,2,DIRECTA
FIB6F,5M,2026-03-02 15:35:00,2026-03-02,15:35:00,45490,45490,45490,45490,2,DIRECTA
FIB6F,1H,2026-03-02 16:00:00,2026-03-02,16:00:00,45580,45580,45555,45555,5,DIRECTA
FIB6F,15M,2026-03-02 16:15:00,2026-03-02,16:15:00,45580,45580,45555,45555,5,DIRECTA
FIB6F,5M,2026-03-02 16:15:00,2026-03-02,16:15:00,45580,45580,45555,45555,5,DIRECTA
FIB6F,1H,2026-03-02 17:00:00,2026-03-02,17:00:00,45585,45600,45585,45600,2,DIRECTA
FIB6F,15M,2026-03-02 17:30:00,2026-03-02,17:30:00,45585,45600,45585,45600,2,DIRECTA
FIB6F,5M,2026-03-02 17:35:00,2026-03-02,17:35:00,45585,45600,45585,45600,2,DIRECTA
FIB6F,D,2026-03-03 08:00:00,2026-03-03,08:00:00,45355,45355,43205,43837,9,DIRECTA
FIB6F,1H,2026-03-03 08:00:00,2026-03-03,08:00:00,45355,45355,45355,45355,0,DIRECTA
FIB6F,15M,2026-03-03 08:00:00,2026-03-03,08:00:00,45355,45355,45355,45355,0,DIRECTA
FIB6F,5M,2026-03-03 08:00:00,2026-03-03,08:00:00,45355,45355,45355,45355,0,DIRECTA
FIB6F,1H,2026-03-03 09:00:00,2026-03-03,09:00:00,44950,44950,44950,44950,2,DIRECTA
FIB6F,15M,2026-03-03 09:00:00,2026-03-03,09:00:00,44950,44950,44950,44950,2,DIRECTA
FIB6F,5M,2026-03-03 09:00:00,2026-03-03,09:00:00,44950,44950,44950,44950,2,DIRECTA
FIB6F,1H,2026-03-03 12:00:00,2026-03-03,12:00:00,43700,43700,43700,43700,1,DIRECTA
FIB6F,15M,2026-03-03 12:15:00,2026-03-03,12:15:00,43700,43700,43700,43700,1,DIRECTA
FIB6F,5M,2026-03-03 12:15:00,2026-03-03,12:15:00,43700,43700,43700,43700,1,DIRECTA
FIB6F,1H,2026-03-03 16:00:00,2026-03-03,16:00:00,43205,43205,43205,43205,3,DIRECTA
FIB6F,15M,2026-03-03 16:15:00,2026-03-03,16:15:00,43205,43205,43205,43205,3,DIRECTA
FIB6F,5M,2026-03-03 16:25:00,2026-03-03,16:25:00,43205,43205,43205,43205,3,DIRECTA
FIB6F,1H,2026-03-03 20:00:00,2026-03-03,20:00:00,44390,44390,44370,44370,3,DIRECTA
FIB6F,15M,2026-03-03 20:30:00,2026-03-03,20:30:00,44390,44390,44390,44390,1,DIRECTA
FIB6F,5M,2026-03-03 20:40:00,2026-03-03,20:40:00,44390,44390,44390,44390,1,DIRECTA
FIB6F,15M,2026-03-03 20:45:00,2026-03-03,20:45:00,44390,44390,44370,44370,2,DIRECTA
FIB6F,5M,2026-03-03 20:50:00,2026-03-03,20:50:00,44390,44390,44370,44370,2,DIRECTA
FIB6F,D,2026-03-04 08:00:00,2026-03-04,08:00:00,44680,45085,44680,44709,7,DIRECTA
FIB6F,1H,2026-03-04 16:00:00,2026-03-04,16:00:00,44680,44680,44680,44680,1,DIRECTA
FIB6F,15M,2026-03-04 16:15:00,2026-03-04,16:15:00,44680,44680,44680,44680,1,DIRECTA
FIB6F,5M,2026-03-04 16:20:00,2026-03-04,16:20:00,44680,44680,44680,44680,1,DIRECTA
FIB6F,1H,2026-03-04 19:00:00,2026-03-04,19:00:00,45085,45085,44755,44765,6,DIRECTA
FIB6F,15M,2026-03-04 19:30:00,2026-03-04,19:30:00,45085,45085,44755,44765,6,DIRECTA
FIB6F,5M,2026-03-04 19:35:00,2026-03-04,19:35:00,45085,45085,44755,44765,6,DIRECTA
FIB6F,D,2026-03-05 08:00:00,2026-03-05,08:00:00,44075,45155,43970,43970,30,DIRECTA
FIB6F,1H,2026-03-05 08:00:00,2026-03-05,08:00:00,45155,45155,45155,45155,2,DIRECTA
FIB6F,15M,2026-03-05 08:00:00,2026-03-05,08:00:00,45155,45155,45155,45155,2,DIRECTA
FIB6F,5M,2026-03-05 08:00:00,2026-03-05,08:00:00,45155,45155,45155,45155,2,DIRECTA
FIB6F,1H,2026-03-05 09:00:00,2026-03-05,09:00:00,44125,44125,44075,44075,5,DIRECTA
FIB6F,15M,2026-03-05 09:00:00,2026-03-05,09:00:00,44125,44125,44125,44125,3,DIRECTA
FIB6F,5M,2026-03-05 09:05:00,2026-03-05,09:05:00,44125,44125,44125,44125,3,DIRECTA
FIB6F,15M,2026-03-05 09:15:00,2026-03-05,09:15:00,44080,44080,44075,44075,2,DIRECTA
FIB6F,5M,2026-03-05 09:20:00,2026-03-05,09:20:00,44080,44080,44075,44075,2,DIRECTA
FIB6F,1H,2026-03-05 10:00:00,2026-03-05,10:00:00,44990,45030,44645,44645,16,DIRECTA
FIB6F,15M,2026-03-05 10:15:00,2026-03-05,10:15:00,44990,45030,44885,44885,15,DIRECTA
FIB6F,5M,2026-03-05 10:15:00,2026-03-05,10:15:00,44990,45030,44890,44890,6,DIRECTA
FIB6F,5M,2026-03-05 10:20:00,2026-03-05,10:20:00,44935,44970,44885,44885,9,DIRECTA
FIB6F,15M,2026-03-05 10:30:00,2026-03-05,10:30:00,44645,44645,44645,44645,1,DIRECTA
FIB6F,5M,2026-03-05 10:30:00,2026-03-05,10:30:00,44645,44645,44645,44645,1,DIRECTA
FIB6F,1H,2026-03-05 13:00:00,2026-03-05,13:00:00,44645,44645,44600,44600,4,DIRECTA
FIB6F,15M,2026-03-05 13:45:00,2026-03-05,13:45:00,44645,44645,44600,44600,4,DIRECTA
FIB6F,5M,2026-03-05 13:50:00,2026-03-05,13:50:00,44645,44645,44600,44600,3,DIRECTA
FIB6F,5M,2026-03-05 13:55:00,2026-03-05,13:55:00,44600,44600,44600,44600,1,DIRECTA
FIB6F,1H,2026-03-05 17:00:00,2026-03-05,17:00:00,44110,44110,44005,44005,3,DIRECTA
FIB6F,15M,2026-03-05 17:00:00,2026-03-05,17:00:00,44110,44110,44100,44100,2,DIRECTA
FIB6F,5M,2026-03-05 17:05:00,2026-03-05,17:05:00,44110,44110,44100,44100,2,DIRECTA
FIB6F,15M,2026-03-05 17:30:00,2026-03-05,17:30:00,44005,44005,44005,44005,1,DIRECTA
FIB6F,5M,2026-03-05 17:35:00,2026-03-05,17:35:00,44005,44005,44005,44005,1,DIRECTA
FIB6F,D,2026-03-06 08:00:00,2026-03-06,08:00:00,44300,44300,42820,43434,40,DIRECTA
FIB6F,1H,2026-03-06 09:00:00,2026-03-06,09:00:00,44300,44300,44300,44300,12,DIRECTA
FIB6F,15M,2026-03-06 09:30:00,2026-03-06,09:30:00,44300,44300,44300,44300,12,DIRECTA
FIB6F,5M,2026-03-06 09:40:00,2026-03-06,09:40:00,44300,44300,44300,44300,12,DIRECTA
FIB6F,1H,2026-03-06 10:00:00,2026-03-06,10:00:00,43870,43870,43735,43735,5,DIRECTA
FIB6F,15M,2026-03-06 10:30:00,2026-03-06,10:30:00,43870,43870,43735,43735,5,DIRECTA
FIB6F,5M,2026-03-06 10:30:00,2026-03-06,10:30:00,43870,43870,43870,43870,1,DIRECTA
FIB6F,5M,2026-03-06 10:35:00,2026-03-06,10:35:00,43830,43830,43815,43815,2,DIRECTA
FIB6F,5M,2026-03-06 10:40:00,2026-03-06,10:40:00,43740,43740,43735,43735,2,DIRECTA
FIB6F,1H,2026-03-06 12:00:00,2026-03-06,12:00:00,43700,43700,43700,43700,2,DIRECTA
FIB6F,15M,2026-03-06 12:00:00,2026-03-06,12:00:00,43700,43700,43700,43700,2,DIRECTA
FIB6F,5M,2026-03-06 12:00:00,2026-03-06,12:00:00,43700,43700,43700,43700,2,DIRECTA
FIB6F,1H,2026-03-06 13:00:00,2026-03-06,13:00:00,43590,43590,43360,43360,2,DIRECTA
FIB6F,15M,2026-03-06 13:45:00,2026-03-06,13:45:00,43590,43590,43360,43360,2,DIRECTA
FIB6F,5M,2026-03-06 13:45:00,2026-03-06,13:45:00,43590,43590,43590,43590,1,DIRECTA
FIB6F,5M,2026-03-06 13:50:00,2026-03-06,13:50:00,43360,43360,43360,43360,1,DIRECTA
FIB6F,1H,2026-03-06 14:00:00,2026-03-06,14:00:00,43650,43655,43300,43300,13,DIRECTA
FIB6F,15M,2026-03-06 14:30:00,2026-03-06,14:30:00,43650,43655,43510,43510,5,DIRECTA
FIB6F,5M,2026-03-06 14:35:00,2026-03-06,14:35:00,43650,43655,43650,43650,4,DIRECTA
FIB6F,5M,2026-03-06 14:40:00,2026-03-06,14:40:00,43510,43510,43510,43510,1,DIRECTA
FIB6F,15M,2026-03-06 14:45:00,2026-03-06,14:45:00,43355,43355,43300,43300,8,DIRECTA
FIB6F,5M,2026-03-06 14:50:00,2026-03-06,14:50:00,43355,43355,43300,43300,8,DIRECTA
FIB6F,1H,2026-03-06 15:00:00,2026-03-06,15:00:00,42820,42820,42820,42820,1,DIRECTA
FIB6F,15M,2026-03-06 15:45:00,2026-03-06,15:45:00,42820,42820,42820,42820,1,DIRECTA
FIB6F,5M,2026-03-06 15:45:00,2026-03-06,15:45:00,42820,42820,42820,42820,1,DIRECTA
FIB6F,1H,2026-03-06 16:00:00,2026-03-06,16:00:00,43265,43400,43000,43400,5,DIRECTA
FIB6F,15M,2026-03-06 16:00:00,2026-03-06,16:00:00,43265,43355,43000,43355,3,DIRECTA
FIB6F,5M,2026-03-06 16:00:00,2026-03-06,16:00:00,43265,43265,43265,43265,1,DIRECTA
FIB6F,5M,2026-03-06 16:05:00,2026-03-06,16:05:00,43000,43355,43000,43355,2,DIRECTA
FIB6F,15M,2026-03-06 16:15:00,2026-03-06,16:15:00,43350,43350,43350,43350,1,DIRECTA
FIB6F,5M,2026-03-06 16:20:00,2026-03-06,16:20:00,43350,43350,43350,43350,1,DIRECTA
FIB6F,15M,2026-03-06 16:45:00,2026-03-06,16:45:00,43400,43400,43400,43400,1,DIRECTA
FIB6F,5M,2026-03-06 16:55:00,2026-03-06,16:55:00,43400,43400,43400,43400,1,DIRECTA
FIB6F,W,2026-03-09 08:00:00,2026-03-09,08:00:00,42750,44705,42695,43593,258,AGG_FROM_D
FIB6F,D,2026-03-09 08:00:00,2026-03-09,08:00:00,42750,43900,42695,43312,35,DIRECTA
FIB6F,1H,2026-03-09 10:00:00,2026-03-09,10:00:00,42750,42755,42750,42755,7,DIRECTA
FIB6F,15M,2026-03-09 10:30:00,2026-03-09,10:30:00,42750,42755,42750,42755,3,DIRECTA
FIB6F,5M,2026-03-09 10:30:00,2026-03-09,10:30:00,42750,42755,42750,42755,3,DIRECTA
FIB6F,15M,2026-03-09 10:45:00,2026-03-09,10:45:00,42755,42755,42755,42755,4,DIRECTA
FIB6F,5M,2026-03-09 10:55:00,2026-03-09,10:55:00,42755,42755,42755,42755,4,DIRECTA
FIB6F,1H,2026-03-09 14:00:00,2026-03-09,14:00:00,42935,42935,42695,42695,2,DIRECTA
FIB6F,15M,2026-03-09 14:15:00,2026-03-09,14:15:00,42935,42935,42935,42935,1,DIRECTA
FIB6F,5M,2026-03-09 14:15:00,2026-03-09,14:15:00,42935,42935,42935,42935,1,DIRECTA
FIB6F,15M,2026-03-09 14:45:00,2026-03-09,14:45:00,42695,42695,42695,42695,1,DIRECTA
FIB6F,5M,2026-03-09 14:50:00,2026-03-09,14:50:00,42695,42695,42695,42695,1,DIRECTA
FIB6F,1H,2026-03-09 15:00:00,2026-03-09,15:00:00,42925,42950,42910,42950,5,DIRECTA
FIB6F,15M,2026-03-09 15:00:00,2026-03-09,15:00:00,42925,42925,42925,42925,1,DIRECTA
FIB6F,5M,2026-03-09 15:00:00,2026-03-09,15:00:00,42925,42925,42925,42925,1,DIRECTA
FIB6F,15M,2026-03-09 15:15:00,2026-03-09,15:15:00,42915,42920,42910,42920,3,DIRECTA
FIB6F,5M,2026-03-09 15:20:00,2026-03-09,15:20:00,42915,42915,42910,42910,2,DIRECTA
FIB6F,5M,2026-03-09 15:25:00,2026-03-09,15:25:00,42920,42920,42920,42920,1,DIRECTA
FIB6F,15M,2026-03-09 15:30:00,2026-03-09,15:30:00,42950,42950,42950,42950,1,DIRECTA
FIB6F,5M,2026-03-09 15:30:00,2026-03-09,15:30:00,42950,42950,42950,42950,1,DIRECTA
FIB6F,1H,2026-03-09 19:00:00,2026-03-09,19:00:00,43270,43340,43270,43330,7,DIRECTA
FIB6F,15M,2026-03-09 19:15:00,2026-03-09,19:15:00,43270,43340,43270,43330,7,DIRECTA
FIB6F,5M,2026-03-09 19:15:00,2026-03-09,19:15:00,43270,43320,43270,43320,3,DIRECTA
FIB6F,5M,2026-03-09 19:20:00,2026-03-09,19:20:00,43340,43340,43330,43330,4,DIRECTA
FIB6F,1H,2026-03-09 20:00:00,2026-03-09,20:00:00,43470,43900,43470,43900,14,DIRECTA
FIB6F,15M,2026-03-09 20:15:00,2026-03-09,20:15:00,43470,43840,43470,43840,11,DIRECTA
FIB6F,5M,2026-03-09 20:15:00,2026-03-09,20:15:00,43470,43470,43470,43470,1,DIRECTA
FIB6F,5M,2026-03-09 20:20:00,2026-03-09,20:20:00,43520,43520,43520,43520,1,DIRECTA
FIB6F,5M,2026-03-09 20:25:00,2026-03-09,20:25:00,43835,43840,43835,43840,9,DIRECTA
FIB6F,15M,2026-03-09 20:30:00,2026-03-09,20:30:00,43900,43900,43900,43900,3,DIRECTA
FIB6F,5M,2026-03-09 20:30:00,2026-03-09,20:30:00,43900,43900,43900,43900,3,DIRECTA
FIB6F,D,2026-03-10 08:00:00,2026-03-10,08:00:00,44400,44705,44145,44490,42,DIRECTA
FIB6F,1H,2026-03-10 09:00:00,2026-03-10,09:00:00,44400,44565,44380,44555,14,DIRECTA
FIB6F,15M,2026-03-10 09:00:00,2026-03-10,09:00:00,44400,44490,44380,44485,6,DIRECTA
FIB6F,5M,2026-03-10 09:00:00,2026-03-10,09:00:00,44400,44490,44380,44490,5,DIRECTA
FIB6F,5M,2026-03-10 09:05:00,2026-03-10,09:05:00,44485,44485,44485,44485,1,DIRECTA
FIB6F,15M,2026-03-10 09:30:00,2026-03-10,09:30:00,44440,44445,44435,44435,3,DIRECTA
FIB6F,5M,2026-03-10 09:30:00,2026-03-10,09:30:00,44440,44445,44435,44435,3,DIRECTA
FIB6F,15M,2026-03-10 09:45:00,2026-03-10,09:45:00,44565,44565,44535,44555,5,DIRECTA
FIB6F,5M,2026-03-10 09:45:00,2026-03-10,09:45:00,44565,44565,44550,44550,2,DIRECTA
FIB6F,5M,2026-03-10 09:55:00,2026-03-10,09:55:00,44545,44555,44535,44555,3,DIRECTA
FIB6F,1H,2026-03-10 10:00:00,2026-03-10,10:00:00,44505,44505,44505,44505,3,DIRECTA
FIB6F,15M,2026-03-10 10:15:00,2026-03-10,10:15:00,44505,44505,44505,44505,3,DIRECTA
FIB6F,5M,2026-03-10 10:25:00,2026-03-10,10:25:00,44505,44505,44505,44505,3,DIRECTA
FIB6F,1H,2026-03-10 12:00:00,2026-03-10,12:00:00,44620,44625,44620,44625,2,DIRECTA
FIB6F,15M,2026-03-10 12:00:00,2026-03-10,12:00:00,44620,44625,44620,44625,2,DIRECTA
FIB6F,5M,2026-03-10 12:00:00,2026-03-10,12:00:00,44620,44625,44620,44625,2,DIRECTA
FIB6F,1H,2026-03-10 13:00:00,2026-03-10,13:00:00,44360,44360,44355,44355,2,DIRECTA
FIB6F,15M,2026-03-10 13:45:00,2026-03-10,13:45:00,44360,44360,44355,44355,2,DIRECTA
FIB6F,5M,2026-03-10 13:50:00,2026-03-10,13:50:00,44360,44360,44355,44355,2,DIRECTA
FIB6F,1H,2026-03-10 14:00:00,2026-03-10,14:00:00,44350,44350,44345,44345,2,DIRECTA
FIB6F,15M,2026-03-10 14:45:00,2026-03-10,14:45:00,44350,44350,44345,44345,2,DIRECTA
FIB6F,5M,2026-03-10 14:50:00,2026-03-10,14:50:00,44350,44350,44345,44345,2,DIRECTA
FIB6F,1H,2026-03-10 15:00:00,2026-03-10,15:00:00,44275,44705,44145,44705,12,DIRECTA
FIB6F,15M,2026-03-10 15:00:00,2026-03-10,15:00:00,44275,44310,44145,44210,6,DIRECTA
FIB6F,5M,2026-03-10 15:05:00,2026-03-10,15:05:00,44275,44310,44265,44310,3,DIRECTA
FIB6F,5M,2026-03-10 15:10:00,2026-03-10,15:10:00,44145,44210,44145,44210,3,DIRECTA
FIB6F,15M,2026-03-10 15:30:00,2026-03-10,15:30:00,44390,44450,44390,44450,5,DIRECTA
FIB6F,5M,2026-03-10 15:30:00,2026-03-10,15:30:00,44390,44450,44390,44450,5,DIRECTA
FIB6F,15M,2026-03-10 15:45:00,2026-03-10,15:45:00,44705,44705,44705,44705,1,DIRECTA
FIB6F,5M,2026-03-10 15:55:00,2026-03-10,15:55:00,44705,44705,44705,44705,1,DIRECTA
FIB6F,1H,2026-03-10 17:00:00,2026-03-10,17:00:00,44475,44585,44475,44585,3,DIRECTA
FIB6F,15M,2026-03-10 17:30:00,2026-03-10,17:30:00,44475,44585,44475,44585,3,DIRECTA
FIB6F,5M,2026-03-10 17:30:00,2026-03-10,17:30:00,44475,44475,44475,44475,2,DIRECTA
FIB6F,5M,2026-03-10 17:40:00,2026-03-10,17:40:00,44585,44585,44585,44585,1,DIRECTA
FIB6F,1H,2026-03-10 19:00:00,2026-03-10,19:00:00,44495,44495,44300,44300,4,DIRECTA
FIB6F,15M,2026-03-10 19:00:00,2026-03-10,19:00:00,44495,44495,44495,44495,1,DIRECTA
FIB6F,5M,2026-03-10 19:10:00,2026-03-10,19:10:00,44495,44495,44495,44495,1,DIRECTA
FIB6F,15M,2026-03-10 19:15:00,2026-03-10,19:15:00,44355,44355,44300,44300,3,DIRECTA
FIB6F,5M,2026-03-10 19:15:00,2026-03-10,19:15:00,44355,44355,44300,44300,3,DIRECTA
FIB6F,D,2026-03-11 08:00:00,2026-03-11,08:00:00,44240,44355,44055,44059,72,DIRECTA
FIB6F,1H,2026-03-11 09:00:00,2026-03-11,09:00:00,44240,44245,44100,44100,42,DIRECTA
FIB6F,15M,2026-03-11 09:00:00,2026-03-11,09:00:00,44240,44245,44100,44135,26,DIRECTA
FIB6F,5M,2026-03-11 09:05:00,2026-03-11,09:05:00,44240,44245,44105,44105,3,DIRECTA
FIB6F,5M,2026-03-11 09:10:00,2026-03-11,09:10:00,44235,44240,44100,44135,23,DIRECTA
FIB6F,15M,2026-03-11 09:15:00,2026-03-11,09:15:00,44120,44235,44100,44180,7,DIRECTA
FIB6F,5M,2026-03-11 09:15:00,2026-03-11,09:15:00,44120,44120,44100,44100,2,DIRECTA
FIB6F,5M,2026-03-11 09:20:00,2026-03-11,09:20:00,44130,44235,44125,44235,3,DIRECTA
FIB6F,5M,2026-03-11 09:25:00,2026-03-11,09:25:00,44180,44180,44180,44180,2,DIRECTA
FIB6F,15M,2026-03-11 09:30:00,2026-03-11,09:30:00,44180,44180,44165,44165,5,DIRECTA
FIB6F,5M,2026-03-11 09:35:00,2026-03-11,09:35:00,44180,44180,44165,44165,5,DIRECTA
FIB6F,15M,2026-03-11 09:45:00,2026-03-11,09:45:00,44100,44105,44100,44100,4,DIRECTA
FIB6F,5M,2026-03-11 09:55:00,2026-03-11,09:55:00,44100,44105,44100,44100,4,DIRECTA
FIB6F,1H,2026-03-11 10:00:00,2026-03-11,10:00:00,44090,44090,44090,44090,1,DIRECTA
FIB6F,15M,2026-03-11 10:30:00,2026-03-11,10:30:00,44090,44090,44090,44090,1,DIRECTA
FIB6F,5M,2026-03-11 10:30:00,2026-03-11,10:30:00,44090,44090,44090,44090,1,DIRECTA
FIB6F,1H,2026-03-11 11:00:00,2026-03-11,11:00:00,44185,44185,44180,44180,2,DIRECTA
FIB6F,15M,2026-03-11 11:00:00,2026-03-11,11:00:00,44185,44185,44180,44180,2,DIRECTA
FIB6F,5M,2026-03-11 11:05:00,2026-03-11,11:05:00,44185,44185,44180,44180,2,DIRECTA
FIB6F,1H,2026-03-11 13:00:00,2026-03-11,13:00:00,44055,44055,44055,44055,3,DIRECTA
FIB6F,15M,2026-03-11 13:00:00,2026-03-11,13:00:00,44055,44055,44055,44055,3,DIRECTA
FIB6F,5M,2026-03-11 13:05:00,2026-03-11,13:05:00,44055,44055,44055,44055,3,DIRECTA
FIB6F,1H,2026-03-11 14:00:00,2026-03-11,14:00:00,44155,44180,44155,44180,6,DIRECTA
FIB6F,15M,2026-03-11 14:45:00,2026-03-11,14:45:00,44155,44180,44155,44180,6,DIRECTA
FIB6F,5M,2026-03-11 14:55:00,2026-03-11,14:55:00,44155,44180,44155,44180,6,DIRECTA
FIB6F,1H,2026-03-11 15:00:00,2026-03-11,15:00:00,44235,44355,44235,44250,13,DIRECTA
FIB6F,15M,2026-03-11 15:00:00,2026-03-11,15:00:00,44235,44355,44235,44250,13,DIRECTA
FIB6F,5M,2026-03-11 15:00:00,2026-03-11,15:00:00,44235,44355,44235,44345,12,DIRECTA
FIB6F,5M,2026-03-11 15:10:00,2026-03-11,15:10:00,44250,44250,44250,44250,1,DIRECTA
FIB6F,1H,2026-03-11 20:00:00,2026-03-11,20:00:00,44165,44225,44165,44225,5,DIRECTA
FIB6F,15M,2026-03-11 20:15:00,2026-03-11,20:15:00,44165,44165,44165,44165,2,DIRECTA
FIB6F,5M,2026-03-11 20:20:00,2026-03-11,20:20:00,44165,44165,44165,44165,1,DIRECTA
FIB6F,5M,2026-03-11 20:25:00,2026-03-11,20:25:00,44165,44165,44165,44165,1,DIRECTA
FIB6F,15M,2026-03-11 20:30:00,2026-03-11,20:30:00,44180,44180,44180,44180,1,DIRECTA
FIB6F,5M,2026-03-11 20:30:00,2026-03-11,20:30:00,44180,44180,44180,44180,1,DIRECTA
FIB6F,15M,2026-03-11 20:45:00,2026-03-11,20:45:00,44215,44225,44215,44225,2,DIRECTA
FIB6F,5M,2026-03-11 20:45:00,2026-03-11,20:45:00,44215,44215,44215,44215,1,DIRECTA
FIB6F,5M,2026-03-11 20:50:00,2026-03-11,20:50:00,44225,44225,44225,44225,1,DIRECTA
FIB6F,D,2026-03-12 08:00:00,2026-03-12,08:00:00,43950,43950,43290,43730,30,DIRECTA
FIB6F,1H,2026-03-12 08:00:00,2026-03-12,08:00:00,43950,43950,43950,43950,1,DIRECTA
FIB6F,15M,2026-03-12 08:45:00,2026-03-12,08:45:00,43950,43950,43950,43950,1,DIRECTA
FIB6F,5M,2026-03-12 08:55:00,2026-03-12,08:55:00,43950,43950,43950,43950,1,DIRECTA
FIB6F,1H,2026-03-12 10:00:00,2026-03-12,10:00:00,43950,43950,43950,43950,2,DIRECTA
FIB6F,15M,2026-03-12 10:30:00,2026-03-12,10:30:00,43950,43950,43950,43950,2,DIRECTA
FIB6F,5M,2026-03-12 10:30:00,2026-03-12,10:30:00,43950,43950,43950,43950,2,DIRECTA
FIB6F,1H,2026-03-12 13:00:00,2026-03-12,13:00:00,43650,43660,43630,43630,4,DIRECTA
FIB6F,15M,2026-03-12 13:45:00,2026-03-12,13:45:00,43650,43660,43630,43630,4,DIRECTA
FIB6F,5M,2026-03-12 13:45:00,2026-03-12,13:45:00,43650,43660,43640,43640,3,DIRECTA
FIB6F,5M,2026-03-12 13:50:00,2026-03-12,13:50:00,43630,43630,43630,43630,1,DIRECTA
FIB6F,1H,2026-03-12 14:00:00,2026-03-12,14:00:00,43430,43430,43430,43430,1,DIRECTA
FIB6F,15M,2026-03-12 14:45:00,2026-03-12,14:45:00,43430,43430,43430,43430,1,DIRECTA
FIB6F,5M,2026-03-12 14:55:00,2026-03-12,14:55:00,43430,43430,43430,43430,1,DIRECTA
FIB6F,1H,2026-03-12 15:00:00,2026-03-12,15:00:00,43520,43560,43320,43560,10,DIRECTA
FIB6F,15M,2026-03-12 15:00:00,2026-03-12,15:00:00,43520,43520,43335,43515,3,DIRECTA
FIB6F,5M,2026-03-12 15:00:00,2026-03-12,15:00:00,43520,43520,43520,43520,1,DIRECTA
FIB6F,5M,2026-03-12 15:10:00,2026-03-12,15:10:00,43335,43515,43335,43515,2,DIRECTA
FIB6F,15M,2026-03-12 15:30:00,2026-03-12,15:30:00,43320,43320,43320,43320,1,DIRECTA
FIB6F,5M,2026-03-12 15:40:00,2026-03-12,15:40:00,43320,43320,43320,43320,1,DIRECTA
FIB6F,15M,2026-03-12 15:45:00,2026-03-12,15:45:00,43435,43560,43435,43560,6,DIRECTA
FIB6F,5M,2026-03-12 15:45:00,2026-03-12,15:45:00,43435,43560,43435,43560,6,DIRECTA
FIB6F,1H,2026-03-12 16:00:00,2026-03-12,16:00:00,43290,43630,43290,43595,7,DIRECTA
FIB6F,15M,2026-03-12 16:00:00,2026-03-12,16:00:00,43290,43290,43290,43290,1,DIRECTA
FIB6F,5M,2026-03-12 16:10:00,2026-03-12,16:10:00,43290,43290,43290,43290,1,DIRECTA
FIB6F,15M,2026-03-12 16:15:00,2026-03-12,16:15:00,43330,43330,43330,43330,1,DIRECTA
FIB6F,5M,2026-03-12 16:20:00,2026-03-12,16:20:00,43330,43330,43330,43330,1,DIRECTA
FIB6F,15M,2026-03-12 16:30:00,2026-03-12,16:30:00,43545,43630,43545,43595,5,DIRECTA
FIB6F,5M,2026-03-12 16:35:00,2026-03-12,16:35:00,43545,43630,43545,43630,4,DIRECTA
FIB6F,5M,2026-03-12 16:40:00,2026-03-12,16:40:00,43595,43595,43595,43595,1,DIRECTA
FIB6F,1H,2026-03-12 17:00:00,2026-03-12,17:00:00,43760,43760,43740,43750,4,DIRECTA
FIB6F,15M,2026-03-12 17:15:00,2026-03-12,17:15:00,43760,43760,43760,43760,1,DIRECTA
FIB6F,5M,2026-03-12 17:20:00,2026-03-12,17:20:00,43760,43760,43760,43760,1,DIRECTA
FIB6F,15M,2026-03-12 17:30:00,2026-03-12,17:30:00,43740,43740,43740,43740,2,DIRECTA
FIB6F,5M,2026-03-12 17:30:00,2026-03-12,17:30:00,43740,43740,43740,43740,2,DIRECTA
FIB6F,15M,2026-03-12 17:45:00,2026-03-12,17:45:00,43750,43750,43750,43750,1,DIRECTA
FIB6F,5M,2026-03-12 17:45:00,2026-03-12,17:45:00,43750,43750,43750,43750,1,DIRECTA
FIB6F,1H,2026-03-12 18:00:00,2026-03-12,18:00:00,43800,43800,43800,43800,1,DIRECTA
FIB6F,15M,2026-03-12 18:30:00,2026-03-12,18:30:00,43800,43800,43800,43800,1,DIRECTA
FIB6F,5M,2026-03-12 18:40:00,2026-03-12,18:40:00,43800,43800,43800,43800,1,DIRECTA
FIB6F,D,2026-03-13 08:00:00,2026-03-13,08:00:00,43680,44130,43150,43593,79,DIRECTA
FIB6F,1H,2026-03-13 08:00:00,2026-03-13,08:00:00,43680,43680,43430,43430,4,DIRECTA
FIB6F,15M,2026-03-13 08:00:00,2026-03-13,08:00:00,43680,43680,43430,43430,4,DIRECTA
FIB6F,5M,2026-03-13 08:00:00,2026-03-13,08:00:00,43680,43680,43430,43430,4,DIRECTA
FIB6F,1H,2026-03-13 09:00:00,2026-03-13,09:00:00,43400,43405,43150,43405,6,DIRECTA
FIB6F,15M,2026-03-13 09:00:00,2026-03-13,09:00:00,43400,43400,43340,43340,2,DIRECTA
FIB6F,5M,2026-03-13 09:00:00,2026-03-13,09:00:00,43400,43400,43340,43340,2,DIRECTA
FIB6F,15M,2026-03-13 09:15:00,2026-03-13,09:15:00,43200,43200,43200,43200,1,DIRECTA
FIB6F,5M,2026-03-13 09:15:00,2026-03-13,09:15:00,43200,43200,43200,43200,1,DIRECTA
FIB6F,15M,2026-03-13 09:30:00,2026-03-13,09:30:00,43150,43150,43150,43150,1,DIRECTA
FIB6F,5M,2026-03-13 09:40:00,2026-03-13,09:40:00,43150,43150,43150,43150,1,DIRECTA
FIB6F,15M,2026-03-13 09:45:00,2026-03-13,09:45:00,43395,43405,43395,43405,2,DIRECTA
FIB6F,5M,2026-03-13 09:50:00,2026-03-13,09:50:00,43395,43405,43395,43405,2,DIRECTA
FIB6F,1H,2026-03-13 10:00:00,2026-03-13,10:00:00,43455,43455,43455,43455,4,DIRECTA
FIB6F,15M,2026-03-13 10:15:00,2026-03-13,10:15:00,43455,43455,43455,43455,4,DIRECTA
FIB6F,5M,2026-03-13 10:15:00,2026-03-13,10:15:00,43455,43455,43455,43455,4,DIRECTA
FIB6F,1H,2026-03-13 11:00:00,2026-03-13,11:00:00,43715,43715,43630,43680,6,DIRECTA
FIB6F,15M,2026-03-13 11:00:00,2026-03-13,11:00:00,43715,43715,43715,43715,1,DIRECTA
FIB6F,5M,2026-03-13 11:10:00,2026-03-13,11:10:00,43715,43715,43715,43715,1,DIRECTA
FIB6F,15M,2026-03-13 11:30:00,2026-03-13,11:30:00,43640,43640,43630,43630,2,DIRECTA
FIB6F,5M,2026-03-13 11:40:00,2026-03-13,11:40:00,43640,43640,43630,43630,2,DIRECTA
FIB6F,15M,2026-03-13 11:45:00,2026-03-13,11:45:00,43680,43685,43680,43680,3,DIRECTA
FIB6F,5M,2026-03-13 11:45:00,2026-03-13,11:45:00,43680,43685,43680,43680,3,DIRECTA
FIB6F,1H,2026-03-13 12:00:00,2026-03-13,12:00:00,43750,43890,43735,43890,16,DIRECTA
FIB6F,15M,2026-03-13 12:00:00,2026-03-13,12:00:00,43750,43750,43735,43735,4,DIRECTA
FIB6F,5M,2026-03-13 12:05:00,2026-03-13,12:05:00,43750,43750,43740,43740,2,DIRECTA
FIB6F,5M,2026-03-13 12:10:00,2026-03-13,12:10:00,43735,43735,43735,43735,2,DIRECTA
FIB6F,15M,2026-03-13 12:30:00,2026-03-13,12:30:00,43840,43845,43840,43845,4,DIRECTA
FIB6F,5M,2026-03-13 12:35:00,2026-03-13,12:35:00,43840,43845,43840,43845,4,DIRECTA
FIB6F,15M,2026-03-13 12:45:00,2026-03-13,12:45:00,43860,43890,43850,43890,8,DIRECTA
FIB6F,5M,2026-03-13 12:45:00,2026-03-13,12:45:00,43860,43860,43860,43860,1,DIRECTA
FIB6F,5M,2026-03-13 12:50:00,2026-03-13,12:50:00,43855,43870,43850,43860,5,DIRECTA
FIB6F,5M,2026-03-13 12:55:00,2026-03-13,12:55:00,43865,43890,43865,43890,2,DIRECTA
FIB6F,1H,2026-03-13 13:00:00,2026-03-13,13:00:00,43910,44050,43910,44025,5,DIRECTA
FIB6F,15M,2026-03-13 13:30:00,2026-03-13,13:30:00,43910,43910,43910,43910,1,DIRECTA
FIB6F,5M,2026-03-13 13:35:00,2026-03-13,13:35:00,43910,43910,43910,43910,1,DIRECTA
FIB6F,15M,2026-03-13 13:45:00,2026-03-13,13:45:00,44035,44050,44025,44025,4,DIRECTA
FIB6F,5M,2026-03-13 13:45:00,2026-03-13,13:45:00,44035,44050,44025,44025,4,DIRECTA
FIB6F,1H,2026-03-13 14:00:00,2026-03-13,14:00:00,44020,44130,44000,44130,9,DIRECTA
FIB6F,15M,2026-03-13 14:15:00,2026-03-13,14:15:00,44020,44020,44000,44000,4,DIRECTA
FIB6F,5M,2026-03-13 14:15:00,2026-03-13,14:15:00,44020,44020,44020,44020,2,DIRECTA
FIB6F,5M,2026-03-13 14:20:00,2026-03-13,14:20:00,44000,44000,44000,44000,2,DIRECTA
FIB6F,15M,2026-03-13 14:30:00,2026-03-13,14:30:00,44000,44045,44000,44045,4,DIRECTA
FIB6F,5M,2026-03-13 14:30:00,2026-03-13,14:30:00,44000,44000,44000,44000,3,DIRECTA
FIB6F,5M,2026-03-13 14:35:00,2026-03-13,14:35:00,44045,44045,44045,44045,1,DIRECTA
FIB6F,15M,2026-03-13 14:45:00,2026-03-13,14:45:00,44130,44130,44130,44130,1,DIRECTA
FIB6F,5M,2026-03-13 14:45:00,2026-03-13,14:45:00,44130,44130,44130,44130,1,DIRECTA
FIB6F,1H,2026-03-13 15:00:00,2026-03-13,15:00:00,44030,44030,43775,43775,9,DIRECTA
FIB6F,15M,2026-03-13 15:00:00,2026-03-13,15:00:00,44030,44030,43900,43900,4,DIRECTA
FIB6F,5M,2026-03-13 15:00:00,2026-03-13,15:00:00,44030,44030,43935,43975,3,DIRECTA
FIB6F,5M,2026-03-13 15:10:00,2026-03-13,15:10:00,43900,43900,43900,43900,1,DIRECTA
FIB6F,15M,2026-03-13 15:30:00,2026-03-13,15:30:00,43935,44030,43935,44030,2,DIRECTA
FIB6F,5M,2026-03-13 15:40:00,2026-03-13,15:40:00,43935,44030,43935,44030,2,DIRECTA
FIB6F,15M,2026-03-13 15:45:00,2026-03-13,15:45:00,43850,43880,43775,43775,3,DIRECTA
FIB6F,5M,2026-03-13 15:45:00,2026-03-13,15:45:00,43850,43880,43850,43880,2,DIRECTA
FIB6F,5M,2026-03-13 15:55:00,2026-03-13,15:55:00,43775,43775,43775,43775,1,DIRECTA
FIB6F,1H,2026-03-13 16:00:00,2026-03-13,16:00:00,43795,43795,43685,43685,3,DIRECTA
FIB6F,15M,2026-03-13 16:15:00,2026-03-13,16:15:00,43795,43795,43715,43715,2,DIRECTA
FIB6F,5M,2026-03-13 16:15:00,2026-03-13,16:15:00,43795,43795,43795,43795,1,DIRECTA
FIB6F,5M,2026-03-13 16:20:00,2026-03-13,16:20:00,43715,43715,43715,43715,1,DIRECTA
FIB6F,15M,2026-03-13 16:30:00,2026-03-13,16:30:00,43685,43685,43685,43685,1,DIRECTA
FIB6F,5M,2026-03-13 16:30:00,2026-03-13,16:30:00,43685,43685,43685,43685,1,DIRECTA
FIB6F,1H,2026-03-13 17:00:00,2026-03-13,17:00:00,43710,43730,43600,43625,11,DIRECTA
FIB6F,15M,2026-03-13 17:15:00,2026-03-13,17:15:00,43710,43730,43600,43605,8,DIRECTA
FIB6F,5M,2026-03-13 17:25:00,2026-03-13,17:25:00,43710,43730,43600,43605,8,DIRECTA
FIB6F,15M,2026-03-13 17:30:00,2026-03-13,17:30:00,43605,43625,43605,43625,3,DIRECTA
FIB6F,5M,2026-03-13 17:30:00,2026-03-13,17:30:00,43605,43625,43605,43625,3,DIRECTA
FIB6F,1H,2026-03-13 18:00:00,2026-03-13,18:00:00,43705,43705,43480,43480,2,DIRECTA
FIB6F,15M,2026-03-13 18:45:00,2026-03-13,18:45:00,43705,43705,43480,43480,2,DIRECTA
FIB6F,5M,2026-03-13 18:55:00,2026-03-13,18:55:00,43705,43705,43480,43480,2,DIRECTA
FIB6F,1H,2026-03-13 20:00:00,2026-03-13,20:00:00,43555,43555,43555,43555,1,DIRECTA
FIB6F,15M,2026-03-13 20:15:00,2026-03-13,20:15:00,43555,43555,43555,43555,1,DIRECTA
FIB6F,5M,2026-03-13 20:20:00,2026-03-13,20:20:00,43555,43555,43555,43555,1,DIRECTA
FIB6F,1H,2026-03-13 21:00:00,2026-03-13,21:00:00,43480,43480,43475,43475,3,DIRECTA
FIB6F,15M,2026-03-13 21:30:00,2026-03-13,21:30:00,43480,43480,43475,43475,3,DIRECTA
FIB6F,5M,2026-03-13 21:40:00,2026-03-13,21:40:00,43480,43480,43475,43475,3,DIRECTA
FIB6F,W,2026-03-16 08:00:00,2026-03-16,08:00:00,43480,44725,41495,42095,32973,AGG_FROM_D
FIB6F,D,2026-03-16 08:00:00,2026-03-16,08:00:00,43480,43880,43115,43617,1087,DIRECTA
FIB6F,1H,2026-03-16 08:00:00,2026-03-16,08:00:00,43480,43765,43420,43505,23,DIRECTA
FIB6F,15M,2026-03-16 08:00:00,2026-03-16,08:00:00,43480,43765,43480,43765,5,DIRECTA
FIB6F,5M,2026-03-16 08:00:00,2026-03-16,08:00:00,43480,43480,43480,43480,1,DIRECTA
FIB6F,5M,2026-03-16 08:10:00,2026-03-16,08:10:00,43730,43765,43730,43765,4,DIRECTA
FIB6F,15M,2026-03-16 08:15:00,2026-03-16,08:15:00,43680,43680,43680,43680,2,DIRECTA
FIB6F,5M,2026-03-16 08:15:00,2026-03-16,08:15:00,43680,43680,43680,43680,2,DIRECTA
FIB6F,15M,2026-03-16 08:30:00,2026-03-16,08:30:00,43555,43555,43420,43505,16,DIRECTA
FIB6F,5M,2026-03-16 08:30:00,2026-03-16,08:30:00,43555,43555,43555,43555,1,DIRECTA
FIB6F,5M,2026-03-16 08:35:00,2026-03-16,08:35:00,43545,43545,43420,43505,15,DIRECTA
FIB6F,1H,2026-03-16 09:00:00,2026-03-16,09:00:00,43435,43790,43260,43350,296,DIRECTA
FIB6F,15M,2026-03-16 09:00:00,2026-03-16,09:00:00,43435,43790,43380,43565,136,DIRECTA
FIB6F,5M,2026-03-16 09:00:00,2026-03-16,09:00:00,43435,43615,43380,43525,79,DIRECTA
FIB6F,5M,2026-03-16 09:05:00,2026-03-16,09:05:00,43575,43790,43570,43695,35,DIRECTA
FIB6F,5M,2026-03-16 09:10:00,2026-03-16,09:10:00,43685,43685,43565,43565,22,DIRECTA
FIB6F,15M,2026-03-16 09:15:00,2026-03-16,09:15:00,43520,43520,43400,43480,65,DIRECTA
FIB6F,5M,2026-03-16 09:15:00,2026-03-16,09:15:00,43520,43520,43440,43445,17,DIRECTA
FIB6F,5M,2026-03-16 09:20:00,2026-03-16,09:20:00,43480,43520,43420,43450,28,DIRECTA
FIB6F,5M,2026-03-16 09:25:00,2026-03-16,09:25:00,43420,43480,43400,43480,20,DIRECTA
FIB6F,15M,2026-03-16 09:30:00,2026-03-16,09:30:00,43450,43535,43355,43445,42,DIRECTA
FIB6F,5M,2026-03-16 09:30:00,2026-03-16,09:30:00,43450,43535,43355,43430,28,DIRECTA
FIB6F,5M,2026-03-16 09:35:00,2026-03-16,09:35:00,43390,43440,43370,43440,7,DIRECTA
FIB6F,5M,2026-03-16 09:40:00,2026-03-16,09:40:00,43425,43450,43425,43445,7,DIRECTA
FIB6F,15M,2026-03-16 09:45:00,2026-03-16,09:45:00,43340,43480,43260,43350,53,DIRECTA
FIB6F,5M,2026-03-16 09:45:00,2026-03-16,09:45:00,43340,43355,43260,43290,18,DIRECTA
FIB6F,5M,2026-03-16 09:50:00,2026-03-16,09:50:00,43295,43425,43270,43400,22,DIRECTA
FIB6F,5M,2026-03-16 09:55:00,2026-03-16,09:55:00,43465,43480,43350,43350,13,DIRECTA
FIB6F,1H,2026-03-16 10:00:00,2026-03-16,10:00:00,43315,43395,43115,43155,154,DIRECTA
FIB6F,15M,2026-03-16 10:00:00,2026-03-16,10:00:00,43315,43360,43235,43360,13,DIRECTA
FIB6F,5M,2026-03-16 10:00:00,2026-03-16,10:00:00,43315,43360,43315,43315,6,DIRECTA
FIB6F,5M,2026-03-16 10:05:00,2026-03-16,10:05:00,43245,43245,43235,43235,2,DIRECTA
FIB6F,5M,2026-03-16 10:10:00,2026-03-16,10:10:00,43275,43360,43275,43360,5,DIRECTA
FIB6F,15M,2026-03-16 10:15:00,2026-03-16,10:15:00,43395,43395,43240,43240,24,DIRECTA
FIB6F,5M,2026-03-16 10:15:00,2026-03-16,10:15:00,43395,43395,43300,43330,19,DIRECTA
FIB6F,5M,2026-03-16 10:20:00,2026-03-16,10:20:00,43290,43290,43290,43290,1,DIRECTA
FIB6F,5M,2026-03-16 10:25:00,2026-03-16,10:25:00,43245,43245,43240,43240,4,DIRECTA
FIB6F,15M,2026-03-16 10:30:00,2026-03-16,10:30:00,43175,43210,43115,43145,71,DIRECTA
FIB6F,5M,2026-03-16 10:30:00,2026-03-16,10:30:00,43175,43175,43120,43120,3,DIRECTA
FIB6F,5M,2026-03-16 10:35:00,2026-03-16,10:35:00,43200,43210,43150,43185,62,DIRECTA
FIB6F,5M,2026-03-16 10:40:00,2026-03-16,10:40:00,43170,43170,43115,43145,6,DIRECTA
FIB6F,15M,2026-03-16 10:45:00,2026-03-16,10:45:00,43125,43245,43125,43155,46,DIRECTA
FIB6F,5M,2026-03-16 10:45:00,2026-03-16,10:45:00,43125,43245,43125,43235,8,DIRECTA
FIB6F,5M,2026-03-16 10:50:00,2026-03-16,10:50:00,43230,43230,43155,43195,14,DIRECTA
FIB6F,5M,2026-03-16 10:55:00,2026-03-16,10:55:00,43160,43200,43155,43155,24,DIRECTA
FIB6F,1H,2026-03-16 11:00:00,2026-03-16,11:00:00,43155,43460,43150,43445,51,DIRECTA
FIB6F,15M,2026-03-16 11:00:00,2026-03-16,11:00:00,43155,43200,43150,43185,31,DIRECTA
FIB6F,5M,2026-03-16 11:00:00,2026-03-16,11:00:00,43155,43180,43150,43180,13,DIRECTA
FIB6F,5M,2026-03-16 11:05:00,2026-03-16,11:05:00,43175,43200,43165,43170,11,DIRECTA
FIB6F,5M,2026-03-16 11:10:00,2026-03-16,11:10:00,43180,43190,43165,43185,7,DIRECTA
FIB6F,15M,2026-03-16 11:15:00,2026-03-16,11:15:00,43200,43285,43200,43285,12,DIRECTA
FIB6F,5M,2026-03-16 11:15:00,2026-03-16,11:15:00,43200,43200,43200,43200,2,DIRECTA
FIB6F,5M,2026-03-16 11:20:00,2026-03-16,11:20:00,43225,43265,43220,43260,8,DIRECTA
FIB6F,5M,2026-03-16 11:25:00,2026-03-16,11:25:00,43285,43285,43285,43285,2,DIRECTA
FIB6F,15M,2026-03-16 11:30:00,2026-03-16,11:30:00,43330,43330,43330,43330,1,DIRECTA
FIB6F,5M,2026-03-16 11:30:00,2026-03-16,11:30:00,43330,43330,43330,43330,1,DIRECTA
FIB6F,15M,2026-03-16 11:45:00,2026-03-16,11:45:00,43365,43460,43360,43445,7,DIRECTA
FIB6F,5M,2026-03-16 11:45:00,2026-03-16,11:45:00,43365,43390,43360,43390,3,DIRECTA
FIB6F,5M,2026-03-16 11:50:00,2026-03-16,11:50:00,43400,43400,43400,43400,1,DIRECTA
FIB6F,5M,2026-03-16 11:55:00,2026-03-16,11:55:00,43440,43460,43440,43445,3,DIRECTA
FIB6F,1H,2026-03-16 12:00:00,2026-03-16,12:00:00,43470,43635,43460,43530,27,DIRECTA
FIB6F,15M,2026-03-16 12:00:00,2026-03-16,12:00:00,43470,43480,43465,43480,3,DIRECTA
FIB6F,5M,2026-03-16 12:00:00,2026-03-16,12:00:00,43470,43480,43465,43480,3,DIRECTA
FIB6F,15M,2026-03-16 12:15:00,2026-03-16,12:15:00,43525,43635,43460,43510,18,DIRECTA
FIB6F,5M,2026-03-16 12:20:00,2026-03-16,12:20:00,43525,43635,43460,43510,18,DIRECTA
FIB6F,15M,2026-03-16 12:30:00,2026-03-16,12:30:00,43480,43530,43480,43525,4,DIRECTA
FIB6F,5M,2026-03-16 12:30:00,2026-03-16,12:30:00,43480,43480,43480,43480,1,DIRECTA
FIB6F,5M,2026-03-16 12:35:00,2026-03-16,12:35:00,43490,43490,43490,43490,1,DIRECTA
FIB6F,5M,2026-03-16 12:40:00,2026-03-16,12:40:00,43530,43530,43525,43525,2,DIRECTA
FIB6F,15M,2026-03-16 12:45:00,2026-03-16,12:45:00,43540,43540,43530,43530,2,DIRECTA
FIB6F,5M,2026-03-16 12:45:00,2026-03-16,12:45:00,43540,43540,43530,43530,2,DIRECTA
FIB6F,1H,2026-03-16 13:00:00,2026-03-16,13:00:00,43540,43680,43540,43640,47,DIRECTA
FIB6F,15M,2026-03-16 13:00:00,2026-03-16,13:00:00,43540,43585,43540,43585,35,DIRECTA
FIB6F,5M,2026-03-16 13:00:00,2026-03-16,13:00:00,43540,43545,43540,43545,2,DIRECTA
FIB6F,5M,2026-03-16 13:05:00,2026-03-16,13:05:00,43560,43560,43560,43560,1,DIRECTA
FIB6F,5M,2026-03-16 13:10:00,2026-03-16,13:10:00,43545,43585,43545,43585,32,DIRECTA
FIB6F,15M,2026-03-16 13:15:00,2026-03-16,13:15:00,43610,43610,43595,43595,2,DIRECTA
FIB6F,5M,2026-03-16 13:25:00,2026-03-16,13:25:00,43610,43610,43595,43595,2,DIRECTA
FIB6F,15M,2026-03-16 13:30:00,2026-03-16,13:30:00,43620,43660,43620,43660,5,DIRECTA
FIB6F,5M,2026-03-16 13:35:00,2026-03-16,13:35:00,43620,43620,43620,43620,1,DIRECTA
FIB6F,5M,2026-03-16 13:40:00,2026-03-16,13:40:00,43635,43660,43635,43660,4,DIRECTA
FIB6F,15M,2026-03-16 13:45:00,2026-03-16,13:45:00,43675,43680,43640,43640,5,DIRECTA
FIB6F,5M,2026-03-16 13:45:00,2026-03-16,13:45:00,43675,43680,43660,43660,4,DIRECTA
FIB6F,5M,2026-03-16 13:50:00,2026-03-16,13:50:00,43640,43640,43640,43640,1,DIRECTA
FIB6F,1H,2026-03-16 14:00:00,2026-03-16,14:00:00,43590,43825,43590,43825,120,DIRECTA
FIB6F,15M,2026-03-16 14:00:00,2026-03-16,14:00:00,43590,43645,43590,43620,10,DIRECTA
FIB6F,5M,2026-03-16 14:00:00,2026-03-16,14:00:00,43590,43615,43590,43605,8,DIRECTA
FIB6F,5M,2026-03-16 14:10:00,2026-03-16,14:10:00,43645,43645,43620,43620,2,DIRECTA
FIB6F,15M,2026-03-16 14:15:00,2026-03-16,14:15:00,43650,43695,43640,43670,18,DIRECTA
FIB6F,5M,2026-03-16 14:20:00,2026-03-16,14:20:00,43650,43665,43640,43640,9,DIRECTA
FIB6F,5M,2026-03-16 14:25:00,2026-03-16,14:25:00,43655,43695,43650,43670,9,DIRECTA
FIB6F,15M,2026-03-16 14:30:00,2026-03-16,14:30:00,43685,43765,43660,43750,36,DIRECTA
FIB6F,5M,2026-03-16 14:30:00,2026-03-16,14:30:00,43685,43725,43660,43710,31,DIRECTA
FIB6F,5M,2026-03-16 14:35:00,2026-03-16,14:35:00,43730,43730,43730,43730,1,DIRECTA
FIB6F,5M,2026-03-16 14:40:00,2026-03-16,14:40:00,43745,43765,43745,43750,4,DIRECTA
FIB6F,15M,2026-03-16 14:45:00,2026-03-16,14:45:00,43790,43825,43745,43825,56,DIRECTA
FIB6F,5M,2026-03-16 14:45:00,2026-03-16,14:45:00,43790,43790,43770,43790,4,DIRECTA
FIB6F,5M,2026-03-16 14:50:00,2026-03-16,14:50:00,43785,43785,43745,43765,6,DIRECTA
FIB6F,5M,2026-03-16 14:55:00,2026-03-16,14:55:00,43765,43825,43765,43825,46,DIRECTA
FIB6F,1H,2026-03-16 15:00:00,2026-03-16,15:00:00,43795,43845,43630,43765,176,DIRECTA
FIB6F,15M,2026-03-16 15:00:00,2026-03-16,15:00:00,43795,43845,43795,43825,6,DIRECTA
FIB6F,5M,2026-03-16 15:00:00,2026-03-16,15:00:00,43795,43845,43795,43830,3,DIRECTA
FIB6F,5M,2026-03-16 15:05:00,2026-03-16,15:05:00,43845,43845,43840,43840,2,DIRECTA
FIB6F,5M,2026-03-16 15:10:00,2026-03-16,15:10:00,43825,43825,43825,43825,1,DIRECTA
FIB6F,15M,2026-03-16 15:15:00,2026-03-16,15:15:00,43845,43845,43765,43765,21,DIRECTA
FIB6F,5M,2026-03-16 15:15:00,2026-03-16,15:15:00,43845,43845,43795,43795,8,DIRECTA
FIB6F,5M,2026-03-16 15:20:00,2026-03-16,15:20:00,43795,43820,43795,43815,7,DIRECTA
FIB6F,5M,2026-03-16 15:25:00,2026-03-16,15:25:00,43780,43785,43765,43765,6,DIRECTA
FIB6F,15M,2026-03-16 15:30:00,2026-03-16,15:30:00,43750,43775,43650,43670,131,DIRECTA
FIB6F,5M,2026-03-16 15:30:00,2026-03-16,15:30:00,43750,43775,43730,43730,101,DIRECTA
FIB6F,5M,2026-03-16 15:35:00,2026-03-16,15:35:00,43740,43740,43650,43665,13,DIRECTA
FIB6F,5M,2026-03-16 15:40:00,2026-03-16,15:40:00,43665,43695,43660,43670,17,DIRECTA
FIB6F,15M,2026-03-16 15:45:00,2026-03-16,15:45:00,43680,43765,43630,43765,18,DIRECTA
FIB6F,5M,2026-03-16 15:45:00,2026-03-16,15:45:00,43680,43705,43680,43705,7,DIRECTA
FIB6F,5M,2026-03-16 15:50:00,2026-03-16,15:50:00,43630,43725,43630,43725,10,DIRECTA
FIB6F,5M,2026-03-16 15:55:00,2026-03-16,15:55:00,43765,43765,43765,43765,1,DIRECTA
FIB6F,1H,2026-03-16 16:00:00,2026-03-16,16:00:00,43790,43880,43745,43745,36,DIRECTA
FIB6F,15M,2026-03-16 16:00:00,2026-03-16,16:00:00,43790,43800,43750,43790,20,DIRECTA
FIB6F,5M,2026-03-16 16:00:00,2026-03-16,16:00:00,43790,43790,43790,43790,1,DIRECTA
FIB6F,5M,2026-03-16 16:05:00,2026-03-16,16:05:00,43750,43750,43750,43750,3,DIRECTA
FIB6F,5M,2026-03-16 16:10:00,2026-03-16,16:10:00,43770,43800,43770,43790,16,DIRECTA
FIB6F,15M,2026-03-16 16:15:00,2026-03-16,16:15:00,43810,43810,43810,43810,1,DIRECTA
FIB6F,5M,2026-03-16 16:25:00,2026-03-16,16:25:00,43810,43810,43810,43810,1,DIRECTA
FIB6F,15M,2026-03-16 16:30:00,2026-03-16,16:30:00,43835,43880,43835,43850,7,DIRECTA
FIB6F,5M,2026-03-16 16:30:00,2026-03-16,16:30:00,43835,43845,43835,43845,3,DIRECTA
FIB6F,5M,2026-03-16 16:35:00,2026-03-16,16:35:00,43870,43880,43870,43870,3,DIRECTA
FIB6F,5M,2026-03-16 16:40:00,2026-03-16,16:40:00,43850,43850,43850,43850,1,DIRECTA
FIB6F,15M,2026-03-16 16:45:00,2026-03-16,16:45:00,43855,43855,43745,43745,8,DIRECTA
FIB6F,5M,2026-03-16 16:45:00,2026-03-16,16:45:00,43855,43855,43855,43855,1,DIRECTA
FIB6F,5M,2026-03-16 16:50:00,2026-03-16,16:50:00,43845,43845,43795,43795,6,DIRECTA
FIB6F,5M,2026-03-16 16:55:00,2026-03-16,16:55:00,43745,43745,43745,43745,1,DIRECTA
FIB6F,1H,2026-03-16 17:00:00,2026-03-16,17:00:00,43720,43760,43575,43655,111,DIRECTA
FIB6F,15M,2026-03-16 17:00:00,2026-03-16,17:00:00,43720,43760,43660,43730,23,DIRECTA
FIB6F,5M,2026-03-16 17:00:00,2026-03-16,17:00:00,43720,43720,43720,43720,1,DIRECTA
FIB6F,5M,2026-03-16 17:05:00,2026-03-16,17:05:00,43660,43695,43660,43685,8,DIRECTA
FIB6F,5M,2026-03-16 17:10:00,2026-03-16,17:10:00,43720,43760,43720,43730,14,DIRECTA
FIB6F,15M,2026-03-16 17:15:00,2026-03-16,17:15:00,43720,43745,43575,43610,30,DIRECTA
FIB6F,5M,2026-03-16 17:15:00,2026-03-16,17:15:00,43720,43720,43720,43720,2,DIRECTA
FIB6F,5M,2026-03-16 17:20:00,2026-03-16,17:20:00,43745,43745,43615,43650,16,DIRECTA
FIB6F,5M,2026-03-16 17:25:00,2026-03-16,17:25:00,43615,43640,43575,43610,12,DIRECTA
FIB6F,15M,2026-03-16 17:30:00,2026-03-16,17:30:00,43610,43685,43590,43685,47,DIRECTA
FIB6F,5M,2026-03-16 17:30:00,2026-03-16,17:30:00,43610,43650,43595,43635,28,DIRECTA
FIB6F,5M,2026-03-16 17:35:00,2026-03-16,17:35:00,43610,43645,43590,43635,12,DIRECTA
FIB6F,5M,2026-03-16 17:40:00,2026-03-16,17:40:00,43650,43685,43635,43685,7,DIRECTA
FIB6F,15M,2026-03-16 17:45:00,2026-03-16,17:45:00,43655,43660,43650,43655,11,DIRECTA
FIB6F,5M,2026-03-16 17:50:00,2026-03-16,17:50:00,43655,43655,43650,43655,7,DIRECTA
FIB6F,5M,2026-03-16 17:55:00,2026-03-16,17:55:00,43660,43660,43650,43655,4,DIRECTA
FIB6F,1H,2026-03-16 18:00:00,2026-03-16,18:00:00,43660,43735,43660,43685,24,DIRECTA
FIB6F,15M,2026-03-16 18:00:00,2026-03-16,18:00:00,43660,43700,43660,43695,14,DIRECTA
FIB6F,5M,2026-03-16 18:00:00,2026-03-16,18:00:00,43660,43700,43660,43695,14,DIRECTA
FIB6F,15M,2026-03-16 18:15:00,2026-03-16,18:15:00,43725,43735,43715,43720,4,DIRECTA
FIB6F,5M,2026-03-16 18:15:00,2026-03-16,18:15:00,43725,43725,43725,43725,1,DIRECTA
FIB6F,5M,2026-03-16 18:20:00,2026-03-16,18:20:00,43715,43715,43715,43715,1,DIRECTA
FIB6F,5M,2026-03-16 18:25:00,2026-03-16,18:25:00,43735,43735,43720,43720,2,DIRECTA
FIB6F,15M,2026-03-16 18:30:00,2026-03-16,18:30:00,43685,43690,43680,43685,6,DIRECTA
FIB6F,5M,2026-03-16 18:30:00,2026-03-16,18:30:00,43685,43690,43685,43690,2,DIRECTA
FIB6F,5M,2026-03-16 18:35:00,2026-03-16,18:35:00,43680,43685,43680,43685,4,DIRECTA
FIB6F,1H,2026-03-16 19:00:00,2026-03-16,19:00:00,43735,43790,43725,43765,8,DIRECTA
FIB6F,15M,2026-03-16 19:00:00,2026-03-16,19:00:00,43735,43740,43725,43725,6,DIRECTA
FIB6F,5M,2026-03-16 19:05:00,2026-03-16,19:05:00,43735,43740,43725,43725,6,DIRECTA
FIB6F,15M,2026-03-16 19:45:00,2026-03-16,19:45:00,43790,43790,43765,43765,2,DIRECTA
FIB6F,5M,2026-03-16 19:55:00,2026-03-16,19:55:00,43790,43790,43765,43765,2,DIRECTA
FIB6F,1H,2026-03-16 20:00:00,2026-03-16,20:00:00,43775,43825,43715,43750,11,DIRECTA
FIB6F,15M,2026-03-16 20:00:00,2026-03-16,20:00:00,43775,43825,43770,43800,8,DIRECTA
FIB6F,5M,2026-03-16 20:00:00,2026-03-16,20:00:00,43775,43775,43770,43770,2,DIRECTA
FIB6F,5M,2026-03-16 20:05:00,2026-03-16,20:05:00,43780,43825,43780,43825,3,DIRECTA
FIB6F,5M,2026-03-16 20:10:00,2026-03-16,20:10:00,43810,43810,43800,43800,3,DIRECTA
FIB6F,15M,2026-03-16 20:30:00,2026-03-16,20:30:00,43715,43715,43715,43715,1,DIRECTA
FIB6F,5M,2026-03-16 20:40:00,2026-03-16,20:40:00,43715,43715,43715,43715,1,DIRECTA
FIB6F,15M,2026-03-16 20:45:00,2026-03-16,20:45:00,43750,43750,43750,43750,2,DIRECTA
FIB6F,5M,2026-03-16 20:55:00,2026-03-16,20:55:00,43750,43750,43750,43750,2,DIRECTA
FIB6F,1H,2026-03-16 21:00:00,2026-03-16,21:00:00,43735,43770,43730,43730,3,DIRECTA
FIB6F,15M,2026-03-16 21:15:00,2026-03-16,21:15:00,43735,43735,43735,43735,1,DIRECTA
FIB6F,5M,2026-03-16 21:25:00,2026-03-16,21:25:00,43735,43735,43735,43735,1,DIRECTA
FIB6F,15M,2026-03-16 21:45:00,2026-03-16,21:45:00,43770,43770,43730,43730,2,DIRECTA
FIB6F,5M,2026-03-16 21:55:00,2026-03-16,21:55:00,43770,43770,43730,43730,2,DIRECTA
FIB6F,D,2026-03-17 08:00:00,2026-03-17,08:00:00,43515,44415,43415,44156,2804,DIRECTA
FIB6F,1H,2026-03-17 08:00:00,2026-03-17,08:00:00,43515,43555,43415,43490,64,DIRECTA
FIB6F,15M,2026-03-17 08:00:00,2026-03-17,08:00:00,43515,43515,43435,43455,12,DIRECTA
FIB6F,5M,2026-03-17 08:00:00,2026-03-17,08:00:00,43515,43515,43480,43485,4,DIRECTA
FIB6F,5M,2026-03-17 08:05:00,2026-03-17,08:05:00,43445,43470,43435,43450,7,DIRECTA
FIB6F,5M,2026-03-17 08:10:00,2026-03-17,08:10:00,43455,43455,43455,43455,1,DIRECTA
FIB6F,15M,2026-03-17 08:15:00,2026-03-17,08:15:00,43440,43500,43415,43470,21,DIRECTA
FIB6F,5M,2026-03-17 08:15:00,2026-03-17,08:15:00,43440,43455,43415,43450,8,DIRECTA
FIB6F,5M,2026-03-17 08:20:00,2026-03-17,08:20:00,43460,43490,43435,43490,10,DIRECTA
FIB6F,5M,2026-03-17 08:25:00,2026-03-17,08:25:00,43500,43500,43460,43470,3,DIRECTA
FIB6F,15M,2026-03-17 08:30:00,2026-03-17,08:30:00,43515,43555,43465,43465,19,DIRECTA
FIB6F,5M,2026-03-17 08:30:00,2026-03-17,08:30:00,43515,43515,43515,43515,1,DIRECTA
FIB6F,5M,2026-03-17 08:35:00,2026-03-17,08:35:00,43490,43490,43480,43490,4,DIRECTA
FIB6F,5M,2026-03-17 08:40:00,2026-03-17,08:40:00,43515,43555,43465,43465,14,DIRECTA
FIB6F,15M,2026-03-17 08:45:00,2026-03-17,08:45:00,43455,43495,43445,43490,12,DIRECTA
FIB6F,5M,2026-03-17 08:45:00,2026-03-17,08:45:00,43455,43470,43455,43460,3,DIRECTA
FIB6F,5M,2026-03-17 08:50:00,2026-03-17,08:50:00,43450,43455,43445,43445,3,DIRECTA
FIB6F,5M,2026-03-17 08:55:00,2026-03-17,08:55:00,43480,43495,43480,43490,6,DIRECTA
FIB6F,1H,2026-03-17 09:00:00,2026-03-17,09:00:00,43505,43735,43490,43680,560,DIRECTA
FIB6F,15M,2026-03-17 09:00:00,2026-03-17,09:00:00,43505,43645,43490,43570,160,DIRECTA
FIB6F,5M,2026-03-17 09:00:00,2026-03-17,09:00:00,43505,43625,43490,43590,63,DIRECTA
FIB6F,5M,2026-03-17 09:05:00,2026-03-17,09:05:00,43585,43645,43555,43610,54,DIRECTA
FIB6F,5M,2026-03-17 09:10:00,2026-03-17,09:10:00,43590,43600,43555,43570,43,DIRECTA
FIB6F,15M,2026-03-17 09:15:00,2026-03-17,09:15:00,43555,43665,43535,43580,127,DIRECTA
FIB6F,5M,2026-03-17 09:15:00,2026-03-17,09:15:00,43555,43655,43535,43650,48,DIRECTA
FIB6F,5M,2026-03-17 09:20:00,2026-03-17,09:20:00,43660,43665,43605,43635,44,DIRECTA
FIB6F,5M,2026-03-17 09:25:00,2026-03-17,09:25:00,43630,43640,43540,43580,35,DIRECTA
FIB6F,15M,2026-03-17 09:30:00,2026-03-17,09:30:00,43590,43735,43560,43685,138,DIRECTA
FIB6F,5M,2026-03-17 09:30:00,2026-03-17,09:30:00,43590,43670,43560,43660,51,DIRECTA
FIB6F,5M,2026-03-17 09:35:00,2026-03-17,09:35:00,43650,43685,43600,43670,50,DIRECTA
FIB6F,5M,2026-03-17 09:40:00,2026-03-17,09:40:00,43695,43735,43685,43685,37,DIRECTA
FIB6F,15M,2026-03-17 09:45:00,2026-03-17,09:45:00,43685,43730,43575,43680,135,DIRECTA
FIB6F,5M,2026-03-17 09:45:00,2026-03-17,09:45:00,43685,43730,43680,43690,47,DIRECTA
FIB6F,5M,2026-03-17 09:50:00,2026-03-17,09:50:00,43680,43685,43575,43605,53,DIRECTA
FIB6F,5M,2026-03-17 09:55:00,2026-03-17,09:55:00,43610,43685,43610,43680,35,DIRECTA
FIB6F,1H,2026-03-17 10:00:00,2026-03-17,10:00:00,43690,44025,43690,44005,450,DIRECTA
FIB6F,15M,2026-03-17 10:00:00,2026-03-17,10:00:00,43690,43785,43690,43735,109,DIRECTA
FIB6F,5M,2026-03-17 10:00:00,2026-03-17,10:00:00,43690,43785,43690,43725,46,DIRECTA
FIB6F,5M,2026-03-17 10:05:00,2026-03-17,10:05:00,43715,43755,43705,43750,40,DIRECTA
FIB6F,5M,2026-03-17 10:10:00,2026-03-17,10:10:00,43775,43775,43730,43735,23,DIRECTA
FIB6F,15M,2026-03-17 10:15:00,2026-03-17,10:15:00,43725,43875,43705,43875,112,DIRECTA
FIB6F,5M,2026-03-17 10:15:00,2026-03-17,10:15:00,43725,43800,43705,43790,40,DIRECTA
FIB6F,5M,2026-03-17 10:20:00,2026-03-17,10:20:00,43790,43795,43745,43780,38,DIRECTA
FIB6F,5M,2026-03-17 10:25:00,2026-03-17,10:25:00,43785,43875,43785,43875,34,DIRECTA
FIB6F,15M,2026-03-17 10:30:00,2026-03-17,10:30:00,43885,43980,43875,43980,146,DIRECTA
FIB6F,5M,2026-03-17 10:30:00,2026-03-17,10:30:00,43885,43920,43880,43905,44,DIRECTA
FIB6F,5M,2026-03-17 10:35:00,2026-03-17,10:35:00,43900,43910,43875,43875,25,DIRECTA
FIB6F,5M,2026-03-17 10:40:00,2026-03-17,10:40:00,43880,43980,43875,43980,77,DIRECTA
FIB6F,15M,2026-03-17 10:45:00,2026-03-17,10:45:00,43975,44025,43965,44005,83,DIRECTA
FIB6F,5M,2026-03-17 10:45:00,2026-03-17,10:45:00,43975,44025,43965,44015,55,DIRECTA
FIB6F,5M,2026-03-17 10:50:00,2026-03-17,10:50:00,44015,44015,43965,43995,17,DIRECTA
FIB6F,5M,2026-03-17 10:55:00,2026-03-17,10:55:00,44000,44010,43995,44005,11,DIRECTA
FIB6F,1H,2026-03-17 11:00:00,2026-03-17,11:00:00,44000,44000,43880,43960,208,DIRECTA
FIB6F,15M,2026-03-17 11:00:00,2026-03-17,11:00:00,44000,44000,43910,43965,85,DIRECTA
FIB6F,5M,2026-03-17 11:00:00,2026-03-17,11:00:00,44000,44000,43950,43980,36,DIRECTA
FIB6F,5M,2026-03-17 11:05:00,2026-03-17,11:05:00,43955,43970,43910,43910,22,DIRECTA
FIB6F,5M,2026-03-17 11:10:00,2026-03-17,11:10:00,43930,43970,43930,43965,27,DIRECTA
FIB6F,15M,2026-03-17 11:15:00,2026-03-17,11:15:00,43960,43960,43880,43905,54,DIRECTA
FIB6F,5M,2026-03-17 11:15:00,2026-03-17,11:15:00,43960,43960,43925,43925,10,DIRECTA
FIB6F,5M,2026-03-17 11:20:00,2026-03-17,11:20:00,43915,43945,43900,43900,20,DIRECTA
FIB6F,5M,2026-03-17 11:25:00,2026-03-17,11:25:00,43895,43910,43880,43905,24,DIRECTA
FIB6F,15M,2026-03-17 11:30:00,2026-03-17,11:30:00,43920,43985,43895,43975,42,DIRECTA
FIB6F,5M,2026-03-17 11:30:00,2026-03-17,11:30:00,43920,43960,43895,43955,19,DIRECTA
FIB6F,5M,2026-03-17 11:35:00,2026-03-17,11:35:00,43945,43985,43940,43945,13,DIRECTA
FIB6F,5M,2026-03-17 11:40:00,2026-03-17,11:40:00,43940,43985,43935,43975,10,DIRECTA
FIB6F,15M,2026-03-17 11:45:00,2026-03-17,11:45:00,43970,43970,43915,43960,27,DIRECTA
FIB6F,5M,2026-03-17 11:45:00,2026-03-17,11:45:00,43970,43970,43950,43960,9,DIRECTA
FIB6F,5M,2026-03-17 11:50:00,2026-03-17,11:50:00,43950,43950,43915,43940,13,DIRECTA
FIB6F,5M,2026-03-17 11:55:00,2026-03-17,11:55:00,43950,43965,43950,43960,5,DIRECTA
FIB6F,1H,2026-03-17 12:00:00,2026-03-17,12:00:00,43975,44090,43960,44050,67,DIRECTA
FIB6F,15M,2026-03-17 12:00:00,2026-03-17,12:00:00,43975,43990,43960,43985,17,DIRECTA
FIB6F,5M,2026-03-17 12:00:00,2026-03-17,12:00:00,43975,43990,43975,43985,11,DIRECTA
FIB6F,5M,2026-03-17 12:05:00,2026-03-17,12:05:00,43980,43980,43960,43960,4,DIRECTA
FIB6F,5M,2026-03-17 12:10:00,2026-03-17,12:10:00,43990,43990,43985,43985,2,DIRECTA
FIB6F,15M,2026-03-17 12:15:00,2026-03-17,12:15:00,43985,44020,43975,44000,14,DIRECTA
FIB6F,5M,2026-03-17 12:15:00,2026-03-17,12:15:00,43985,43985,43975,43975,4,DIRECTA
FIB6F,5M,2026-03-17 12:20:00,2026-03-17,12:20:00,43990,44020,43985,44020,5,DIRECTA
FIB6F,5M,2026-03-17 12:25:00,2026-03-17,12:25:00,44010,44015,44000,44000,5,DIRECTA
FIB6F,15M,2026-03-17 12:30:00,2026-03-17,12:30:00,43990,44065,43990,44065,17,DIRECTA
FIB6F,5M,2026-03-17 12:30:00,2026-03-17,12:30:00,43990,44000,43990,44000,4,DIRECTA
FIB6F,5M,2026-03-17 12:35:00,2026-03-17,12:35:00,43995,44030,43995,44030,4,DIRECTA
FIB6F,5M,2026-03-17 12:40:00,2026-03-17,12:40:00,44035,44065,44035,44065,9,DIRECTA
FIB6F,15M,2026-03-17 12:45:00,2026-03-17,12:45:00,44090,44090,44050,44050,19,DIRECTA
FIB6F,5M,2026-03-17 12:45:00,2026-03-17,12:45:00,44090,44090,44055,44055,10,DIRECTA
FIB6F,5M,2026-03-17 12:50:00,2026-03-17,12:50:00,44070,44070,44070,44070,2,DIRECTA
FIB6F,5M,2026-03-17 12:55:00,2026-03-17,12:55:00,44065,44065,44050,44050,7,DIRECTA
FIB6F,1H,2026-03-17 13:00:00,2026-03-17,13:00:00,44050,44245,44045,44195,156,DIRECTA
FIB6F,15M,2026-03-17 13:00:00,2026-03-17,13:00:00,44050,44185,44045,44150,45,DIRECTA
FIB6F,5M,2026-03-17 13:00:00,2026-03-17,13:00:00,44050,44135,44045,44135,25,DIRECTA
FIB6F,5M,2026-03-17 13:05:00,2026-03-17,13:05:00,44165,44180,44145,44175,13,DIRECTA
FIB6F,5M,2026-03-17 13:10:00,2026-03-17,13:10:00,44165,44185,44150,44150,7,DIRECTA
FIB6F,15M,2026-03-17 13:15:00,2026-03-17,13:15:00,44140,44210,44115,44210,18,DIRECTA
FIB6F,5M,2026-03-17 13:15:00,2026-03-17,13:15:00,44140,44140,44115,44115,9,DIRECTA
FIB6F,5M,2026-03-17 13:20:00,2026-03-17,13:20:00,44150,44160,44150,44160,2,DIRECTA
FIB6F,5M,2026-03-17 13:25:00,2026-03-17,13:25:00,44200,44210,44200,44210,7,DIRECTA
FIB6F,15M,2026-03-17 13:30:00,2026-03-17,13:30:00,44210,44245,44165,44175,45,DIRECTA
FIB6F,5M,2026-03-17 13:30:00,2026-03-17,13:30:00,44210,44245,44210,44215,11,DIRECTA
FIB6F,5M,2026-03-17 13:35:00,2026-03-17,13:35:00,44205,44220,44200,44205,17,DIRECTA
FIB6F,5M,2026-03-17 13:40:00,2026-03-17,13:40:00,44200,44200,44165,44175,17,DIRECTA
FIB6F,15M,2026-03-17 13:45:00,2026-03-17,13:45:00,44175,44195,44145,44195,48,DIRECTA
FIB6F,5M,2026-03-17 13:45:00,2026-03-17,13:45:00,44175,44195,44160,44190,18,DIRECTA
FIB6F,5M,2026-03-17 13:50:00,2026-03-17,13:50:00,44175,44175,44145,44165,15,DIRECTA
FIB6F,5M,2026-03-17 13:55:00,2026-03-17,13:55:00,44180,44195,44175,44195,15,DIRECTA
FIB6F,1H,2026-03-17 14:00:00,2026-03-17,14:00:00,44200,44405,44200,44370,239,DIRECTA
FIB6F,15M,2026-03-17 14:00:00,2026-03-17,14:00:00,44200,44295,44200,44280,56,DIRECTA
FIB6F,5M,2026-03-17 14:00:00,2026-03-17,14:00:00,44200,44215,44200,44215,15,DIRECTA
FIB6F,5M,2026-03-17 14:05:00,2026-03-17,14:05:00,44215,44265,44215,44265,17,DIRECTA
FIB6F,5M,2026-03-17 14:10:00,2026-03-17,14:10:00,44255,44295,44255,44280,24,DIRECTA
FIB6F,15M,2026-03-17 14:15:00,2026-03-17,14:15:00,44285,44350,44285,44345,43,DIRECTA
FIB6F,5M,2026-03-17 14:15:00,2026-03-17,14:15:00,44285,44330,44285,44330,16,DIRECTA
FIB6F,5M,2026-03-17 14:20:00,2026-03-17,14:20:00,44350,44350,44330,44330,19,DIRECTA
FIB6F,5M,2026-03-17 14:25:00,2026-03-17,14:25:00,44325,44345,44315,44345,8,DIRECTA
FIB6F,15M,2026-03-17 14:30:00,2026-03-17,14:30:00,44350,44405,44325,44365,98,DIRECTA
FIB6F,5M,2026-03-17 14:30:00,2026-03-17,14:30:00,44350,44365,44325,44365,42,DIRECTA
FIB6F,5M,2026-03-17 14:35:00,2026-03-17,14:35:00,44360,44395,44350,44395,27,DIRECTA
FIB6F,5M,2026-03-17 14:40:00,2026-03-17,14:40:00,44390,44405,44365,44365,29,DIRECTA
FIB6F,15M,2026-03-17 14:45:00,2026-03-17,14:45:00,44365,44385,44345,44370,42,DIRECTA
FIB6F,5M,2026-03-17 14:45:00,2026-03-17,14:45:00,44365,44375,44355,44365,8,DIRECTA
FIB6F,5M,2026-03-17 14:50:00,2026-03-17,14:50:00,44345,44365,44345,44360,12,DIRECTA
FIB6F,5M,2026-03-17 14:55:00,2026-03-17,14:55:00,44380,44385,44355,44370,22,DIRECTA
FIB6F,1H,2026-03-17 15:00:00,2026-03-17,15:00:00,44355,44415,44320,44380,232,DIRECTA
FIB6F,15M,2026-03-17 15:00:00,2026-03-17,15:00:00,44355,44415,44335,44380,71,DIRECTA
FIB6F,5M,2026-03-17 15:00:00,2026-03-17,15:00:00,44355,44380,44335,44360,22,DIRECTA
FIB6F,5M,2026-03-17 15:05:00,2026-03-17,15:05:00,44375,44415,44370,44405,18,DIRECTA
FIB6F,5M,2026-03-17 15:10:00,2026-03-17,15:10:00,44395,44395,44370,44380,31,DIRECTA
FIB6F,15M,2026-03-17 15:15:00,2026-03-17,15:15:00,44350,44395,44345,44350,80,DIRECTA
FIB6F,5M,2026-03-17 15:15:00,2026-03-17,15:15:00,44350,44385,44345,44375,20,DIRECTA
FIB6F,5M,2026-03-17 15:20:00,2026-03-17,15:20:00,44390,44395,44370,44375,45,DIRECTA
FIB6F,5M,2026-03-17 15:25:00,2026-03-17,15:25:00,44370,44370,44350,44350,15,DIRECTA
FIB6F,15M,2026-03-17 15:30:00,2026-03-17,15:30:00,44340,44410,44320,44410,48,DIRECTA
FIB6F,5M,2026-03-17 15:30:00,2026-03-17,15:30:00,44340,44385,44320,44370,13,DIRECTA
FIB6F,5M,2026-03-17 15:35:00,2026-03-17,15:35:00,44375,44375,44330,44360,21,DIRECTA
FIB6F,5M,2026-03-17 15:40:00,2026-03-17,15:40:00,44385,44410,44360,44410,14,DIRECTA
FIB6F,15M,2026-03-17 15:45:00,2026-03-17,15:45:00,44410,44415,44375,44380,33,DIRECTA
FIB6F,5M,2026-03-17 15:45:00,2026-03-17,15:45:00,44410,44415,44390,44410,8,DIRECTA
FIB6F,5M,2026-03-17 15:50:00,2026-03-17,15:50:00,44395,44400,44375,44380,19,DIRECTA
FIB6F,5M,2026-03-17 15:55:00,2026-03-17,15:55:00,44390,44390,44380,44380,6,DIRECTA
FIB6F,1H,2026-03-17 16:00:00,2026-03-17,16:00:00,44375,44375,44175,44200,261,DIRECTA
FIB6F,15M,2026-03-17 16:00:00,2026-03-17,16:00:00,44375,44375,44280,44280,73,DIRECTA
FIB6F,5M,2026-03-17 16:00:00,2026-03-17,16:00:00,44375,44375,44350,44350,9,DIRECTA
FIB6F,5M,2026-03-17 16:05:00,2026-03-17,16:05:00,44350,44365,44310,44315,27,DIRECTA
FIB6F,5M,2026-03-17 16:10:00,2026-03-17,16:10:00,44320,44340,44280,44280,37,DIRECTA
FIB6F,15M,2026-03-17 16:15:00,2026-03-17,16:15:00,44300,44305,44225,44225,40,DIRECTA
FIB6F,5M,2026-03-17 16:15:00,2026-03-17,16:15:00,44300,44305,44230,44280,24,DIRECTA
FIB6F,5M,2026-03-17 16:20:00,2026-03-17,16:20:00,44240,44255,44230,44255,10,DIRECTA
FIB6F,5M,2026-03-17 16:25:00,2026-03-17,16:25:00,44260,44260,44225,44225,6,DIRECTA
FIB6F,15M,2026-03-17 16:30:00,2026-03-17,16:30:00,44210,44220,44175,44215,101,DIRECTA
FIB6F,5M,2026-03-17 16:30:00,2026-03-17,16:30:00,44210,44220,44200,44205,23,DIRECTA
FIB6F,5M,2026-03-17 16:35:00,2026-03-17,16:35:00,44210,44210,44175,44180,32,DIRECTA
FIB6F,5M,2026-03-17 16:40:00,2026-03-17,16:40:00,44180,44215,44180,44215,46,DIRECTA
FIB6F,15M,2026-03-17 16:45:00,2026-03-17,16:45:00,44210,44240,44190,44200,47,DIRECTA
FIB6F,5M,2026-03-17 16:45:00,2026-03-17,16:45:00,44210,44240,44210,44215,9,DIRECTA
FIB6F,5M,2026-03-17 16:50:00,2026-03-17,16:50:00,44205,44235,44205,44220,26,DIRECTA
FIB6F,5M,2026-03-17 16:55:00,2026-03-17,16:55:00,44210,44215,44190,44200,12,DIRECTA
FIB6F,1H,2026-03-17 17:00:00,2026-03-17,17:00:00,44185,44225,44080,44160,481,DIRECTA
FIB6F,15M,2026-03-17 17:00:00,2026-03-17,17:00:00,44185,44215,44135,44185,57,DIRECTA
FIB6F,5M,2026-03-17 17:00:00,2026-03-17,17:00:00,44185,44185,44135,44155,20,DIRECTA
FIB6F,5M,2026-03-17 17:05:00,2026-03-17,17:05:00,44170,44180,44140,44155,18,DIRECTA
FIB6F,5M,2026-03-17 17:10:00,2026-03-17,17:10:00,44180,44215,44180,44185,19,DIRECTA
FIB6F,15M,2026-03-17 17:15:00,2026-03-17,17:15:00,44175,44225,44115,44160,171,DIRECTA
FIB6F,5M,2026-03-17 17:15:00,2026-03-17,17:15:00,44175,44220,44175,44220,16,DIRECTA
FIB6F,5M,2026-03-17 17:20:00,2026-03-17,17:20:00,44225,44225,44130,44170,43,DIRECTA
FIB6F,5M,2026-03-17 17:25:00,2026-03-17,17:25:00,44160,44165,44115,44160,112,DIRECTA
FIB6F,15M,2026-03-17 17:30:00,2026-03-17,17:30:00,44160,44210,44080,44180,237,DIRECTA
FIB6F,5M,2026-03-17 17:30:00,2026-03-17,17:30:00,44160,44210,44080,44205,170,DIRECTA
FIB6F,5M,2026-03-17 17:35:00,2026-03-17,17:35:00,44165,44180,44115,44135,48,DIRECTA
FIB6F,5M,2026-03-17 17:40:00,2026-03-17,17:40:00,44165,44195,44150,44180,19,DIRECTA
FIB6F,15M,2026-03-17 17:45:00,2026-03-17,17:45:00,44200,44200,44145,44160,16,DIRECTA
FIB6F,5M,2026-03-17 17:45:00,2026-03-17,17:45:00,44200,44200,44170,44170,10,DIRECTA
FIB6F,5M,2026-03-17 17:50:00,2026-03-17,17:50:00,44180,44190,44175,44175,4,DIRECTA
FIB6F,5M,2026-03-17 17:55:00,2026-03-17,17:55:00,44145,44160,44145,44160,2,DIRECTA
FIB6F,1H,2026-03-17 18:00:00,2026-03-17,18:00:00,44155,44200,44135,44200,39,DIRECTA
FIB6F,15M,2026-03-17 18:00:00,2026-03-17,18:00:00,44155,44175,44145,44145,26,DIRECTA
FIB6F,5M,2026-03-17 18:00:00,2026-03-17,18:00:00,44155,44175,44155,44175,10,DIRECTA
FIB6F,5M,2026-03-17 18:05:00,2026-03-17,18:05:00,44175,44175,44150,44150,14,DIRECTA
FIB6F,5M,2026-03-17 18:10:00,2026-03-17,18:10:00,44150,44150,44145,44145,2,DIRECTA
FIB6F,15M,2026-03-17 18:15:00,2026-03-17,18:15:00,44160,44185,44135,44185,7,DIRECTA
FIB6F,5M,2026-03-17 18:15:00,2026-03-17,18:15:00,44160,44165,44135,44150,5,DIRECTA
FIB6F,5M,2026-03-17 18:25:00,2026-03-17,18:25:00,44185,44185,44185,44185,2,DIRECTA
FIB6F,15M,2026-03-17 18:30:00,2026-03-17,18:30:00,44170,44170,44150,44150,2,DIRECTA
FIB6F,5M,2026-03-17 18:30:00,2026-03-17,18:30:00,44170,44170,44170,44170,1,DIRECTA
FIB6F,5M,2026-03-17 18:35:00,2026-03-17,18:35:00,44150,44150,44150,44150,1,DIRECTA
FIB6F,15M,2026-03-17 18:45:00,2026-03-17,18:45:00,44150,44200,44150,44200,4,DIRECTA
FIB6F,5M,2026-03-17 18:45:00,2026-03-17,18:45:00,44150,44150,44150,44150,1,DIRECTA
FIB6F,5M,2026-03-17 18:50:00,2026-03-17,18:50:00,44170,44170,44170,44170,1,DIRECTA
FIB6F,5M,2026-03-17 18:55:00,2026-03-17,18:55:00,44200,44200,44200,44200,2,DIRECTA
FIB6F,1H,2026-03-17 19:00:00,2026-03-17,19:00:00,44195,44195,44130,44170,5,DIRECTA
FIB6F,15M,2026-03-17 19:00:00,2026-03-17,19:00:00,44195,44195,44195,44195,1,DIRECTA
FIB6F,5M,2026-03-17 19:10:00,2026-03-17,19:10:00,44195,44195,44195,44195,1,DIRECTA
FIB6F,15M,2026-03-17 19:15:00,2026-03-17,19:15:00,44160,44160,44160,44160,1,DIRECTA
FIB6F,5M,2026-03-17 19:20:00,2026-03-17,19:20:00,44160,44160,44160,44160,1,DIRECTA
FIB6F,15M,2026-03-17 19:30:00,2026-03-17,19:30:00,44130,44130,44130,44130,1,DIRECTA
FIB6F,5M,2026-03-17 19:40:00,2026-03-17,19:40:00,44130,44130,44130,44130,1,DIRECTA
FIB6F,15M,2026-03-17 19:45:00,2026-03-17,19:45:00,44175,44175,44170,44170,2,DIRECTA
FIB6F,5M,2026-03-17 19:55:00,2026-03-17,19:55:00,44175,44175,44170,44170,2,DIRECTA
FIB6F,1H,2026-03-17 20:00:00,2026-03-17,20:00:00,44160,44180,44075,44155,16,DIRECTA
FIB6F,15M,2026-03-17 20:00:00,2026-03-17,20:00:00,44160,44180,44160,44170,11,DIRECTA
FIB6F,5M,2026-03-17 20:00:00,2026-03-17,20:00:00,44160,44180,44160,44170,11,DIRECTA
FIB6F,15M,2026-03-17 20:15:00,2026-03-17,20:15:00,44075,44075,44075,44075,1,DIRECTA
FIB6F,5M,2026-03-17 20:20:00,2026-03-17,20:20:00,44075,44075,44075,44075,1,DIRECTA
FIB6F,15M,2026-03-17 20:45:00,2026-03-17,20:45:00,44165,44165,44155,44155,4,DIRECTA
FIB6F,5M,2026-03-17 20:45:00,2026-03-17,20:45:00,44165,44165,44165,44165,1,DIRECTA
FIB6F,5M,2026-03-17 20:50:00,2026-03-17,20:50:00,44155,44155,44155,44155,1,DIRECTA
FIB6F,5M,2026-03-17 20:55:00,2026-03-17,20:55:00,44155,44155,44155,44155,2,DIRECTA
FIB6F,1H,2026-03-17 21:00:00,2026-03-17,21:00:00,44170,44200,44170,44180,26,DIRECTA
FIB6F,15M,2026-03-17 21:00:00,2026-03-17,21:00:00,44170,44175,44170,44175,3,DIRECTA
FIB6F,5M,2026-03-17 21:00:00,2026-03-17,21:00:00,44170,44175,44170,44175,3,DIRECTA
FIB6F,15M,2026-03-17 21:15:00,2026-03-17,21:15:00,44170,44180,44170,44180,5,DIRECTA
FIB6F,5M,2026-03-17 21:15:00,2026-03-17,21:15:00,44170,44175,44170,44175,3,DIRECTA
FIB6F,5M,2026-03-17 21:25:00,2026-03-17,21:25:00,44175,44180,44175,44180,2,DIRECTA
FIB6F,15M,2026-03-17 21:30:00,2026-03-17,21:30:00,44185,44200,44185,44200,7,DIRECTA
FIB6F,5M,2026-03-17 21:30:00,2026-03-17,21:30:00,44185,44190,44185,44185,4,DIRECTA
FIB6F,5M,2026-03-17 21:35:00,2026-03-17,21:35:00,44200,44200,44200,44200,3,DIRECTA
FIB6F,15M,2026-03-17 21:45:00,2026-03-17,21:45:00,44180,44200,44170,44180,11,DIRECTA
FIB6F,5M,2026-03-17 21:45:00,2026-03-17,21:45:00,44180,44180,44180,44180,1,DIRECTA
FIB6F,5M,2026-03-17 21:50:00,2026-03-17,21:50:00,44185,44190,44170,44170,7,DIRECTA
FIB6F,5M,2026-03-17 21:55:00,2026-03-17,21:55:00,44195,44200,44180,44180,3,DIRECTA
FIB6F,D,2026-03-18 08:00:00,2026-03-18,08:00:00,44435,44725,43425,44003,5237,DIRECTA
FIB6F,1H,2026-03-18 08:00:00,2026-03-18,08:00:00,44435,44725,44410,44425,196,DIRECTA
FIB6F,15M,2026-03-18 08:00:00,2026-03-18,08:00:00,44435,44725,44420,44505,61,DIRECTA
FIB6F,5M,2026-03-18 08:00:00,2026-03-18,08:00:00,44435,44725,44420,44550,23,DIRECTA
FIB6F,5M,2026-03-18 08:05:00,2026-03-18,08:05:00,44550,44565,44540,44540,22,DIRECTA
FIB6F,5M,2026-03-18 08:10:00,2026-03-18,08:10:00,44535,44535,44500,44505,16,DIRECTA
FIB6F,15M,2026-03-18 08:15:00,2026-03-18,08:15:00,44495,44555,44475,44500,38,DIRECTA
FIB6F,5M,2026-03-18 08:15:00,2026-03-18,08:15:00,44495,44510,44475,44510,11,DIRECTA
FIB6F,5M,2026-03-18 08:20:00,2026-03-18,08:20:00,44520,44555,44520,44520,25,DIRECTA
FIB6F,5M,2026-03-18 08:25:00,2026-03-18,08:25:00,44510,44510,44500,44500,2,DIRECTA
FIB6F,15M,2026-03-18 08:30:00,2026-03-18,08:30:00,44490,44515,44455,44455,28,DIRECTA
FIB6F,5M,2026-03-18 08:30:00,2026-03-18,08:30:00,44490,44515,44490,44500,8,DIRECTA
FIB6F,5M,2026-03-18 08:35:00,2026-03-18,08:35:00,44485,44485,44460,44465,12,DIRECTA
FIB6F,5M,2026-03-18 08:40:00,2026-03-18,08:40:00,44475,44490,44455,44455,8,DIRECTA
FIB6F,15M,2026-03-18 08:45:00,2026-03-18,08:45:00,44455,44455,44410,44425,69,DIRECTA
FIB6F,5M,2026-03-18 08:45:00,2026-03-18,08:45:00,44455,44455,44425,44435,22,DIRECTA
FIB6F,5M,2026-03-18 08:50:00,2026-03-18,08:50:00,44440,44455,44425,44455,22,DIRECTA
FIB6F,5M,2026-03-18 08:55:00,2026-03-18,08:55:00,44430,44440,44410,44425,25,DIRECTA
FIB6F,1H,2026-03-18 09:00:00,2026-03-18,09:00:00,44450,44535,44320,44535,1127,DIRECTA
FIB6F,15M,2026-03-18 09:00:00,2026-03-18,09:00:00,44450,44465,44370,44440,383,DIRECTA
FIB6F,5M,2026-03-18 09:00:00,2026-03-18,09:00:00,44450,44450,44370,44445,192,DIRECTA
FIB6F,5M,2026-03-18 09:05:00,2026-03-18,09:05:00,44425,44465,44425,44445,99,DIRECTA
FIB6F,5M,2026-03-18 09:10:00,2026-03-18,09:10:00,44430,44455,44425,44440,92,DIRECTA
FIB6F,15M,2026-03-18 09:15:00,2026-03-18,09:15:00,44430,44450,44345,44365,264,DIRECTA
FIB6F,5M,2026-03-18 09:15:00,2026-03-18,09:15:00,44430,44450,44380,44405,124,DIRECTA
FIB6F,5M,2026-03-18 09:20:00,2026-03-18,09:20:00,44415,44425,44380,44395,93,DIRECTA
FIB6F,5M,2026-03-18 09:25:00,2026-03-18,09:25:00,44400,44400,44345,44365,47,DIRECTA
FIB6F,15M,2026-03-18 09:30:00,2026-03-18,09:30:00,44355,44400,44320,44395,340,DIRECTA
FIB6F,5M,2026-03-18 09:30:00,2026-03-18,09:30:00,44355,44380,44320,44345,203,DIRECTA
FIB6F,5M,2026-03-18 09:35:00,2026-03-18,09:35:00,44345,44390,44325,44390,100,DIRECTA
FIB6F,5M,2026-03-18 09:40:00,2026-03-18,09:40:00,44395,44400,44370,44395,37,DIRECTA
FIB6F,15M,2026-03-18 09:45:00,2026-03-18,09:45:00,44380,44535,44380,44535,140,DIRECTA
FIB6F,5M,2026-03-18 09:45:00,2026-03-18,09:45:00,44380,44470,44380,44465,41,DIRECTA
FIB6F,5M,2026-03-18 09:50:00,2026-03-18,09:50:00,44475,44535,44475,44515,40,DIRECTA
FIB6F,5M,2026-03-18 09:55:00,2026-03-18,09:55:00,44515,44535,44505,44535,59,DIRECTA
FIB6F,1H,2026-03-18 10:00:00,2026-03-18,10:00:00,44530,44615,44480,44575,419,DIRECTA
FIB6F,15M,2026-03-18 10:00:00,2026-03-18,10:00:00,44530,44575,44490,44490,135,DIRECTA
FIB6F,5M,2026-03-18 10:00:00,2026-03-18,10:00:00,44530,44565,44505,44535,40,DIRECTA
FIB6F,5M,2026-03-18 10:05:00,2026-03-18,10:05:00,44540,44575,44515,44545,64,DIRECTA
FIB6F,5M,2026-03-18 10:10:00,2026-03-18,10:10:00,44540,44550,44490,44490,31,DIRECTA
FIB6F,15M,2026-03-18 10:15:00,2026-03-18,10:15:00,44490,44550,44480,44525,99,DIRECTA
FIB6F,5M,2026-03-18 10:15:00,2026-03-18,10:15:00,44490,44540,44480,44535,42,DIRECTA
FIB6F,5M,2026-03-18 10:20:00,2026-03-18,10:20:00,44535,44550,44510,44510,14,DIRECTA
FIB6F,5M,2026-03-18 10:25:00,2026-03-18,10:25:00,44515,44525,44500,44525,43,DIRECTA
FIB6F,15M,2026-03-18 10:30:00,2026-03-18,10:30:00,44535,44610,44520,44600,70,DIRECTA
FIB6F,5M,2026-03-18 10:30:00,2026-03-18,10:30:00,44535,44580,44520,44580,24,DIRECTA
FIB6F,5M,2026-03-18 10:35:00,2026-03-18,10:35:00,44595,44610,44555,44555,31,DIRECTA
FIB6F,5M,2026-03-18 10:40:00,2026-03-18,10:40:00,44540,44600,44540,44600,15,DIRECTA
FIB6F,15M,2026-03-18 10:45:00,2026-03-18,10:45:00,44615,44615,44565,44575,115,DIRECTA
FIB6F,5M,2026-03-18 10:45:00,2026-03-18,10:45:00,44615,44615,44580,44605,50,DIRECTA
FIB6F,5M,2026-03-18 10:50:00,2026-03-18,10:50:00,44605,44615,44580,44600,29,DIRECTA
FIB6F,5M,2026-03-18 10:55:00,2026-03-18,10:55:00,44580,44610,44565,44575,36,DIRECTA
FIB6F,1H,2026-03-18 11:00:00,2026-03-18,11:00:00,44580,44650,44565,44585,332,DIRECTA
FIB6F,15M,2026-03-18 11:00:00,2026-03-18,11:00:00,44580,44640,44565,44590,58,DIRECTA
FIB6F,5M,2026-03-18 11:00:00,2026-03-18,11:00:00,44580,44610,44565,44610,17,DIRECTA
FIB6F,5M,2026-03-18 11:05:00,2026-03-18,11:05:00,44620,44640,44615,44630,34,DIRECTA
FIB6F,5M,2026-03-18 11:10:00,2026-03-18,11:10:00,44615,44615,44585,44590,7,DIRECTA
FIB6F,15M,2026-03-18 11:15:00,2026-03-18,11:15:00,44585,44640,44585,44625,66,DIRECTA
FIB6F,5M,2026-03-18 11:15:00,2026-03-18,11:15:00,44585,44615,44585,44615,35,DIRECTA
FIB6F,5M,2026-03-18 11:20:00,2026-03-18,11:20:00,44615,44640,44605,44625,24,DIRECTA
FIB6F,5M,2026-03-18 11:25:00,2026-03-18,11:25:00,44615,44630,44615,44625,7,DIRECTA
FIB6F,15M,2026-03-18 11:30:00,2026-03-18,11:30:00,44595,44650,44590,44635,87,DIRECTA
FIB6F,5M,2026-03-18 11:30:00,2026-03-18,11:30:00,44595,44630,44590,44630,20,DIRECTA
FIB6F,5M,2026-03-18 11:35:00,2026-03-18,11:35:00,44620,44645,44620,44630,47,DIRECTA
FIB6F,5M,2026-03-18 11:40:00,2026-03-18,11:40:00,44625,44650,44615,44635,20,DIRECTA
FIB6F,15M,2026-03-18 11:45:00,2026-03-18,11:45:00,44635,44645,44565,44585,121,DIRECTA
FIB6F,5M,2026-03-18 11:45:00,2026-03-18,11:45:00,44635,44645,44620,44645,47,DIRECTA
FIB6F,5M,2026-03-18 11:50:00,2026-03-18,11:50:00,44630,44645,44610,44610,32,DIRECTA
FIB6F,5M,2026-03-18 11:55:00,2026-03-18,11:55:00,44605,44610,44565,44585,42,DIRECTA
FIB6F,1H,2026-03-18 12:00:00,2026-03-18,12:00:00,44575,44680,44460,44520,278,DIRECTA
FIB6F,15M,2026-03-18 12:00:00,2026-03-18,12:00:00,44575,44650,44545,44630,99,DIRECTA
FIB6F,5M,2026-03-18 12:00:00,2026-03-18,12:00:00,44575,44600,44545,44600,65,DIRECTA
FIB6F,5M,2026-03-18 12:05:00,2026-03-18,12:05:00,44580,44605,44580,44595,16,DIRECTA
FIB6F,5M,2026-03-18 12:10:00,2026-03-18,12:10:00,44615,44650,44615,44630,18,DIRECTA
FIB6F,15M,2026-03-18 12:15:00,2026-03-18,12:15:00,44640,44680,44495,44495,73,DIRECTA
FIB6F,5M,2026-03-18 12:15:00,2026-03-18,12:15:00,44640,44660,44620,44660,17,DIRECTA
FIB6F,5M,2026-03-18 12:20:00,2026-03-18,12:20:00,44650,44680,44645,44650,29,DIRECTA
FIB6F,5M,2026-03-18 12:25:00,2026-03-18,12:25:00,44640,44640,44495,44495,27,DIRECTA
FIB6F,15M,2026-03-18 12:30:00,2026-03-18,12:30:00,44465,44555,44460,44520,73,DIRECTA
FIB6F,5M,2026-03-18 12:30:00,2026-03-18,12:30:00,44465,44555,44465,44510,30,DIRECTA
FIB6F,5M,2026-03-18 12:35:00,2026-03-18,12:35:00,44495,44530,44460,44485,26,DIRECTA
FIB6F,5M,2026-03-18 12:40:00,2026-03-18,12:40:00,44480,44545,44480,44520,17,DIRECTA
FIB6F,15M,2026-03-18 12:45:00,2026-03-18,12:45:00,44510,44560,44470,44520,33,DIRECTA
FIB6F,5M,2026-03-18 12:45:00,2026-03-18,12:45:00,44510,44520,44470,44495,14,DIRECTA
FIB6F,5M,2026-03-18 12:50:00,2026-03-18,12:50:00,44510,44540,44510,44535,11,DIRECTA
FIB6F,5M,2026-03-18 12:55:00,2026-03-18,12:55:00,44545,44560,44520,44520,8,DIRECTA
FIB6F,1H,2026-03-18 13:00:00,2026-03-18,13:00:00,44535,44535,44020,44030,185,DIRECTA
FIB6F,15M,2026-03-18 13:00:00,2026-03-18,13:00:00,44535,44535,44360,44360,39,DIRECTA
FIB6F,5M,2026-03-18 13:00:00,2026-03-18,13:00:00,44535,44535,44415,44415,21,DIRECTA
FIB6F,5M,2026-03-18 13:05:00,2026-03-18,13:05:00,44430,44430,44380,44405,14,DIRECTA
FIB6F,5M,2026-03-18 13:10:00,2026-03-18,13:10:00,44390,44405,44360,44360,4,DIRECTA
FIB6F,15M,2026-03-18 13:15:00,2026-03-18,13:15:00,44390,44390,44235,44305,40,DIRECTA
FIB6F,5M,2026-03-18 13:15:00,2026-03-18,13:15:00,44390,44390,44290,44290,22,DIRECTA
FIB6F,5M,2026-03-18 13:20:00,2026-03-18,13:20:00,44235,44280,44235,44270,9,DIRECTA
FIB6F,5M,2026-03-18 13:25:00,2026-03-18,13:25:00,44270,44325,44270,44305,9,DIRECTA
FIB6F,15M,2026-03-18 13:30:00,2026-03-18,13:30:00,44290,44300,44105,44120,52,DIRECTA
FIB6F,5M,2026-03-18 13:30:00,2026-03-18,13:30:00,44290,44290,44210,44210,14,DIRECTA
FIB6F,5M,2026-03-18 13:35:00,2026-03-18,13:35:00,44225,44265,44220,44265,14,DIRECTA
FIB6F,5M,2026-03-18 13:40:00,2026-03-18,13:40:00,44270,44300,44105,44120,24,DIRECTA
FIB6F,15M,2026-03-18 13:45:00,2026-03-18,13:45:00,44125,44135,44020,44030,54,DIRECTA
FIB6F,5M,2026-03-18 13:45:00,2026-03-18,13:45:00,44125,44135,44055,44090,27,DIRECTA
FIB6F,5M,2026-03-18 13:50:00,2026-03-18,13:50:00,44070,44110,44065,44070,8,DIRECTA
FIB6F,5M,2026-03-18 13:55:00,2026-03-18,13:55:00,44025,44070,44020,44030,19,DIRECTA
FIB6F,1H,2026-03-18 14:00:00,2026-03-18,14:00:00,44025,44180,43925,44100,359,DIRECTA
FIB6F,15M,2026-03-18 14:00:00,2026-03-18,14:00:00,44025,44070,43955,44010,105,DIRECTA
FIB6F,5M,2026-03-18 14:00:00,2026-03-18,14:00:00,44025,44055,43955,44005,61,DIRECTA
FIB6F,5M,2026-03-18 14:05:00,2026-03-18,14:05:00,44000,44070,43960,44010,26,DIRECTA
FIB6F,5M,2026-03-18 14:10:00,2026-03-18,14:10:00,43995,44025,43985,44010,18,DIRECTA
FIB6F,15M,2026-03-18 14:15:00,2026-03-18,14:15:00,43980,44160,43925,44135,72,DIRECTA
FIB6F,5M,2026-03-18 14:15:00,2026-03-18,14:15:00,43980,44030,43925,44020,24,DIRECTA
FIB6F,5M,2026-03-18 14:20:00,2026-03-18,14:20:00,44000,44100,44000,44085,34,DIRECTA
FIB6F,5M,2026-03-18 14:25:00,2026-03-18,14:25:00,44095,44160,44095,44135,14,DIRECTA
FIB6F,15M,2026-03-18 14:30:00,2026-03-18,14:30:00,44130,44180,44080,44095,91,DIRECTA
FIB6F,5M,2026-03-18 14:30:00,2026-03-18,14:30:00,44130,44180,44110,44120,47,DIRECTA
FIB6F,5M,2026-03-18 14:35:00,2026-03-18,14:35:00,44110,44155,44100,44145,22,DIRECTA
FIB6F,5M,2026-03-18 14:40:00,2026-03-18,14:40:00,44130,44160,44080,44095,22,DIRECTA
FIB6F,15M,2026-03-18 14:45:00,2026-03-18,14:45:00,44085,44120,44030,44100,91,DIRECTA
FIB6F,5M,2026-03-18 14:45:00,2026-03-18,14:45:00,44085,44120,44055,44055,26,DIRECTA
FIB6F,5M,2026-03-18 14:50:00,2026-03-18,14:50:00,44075,44080,44030,44065,33,DIRECTA
FIB6F,5M,2026-03-18 14:55:00,2026-03-18,14:55:00,44070,44100,44050,44100,32,DIRECTA
FIB6F,1H,2026-03-18 15:00:00,2026-03-18,15:00:00,44070,44150,43785,43920,1112,DIRECTA
FIB6F,15M,2026-03-18 15:00:00,2026-03-18,15:00:00,44070,44150,43995,44010,251,DIRECTA
FIB6F,5M,2026-03-18 15:00:00,2026-03-18,15:00:00,44070,44100,44040,44075,93,DIRECTA
FIB6F,5M,2026-03-18 15:05:00,2026-03-18,15:05:00,44080,44150,44075,44120,92,DIRECTA
FIB6F,5M,2026-03-18 15:10:00,2026-03-18,15:10:00,44120,44120,43995,44010,66,DIRECTA
FIB6F,15M,2026-03-18 15:15:00,2026-03-18,15:15:00,44010,44020,43885,43910,259,DIRECTA
FIB6F,5M,2026-03-18 15:15:00,2026-03-18,15:15:00,44010,44020,43985,43995,107,DIRECTA
FIB6F,5M,2026-03-18 15:20:00,2026-03-18,15:20:00,43990,44000,43965,43990,94,DIRECTA
FIB6F,5M,2026-03-18 15:25:00,2026-03-18,15:25:00,43990,43990,43885,43910,58,DIRECTA
FIB6F,15M,2026-03-18 15:30:00,2026-03-18,15:30:00,43915,43965,43815,43835,315,DIRECTA
FIB6F,5M,2026-03-18 15:30:00,2026-03-18,15:30:00,43915,43965,43875,43880,119,DIRECTA
FIB6F,5M,2026-03-18 15:35:00,2026-03-18,15:35:00,43880,43905,43865,43865,96,DIRECTA
FIB6F,5M,2026-03-18 15:40:00,2026-03-18,15:40:00,43855,43865,43815,43835,100,DIRECTA
FIB6F,15M,2026-03-18 15:45:00,2026-03-18,15:45:00,43835,43920,43785,43920,287,DIRECTA
FIB6F,5M,2026-03-18 15:45:00,2026-03-18,15:45:00,43835,43870,43825,43825,94,DIRECTA
FIB6F,5M,2026-03-18 15:50:00,2026-03-18,15:50:00,43830,43840,43785,43820,114,DIRECTA
FIB6F,5M,2026-03-18 15:55:00,2026-03-18,15:55:00,43820,43920,43805,43920,79,DIRECTA
FIB6F,1H,2026-03-18 16:00:00,2026-03-18,16:00:00,43925,44050,43900,43990,396,DIRECTA
FIB6F,15M,2026-03-18 16:00:00,2026-03-18,16:00:00,43925,44050,43900,44040,149,DIRECTA
FIB6F,5M,2026-03-18 16:00:00,2026-03-18,16:00:00,43925,43965,43900,43960,52,DIRECTA
FIB6F,5M,2026-03-18 16:05:00,2026-03-18,16:05:00,43965,44050,43965,44045,63,DIRECTA
FIB6F,5M,2026-03-18 16:10:00,2026-03-18,16:10:00,44035,44050,44015,44040,34,DIRECTA
FIB6F,15M,2026-03-18 16:15:00,2026-03-18,16:15:00,44015,44045,43915,44045,98,DIRECTA
FIB6F,5M,2026-03-18 16:15:00,2026-03-18,16:15:00,44015,44035,43975,43980,26,DIRECTA
FIB6F,5M,2026-03-18 16:20:00,2026-03-18,16:20:00,43990,43990,43915,43985,35,DIRECTA
FIB6F,5M,2026-03-18 16:25:00,2026-03-18,16:25:00,44005,44045,44005,44045,37,DIRECTA
FIB6F,15M,2026-03-18 16:30:00,2026-03-18,16:30:00,44035,44035,43970,43990,46,DIRECTA
FIB6F,5M,2026-03-18 16:30:00,2026-03-18,16:30:00,44035,44035,43980,44005,13,DIRECTA
FIB6F,5M,2026-03-18 16:35:00,2026-03-18,16:35:00,44020,44035,44005,44015,18,DIRECTA
FIB6F,5M,2026-03-18 16:40:00,2026-03-18,16:40:00,44025,44030,43970,43990,15,DIRECTA
FIB6F,15M,2026-03-18 16:45:00,2026-03-18,16:45:00,43980,43995,43945,43990,103,DIRECTA
FIB6F,5M,2026-03-18 16:45:00,2026-03-18,16:45:00,43980,43995,43975,43995,13,DIRECTA
FIB6F,5M,2026-03-18 16:50:00,2026-03-18,16:50:00,43970,43995,43970,43970,6,DIRECTA
FIB6F,5M,2026-03-18 16:55:00,2026-03-18,16:55:00,43980,43995,43945,43990,84,DIRECTA
FIB6F,1H,2026-03-18 17:00:00,2026-03-18,17:00:00,43985,44085,43925,44050,620,DIRECTA
FIB6F,15M,2026-03-18 17:00:00,2026-03-18,17:00:00,43985,43985,43925,43980,157,DIRECTA
FIB6F,5M,2026-03-18 17:00:00,2026-03-18,17:00:00,43985,43985,43925,43935,82,DIRECTA
FIB6F,5M,2026-03-18 17:05:00,2026-03-18,17:05:00,43935,43970,43925,43925,43,DIRECTA
FIB6F,5M,2026-03-18 17:10:00,2026-03-18,17:10:00,43935,43985,43935,43980,32,DIRECTA
FIB6F,15M,2026-03-18 17:15:00,2026-03-18,17:15:00,43980,44085,43965,44050,158,DIRECTA
FIB6F,5M,2026-03-18 17:15:00,2026-03-18,17:15:00,43980,44020,43965,44020,26,DIRECTA
FIB6F,5M,2026-03-18 17:20:00,2026-03-18,17:20:00,44015,44070,44015,44070,44,DIRECTA
FIB6F,5M,2026-03-18 17:25:00,2026-03-18,17:25:00,44060,44085,44050,44050,88,DIRECTA
FIB6F,15M,2026-03-18 17:30:00,2026-03-18,17:30:00,44050,44070,43980,43985,279,DIRECTA
FIB6F,5M,2026-03-18 17:30:00,2026-03-18,17:30:00,44050,44070,44000,44015,193,DIRECTA
FIB6F,5M,2026-03-18 17:35:00,2026-03-18,17:35:00,44010,44025,43980,44020,75,DIRECTA
FIB6F,5M,2026-03-18 17:40:00,2026-03-18,17:40:00,44010,44010,43985,43985,11,DIRECTA
FIB6F,15M,2026-03-18 17:45:00,2026-03-18,17:45:00,43990,44050,43980,44050,26,DIRECTA
FIB6F,5M,2026-03-18 17:45:00,2026-03-18,17:45:00,43990,44000,43980,44000,7,DIRECTA
FIB6F,5M,2026-03-18 17:50:00,2026-03-18,17:50:00,43990,44035,43990,44035,14,DIRECTA
FIB6F,5M,2026-03-18 17:55:00,2026-03-18,17:55:00,44030,44050,44030,44050,5,DIRECTA
FIB6F,1H,2026-03-18 18:00:00,2026-03-18,18:00:00,43990,44075,43950,44020,67,DIRECTA
FIB6F,15M,2026-03-18 18:00:00,2026-03-18,18:00:00,43990,44015,43950,43950,16,DIRECTA
FIB6F,5M,2026-03-18 18:00:00,2026-03-18,18:00:00,43990,44015,43975,44015,4,DIRECTA
FIB6F,5M,2026-03-18 18:05:00,2026-03-18,18:05:00,44000,44015,43975,43975,5,DIRECTA
FIB6F,5M,2026-03-18 18:10:00,2026-03-18,18:10:00,44010,44010,43950,43950,7,DIRECTA
FIB6F,15M,2026-03-18 18:15:00,2026-03-18,18:15:00,43965,44015,43965,44005,12,DIRECTA
FIB6F,5M,2026-03-18 18:15:00,2026-03-18,18:15:00,43965,43970,43965,43970,2,DIRECTA
FIB6F,5M,2026-03-18 18:20:00,2026-03-18,18:20:00,44015,44015,44015,44015,7,DIRECTA
FIB6F,5M,2026-03-18 18:25:00,2026-03-18,18:25:00,43990,44005,43990,44005,3,DIRECTA
FIB6F,15M,2026-03-18 18:30:00,2026-03-18,18:30:00,43985,44040,43985,44020,28,DIRECTA
FIB6F,5M,2026-03-18 18:30:00,2026-03-18,18:30:00,43985,43985,43985,43985,3,DIRECTA
FIB6F,5M,2026-03-18 18:35:00,2026-03-18,18:35:00,44015,44040,44015,44040,22,DIRECTA
FIB6F,5M,2026-03-18 18:40:00,2026-03-18,18:40:00,44035,44035,44020,44020,3,DIRECTA
FIB6F,15M,2026-03-18 18:45:00,2026-03-18,18:45:00,44045,44075,44020,44020,11,DIRECTA
FIB6F,5M,2026-03-18 18:45:00,2026-03-18,18:45:00,44045,44060,44045,44060,2,DIRECTA
FIB6F,5M,2026-03-18 18:55:00,2026-03-18,18:55:00,44040,44075,44020,44020,9,DIRECTA
FIB6F,1H,2026-03-18 19:00:00,2026-03-18,19:00:00,44020,44090,43820,43825,49,DIRECTA
FIB6F,15M,2026-03-18 19:00:00,2026-03-18,19:00:00,44020,44090,44020,44075,17,DIRECTA
FIB6F,5M,2026-03-18 19:00:00,2026-03-18,19:00:00,44020,44070,44020,44070,4,DIRECTA
FIB6F,5M,2026-03-18 19:05:00,2026-03-18,19:05:00,44085,44090,44055,44055,11,DIRECTA
FIB6F,5M,2026-03-18 19:10:00,2026-03-18,19:10:00,44050,44075,44050,44075,2,DIRECTA
FIB6F,15M,2026-03-18 19:15:00,2026-03-18,19:15:00,44035,44035,43940,43975,7,DIRECTA
FIB6F,5M,2026-03-18 19:15:00,2026-03-18,19:15:00,44035,44035,43940,44000,6,DIRECTA
FIB6F,5M,2026-03-18 19:20:00,2026-03-18,19:20:00,43975,43975,43975,43975,1,DIRECTA
FIB6F,15M,2026-03-18 19:30:00,2026-03-18,19:30:00,43990,43990,43895,43920,16,DIRECTA
FIB6F,5M,2026-03-18 19:30:00,2026-03-18,19:30:00,43990,43990,43905,43905,6,DIRECTA
FIB6F,5M,2026-03-18 19:35:00,2026-03-18,19:35:00,43930,43940,43910,43915,7,DIRECTA
FIB6F,5M,2026-03-18 19:40:00,2026-03-18,19:40:00,43920,43920,43895,43920,3,DIRECTA
FIB6F,15M,2026-03-18 19:45:00,2026-03-18,19:45:00,43910,43915,43820,43825,9,DIRECTA
FIB6F,5M,2026-03-18 19:45:00,2026-03-18,19:45:00,43910,43915,43910,43915,2,DIRECTA
FIB6F,5M,2026-03-18 19:50:00,2026-03-18,19:50:00,43855,43855,43820,43820,5,DIRECTA
FIB6F,5M,2026-03-18 19:55:00,2026-03-18,19:55:00,43850,43850,43825,43825,2,DIRECTA
FIB6F,1H,2026-03-18 20:00:00,2026-03-18,20:00:00,43800,43800,43605,43635,33,DIRECTA
FIB6F,15M,2026-03-18 20:00:00,2026-03-18,20:00:00,43800,43800,43795,43795,2,DIRECTA
FIB6F,5M,2026-03-18 20:00:00,2026-03-18,20:00:00,43800,43800,43795,43795,2,DIRECTA
FIB6F,15M,2026-03-18 20:15:00,2026-03-18,20:15:00,43800,43800,43700,43700,10,DIRECTA
FIB6F,5M,2026-03-18 20:15:00,2026-03-18,20:15:00,43800,43800,43800,43800,1,DIRECTA
FIB6F,5M,2026-03-18 20:20:00,2026-03-18,20:20:00,43785,43785,43710,43710,7,DIRECTA
FIB6F,5M,2026-03-18 20:25:00,2026-03-18,20:25:00,43700,43700,43700,43700,2,DIRECTA
FIB6F,15M,2026-03-18 20:30:00,2026-03-18,20:30:00,43710,43715,43610,43610,9,DIRECTA
FIB6F,5M,2026-03-18 20:30:00,2026-03-18,20:30:00,43710,43715,43690,43700,4,DIRECTA
FIB6F,5M,2026-03-18 20:35:00,2026-03-18,20:35:00,43660,43660,43650,43650,4,DIRECTA
FIB6F,5M,2026-03-18 20:40:00,2026-03-18,20:40:00,43610,43610,43610,43610,1,DIRECTA
FIB6F,15M,2026-03-18 20:45:00,2026-03-18,20:45:00,43610,43645,43605,43635,12,DIRECTA
FIB6F,5M,2026-03-18 20:45:00,2026-03-18,20:45:00,43610,43620,43605,43620,5,DIRECTA
FIB6F,5M,2026-03-18 20:50:00,2026-03-18,20:50:00,43625,43645,43610,43610,5,DIRECTA
FIB6F,5M,2026-03-18 20:55:00,2026-03-18,20:55:00,43605,43635,43605,43635,2,DIRECTA
FIB6F,1H,2026-03-18 21:00:00,2026-03-18,21:00:00,43595,43615,43425,43440,64,DIRECTA
FIB6F,15M,2026-03-18 21:00:00,2026-03-18,21:00:00,43595,43615,43580,43590,7,DIRECTA
FIB6F,5M,2026-03-18 21:00:00,2026-03-18,21:00:00,43595,43615,43595,43615,2,DIRECTA
FIB6F,5M,2026-03-18 21:05:00,2026-03-18,21:05:00,43600,43600,43580,43580,3,DIRECTA
FIB6F,5M,2026-03-18 21:10:00,2026-03-18,21:10:00,43605,43605,43590,43590,2,DIRECTA
FIB6F,15M,2026-03-18 21:15:00,2026-03-18,21:15:00,43530,43530,43425,43450,35,DIRECTA
FIB6F,5M,2026-03-18 21:15:00,2026-03-18,21:15:00,43530,43530,43530,43530,1,DIRECTA
FIB6F,5M,2026-03-18 21:25:00,2026-03-18,21:25:00,43515,43525,43425,43450,34,DIRECTA
FIB6F,15M,2026-03-18 21:30:00,2026-03-18,21:30:00,43455,43465,43435,43465,16,DIRECTA
FIB6F,5M,2026-03-18 21:30:00,2026-03-18,21:30:00,43455,43455,43455,43455,1,DIRECTA
FIB6F,5M,2026-03-18 21:35:00,2026-03-18,21:35:00,43440,43465,43435,43465,15,DIRECTA
FIB6F,15M,2026-03-18 21:45:00,2026-03-18,21:45:00,43485,43490,43440,43440,6,DIRECTA
FIB6F,5M,2026-03-18 21:45:00,2026-03-18,21:45:00,43485,43485,43485,43485,1,DIRECTA
FIB6F,5M,2026-03-18 21:50:00,2026-03-18,21:50:00,43490,43490,43490,43490,1,DIRECTA
FIB6F,5M,2026-03-18 21:55:00,2026-03-18,21:55:00,43470,43470,43440,43440,4,DIRECTA
FIB6F,D,2026-03-19 08:00:00,2026-03-19,08:00:00,42961,43490,42961,42961,0,DIRECTA
FIB6F,1H,2026-03-19 08:00:00,2026-03-19,08:00:00,43255,43455,42840,43365,465,DIRECTA
FIB6F,15M,2026-03-19 08:00:00,2026-03-19,08:00:00,43255,43375,42840,43330,230,DIRECTA
FIB6F,5M,2026-03-19 08:00:00,2026-03-19,08:00:00,43255,43365,42840,43310,170,DIRECTA
FIB6F,5M,2026-03-19 08:05:00,2026-03-19,08:05:00,43275,43360,43270,43340,29,DIRECTA
FIB6F,5M,2026-03-19 08:10:00,2026-03-19,08:10:00,43340,43375,43305,43330,31,DIRECTA
FIB6F,15M,2026-03-19 08:15:00,2026-03-19,08:15:00,43330,43455,43330,43430,53,DIRECTA
FIB6F,5M,2026-03-19 08:15:00,2026-03-19,08:15:00,43330,43450,43330,43435,24,DIRECTA
FIB6F,5M,2026-03-19 08:20:00,2026-03-19,08:20:00,43420,43445,43405,43420,17,DIRECTA
FIB6F,5M,2026-03-19 08:25:00,2026-03-19,08:25:00,43455,43455,43415,43430,12,DIRECTA
FIB6F,15M,2026-03-19 08:30:00,2026-03-19,08:30:00,43400,43435,43305,43310,110,DIRECTA
FIB6F,5M,2026-03-19 08:30:00,2026-03-19,08:30:00,43400,43435,43385,43385,23,DIRECTA
FIB6F,5M,2026-03-19 08:35:00,2026-03-19,08:35:00,43390,43410,43375,43390,36,DIRECTA
FIB6F,5M,2026-03-19 08:40:00,2026-03-19,08:40:00,43385,43400,43305,43310,51,DIRECTA
FIB6F,15M,2026-03-19 08:45:00,2026-03-19,08:45:00,43360,43380,43260,43365,72,DIRECTA
FIB6F,5M,2026-03-19 08:45:00,2026-03-19,08:45:00,43360,43370,43310,43360,27,DIRECTA
FIB6F,5M,2026-03-19 08:50:00,2026-03-19,08:50:00,43370,43370,43345,43345,13,DIRECTA
FIB6F,5M,2026-03-19 08:55:00,2026-03-19,08:55:00,43345,43380,43260,43365,32,DIRECTA
FIB6F,1H,2026-03-19 09:00:00,2026-03-19,09:00:00,43310,43490,43055,43150,1527,DIRECTA
FIB6F,15M,2026-03-19 09:00:00,2026-03-19,09:00:00,43310,43490,43310,43460,428,DIRECTA
FIB6F,5M,2026-03-19 09:00:00,2026-03-19,09:00:00,43310,43490,43310,43425,146,DIRECTA
FIB6F,5M,2026-03-19 09:05:00,2026-03-19,09:05:00,43415,43475,43385,43455,151,DIRECTA
FIB6F,5M,2026-03-19 09:10:00,2026-03-19,09:10:00,43450,43490,43430,43460,131,DIRECTA
FIB6F,15M,2026-03-19 09:15:00,2026-03-19,09:15:00,43465,43485,43180,43205,384,DIRECTA
FIB6F,5M,2026-03-19 09:15:00,2026-03-19,09:15:00,43465,43485,43340,43375,154,DIRECTA
FIB6F,5M,2026-03-19 09:20:00,2026-03-19,09:20:00,43375,43410,43320,43340,122,DIRECTA
FIB6F,5M,2026-03-19 09:25:00,2026-03-19,09:25:00,43330,43330,43180,43205,108,DIRECTA
FIB6F,15M,2026-03-19 09:30:00,2026-03-19,09:30:00,43205,43285,43060,43060,441,DIRECTA
FIB6F,5M,2026-03-19 09:30:00,2026-03-19,09:30:00,43205,43285,43190,43195,204,DIRECTA
FIB6F,5M,2026-03-19 09:35:00,2026-03-19,09:35:00,43190,43235,43155,43180,106,DIRECTA
FIB6F,5M,2026-03-19 09:40:00,2026-03-19,09:40:00,43175,43215,43060,43060,131,DIRECTA
FIB6F,15M,2026-03-19 09:45:00,2026-03-19,09:45:00,43055,43230,43055,43150,274,DIRECTA
FIB6F,5M,2026-03-19 09:45:00,2026-03-19,09:45:00,43055,43145,43055,43145,98,DIRECTA
FIB6F,5M,2026-03-19 09:50:00,2026-03-19,09:50:00,43140,43230,43090,43190,98,DIRECTA
FIB6F,5M,2026-03-19 09:55:00,2026-03-19,09:55:00,43185,43190,43115,43150,78,DIRECTA
FIB6F,1H,2026-03-19 10:00:00,2026-03-19,10:00:00,43160,43310,42970,43255,1229,DIRECTA
FIB6F,15M,2026-03-19 10:00:00,2026-03-19,10:00:00,43160,43275,43160,43275,263,DIRECTA
FIB6F,5M,2026-03-19 10:00:00,2026-03-19,10:00:00,43160,43260,43160,43250,126,DIRECTA
FIB6F,5M,2026-03-19 10:05:00,2026-03-19,10:05:00,43260,43275,43220,43230,65,DIRECTA
FIB6F,5M,2026-03-19 10:10:00,2026-03-19,10:10:00,43245,43275,43215,43275,72,DIRECTA
FIB6F,15M,2026-03-19 10:15:00,2026-03-19,10:15:00,43275,43310,43000,43045,426,DIRECTA
FIB6F,5M,2026-03-19 10:15:00,2026-03-19,10:15:00,43275,43300,43245,43265,71,DIRECTA
FIB6F,5M,2026-03-19 10:20:00,2026-03-19,10:20:00,43265,43310,43210,43210,78,DIRECTA
FIB6F,5M,2026-03-19 10:25:00,2026-03-19,10:25:00,43220,43235,43000,43045,277,DIRECTA
FIB6F,15M,2026-03-19 10:30:00,2026-03-19,10:30:00,43070,43140,42970,43065,240,DIRECTA
FIB6F,5M,2026-03-19 10:30:00,2026-03-19,10:30:00,43070,43140,43055,43055,70,DIRECTA
FIB6F,5M,2026-03-19 10:35:00,2026-03-19,10:35:00,43030,43085,42970,43065,69,DIRECTA
FIB6F,5M,2026-03-19 10:40:00,2026-03-19,10:40:00,43050,43120,43050,43065,101,DIRECTA
FIB6F,15M,2026-03-19 10:45:00,2026-03-19,10:45:00,43070,43270,43030,43255,300,DIRECTA
FIB6F,5M,2026-03-19 10:45:00,2026-03-19,10:45:00,43070,43195,43030,43195,157,DIRECTA
FIB6F,5M,2026-03-19 10:50:00,2026-03-19,10:50:00,43180,43240,43180,43225,81,DIRECTA
FIB6F,5M,2026-03-19 10:55:00,2026-03-19,10:55:00,43215,43270,43215,43255,62,DIRECTA
FIB6F,1H,2026-03-19 11:00:00,2026-03-19,11:00:00,43240,43240,42985,43000,744,DIRECTA
FIB6F,15M,2026-03-19 11:00:00,2026-03-19,11:00:00,43240,43240,43040,43045,286,DIRECTA
FIB6F,5M,2026-03-19 11:00:00,2026-03-19,11:00:00,43240,43240,43125,43130,103,DIRECTA
FIB6F,5M,2026-03-19 11:05:00,2026-03-19,11:05:00,43125,43130,43080,43090,141,DIRECTA
FIB6F,5M,2026-03-19 11:10:00,2026-03-19,11:10:00,43085,43140,43040,43045,42,DIRECTA
FIB6F,15M,2026-03-19 11:15:00,2026-03-19,11:15:00,43045,43060,43005,43045,140,DIRECTA
FIB6F,5M,2026-03-19 11:15:00,2026-03-19,11:15:00,43045,43060,43015,43050,64,DIRECTA
FIB6F,5M,2026-03-19 11:20:00,2026-03-19,11:20:00,43025,43030,43005,43015,35,DIRECTA
FIB6F,5M,2026-03-19 11:25:00,2026-03-19,11:25:00,43005,43055,43005,43045,41,DIRECTA
FIB6F,15M,2026-03-19 11:30:00,2026-03-19,11:30:00,43050,43095,42985,43015,155,DIRECTA
FIB6F,5M,2026-03-19 11:30:00,2026-03-19,11:30:00,43050,43090,43040,43090,33,DIRECTA
FIB6F,5M,2026-03-19 11:35:00,2026-03-19,11:35:00,43095,43095,43040,43045,46,DIRECTA
FIB6F,5M,2026-03-19 11:40:00,2026-03-19,11:40:00,43025,43030,42985,43015,76,DIRECTA
FIB6F,15M,2026-03-19 11:45:00,2026-03-19,11:45:00,43020,43080,42985,43000,163,DIRECTA
FIB6F,5M,2026-03-19 11:45:00,2026-03-19,11:45:00,43020,43050,43020,43040,43,DIRECTA
FIB6F,5M,2026-03-19 11:50:00,2026-03-19,11:50:00,43035,43080,43000,43015,55,DIRECTA
FIB6F,5M,2026-03-19 11:55:00,2026-03-19,11:55:00,43005,43015,42985,43000,65,DIRECTA
FIB6F,1H,2026-03-19 12:00:00,2026-03-19,12:00:00,42995,43030,42855,43030,1017,DIRECTA
FIB6F,15M,2026-03-19 12:00:00,2026-03-19,12:00:00,42995,43030,42910,42960,298,DIRECTA
FIB6F,5M,2026-03-19 12:00:00,2026-03-19,12:00:00,42995,43030,42955,42975,141,DIRECTA
FIB6F,5M,2026-03-19 12:05:00,2026-03-19,12:05:00,42960,42960,42925,42925,88,DIRECTA
FIB6F,5M,2026-03-19 12:10:00,2026-03-19,12:10:00,42920,42990,42910,42960,69,DIRECTA
FIB6F,15M,2026-03-19 12:15:00,2026-03-19,12:15:00,42955,42980,42855,42930,249,DIRECTA
FIB6F,5M,2026-03-19 12:15:00,2026-03-19,12:15:00,42955,42980,42935,42940,56,DIRECTA
FIB6F,5M,2026-03-19 12:20:00,2026-03-19,12:20:00,42940,42945,42870,42880,62,DIRECTA
FIB6F,5M,2026-03-19 12:25:00,2026-03-19,12:25:00,42880,42930,42855,42930,131,DIRECTA
FIB6F,15M,2026-03-19 12:30:00,2026-03-19,12:30:00,42925,42950,42860,42890,207,DIRECTA
FIB6F,5M,2026-03-19 12:30:00,2026-03-19,12:30:00,42925,42950,42905,42910,57,DIRECTA
FIB6F,5M,2026-03-19 12:35:00,2026-03-19,12:35:00,42900,42920,42870,42870,70,DIRECTA
FIB6F,5M,2026-03-19 12:40:00,2026-03-19,12:40:00,42880,42905,42860,42890,80,DIRECTA
FIB6F,15M,2026-03-19 12:45:00,2026-03-19,12:45:00,42885,43030,42870,43030,263,DIRECTA
FIB6F,5M,2026-03-19 12:45:00,2026-03-19,12:45:00,42885,42910,42870,42905,37,DIRECTA
FIB6F,5M,2026-03-19 12:50:00,2026-03-19,12:50:00,42910,43005,42905,43005,162,DIRECTA
FIB6F,5M,2026-03-19 12:55:00,2026-03-19,12:55:00,42990,43030,42990,43030,64,DIRECTA
FIB6F,1H,2026-03-19 13:00:00,2026-03-19,13:00:00,43010,43045,42780,42895,856,DIRECTA
FIB6F,15M,2026-03-19 13:00:00,2026-03-19,13:00:00,43010,43045,42905,42930,272,DIRECTA
FIB6F,5M,2026-03-19 13:00:00,2026-03-19,13:00:00,43010,43010,42905,42930,72,DIRECTA
FIB6F,5M,2026-03-19 13:05:00,2026-03-19,13:05:00,42940,43045,42915,42985,112,DIRECTA
FIB6F,5M,2026-03-19 13:10:00,2026-03-19,13:10:00,42980,42990,42920,42930,88,DIRECTA
FIB6F,15M,2026-03-19 13:15:00,2026-03-19,13:15:00,42930,42945,42800,42825,167,DIRECTA
FIB6F,5M,2026-03-19 13:15:00,2026-03-19,13:15:00,42930,42945,42885,42885,46,DIRECTA
FIB6F,5M,2026-03-19 13:20:00,2026-03-19,13:20:00,42890,42900,42865,42865,62,DIRECTA
FIB6F,5M,2026-03-19 13:25:00,2026-03-19,13:25:00,42865,42870,42800,42825,59,DIRECTA
FIB6F,15M,2026-03-19 13:30:00,2026-03-19,13:30:00,42825,42910,42780,42910,269,DIRECTA
FIB6F,5M,2026-03-19 13:30:00,2026-03-19,13:30:00,42825,42830,42780,42795,106,DIRECTA
FIB6F,5M,2026-03-19 13:35:00,2026-03-19,13:35:00,42805,42850,42795,42800,90,DIRECTA
FIB6F,5M,2026-03-19 13:40:00,2026-03-19,13:40:00,42790,42910,42780,42910,73,DIRECTA
FIB6F,15M,2026-03-19 13:45:00,2026-03-19,13:45:00,42910,42915,42805,42895,148,DIRECTA
FIB6F,5M,2026-03-19 13:45:00,2026-03-19,13:45:00,42910,42915,42840,42840,47,DIRECTA
FIB6F,5M,2026-03-19 13:50:00,2026-03-19,13:50:00,42850,42855,42805,42855,41,DIRECTA
FIB6F,5M,2026-03-19 13:55:00,2026-03-19,13:55:00,42860,42910,42855,42895,60,DIRECTA
FIB6F,1H,2026-03-19 14:00:00,2026-03-19,14:00:00,42900,43025,42675,42990,1837,DIRECTA
FIB6F,15M,2026-03-19 14:00:00,2026-03-19,14:00:00,42900,42905,42730,42750,383,DIRECTA
FIB6F,5M,2026-03-19 14:00:00,2026-03-19,14:00:00,42900,42905,42825,42830,103,DIRECTA
FIB6F,5M,2026-03-19 14:05:00,2026-03-19,14:05:00,42830,42835,42785,42800,135,DIRECTA
FIB6F,5M,2026-03-19 14:10:00,2026-03-19,14:10:00,42805,42805,42730,42750,145,DIRECTA
FIB6F,15M,2026-03-19 14:15:00,2026-03-19,14:15:00,42745,42915,42690,42710,543,DIRECTA
FIB6F,5M,2026-03-19 14:15:00,2026-03-19,14:15:00,42745,42875,42715,42840,275,DIRECTA
FIB6F,5M,2026-03-19 14:20:00,2026-03-19,14:20:00,42870,42915,42725,42750,169,DIRECTA
FIB6F,5M,2026-03-19 14:25:00,2026-03-19,14:25:00,42750,42755,42690,42710,99,DIRECTA
FIB6F,15M,2026-03-19 14:30:00,2026-03-19,14:30:00,42705,42800,42675,42800,623,DIRECTA
FIB6F,5M,2026-03-19 14:30:00,2026-03-19,14:30:00,42705,42750,42695,42715,276,DIRECTA
FIB6F,5M,2026-03-19 14:35:00,2026-03-19,14:35:00,42700,42765,42675,42745,254,DIRECTA
FIB6F,5M,2026-03-19 14:40:00,2026-03-19,14:40:00,42735,42800,42735,42800,93,DIRECTA
FIB6F,15M,2026-03-19 14:45:00,2026-03-19,14:45:00,42785,43025,42770,42990,288,DIRECTA
FIB6F,5M,2026-03-19 14:45:00,2026-03-19,14:45:00,42785,42835,42770,42835,93,DIRECTA
FIB6F,5M,2026-03-19 14:50:00,2026-03-19,14:50:00,42835,42980,42825,42980,101,DIRECTA
FIB6F,5M,2026-03-19 14:55:00,2026-03-19,14:55:00,42970,43025,42935,42990,94,DIRECTA
FIB6F,1H,2026-03-19 15:00:00,2026-03-19,15:00:00,43000,43035,42790,42905,1164,DIRECTA
FIB6F,15M,2026-03-19 15:00:00,2026-03-19,15:00:00,43000,43035,42945,43010,330,DIRECTA
FIB6F,5M,2026-03-19 15:00:00,2026-03-19,15:00:00,43000,43030,42955,42980,167,DIRECTA
FIB6F,5M,2026-03-19 15:05:00,2026-03-19,15:05:00,42980,43035,42950,42970,74,DIRECTA
FIB6F,5M,2026-03-19 15:10:00,2026-03-19,15:10:00,42965,43035,42945,43010,89,DIRECTA
FIB6F,15M,2026-03-19 15:15:00,2026-03-19,15:15:00,42990,43005,42790,42820,226,DIRECTA
FIB6F,5M,2026-03-19 15:15:00,2026-03-19,15:15:00,42990,43005,42885,42895,64,DIRECTA
FIB6F,5M,2026-03-19 15:20:00,2026-03-19,15:20:00,42900,42915,42800,42830,95,DIRECTA
FIB6F,5M,2026-03-19 15:25:00,2026-03-19,15:25:00,42835,42850,42790,42820,67,DIRECTA
FIB6F,15M,2026-03-19 15:30:00,2026-03-19,15:30:00,42825,43010,42825,42975,365,DIRECTA
FIB6F,5M,2026-03-19 15:30:00,2026-03-19,15:30:00,42825,42930,42825,42930,112,DIRECTA
FIB6F,5M,2026-03-19 15:35:00,2026-03-19,15:35:00,42945,43010,42910,42935,161,DIRECTA
FIB6F,5M,2026-03-19 15:40:00,2026-03-19,15:40:00,42930,42975,42930,42975,92,DIRECTA
FIB6F,15M,2026-03-19 15:45:00,2026-03-19,15:45:00,42965,42975,42900,42905,243,DIRECTA
FIB6F,5M,2026-03-19 15:45:00,2026-03-19,15:45:00,42965,42965,42910,42930,74,DIRECTA
FIB6F,5M,2026-03-19 15:50:00,2026-03-19,15:50:00,42935,42975,42910,42950,98,DIRECTA
FIB6F,5M,2026-03-19 15:55:00,2026-03-19,15:55:00,42940,42945,42900,42905,71,DIRECTA
FIB6F,1H,2026-03-19 16:00:00,2026-03-19,16:00:00,42920,43070,42855,43005,1092,DIRECTA
FIB6F,15M,2026-03-19 16:00:00,2026-03-19,16:00:00,42920,43045,42890,43010,263,DIRECTA
FIB6F,5M,2026-03-19 16:00:00,2026-03-19,16:00:00,42920,42985,42890,42985,74,DIRECTA
FIB6F,5M,2026-03-19 16:05:00,2026-03-19,16:05:00,42985,43045,42975,43025,134,DIRECTA
FIB6F,5M,2026-03-19 16:10:00,2026-03-19,16:10:00,43010,43030,42985,43010,55,DIRECTA
FIB6F,15M,2026-03-19 16:15:00,2026-03-19,16:15:00,43015,43070,42915,42960,264,DIRECTA
FIB6F,5M,2026-03-19 16:15:00,2026-03-19,16:15:00,43015,43070,43015,43015,91,DIRECTA
FIB6F,5M,2026-03-19 16:20:00,2026-03-19,16:20:00,43000,43000,42970,42970,97,DIRECTA
FIB6F,5M,2026-03-19 16:25:00,2026-03-19,16:25:00,42970,42970,42915,42960,76,DIRECTA
FIB6F,15M,2026-03-19 16:30:00,2026-03-19,16:30:00,42950,42960,42870,42910,250,DIRECTA
FIB6F,5M,2026-03-19 16:30:00,2026-03-19,16:30:00,42950,42960,42870,42870,84,DIRECTA
FIB6F,5M,2026-03-19 16:35:00,2026-03-19,16:35:00,42880,42905,42880,42905,50,DIRECTA
FIB6F,5M,2026-03-19 16:40:00,2026-03-19,16:40:00,42915,42950,42880,42910,116,DIRECTA
FIB6F,15M,2026-03-19 16:45:00,2026-03-19,16:45:00,42895,43025,42855,43005,315,DIRECTA
FIB6F,5M,2026-03-19 16:45:00,2026-03-19,16:45:00,42895,42940,42855,42930,126,DIRECTA
FIB6F,5M,2026-03-19 16:50:00,2026-03-19,16:50:00,42940,42980,42915,42960,57,DIRECTA
FIB6F,5M,2026-03-19 16:55:00,2026-03-19,16:55:00,42960,43025,42945,43005,132,DIRECTA
FIB6F,1H,2026-03-19 17:00:00,2026-03-19,17:00:00,42995,43090,42830,42850,1312,DIRECTA
FIB6F,15M,2026-03-19 17:00:00,2026-03-19,17:00:00,42995,43090,42945,42980,361,DIRECTA
FIB6F,5M,2026-03-19 17:00:00,2026-03-19,17:00:00,42995,43080,42980,43055,137,DIRECTA
FIB6F,5M,2026-03-19 17:05:00,2026-03-19,17:05:00,43065,43090,43030,43045,94,DIRECTA
FIB6F,5M,2026-03-19 17:10:00,2026-03-19,17:10:00,43035,43045,42945,42980,130,DIRECTA
FIB6F,15M,2026-03-19 17:15:00,2026-03-19,17:15:00,42975,43005,42930,42955,277,DIRECTA
FIB6F,5M,2026-03-19 17:15:00,2026-03-19,17:15:00,42975,43005,42960,42965,58,DIRECTA
FIB6F,5M,2026-03-19 17:20:00,2026-03-19,17:20:00,42965,42990,42935,42960,69,DIRECTA
FIB6F,5M,2026-03-19 17:25:00,2026-03-19,17:25:00,42965,42980,42930,42955,150,DIRECTA
FIB6F,15M,2026-03-19 17:30:00,2026-03-19,17:30:00,42955,42995,42895,42935,559,DIRECTA
FIB6F,5M,2026-03-19 17:30:00,2026-03-19,17:30:00,42955,42995,42925,42945,308,DIRECTA
FIB6F,5M,2026-03-19 17:35:00,2026-03-19,17:35:00,42935,42945,42895,42945,194,DIRECTA
FIB6F,5M,2026-03-19 17:40:00,2026-03-19,17:40:00,42935,42970,42930,42935,57,DIRECTA
FIB6F,15M,2026-03-19 17:45:00,2026-03-19,17:45:00,42925,42970,42830,42850,115,DIRECTA
FIB6F,5M,2026-03-19 17:45:00,2026-03-19,17:45:00,42925,42970,42925,42950,38,DIRECTA
FIB6F,5M,2026-03-19 17:50:00,2026-03-19,17:50:00,42915,42915,42830,42865,39,DIRECTA
FIB6F,5M,2026-03-19 17:55:00,2026-03-19,17:55:00,42895,42905,42850,42850,38,DIRECTA
FIB6F,1H,2026-03-19 18:00:00,2026-03-19,18:00:00,42875,42925,42765,42850,274,DIRECTA
FIB6F,15M,2026-03-19 18:00:00,2026-03-19,18:00:00,42875,42880,42765,42765,109,DIRECTA
FIB6F,5M,2026-03-19 18:00:00,2026-03-19,18:00:00,42875,42880,42850,42855,35,DIRECTA
FIB6F,5M,2026-03-19 18:05:00,2026-03-19,18:05:00,42865,42865,42785,42790,49,DIRECTA
FIB6F,5M,2026-03-19 18:10:00,2026-03-19,18:10:00,42790,42810,42765,42765,25,DIRECTA
FIB6F,15M,2026-03-19 18:15:00,2026-03-19,18:15:00,42785,42920,42780,42905,87,DIRECTA
FIB6F,5M,2026-03-19 18:15:00,2026-03-19,18:15:00,42785,42835,42780,42830,15,DIRECTA
FIB6F,5M,2026-03-19 18:20:00,2026-03-19,18:20:00,42815,42915,42795,42900,51,DIRECTA
FIB6F,5M,2026-03-19 18:25:00,2026-03-19,18:25:00,42905,42920,42905,42905,21,DIRECTA
FIB6F,15M,2026-03-19 18:30:00,2026-03-19,18:30:00,42905,42925,42845,42870,38,DIRECTA
FIB6F,5M,2026-03-19 18:30:00,2026-03-19,18:30:00,42905,42925,42900,42900,21,DIRECTA
FIB6F,5M,2026-03-19 18:35:00,2026-03-19,18:35:00,42895,42905,42875,42875,8,DIRECTA
FIB6F,5M,2026-03-19 18:40:00,2026-03-19,18:40:00,42870,42870,42845,42870,9,DIRECTA
FIB6F,15M,2026-03-19 18:45:00,2026-03-19,18:45:00,42875,42890,42850,42850,40,DIRECTA
FIB6F,5M,2026-03-19 18:45:00,2026-03-19,18:45:00,42875,42880,42855,42865,10,DIRECTA
FIB6F,5M,2026-03-19 18:50:00,2026-03-19,18:50:00,42860,42890,42855,42875,19,DIRECTA
FIB6F,5M,2026-03-19 18:55:00,2026-03-19,18:55:00,42870,42870,42850,42850,11,DIRECTA
FIB6F,1H,2026-03-19 19:00:00,2026-03-19,19:00:00,42850,42980,42835,42980,144,DIRECTA
FIB6F,15M,2026-03-19 19:00:00,2026-03-19,19:00:00,42850,42925,42835,42925,31,DIRECTA
FIB6F,5M,2026-03-19 19:00:00,2026-03-19,19:00:00,42850,42850,42835,42845,8,DIRECTA
FIB6F,5M,2026-03-19 19:05:00,2026-03-19,19:05:00,42845,42855,42845,42855,8,DIRECTA
FIB6F,5M,2026-03-19 19:10:00,2026-03-19,19:10:00,42880,42925,42875,42925,15,DIRECTA
FIB6F,15M,2026-03-19 19:15:00,2026-03-19,19:15:00,42925,42945,42900,42900,76,DIRECTA
FIB6F,5M,2026-03-19 19:15:00,2026-03-19,19:15:00,42925,42945,42920,42920,21,DIRECTA
FIB6F,5M,2026-03-19 19:20:00,2026-03-19,19:20:00,42935,42935,42915,42915,39,DIRECTA
FIB6F,5M,2026-03-19 19:25:00,2026-03-19,19:25:00,42925,42930,42900,42900,16,DIRECTA
FIB6F,15M,2026-03-19 19:30:00,2026-03-19,19:30:00,42865,42875,42860,42865,20,DIRECTA
FIB6F,5M,2026-03-19 19:30:00,2026-03-19,19:30:00,42865,42865,42865,42865,1,DIRECTA
FIB6F,5M,2026-03-19 19:35:00,2026-03-19,19:35:00,42870,42875,42860,42865,13,DIRECTA
FIB6F,5M,2026-03-19 19:40:00,2026-03-19,19:40:00,42865,42865,42860,42865,6,DIRECTA
FIB6F,15M,2026-03-19 19:45:00,2026-03-19,19:45:00,42900,42980,42900,42980,17,DIRECTA
FIB6F,5M,2026-03-19 19:55:00,2026-03-19,19:55:00,42900,42980,42900,42980,17,DIRECTA
FIB6F,1H,2026-03-19 20:00:00,2026-03-19,20:00:00,42980,43355,42980,43245,259,DIRECTA
FIB6F,15M,2026-03-19 20:00:00,2026-03-19,20:00:00,42980,43325,42980,43215,134,DIRECTA
FIB6F,5M,2026-03-19 20:00:00,2026-03-19,20:00:00,42980,43135,42980,43135,58,DIRECTA
FIB6F,5M,2026-03-19 20:05:00,2026-03-19,20:05:00,43180,43310,43180,43310,48,DIRECTA
FIB6F,5M,2026-03-19 20:10:00,2026-03-19,20:10:00,43295,43325,43215,43215,28,DIRECTA
FIB6F,15M,2026-03-19 20:15:00,2026-03-19,20:15:00,43320,43355,43205,43210,45,DIRECTA
FIB6F,5M,2026-03-19 20:15:00,2026-03-19,20:15:00,43320,43355,43310,43310,33,DIRECTA
FIB6F,5M,2026-03-19 20:20:00,2026-03-19,20:20:00,43310,43320,43290,43290,4,DIRECTA
FIB6F,5M,2026-03-19 20:25:00,2026-03-19,20:25:00,43230,43230,43205,43210,8,DIRECTA
FIB6F,15M,2026-03-19 20:30:00,2026-03-19,20:30:00,43205,43240,43125,43240,21,DIRECTA
FIB6F,5M,2026-03-19 20:30:00,2026-03-19,20:30:00,43205,43205,43175,43205,10,DIRECTA
FIB6F,5M,2026-03-19 20:35:00,2026-03-19,20:35:00,43190,43200,43125,43200,9,DIRECTA
FIB6F,5M,2026-03-19 20:40:00,2026-03-19,20:40:00,43220,43240,43220,43240,2,DIRECTA
FIB6F,15M,2026-03-19 20:45:00,2026-03-19,20:45:00,43235,43270,43225,43245,59,DIRECTA
FIB6F,5M,2026-03-19 20:45:00,2026-03-19,20:45:00,43235,43270,43225,43240,33,DIRECTA
FIB6F,5M,2026-03-19 20:50:00,2026-03-19,20:50:00,43245,43255,43240,43245,8,DIRECTA
FIB6F,5M,2026-03-19 20:55:00,2026-03-19,20:55:00,43250,43260,43230,43245,18,DIRECTA
FIB6F,1H,2026-03-19 21:00:00,2026-03-19,21:00:00,43230,43280,42860,43010,104,DIRECTA
FIB6F,15M,2026-03-19 21:00:00,2026-03-19,21:00:00,43230,43240,43230,43240,2,DIRECTA
FIB6F,5M,2026-03-19 21:00:00,2026-03-19,21:00:00,43230,43230,43230,43230,1,DIRECTA
FIB6F,5M,2026-03-19 21:05:00,2026-03-19,21:05:00,43240,43240,43240,43240,1,DIRECTA
FIB6F,15M,2026-03-19 21:15:00,2026-03-19,21:15:00,43245,43280,43245,43270,9,DIRECTA
FIB6F,5M,2026-03-19 21:15:00,2026-03-19,21:15:00,43245,43280,43245,43280,7,DIRECTA
FIB6F,5M,2026-03-19 21:20:00,2026-03-19,21:20:00,43275,43275,43270,43270,2,DIRECTA
FIB6F,15M,2026-03-19 21:30:00,2026-03-19,21:30:00,43280,43280,43165,43205,20,DIRECTA
FIB6F,5M,2026-03-19 21:30:00,2026-03-19,21:30:00,43280,43280,43185,43185,3,DIRECTA
FIB6F,5M,2026-03-19 21:35:00,2026-03-19,21:35:00,43195,43235,43165,43165,11,DIRECTA
FIB6F,5M,2026-03-19 21:40:00,2026-03-19,21:40:00,43170,43205,43170,43205,6,DIRECTA
FIB6F,15M,2026-03-19 21:45:00,2026-03-19,21:45:00,43210,43220,42860,43010,73,DIRECTA
FIB6F,5M,2026-03-19 21:45:00,2026-03-19,21:45:00,43210,43220,43180,43180,23,DIRECTA
FIB6F,5M,2026-03-19 21:50:00,2026-03-19,21:50:00,43180,43180,42860,43010,50,DIRECTA
FIB6F,D,2026-03-20 08:00:00,2026-03-20,08:00:00,43005,43655,41495,42095,23845,DIRECTA
FIB6F,1H,2026-03-20 08:00:00,2026-03-20,08:00:00,43005,43445,43005,43285,1578,DIRECTA
FIB6F,15M,2026-03-20 08:00:00,2026-03-20,08:00:00,43005,43195,43005,43185,335,DIRECTA
FIB6F,5M,2026-03-20 08:00:00,2026-03-20,08:00:00,43005,43190,43005,43150,235,DIRECTA
FIB6F,5M,2026-03-20 08:05:00,2026-03-20,08:05:00,43145,43195,43135,43180,62,DIRECTA
FIB6F,5M,2026-03-20 08:10:00,2026-03-20,08:10:00,43190,43190,43155,43185,38,DIRECTA
FIB6F,15M,2026-03-20 08:15:00,2026-03-20,08:15:00,43190,43365,43190,43335,176,DIRECTA
FIB6F,5M,2026-03-20 08:15:00,2026-03-20,08:15:00,43190,43270,43190,43265,42,DIRECTA
FIB6F,5M,2026-03-20 08:20:00,2026-03-20,08:20:00,43265,43365,43265,43300,84,DIRECTA
FIB6F,5M,2026-03-20 08:25:00,2026-03-20,08:25:00,43300,43350,43300,43335,50,DIRECTA
FIB6F,15M,2026-03-20 08:30:00,2026-03-20,08:30:00,43340,43430,43340,43405,129,DIRECTA
FIB6F,5M,2026-03-20 08:30:00,2026-03-20,08:30:00,43340,43385,43340,43385,32,DIRECTA
FIB6F,5M,2026-03-20 08:35:00,2026-03-20,08:35:00,43385,43415,43385,43395,37,DIRECTA
FIB6F,5M,2026-03-20 08:40:00,2026-03-20,08:40:00,43410,43430,43390,43405,60,DIRECTA
FIB6F,15M,2026-03-20 08:45:00,2026-03-20,08:45:00,43420,43445,43200,43285,938,DIRECTA
FIB6F,5M,2026-03-20 08:45:00,2026-03-20,08:45:00,43420,43445,43370,43410,85,DIRECTA
FIB6F,5M,2026-03-20 08:50:00,2026-03-20,08:50:00,43420,43420,43345,43390,141,DIRECTA
FIB6F,5M,2026-03-20 08:55:00,2026-03-20,08:55:00,43385,43385,43200,43285,712,DIRECTA
FIB6F,1H,2026-03-20 09:00:00,2026-03-20,09:00:00,43260,43655,43245,43340,3928,DIRECTA
FIB6F,15M,2026-03-20 09:00:00,2026-03-20,09:00:00,43260,43505,43245,43505,1660,DIRECTA
FIB6F,5M,2026-03-20 09:00:00,2026-03-20,09:00:00,43260,43375,43245,43360,973,DIRECTA
FIB6F,5M,2026-03-20 09:05:00,2026-03-20,09:05:00,43350,43440,43325,43430,353,DIRECTA
FIB6F,5M,2026-03-20 09:10:00,2026-03-20,09:10:00,43440,43505,43395,43505,334,DIRECTA
FIB6F,15M,2026-03-20 09:15:00,2026-03-20,09:15:00,43500,43590,43445,43550,853,DIRECTA
FIB6F,5M,2026-03-20 09:15:00,2026-03-20,09:15:00,43500,43535,43485,43485,345,DIRECTA
FIB6F,5M,2026-03-20 09:20:00,2026-03-20,09:20:00,43485,43550,43445,43540,275,DIRECTA
FIB6F,5M,2026-03-20 09:25:00,2026-03-20,09:25:00,43550,43590,43535,43550,233,DIRECTA
FIB6F,15M,2026-03-20 09:30:00,2026-03-20,09:30:00,43535,43655,43375,43385,826,DIRECTA
FIB6F,5M,2026-03-20 09:30:00,2026-03-20,09:30:00,43535,43655,43510,43645,322,DIRECTA
FIB6F,5M,2026-03-20 09:35:00,2026-03-20,09:35:00,43650,43650,43515,43525,253,DIRECTA
FIB6F,5M,2026-03-20 09:40:00,2026-03-20,09:40:00,43520,43530,43375,43385,251,DIRECTA
FIB6F,15M,2026-03-20 09:45:00,2026-03-20,09:45:00,43375,43470,43335,43340,589,DIRECTA
FIB6F,5M,2026-03-20 09:45:00,2026-03-20,09:45:00,43375,43455,43335,43455,245,DIRECTA
FIB6F,5M,2026-03-20 09:50:00,2026-03-20,09:50:00,43450,43470,43385,43395,159,DIRECTA
FIB6F,5M,2026-03-20 09:55:00,2026-03-20,09:55:00,43390,43390,43335,43340,185,DIRECTA
FIB6F,1H,2026-03-20 10:00:00,2026-03-20,10:00:00,43340,43410,42960,43025,3094,DIRECTA
FIB6F,15M,2026-03-20 10:00:00,2026-03-20,10:00:00,43340,43410,43265,43270,639,DIRECTA
FIB6F,5M,2026-03-20 10:00:00,2026-03-20,10:00:00,43340,43390,43320,43345,206,DIRECTA
FIB6F,5M,2026-03-20 10:05:00,2026-03-20,10:05:00,43340,43395,43265,43395,193,DIRECTA
FIB6F,5M,2026-03-20 10:10:00,2026-03-20,10:10:00,43400,43410,43270,43270,240,DIRECTA
FIB6F,15M,2026-03-20 10:15:00,2026-03-20,10:15:00,43260,43265,43160,43205,580,DIRECTA
FIB6F,5M,2026-03-20 10:15:00,2026-03-20,10:15:00,43260,43265,43170,43190,213,DIRECTA
FIB6F,5M,2026-03-20 10:20:00,2026-03-20,10:20:00,43185,43215,43160,43190,168,DIRECTA
FIB6F,5M,2026-03-20 10:25:00,2026-03-20,10:25:00,43205,43235,43185,43205,199,DIRECTA
FIB6F,15M,2026-03-20 10:30:00,2026-03-20,10:30:00,43215,43325,43110,43175,682,DIRECTA
FIB6F,5M,2026-03-20 10:30:00,2026-03-20,10:30:00,43215,43325,43200,43285,190,DIRECTA
FIB6F,5M,2026-03-20 10:35:00,2026-03-20,10:35:00,43285,43285,43235,43250,168,DIRECTA
FIB6F,5M,2026-03-20 10:40:00,2026-03-20,10:40:00,43255,43255,43110,43175,324,DIRECTA
FIB6F,15M,2026-03-20 10:45:00,2026-03-20,10:45:00,43175,43180,42960,43025,1193,DIRECTA
FIB6F,5M,2026-03-20 10:45:00,2026-03-20,10:45:00,43175,43180,43045,43050,662,DIRECTA
FIB6F,5M,2026-03-20 10:50:00,2026-03-20,10:50:00,43050,43105,42980,42980,300,DIRECTA
FIB6F,5M,2026-03-20 10:55:00,2026-03-20,10:55:00,42990,43030,42960,43025,231,DIRECTA
FIB6F,1H,2026-03-20 11:00:00,2026-03-20,11:00:00,43015,43135,42780,42970,2078,DIRECTA
FIB6F,15M,2026-03-20 11:00:00,2026-03-20,11:00:00,43015,43050,42850,42905,473,DIRECTA
FIB6F,5M,2026-03-20 11:00:00,2026-03-20,11:00:00,43015,43050,42940,42950,144,DIRECTA
FIB6F,5M,2026-03-20 11:05:00,2026-03-20,11:05:00,42945,42975,42860,42875,154,DIRECTA
FIB6F,5M,2026-03-20 11:10:00,2026-03-20,11:10:00,42875,42940,42850,42905,175,DIRECTA
FIB6F,15M,2026-03-20 11:15:00,2026-03-20,11:15:00,42905,42930,42780,42915,448,DIRECTA
FIB6F,5M,2026-03-20 11:15:00,2026-03-20,11:15:00,42905,42915,42815,42815,186,DIRECTA
FIB6F,5M,2026-03-20 11:20:00,2026-03-20,11:20:00,42810,42855,42780,42835,162,DIRECTA
FIB6F,5M,2026-03-20 11:25:00,2026-03-20,11:25:00,42840,42930,42840,42915,100,DIRECTA
FIB6F,15M,2026-03-20 11:30:00,2026-03-20,11:30:00,42925,43135,42920,43055,429,DIRECTA
FIB6F,5M,2026-03-20 11:30:00,2026-03-20,11:30:00,42925,43000,42920,42980,113,DIRECTA
FIB6F,5M,2026-03-20 11:35:00,2026-03-20,11:35:00,42980,43130,42980,43130,174,DIRECTA
FIB6F,5M,2026-03-20 11:40:00,2026-03-20,11:40:00,43130,43135,43040,43055,142,DIRECTA
FIB6F,15M,2026-03-20 11:45:00,2026-03-20,11:45:00,43060,43060,42890,42970,728,DIRECTA
FIB6F,5M,2026-03-20 11:45:00,2026-03-20,11:45:00,43060,43060,42990,43025,161,DIRECTA
FIB6F,5M,2026-03-20 11:50:00,2026-03-20,11:50:00,43030,43030,42900,42905,269,DIRECTA
FIB6F,5M,2026-03-20 11:55:00,2026-03-20,11:55:00,42905,42980,42890,42970,298,DIRECTA
FIB6F,1H,2026-03-20 12:00:00,2026-03-20,12:00:00,42970,43230,42950,43160,1289,DIRECTA
FIB6F,15M,2026-03-20 12:00:00,2026-03-20,12:00:00,42970,43210,42950,43135,526,DIRECTA
FIB6F,5M,2026-03-20 12:00:00,2026-03-20,12:00:00,42970,43105,42950,43095,213,DIRECTA
FIB6F,5M,2026-03-20 12:05:00,2026-03-20,12:05:00,43110,43200,43110,43195,154,DIRECTA
FIB6F,5M,2026-03-20 12:10:00,2026-03-20,12:10:00,43195,43210,43135,43135,159,DIRECTA
FIB6F,15M,2026-03-20 12:15:00,2026-03-20,12:15:00,43130,43230,43065,43105,280,DIRECTA
FIB6F,5M,2026-03-20 12:15:00,2026-03-20,12:15:00,43130,43175,43105,43145,95,DIRECTA
FIB6F,5M,2026-03-20 12:20:00,2026-03-20,12:20:00,43155,43230,43145,43175,82,DIRECTA
FIB6F,5M,2026-03-20 12:25:00,2026-03-20,12:25:00,43160,43165,43065,43105,103,DIRECTA
FIB6F,15M,2026-03-20 12:30:00,2026-03-20,12:30:00,43095,43175,43065,43145,195,DIRECTA
FIB6F,5M,2026-03-20 12:30:00,2026-03-20,12:30:00,43095,43175,43095,43165,81,DIRECTA
FIB6F,5M,2026-03-20 12:35:00,2026-03-20,12:35:00,43165,43170,43065,43100,57,DIRECTA
FIB6F,5M,2026-03-20 12:40:00,2026-03-20,12:40:00,43100,43155,43100,43145,57,DIRECTA
FIB6F,15M,2026-03-20 12:45:00,2026-03-20,12:45:00,43150,43175,43065,43160,288,DIRECTA
FIB6F,5M,2026-03-20 12:45:00,2026-03-20,12:45:00,43150,43150,43070,43100,63,DIRECTA
FIB6F,5M,2026-03-20 12:50:00,2026-03-20,12:50:00,43100,43115,43065,43115,128,DIRECTA
FIB6F,5M,2026-03-20 12:55:00,2026-03-20,12:55:00,43115,43175,43115,43160,97,DIRECTA
FIB6F,1H,2026-03-20 13:00:00,2026-03-20,13:00:00,43145,43205,43040,43085,1050,DIRECTA
FIB6F,15M,2026-03-20 13:00:00,2026-03-20,13:00:00,43145,43205,43060,43155,216,DIRECTA
FIB6F,5M,2026-03-20 13:00:00,2026-03-20,13:00:00,43145,43170,43060,43075,103,DIRECTA
FIB6F,5M,2026-03-20 13:05:00,2026-03-20,13:05:00,43080,43180,43080,43180,54,DIRECTA
FIB6F,5M,2026-03-20 13:10:00,2026-03-20,13:10:00,43190,43205,43150,43155,59,DIRECTA
FIB6F,15M,2026-03-20 13:15:00,2026-03-20,13:15:00,43150,43150,43045,43130,262,DIRECTA
FIB6F,5M,2026-03-20 13:15:00,2026-03-20,13:15:00,43150,43150,43070,43130,99,DIRECTA
FIB6F,5M,2026-03-20 13:20:00,2026-03-20,13:20:00,43125,43145,43105,43105,126,DIRECTA
FIB6F,5M,2026-03-20 13:25:00,2026-03-20,13:25:00,43095,43135,43045,43130,37,DIRECTA
FIB6F,15M,2026-03-20 13:30:00,2026-03-20,13:30:00,43130,43170,43040,43115,270,DIRECTA
FIB6F,5M,2026-03-20 13:30:00,2026-03-20,13:30:00,43130,43140,43060,43115,73,DIRECTA
FIB6F,5M,2026-03-20 13:35:00,2026-03-20,13:35:00,43120,43170,43080,43090,115,DIRECTA
FIB6F,5M,2026-03-20 13:40:00,2026-03-20,13:40:00,43080,43115,43040,43115,82,DIRECTA
FIB6F,15M,2026-03-20 13:45:00,2026-03-20,13:45:00,43120,43170,43075,43085,302,DIRECTA
FIB6F,5M,2026-03-20 13:45:00,2026-03-20,13:45:00,43120,43170,43080,43110,83,DIRECTA
FIB6F,5M,2026-03-20 13:50:00,2026-03-20,13:50:00,43125,43160,43100,43100,85,DIRECTA
FIB6F,5M,2026-03-20 13:55:00,2026-03-20,13:55:00,43100,43120,43075,43085,134,DIRECTA
FIB6F,1H,2026-03-20 14:00:00,2026-03-20,14:00:00,43085,43120,42750,42765,1175,DIRECTA
FIB6F,15M,2026-03-20 14:00:00,2026-03-20,14:00:00,43085,43120,43005,43050,255,DIRECTA
FIB6F,5M,2026-03-20 14:00:00,2026-03-20,14:00:00,43085,43120,43070,43075,91,DIRECTA
FIB6F,5M,2026-03-20 14:05:00,2026-03-20,14:05:00,43075,43075,43020,43040,98,DIRECTA
FIB6F,5M,2026-03-20 14:10:00,2026-03-20,14:10:00,43045,43065,43005,43050,66,DIRECTA
FIB6F,15M,2026-03-20 14:15:00,2026-03-20,14:15:00,43045,43075,42980,42990,158,DIRECTA
FIB6F,5M,2026-03-20 14:15:00,2026-03-20,14:15:00,43045,43065,43010,43015,52,DIRECTA
FIB6F,5M,2026-03-20 14:20:00,2026-03-20,14:20:00,43025,43075,43020,43040,38,DIRECTA
FIB6F,5M,2026-03-20 14:25:00,2026-03-20,14:25:00,43045,43050,42980,42990,68,DIRECTA
FIB6F,15M,2026-03-20 14:30:00,2026-03-20,14:30:00,42985,43010,42870,42990,298,DIRECTA
FIB6F,5M,2026-03-20 14:30:00,2026-03-20,14:30:00,42985,43010,42870,42895,139,DIRECTA
FIB6F,5M,2026-03-20 14:35:00,2026-03-20,14:35:00,42885,42935,42875,42900,66,DIRECTA
FIB6F,5M,2026-03-20 14:40:00,2026-03-20,14:40:00,42915,42990,42895,42990,93,DIRECTA
FIB6F,15M,2026-03-20 14:45:00,2026-03-20,14:45:00,43005,43020,42750,42765,464,DIRECTA
FIB6F,5M,2026-03-20 14:45:00,2026-03-20,14:45:00,43005,43020,42910,42910,132,DIRECTA
FIB6F,5M,2026-03-20 14:50:00,2026-03-20,14:50:00,42910,42920,42805,42860,223,DIRECTA
FIB6F,5M,2026-03-20 14:55:00,2026-03-20,14:55:00,42865,42900,42750,42765,109,DIRECTA
FIB6F,1H,2026-03-20 15:00:00,2026-03-20,15:00:00,42760,42770,42145,42220,2683,DIRECTA
FIB6F,15M,2026-03-20 15:00:00,2026-03-20,15:00:00,42760,42770,42505,42510,635,DIRECTA
FIB6F,5M,2026-03-20 15:00:00,2026-03-20,15:00:00,42760,42770,42670,42685,210,DIRECTA
FIB6F,5M,2026-03-20 15:05:00,2026-03-20,15:05:00,42695,42730,42615,42640,206,DIRECTA
FIB6F,5M,2026-03-20 15:10:00,2026-03-20,15:10:00,42645,42675,42505,42510,219,DIRECTA
FIB6F,15M,2026-03-20 15:15:00,2026-03-20,15:15:00,42515,42535,42335,42335,772,DIRECTA
FIB6F,5M,2026-03-20 15:15:00,2026-03-20,15:15:00,42515,42535,42440,42445,268,DIRECTA
FIB6F,5M,2026-03-20 15:20:00,2026-03-20,15:20:00,42445,42490,42395,42430,212,DIRECTA
FIB6F,5M,2026-03-20 15:25:00,2026-03-20,15:25:00,42410,42435,42335,42335,292,DIRECTA
FIB6F,15M,2026-03-20 15:30:00,2026-03-20,15:30:00,42345,42495,42305,42315,552,DIRECTA
FIB6F,5M,2026-03-20 15:30:00,2026-03-20,15:30:00,42345,42470,42345,42455,182,DIRECTA
FIB6F,5M,2026-03-20 15:35:00,2026-03-20,15:35:00,42465,42495,42305,42350,178,DIRECTA
FIB6F,5M,2026-03-20 15:40:00,2026-03-20,15:40:00,42340,42400,42305,42315,192,DIRECTA
FIB6F,15M,2026-03-20 15:45:00,2026-03-20,15:45:00,42310,42365,42145,42220,724,DIRECTA
FIB6F,5M,2026-03-20 15:45:00,2026-03-20,15:45:00,42310,42365,42275,42325,233,DIRECTA
FIB6F,5M,2026-03-20 15:50:00,2026-03-20,15:50:00,42320,42335,42145,42160,324,DIRECTA
FIB6F,5M,2026-03-20 15:55:00,2026-03-20,15:55:00,42170,42250,42155,42220,167,DIRECTA
FIB6F,1H,2026-03-20 16:00:00,2026-03-20,16:00:00,42230,42335,42040,42170,2164,DIRECTA
FIB6F,15M,2026-03-20 16:00:00,2026-03-20,16:00:00,42230,42335,42165,42260,632,DIRECTA
FIB6F,5M,2026-03-20 16:00:00,2026-03-20,16:00:00,42230,42335,42165,42190,340,DIRECTA
FIB6F,5M,2026-03-20 16:05:00,2026-03-20,16:05:00,42200,42220,42165,42210,163,DIRECTA
FIB6F,5M,2026-03-20 16:10:00,2026-03-20,16:10:00,42205,42290,42205,42260,129,DIRECTA
FIB6F,15M,2026-03-20 16:15:00,2026-03-20,16:15:00,42265,42335,42040,42100,717,DIRECTA
FIB6F,5M,2026-03-20 16:15:00,2026-03-20,16:15:00,42265,42275,42165,42165,90,DIRECTA
FIB6F,5M,2026-03-20 16:20:00,2026-03-20,16:20:00,42165,42335,42100,42155,458,DIRECTA
FIB6F,5M,2026-03-20 16:25:00,2026-03-20,16:25:00,42160,42175,42040,42100,169,DIRECTA
FIB6F,15M,2026-03-20 16:30:00,2026-03-20,16:30:00,42100,42250,42100,42175,446,DIRECTA
FIB6F,5M,2026-03-20 16:30:00,2026-03-20,16:30:00,42100,42250,42100,42220,195,DIRECTA
FIB6F,5M,2026-03-20 16:35:00,2026-03-20,16:35:00,42225,42245,42170,42200,143,DIRECTA
FIB6F,5M,2026-03-20 16:40:00,2026-03-20,16:40:00,42200,42215,42140,42175,108,DIRECTA
FIB6F,15M,2026-03-20 16:45:00,2026-03-20,16:45:00,42170,42260,42130,42170,369,DIRECTA
FIB6F,5M,2026-03-20 16:45:00,2026-03-20,16:45:00,42170,42210,42130,42190,97,DIRECTA
FIB6F,5M,2026-03-20 16:50:00,2026-03-20,16:50:00,42180,42260,42155,42220,142,DIRECTA
FIB6F,5M,2026-03-20 16:55:00,2026-03-20,16:55:00,42205,42215,42155,42170,130,DIRECTA
FIB6F,1H,2026-03-20 17:00:00,2026-03-20,17:00:00,42175,42280,41945,42050,2904,DIRECTA
FIB6F,15M,2026-03-20 17:00:00,2026-03-20,17:00:00,42175,42280,42130,42185,434,DIRECTA
FIB6F,5M,2026-03-20 17:00:00,2026-03-20,17:00:00,42175,42280,42160,42275,159,DIRECTA
FIB6F,5M,2026-03-20 17:05:00,2026-03-20,17:05:00,42270,42275,42130,42155,149,DIRECTA
FIB6F,5M,2026-03-20 17:10:00,2026-03-20,17:10:00,42155,42230,42145,42185,126,DIRECTA
FIB6F,15M,2026-03-20 17:15:00,2026-03-20,17:15:00,42190,42265,42145,42185,599,DIRECTA
FIB6F,5M,2026-03-20 17:15:00,2026-03-20,17:15:00,42190,42230,42145,42225,102,DIRECTA
FIB6F,5M,2026-03-20 17:20:00,2026-03-20,17:20:00,42230,42265,42200,42200,202,DIRECTA
FIB6F,5M,2026-03-20 17:25:00,2026-03-20,17:25:00,42190,42200,42155,42185,295,DIRECTA
FIB6F,15M,2026-03-20 17:30:00,2026-03-20,17:30:00,42180,42185,42035,42035,1547,DIRECTA
FIB6F,5M,2026-03-20 17:30:00,2026-03-20,17:30:00,42180,42185,42045,42115,1080,DIRECTA
FIB6F,5M,2026-03-20 17:35:00,2026-03-20,17:35:00,42110,42150,42050,42075,385,DIRECTA
FIB6F,5M,2026-03-20 17:40:00,2026-03-20,17:40:00,42065,42075,42035,42035,82,DIRECTA
FIB6F,15M,2026-03-20 17:45:00,2026-03-20,17:45:00,42035,42090,41945,42050,324,DIRECTA
FIB6F,5M,2026-03-20 17:45:00,2026-03-20,17:45:00,42035,42050,41995,42025,132,DIRECTA
FIB6F,5M,2026-03-20 17:50:00,2026-03-20,17:50:00,42035,42060,41945,42050,149,DIRECTA
FIB6F,5M,2026-03-20 17:55:00,2026-03-20,17:55:00,42050,42090,42050,42050,43,DIRECTA
FIB6F,1H,2026-03-20 18:00:00,2026-03-20,18:00:00,42065,42120,41920,42030,621,DIRECTA
FIB6F,15M,2026-03-20 18:00:00,2026-03-20,18:00:00,42065,42120,41980,42040,269,DIRECTA
FIB6F,5M,2026-03-20 18:00:00,2026-03-20,18:00:00,42065,42090,42050,42090,32,DIRECTA
FIB6F,5M,2026-03-20 18:05:00,2026-03-20,18:05:00,42090,42120,41980,42080,210,DIRECTA
FIB6F,5M,2026-03-20 18:10:00,2026-03-20,18:10:00,42095,42105,42030,42040,27,DIRECTA
FIB6F,15M,2026-03-20 18:15:00,2026-03-20,18:15:00,42040,42100,42010,42025,146,DIRECTA
FIB6F,5M,2026-03-20 18:15:00,2026-03-20,18:15:00,42040,42075,42030,42035,48,DIRECTA
FIB6F,5M,2026-03-20 18:20:00,2026-03-20,18:20:00,42035,42100,42025,42075,43,DIRECTA
FIB6F,5M,2026-03-20 18:25:00,2026-03-20,18:25:00,42070,42070,42010,42025,55,DIRECTA
FIB6F,15M,2026-03-20 18:30:00,2026-03-20,18:30:00,42030,42035,41920,41980,119,DIRECTA
FIB6F,5M,2026-03-20 18:30:00,2026-03-20,18:30:00,42030,42035,41950,41955,52,DIRECTA
FIB6F,5M,2026-03-20 18:35:00,2026-03-20,18:35:00,41970,41985,41920,41985,39,DIRECTA
FIB6F,5M,2026-03-20 18:40:00,2026-03-20,18:40:00,41975,42010,41970,41980,28,DIRECTA
FIB6F,15M,2026-03-20 18:45:00,2026-03-20,18:45:00,41990,42045,41970,42030,87,DIRECTA
FIB6F,5M,2026-03-20 18:45:00,2026-03-20,18:45:00,41990,42010,41975,41995,24,DIRECTA
FIB6F,5M,2026-03-20 18:50:00,2026-03-20,18:50:00,41980,42015,41970,42005,42,DIRECTA
FIB6F,5M,2026-03-20 18:55:00,2026-03-20,18:55:00,42030,42045,42025,42030,21,DIRECTA
FIB6F,1H,2026-03-20 19:00:00,2026-03-20,19:00:00,42040,42050,41495,41750,624,DIRECTA
FIB6F,15M,2026-03-20 19:00:00,2026-03-20,19:00:00,42040,42050,41950,41950,53,DIRECTA
FIB6F,5M,2026-03-20 19:00:00,2026-03-20,19:00:00,42040,42050,41970,41970,17,DIRECTA
FIB6F,5M,2026-03-20 19:05:00,2026-03-20,19:05:00,41975,42010,41965,41985,15,DIRECTA
FIB6F,5M,2026-03-20 19:10:00,2026-03-20,19:10:00,41960,41970,41950,41950,21,DIRECTA
FIB6F,15M,2026-03-20 19:15:00,2026-03-20,19:15:00,41950,41955,41495,41790,386,DIRECTA
FIB6F,5M,2026-03-20 19:15:00,2026-03-20,19:15:00,41950,41955,41925,41935,22,DIRECTA
FIB6F,5M,2026-03-20 19:20:00,2026-03-20,19:20:00,41945,41955,41495,41725,307,DIRECTA
FIB6F,5M,2026-03-20 19:25:00,2026-03-20,19:25:00,41735,41805,41735,41790,57,DIRECTA
FIB6F,15M,2026-03-20 19:30:00,2026-03-20,19:30:00,41810,41815,41720,41735,100,DIRECTA
FIB6F,5M,2026-03-20 19:30:00,2026-03-20,19:30:00,41810,41815,41750,41750,31,DIRECTA
FIB6F,5M,2026-03-20 19:35:00,2026-03-20,19:35:00,41750,41755,41720,41755,30,DIRECTA
FIB6F,5M,2026-03-20 19:40:00,2026-03-20,19:40:00,41755,41780,41730,41735,39,DIRECTA
FIB6F,15M,2026-03-20 19:45:00,2026-03-20,19:45:00,41745,41765,41720,41750,85,DIRECTA
FIB6F,5M,2026-03-20 19:45:00,2026-03-20,19:45:00,41745,41760,41730,41745,19,DIRECTA
FIB6F,5M,2026-03-20 19:50:00,2026-03-20,19:50:00,41735,41765,41725,41750,31,DIRECTA
FIB6F,5M,2026-03-20 19:55:00,2026-03-20,19:55:00,41755,41755,41720,41750,35,DIRECTA
FIB6F,1H,2026-03-20 20:00:00,2026-03-20,20:00:00,41770,41870,41650,41860,360,DIRECTA
FIB6F,15M,2026-03-20 20:00:00,2026-03-20,20:00:00,41770,41790,41715,41780,84,DIRECTA
FIB6F,5M,2026-03-20 20:00:00,2026-03-20,20:00:00,41770,41790,41745,41745,27,DIRECTA
FIB6F,5M,2026-03-20 20:05:00,2026-03-20,20:05:00,41755,41785,41715,41780,34,DIRECTA
FIB6F,5M,2026-03-20 20:10:00,2026-03-20,20:10:00,41780,41780,41755,41780,23,DIRECTA
FIB6F,15M,2026-03-20 20:15:00,2026-03-20,20:15:00,41780,41790,41705,41720,60,DIRECTA
FIB6F,5M,2026-03-20 20:15:00,2026-03-20,20:15:00,41780,41790,41770,41780,11,DIRECTA
FIB6F,5M,2026-03-20 20:20:00,2026-03-20,20:20:00,41760,41770,41710,41715,12,DIRECTA
FIB6F,5M,2026-03-20 20:25:00,2026-03-20,20:25:00,41705,41740,41705,41720,37,DIRECTA
FIB6F,15M,2026-03-20 20:30:00,2026-03-20,20:30:00,41740,41760,41650,41760,107,DIRECTA
FIB6F,5M,2026-03-20 20:30:00,2026-03-20,20:30:00,41740,41755,41700,41700,37,DIRECTA
FIB6F,5M,2026-03-20 20:35:00,2026-03-20,20:35:00,41710,41725,41650,41685,45,DIRECTA
FIB6F,5M,2026-03-20 20:40:00,2026-03-20,20:40:00,41680,41760,41680,41760,25,DIRECTA
FIB6F,15M,2026-03-20 20:45:00,2026-03-20,20:45:00,41750,41870,41710,41860,109,DIRECTA
FIB6F,5M,2026-03-20 20:45:00,2026-03-20,20:45:00,41750,41755,41710,41715,29,DIRECTA
FIB6F,5M,2026-03-20 20:50:00,2026-03-20,20:50:00,41755,41825,41755,41815,23,DIRECTA
FIB6F,5M,2026-03-20 20:55:00,2026-03-20,20:55:00,41830,41870,41830,41860,57,DIRECTA
FIB6F,1H,2026-03-20 21:00:00,2026-03-20,21:00:00,41860,42085,41700,41810,297,DIRECTA
FIB6F,15M,2026-03-20 21:00:00,2026-03-20,21:00:00,41860,41940,41850,41940,38,DIRECTA
FIB6F,5M,2026-03-20 21:00:00,2026-03-20,21:00:00,41860,41935,41850,41935,29,DIRECTA
FIB6F,5M,2026-03-20 21:05:00,2026-03-20,21:05:00,41910,41915,41910,41915,2,DIRECTA
FIB6F,5M,2026-03-20 21:10:00,2026-03-20,21:10:00,41925,41940,41925,41940,7,DIRECTA
FIB6F,15M,2026-03-20 21:15:00,2026-03-20,21:15:00,41935,41940,41865,41870,21,DIRECTA
FIB6F,5M,2026-03-20 21:15:00,2026-03-20,21:15:00,41935,41935,41920,41920,3,DIRECTA
FIB6F,5M,2026-03-20 21:20:00,2026-03-20,21:20:00,41920,41940,41920,41920,3,DIRECTA
FIB6F,5M,2026-03-20 21:25:00,2026-03-20,21:25:00,41940,41940,41865,41870,15,DIRECTA
FIB6F,15M,2026-03-20 21:30:00,2026-03-20,21:30:00,41865,41875,41790,41790,98,DIRECTA
FIB6F,5M,2026-03-20 21:30:00,2026-03-20,21:30:00,41865,41870,41860,41870,27,DIRECTA
FIB6F,5M,2026-03-20 21:35:00,2026-03-20,21:35:00,41840,41875,41795,41810,51,DIRECTA
FIB6F,5M,2026-03-20 21:40:00,2026-03-20,21:40:00,41810,41815,41790,41790,20,DIRECTA
FIB6F,15M,2026-03-20 21:45:00,2026-03-20,21:45:00,41755,42085,41700,41810,140,DIRECTA
FIB6F,5M,2026-03-20 21:45:00,2026-03-20,21:45:00,41755,41780,41705,41780,30,DIRECTA
FIB6F,5M,2026-03-20 21:50:00,2026-03-20,21:50:00,41750,42085,41745,41905,52,DIRECTA
FIB6F,5M,2026-03-20 21:55:00,2026-03-20,21:55:00,41890,41890,41700,41810,58,DIRECTA
FIB6F,W,2026-03-23 08:00:00,2026-03-23,08:00:00,41350,43525,40900,42655,101031,AGG_FROM_D
FIB6F,D,2026-03-23 08:00:00,2026-03-23,08:00:00,41350,43310,40900,42488,36945,DIRECTA
FIB6F,1H,2026-03-23 08:00:00,2026-03-23,08:00:00,41350,41530,41060,41330,1216,DIRECTA
FIB6F,15M,2026-03-23 08:00:00,2026-03-23,08:00:00,41350,41520,41060,41510,452,DIRECTA
FIB6F,5M,2026-03-23 08:00:00,2026-03-23,08:00:00,41350,41390,41060,41370,267,DIRECTA
FIB6F,5M,2026-03-23 08:05:00,2026-03-23,08:05:00,41380,41445,41380,41420,106,DIRECTA
FIB6F,5M,2026-03-23 08:10:00,2026-03-23,08:10:00,41420,41520,41420,41510,79,DIRECTA
FIB6F,15M,2026-03-23 08:15:00,2026-03-23,08:15:00,41520,41530,41355,41410,209,DIRECTA
FIB6F,5M,2026-03-23 08:15:00,2026-03-23,08:15:00,41520,41530,41485,41520,64,DIRECTA
FIB6F,5M,2026-03-23 08:20:00,2026-03-23,08:20:00,41520,41520,41385,41390,85,DIRECTA
FIB6F,5M,2026-03-23 08:25:00,2026-03-23,08:25:00,41385,41420,41355,41410,60,DIRECTA
FIB6F,15M,2026-03-23 08:30:00,2026-03-23,08:30:00,41435,41490,41370,41435,244,DIRECTA
FIB6F,5M,2026-03-23 08:30:00,2026-03-23,08:30:00,41435,41490,41405,41430,101,DIRECTA
FIB6F,5M,2026-03-23 08:35:00,2026-03-23,08:35:00,41425,41450,41395,41400,111,DIRECTA
FIB6F,5M,2026-03-23 08:40:00,2026-03-23,08:40:00,41385,41435,41370,41435,32,DIRECTA
FIB6F,15M,2026-03-23 08:45:00,2026-03-23,08:45:00,41445,41480,41285,41330,311,DIRECTA
FIB6F,5M,2026-03-23 08:45:00,2026-03-23,08:45:00,41445,41480,41435,41450,55,DIRECTA
FIB6F,5M,2026-03-23 08:50:00,2026-03-23,08:50:00,41445,41460,41355,41375,86,DIRECTA
FIB6F,5M,2026-03-23 08:55:00,2026-03-23,08:55:00,41355,41410,41285,41330,170,DIRECTA
FIB6F,1H,2026-03-23 09:00:00,2026-03-23,09:00:00,41330,41475,41220,41260,5027,DIRECTA
FIB6F,15M,2026-03-23 09:00:00,2026-03-23,09:00:00,41330,41475,41270,41405,2081,DIRECTA
FIB6F,5M,2026-03-23 09:00:00,2026-03-23,09:00:00,41330,41475,41270,41380,1082,DIRECTA
FIB6F,5M,2026-03-23 09:05:00,2026-03-23,09:05:00,41380,41435,41310,41320,528,DIRECTA
FIB6F,5M,2026-03-23 09:10:00,2026-03-23,09:10:00,41325,41425,41280,41405,471,DIRECTA
FIB6F,15M,2026-03-23 09:15:00,2026-03-23,09:15:00,41400,41420,41240,41300,1141,DIRECTA
FIB6F,5M,2026-03-23 09:15:00,2026-03-23,09:15:00,41400,41420,41240,41360,450,DIRECTA
FIB6F,5M,2026-03-23 09:20:00,2026-03-23,09:20:00,41365,41420,41315,41330,386,DIRECTA
FIB6F,5M,2026-03-23 09:25:00,2026-03-23,09:25:00,41330,41390,41290,41300,305,DIRECTA
FIB6F,15M,2026-03-23 09:30:00,2026-03-23,09:30:00,41290,41470,41220,41250,1165,DIRECTA
FIB6F,5M,2026-03-23 09:30:00,2026-03-23,09:30:00,41290,41470,41290,41395,435,DIRECTA
FIB6F,5M,2026-03-23 09:35:00,2026-03-23,09:35:00,41405,41405,41300,41340,290,DIRECTA
FIB6F,5M,2026-03-23 09:40:00,2026-03-23,09:40:00,41345,41395,41220,41250,440,DIRECTA
FIB6F,15M,2026-03-23 09:45:00,2026-03-23,09:45:00,41245,41395,41230,41260,640,DIRECTA
FIB6F,5M,2026-03-23 09:45:00,2026-03-23,09:45:00,41245,41395,41230,41320,255,DIRECTA
FIB6F,5M,2026-03-23 09:50:00,2026-03-23,09:50:00,41305,41350,41265,41325,208,DIRECTA
FIB6F,5M,2026-03-23 09:55:00,2026-03-23,09:55:00,41325,41325,41230,41260,177,DIRECTA
FIB6F,1H,2026-03-23 10:00:00,2026-03-23,10:00:00,41250,41260,40900,41045,3081,DIRECTA
FIB6F,15M,2026-03-23 10:00:00,2026-03-23,10:00:00,41250,41260,41100,41135,871,DIRECTA
FIB6F,5M,2026-03-23 10:00:00,2026-03-23,10:00:00,41250,41255,41125,41135,328,DIRECTA
FIB6F,5M,2026-03-23 10:05:00,2026-03-23,10:05:00,41130,41260,41115,41190,292,DIRECTA
FIB6F,5M,2026-03-23 10:10:00,2026-03-23,10:10:00,41190,41210,41100,41135,251,DIRECTA
FIB6F,15M,2026-03-23 10:15:00,2026-03-23,10:15:00,41125,41260,41030,41145,891,DIRECTA
FIB6F,5M,2026-03-23 10:15:00,2026-03-23,10:15:00,41125,41230,41110,41160,353,DIRECTA
FIB6F,5M,2026-03-23 10:20:00,2026-03-23,10:20:00,41175,41260,41060,41065,256,DIRECTA
FIB6F,5M,2026-03-23 10:25:00,2026-03-23,10:25:00,41060,41145,41030,41145,282,DIRECTA
FIB6F,15M,2026-03-23 10:30:00,2026-03-23,10:30:00,41150,41155,40900,41025,797,DIRECTA
FIB6F,5M,2026-03-23 10:30:00,2026-03-23,10:30:00,41150,41155,40955,40960,263,DIRECTA
FIB6F,5M,2026-03-23 10:35:00,2026-03-23,10:35:00,40960,41030,40900,40995,257,DIRECTA
FIB6F,5M,2026-03-23 10:40:00,2026-03-23,10:40:00,41000,41040,40985,41025,277,DIRECTA
FIB6F,15M,2026-03-23 10:45:00,2026-03-23,10:45:00,41015,41170,41000,41045,522,DIRECTA
FIB6F,5M,2026-03-23 10:45:00,2026-03-23,10:45:00,41015,41160,41015,41115,164,DIRECTA
FIB6F,5M,2026-03-23 10:50:00,2026-03-23,10:50:00,41115,41170,41030,41035,207,DIRECTA
FIB6F,5M,2026-03-23 10:55:00,2026-03-23,10:55:00,41030,41060,41000,41045,151,DIRECTA
FIB6F,1H,2026-03-23 11:00:00,2026-03-23,11:00:00,41050,41130,40905,41025,2187,DIRECTA
FIB6F,15M,2026-03-23 11:00:00,2026-03-23,11:00:00,41050,41130,40990,41020,557,DIRECTA
FIB6F,5M,2026-03-23 11:00:00,2026-03-23,11:00:00,41050,41065,40990,41045,175,DIRECTA
FIB6F,5M,2026-03-23 11:05:00,2026-03-23,11:05:00,41055,41130,41025,41095,272,DIRECTA
FIB6F,5M,2026-03-23 11:10:00,2026-03-23,11:10:00,41090,41125,41015,41020,110,DIRECTA
FIB6F,15M,2026-03-23 11:15:00,2026-03-23,11:15:00,41010,41050,40970,40975,413,DIRECTA
FIB6F,5M,2026-03-23 11:15:00,2026-03-23,11:15:00,41010,41050,40970,41005,136,DIRECTA
FIB6F,5M,2026-03-23 11:20:00,2026-03-23,11:20:00,41015,41020,40970,40995,151,DIRECTA
FIB6F,5M,2026-03-23 11:25:00,2026-03-23,11:25:00,40995,41025,40975,40975,126,DIRECTA
FIB6F,15M,2026-03-23 11:30:00,2026-03-23,11:30:00,40980,41120,40960,40990,492,DIRECTA
FIB6F,5M,2026-03-23 11:30:00,2026-03-23,11:30:00,40980,41070,40970,41060,172,DIRECTA
FIB6F,5M,2026-03-23 11:35:00,2026-03-23,11:35:00,41070,41120,40995,41000,157,DIRECTA
FIB6F,5M,2026-03-23 11:40:00,2026-03-23,11:40:00,40990,41010,40960,40990,163,DIRECTA
FIB6F,15M,2026-03-23 11:45:00,2026-03-23,11:45:00,40985,41100,40905,41025,725,DIRECTA
FIB6F,5M,2026-03-23 11:45:00,2026-03-23,11:45:00,40985,40990,40905,40920,131,DIRECTA
FIB6F,5M,2026-03-23 11:50:00,2026-03-23,11:50:00,40915,41100,40915,41010,462,DIRECTA
FIB6F,5M,2026-03-23 11:55:00,2026-03-23,11:55:00,41010,41030,40965,41025,132,DIRECTA
FIB6F,1H,2026-03-23 12:00:00,2026-03-23,12:00:00,41035,43215,41035,42450,7465,DIRECTA
FIB6F,15M,2026-03-23 12:00:00,2026-03-23,12:00:00,41035,43215,41035,43030,2293,DIRECTA
FIB6F,5M,2026-03-23 12:00:00,2026-03-23,12:00:00,41035,41120,41035,41115,244,DIRECTA
FIB6F,5M,2026-03-23 12:05:00,2026-03-23,12:05:00,41110,42755,41105,42575,1523,DIRECTA
FIB6F,5M,2026-03-23 12:10:00,2026-03-23,12:10:00,42590,43215,42455,43030,526,DIRECTA
FIB6F,15M,2026-03-23 12:15:00,2026-03-23,12:15:00,43010,43185,42430,42755,2071,DIRECTA
FIB6F,5M,2026-03-23 12:15:00,2026-03-23,12:15:00,43010,43185,42685,42810,568,DIRECTA
FIB6F,5M,2026-03-23 12:20:00,2026-03-23,12:20:00,42815,42910,42430,42580,981,DIRECTA
FIB6F,5M,2026-03-23 12:25:00,2026-03-23,12:25:00,42590,42790,42455,42755,522,DIRECTA
FIB6F,15M,2026-03-23 12:30:00,2026-03-23,12:30:00,42745,42955,42530,42565,1226,DIRECTA
FIB6F,5M,2026-03-23 12:30:00,2026-03-23,12:30:00,42745,42945,42745,42905,427,DIRECTA
FIB6F,5M,2026-03-23 12:35:00,2026-03-23,12:35:00,42915,42955,42670,42750,275,DIRECTA
FIB6F,5M,2026-03-23 12:40:00,2026-03-23,12:40:00,42710,42720,42530,42565,524,DIRECTA
FIB6F,15M,2026-03-23 12:45:00,2026-03-23,12:45:00,42570,42670,42390,42450,1875,DIRECTA
FIB6F,5M,2026-03-23 12:45:00,2026-03-23,12:45:00,42570,42645,42455,42640,702,DIRECTA
FIB6F,5M,2026-03-23 12:50:00,2026-03-23,12:50:00,42645,42670,42395,42660,493,DIRECTA
FIB6F,5M,2026-03-23 12:55:00,2026-03-23,12:55:00,42665,42665,42390,42450,680,DIRECTA
FIB6F,1H,2026-03-23 13:00:00,2026-03-23,13:00:00,42445,43010,42330,42925,3456,DIRECTA
FIB6F,15M,2026-03-23 13:00:00,2026-03-23,13:00:00,42445,42650,42330,42375,1154,DIRECTA
FIB6F,5M,2026-03-23 13:00:00,2026-03-23,13:00:00,42445,42540,42330,42490,525,DIRECTA
FIB6F,5M,2026-03-23 13:05:00,2026-03-23,13:05:00,42490,42590,42340,42590,401,DIRECTA
FIB6F,5M,2026-03-23 13:10:00,2026-03-23,13:10:00,42610,42650,42375,42375,228,DIRECTA
FIB6F,15M,2026-03-23 13:15:00,2026-03-23,13:15:00,42360,42850,42350,42825,813,DIRECTA
FIB6F,5M,2026-03-23 13:15:00,2026-03-23,13:15:00,42360,42675,42350,42670,165,DIRECTA
FIB6F,5M,2026-03-23 13:20:00,2026-03-23,13:20:00,42660,42785,42620,42765,389,DIRECTA
FIB6F,5M,2026-03-23 13:25:00,2026-03-23,13:25:00,42765,42850,42765,42825,259,DIRECTA
FIB6F,15M,2026-03-23 13:30:00,2026-03-23,13:30:00,42815,42965,42545,42955,802,DIRECTA
FIB6F,5M,2026-03-23 13:30:00,2026-03-23,13:30:00,42815,42815,42545,42580,265,DIRECTA
FIB6F,5M,2026-03-23 13:35:00,2026-03-23,13:35:00,42585,42685,42555,42570,135,DIRECTA
FIB6F,5M,2026-03-23 13:40:00,2026-03-23,13:40:00,42610,42965,42580,42955,402,DIRECTA
FIB6F,15M,2026-03-23 13:45:00,2026-03-23,13:45:00,42955,43010,42865,42925,687,DIRECTA
FIB6F,5M,2026-03-23 13:45:00,2026-03-23,13:45:00,42955,42995,42865,42935,234,DIRECTA
FIB6F,5M,2026-03-23 13:50:00,2026-03-23,13:50:00,42935,43010,42910,42935,268,DIRECTA
FIB6F,5M,2026-03-23 13:55:00,2026-03-23,13:55:00,42935,42990,42905,42925,185,DIRECTA
FIB6F,1H,2026-03-23 14:00:00,2026-03-23,14:00:00,42925,43010,42595,42915,3150,DIRECTA
FIB6F,15M,2026-03-23 14:00:00,2026-03-23,14:00:00,42925,43010,42815,42825,676,DIRECTA
FIB6F,5M,2026-03-23 14:00:00,2026-03-23,14:00:00,42925,43010,42885,42935,319,DIRECTA
FIB6F,5M,2026-03-23 14:05:00,2026-03-23,14:05:00,42930,42940,42825,42910,166,DIRECTA
FIB6F,5M,2026-03-23 14:10:00,2026-03-23,14:10:00,42900,42920,42815,42825,191,DIRECTA
FIB6F,15M,2026-03-23 14:15:00,2026-03-23,14:15:00,42825,42870,42640,42650,424,DIRECTA
FIB6F,5M,2026-03-23 14:15:00,2026-03-23,14:15:00,42825,42870,42770,42770,135,DIRECTA
FIB6F,5M,2026-03-23 14:20:00,2026-03-23,14:20:00,42760,42775,42665,42685,199,DIRECTA
FIB6F,5M,2026-03-23 14:25:00,2026-03-23,14:25:00,42700,42710,42640,42650,90,DIRECTA
FIB6F,15M,2026-03-23 14:30:00,2026-03-23,14:30:00,42650,42980,42595,42800,1216,DIRECTA
FIB6F,5M,2026-03-23 14:30:00,2026-03-23,14:30:00,42650,42690,42605,42640,337,DIRECTA
FIB6F,5M,2026-03-23 14:35:00,2026-03-23,14:35:00,42640,42745,42595,42745,272,DIRECTA
FIB6F,5M,2026-03-23 14:40:00,2026-03-23,14:40:00,42765,42980,42705,42800,607,DIRECTA
FIB6F,15M,2026-03-23 14:45:00,2026-03-23,14:45:00,42800,42935,42790,42915,834,DIRECTA
FIB6F,5M,2026-03-23 14:45:00,2026-03-23,14:45:00,42800,42895,42790,42850,372,DIRECTA
FIB6F,5M,2026-03-23 14:50:00,2026-03-23,14:50:00,42845,42935,42795,42900,245,DIRECTA
FIB6F,5M,2026-03-23 14:55:00,2026-03-23,14:55:00,42890,42915,42795,42915,217,DIRECTA
FIB6F,1H,2026-03-23 15:00:00,2026-03-23,15:00:00,42920,43195,42885,43125,2808,DIRECTA
FIB6F,15M,2026-03-23 15:00:00,2026-03-23,15:00:00,42920,43050,42885,42915,791,DIRECTA
FIB6F,5M,2026-03-23 15:00:00,2026-03-23,15:00:00,42920,43050,42900,42955,331,DIRECTA
FIB6F,5M,2026-03-23 15:05:00,2026-03-23,15:05:00,42960,42985,42885,42915,227,DIRECTA
FIB6F,5M,2026-03-23 15:10:00,2026-03-23,15:10:00,42915,42970,42885,42915,233,DIRECTA
FIB6F,15M,2026-03-23 15:15:00,2026-03-23,15:15:00,42930,43170,42920,43045,1095,DIRECTA
FIB6F,5M,2026-03-23 15:15:00,2026-03-23,15:15:00,42930,43055,42920,43050,295,DIRECTA
FIB6F,5M,2026-03-23 15:20:00,2026-03-23,15:20:00,43040,43170,43030,43120,239,DIRECTA
FIB6F,5M,2026-03-23 15:25:00,2026-03-23,15:25:00,43115,43120,43015,43045,561,DIRECTA
FIB6F,15M,2026-03-23 15:30:00,2026-03-23,15:30:00,43025,43060,42885,43015,555,DIRECTA
FIB6F,5M,2026-03-23 15:30:00,2026-03-23,15:30:00,43025,43060,43010,43050,118,DIRECTA
FIB6F,5M,2026-03-23 15:35:00,2026-03-23,15:35:00,43045,43045,42885,42930,249,DIRECTA
FIB6F,5M,2026-03-23 15:40:00,2026-03-23,15:40:00,42925,43035,42925,43015,188,DIRECTA
FIB6F,15M,2026-03-23 15:45:00,2026-03-23,15:45:00,43010,43195,42965,43125,367,DIRECTA
FIB6F,5M,2026-03-23 15:45:00,2026-03-23,15:45:00,43010,43135,42965,43130,137,DIRECTA
FIB6F,5M,2026-03-23 15:50:00,2026-03-23,15:50:00,43140,43195,43085,43155,163,DIRECTA
FIB6F,5M,2026-03-23 15:55:00,2026-03-23,15:55:00,43165,43170,43115,43125,67,DIRECTA
FIB6F,1H,2026-03-23 16:00:00,2026-03-23,16:00:00,43130,43310,42530,42540,3156,DIRECTA
FIB6F,15M,2026-03-23 16:00:00,2026-03-23,16:00:00,43130,43310,43115,43235,576,DIRECTA
FIB6F,5M,2026-03-23 16:00:00,2026-03-23,16:00:00,43130,43255,43115,43250,197,DIRECTA
FIB6F,5M,2026-03-23 16:05:00,2026-03-23,16:05:00,43250,43290,43225,43265,213,DIRECTA
FIB6F,5M,2026-03-23 16:10:00,2026-03-23,16:10:00,43260,43310,43235,43235,166,DIRECTA
FIB6F,15M,2026-03-23 16:15:00,2026-03-23,16:15:00,43230,43255,43065,43090,720,DIRECTA
FIB6F,5M,2026-03-23 16:15:00,2026-03-23,16:15:00,43230,43255,43130,43150,315,DIRECTA
FIB6F,5M,2026-03-23 16:20:00,2026-03-23,16:20:00,43150,43195,43110,43170,161,DIRECTA
FIB6F,5M,2026-03-23 16:25:00,2026-03-23,16:25:00,43160,43200,43065,43090,244,DIRECTA
FIB6F,15M,2026-03-23 16:30:00,2026-03-23,16:30:00,43095,43115,42850,42880,762,DIRECTA
FIB6F,5M,2026-03-23 16:30:00,2026-03-23,16:30:00,43095,43115,43035,43050,202,DIRECTA
FIB6F,5M,2026-03-23 16:35:00,2026-03-23,16:35:00,43050,43055,42935,42935,296,DIRECTA
FIB6F,5M,2026-03-23 16:40:00,2026-03-23,16:40:00,42930,42955,42850,42880,264,DIRECTA
FIB6F,15M,2026-03-23 16:45:00,2026-03-23,16:45:00,42870,42940,42530,42540,1098,DIRECTA
FIB6F,5M,2026-03-23 16:45:00,2026-03-23,16:45:00,42870,42940,42845,42915,205,DIRECTA
FIB6F,5M,2026-03-23 16:50:00,2026-03-23,16:50:00,42920,42930,42710,42710,539,DIRECTA
FIB6F,5M,2026-03-23 16:55:00,2026-03-23,16:55:00,42715,42720,42530,42540,354,DIRECTA
FIB6F,1H,2026-03-23 17:00:00,2026-03-23,17:00:00,42535,42680,42390,42570,3826,DIRECTA
FIB6F,15M,2026-03-23 17:00:00,2026-03-23,17:00:00,42535,42675,42520,42665,755,DIRECTA
FIB6F,5M,2026-03-23 17:00:00,2026-03-23,17:00:00,42535,42640,42525,42575,299,DIRECTA
FIB6F,5M,2026-03-23 17:05:00,2026-03-23,17:05:00,42575,42635,42520,42600,228,DIRECTA
FIB6F,5M,2026-03-23 17:10:00,2026-03-23,17:10:00,42590,42675,42565,42665,228,DIRECTA
FIB6F,15M,2026-03-23 17:15:00,2026-03-23,17:15:00,42660,42680,42475,42475,1095,DIRECTA
FIB6F,5M,2026-03-23 17:15:00,2026-03-23,17:15:00,42660,42680,42560,42560,215,DIRECTA
FIB6F,5M,2026-03-23 17:20:00,2026-03-23,17:20:00,42560,42580,42520,42560,321,DIRECTA
FIB6F,5M,2026-03-23 17:25:00,2026-03-23,17:25:00,42565,42605,42475,42475,559,DIRECTA
FIB6F,15M,2026-03-23 17:30:00,2026-03-23,17:30:00,42475,42570,42390,42565,1596,DIRECTA
FIB6F,5M,2026-03-23 17:30:00,2026-03-23,17:30:00,42475,42505,42390,42445,934,DIRECTA
FIB6F,5M,2026-03-23 17:35:00,2026-03-23,17:35:00,42450,42555,42445,42505,506,DIRECTA
FIB6F,5M,2026-03-23 17:40:00,2026-03-23,17:40:00,42510,42570,42485,42565,156,DIRECTA
FIB6F,15M,2026-03-23 17:45:00,2026-03-23,17:45:00,42570,42640,42530,42570,380,DIRECTA
FIB6F,5M,2026-03-23 17:45:00,2026-03-23,17:45:00,42570,42615,42530,42615,152,DIRECTA
FIB6F,5M,2026-03-23 17:50:00,2026-03-23,17:50:00,42605,42640,42530,42610,106,DIRECTA
FIB6F,5M,2026-03-23 17:55:00,2026-03-23,17:55:00,42605,42610,42550,42570,122,DIRECTA
FIB6F,1H,2026-03-23 18:00:00,2026-03-23,18:00:00,42570,42950,42525,42875,700,DIRECTA
FIB6F,15M,2026-03-23 18:00:00,2026-03-23,18:00:00,42570,42665,42525,42620,238,DIRECTA
FIB6F,5M,2026-03-23 18:00:00,2026-03-23,18:00:00,42570,42615,42530,42530,82,DIRECTA
FIB6F,5M,2026-03-23 18:05:00,2026-03-23,18:05:00,42535,42635,42525,42635,89,DIRECTA
FIB6F,5M,2026-03-23 18:10:00,2026-03-23,18:10:00,42635,42665,42620,42620,67,DIRECTA
FIB6F,15M,2026-03-23 18:15:00,2026-03-23,18:15:00,42615,42740,42590,42725,199,DIRECTA
FIB6F,5M,2026-03-23 18:15:00,2026-03-23,18:15:00,42615,42655,42590,42645,67,DIRECTA
FIB6F,5M,2026-03-23 18:20:00,2026-03-23,18:20:00,42650,42670,42615,42665,69,DIRECTA
FIB6F,5M,2026-03-23 18:25:00,2026-03-23,18:25:00,42655,42740,42655,42725,63,DIRECTA
FIB6F,15M,2026-03-23 18:30:00,2026-03-23,18:30:00,42730,42950,42730,42865,204,DIRECTA
FIB6F,5M,2026-03-23 18:30:00,2026-03-23,18:30:00,42730,42865,42730,42865,86,DIRECTA
FIB6F,5M,2026-03-23 18:35:00,2026-03-23,18:35:00,42885,42950,42885,42945,67,DIRECTA
FIB6F,5M,2026-03-23 18:40:00,2026-03-23,18:40:00,42940,42940,42835,42865,51,DIRECTA
FIB6F,15M,2026-03-23 18:45:00,2026-03-23,18:45:00,42845,42890,42795,42875,59,DIRECTA
FIB6F,5M,2026-03-23 18:45:00,2026-03-23,18:45:00,42845,42845,42795,42800,16,DIRECTA
FIB6F,5M,2026-03-23 18:50:00,2026-03-23,18:50:00,42805,42850,42805,42850,13,DIRECTA
FIB6F,5M,2026-03-23 18:55:00,2026-03-23,18:55:00,42845,42890,42845,42875,30,DIRECTA
FIB6F,1H,2026-03-23 19:00:00,2026-03-23,19:00:00,42875,43055,42770,42995,507,DIRECTA
FIB6F,15M,2026-03-23 19:00:00,2026-03-23,19:00:00,42875,42890,42770,42875,172,DIRECTA
FIB6F,5M,2026-03-23 19:00:00,2026-03-23,19:00:00,42875,42890,42850,42880,30,DIRECTA
FIB6F,5M,2026-03-23 19:05:00,2026-03-23,19:05:00,42885,42885,42770,42835,104,DIRECTA
FIB6F,5M,2026-03-23 19:10:00,2026-03-23,19:10:00,42845,42890,42830,42875,38,DIRECTA
FIB6F,15M,2026-03-23 19:15:00,2026-03-23,19:15:00,42875,42900,42830,42875,95,DIRECTA
FIB6F,5M,2026-03-23 19:15:00,2026-03-23,19:15:00,42875,42885,42830,42850,44,DIRECTA
FIB6F,5M,2026-03-23 19:20:00,2026-03-23,19:20:00,42850,42875,42840,42875,24,DIRECTA
FIB6F,5M,2026-03-23 19:25:00,2026-03-23,19:25:00,42880,42900,42865,42875,27,DIRECTA
FIB6F,15M,2026-03-23 19:30:00,2026-03-23,19:30:00,42895,43050,42890,43030,178,DIRECTA
FIB6F,5M,2026-03-23 19:30:00,2026-03-23,19:30:00,42895,43005,42890,43000,52,DIRECTA
FIB6F,5M,2026-03-23 19:35:00,2026-03-23,19:35:00,43005,43050,42990,43010,89,DIRECTA
FIB6F,5M,2026-03-23 19:40:00,2026-03-23,19:40:00,43005,43030,42975,43030,37,DIRECTA
FIB6F,15M,2026-03-23 19:45:00,2026-03-23,19:45:00,43025,43055,42995,42995,62,DIRECTA
FIB6F,5M,2026-03-23 19:45:00,2026-03-23,19:45:00,43025,43050,43025,43040,24,DIRECTA
FIB6F,5M,2026-03-23 19:50:00,2026-03-23,19:50:00,43055,43055,43015,43015,25,DIRECTA
FIB6F,5M,2026-03-23 19:55:00,2026-03-23,19:55:00,43025,43025,42995,42995,13,DIRECTA
FIB6F,1H,2026-03-23 20:00:00,2026-03-23,20:00:00,42990,42990,42745,42765,273,DIRECTA
FIB6F,15M,2026-03-23 20:00:00,2026-03-23,20:00:00,42990,42990,42940,42950,30,DIRECTA
FIB6F,5M,2026-03-23 20:00:00,2026-03-23,20:00:00,42990,42990,42950,42955,12,DIRECTA
FIB6F,5M,2026-03-23 20:05:00,2026-03-23,20:05:00,42945,42970,42940,42965,9,DIRECTA
FIB6F,5M,2026-03-23 20:10:00,2026-03-23,20:10:00,42960,42960,42940,42950,9,DIRECTA
FIB6F,15M,2026-03-23 20:15:00,2026-03-23,20:15:00,42935,42935,42815,42840,80,DIRECTA
FIB6F,5M,2026-03-23 20:15:00,2026-03-23,20:15:00,42935,42935,42880,42885,18,DIRECTA
FIB6F,5M,2026-03-23 20:20:00,2026-03-23,20:20:00,42875,42875,42825,42835,28,DIRECTA
FIB6F,5M,2026-03-23 20:25:00,2026-03-23,20:25:00,42845,42870,42815,42840,34,DIRECTA
FIB6F,15M,2026-03-23 20:30:00,2026-03-23,20:30:00,42845,42880,42835,42835,88,DIRECTA
FIB6F,5M,2026-03-23 20:30:00,2026-03-23,20:30:00,42845,42870,42840,42850,33,DIRECTA
FIB6F,5M,2026-03-23 20:35:00,2026-03-23,20:35:00,42860,42880,42835,42880,21,DIRECTA
FIB6F,5M,2026-03-23 20:40:00,2026-03-23,20:40:00,42875,42880,42835,42835,34,DIRECTA
FIB6F,15M,2026-03-23 20:45:00,2026-03-23,20:45:00,42865,42935,42745,42765,75,DIRECTA
FIB6F,5M,2026-03-23 20:45:00,2026-03-23,20:45:00,42865,42935,42865,42890,11,DIRECTA
FIB6F,5M,2026-03-23 20:50:00,2026-03-23,20:50:00,42885,42885,42785,42785,18,DIRECTA
FIB6F,5M,2026-03-23 20:55:00,2026-03-23,20:55:00,42795,42795,42745,42765,46,DIRECTA
FIB6F,1H,2026-03-23 21:00:00,2026-03-23,21:00:00,42765,42830,42705,42815,93,DIRECTA
FIB6F,15M,2026-03-23 21:00:00,2026-03-23,21:00:00,42765,42770,42705,42760,31,DIRECTA
FIB6F,5M,2026-03-23 21:00:00,2026-03-23,21:00:00,42765,42765,42705,42730,15,DIRECTA
FIB6F,5M,2026-03-23 21:05:00,2026-03-23,21:05:00,42740,42750,42730,42750,12,DIRECTA
FIB6F,5M,2026-03-23 21:10:00,2026-03-23,21:10:00,42770,42770,42760,42760,4,DIRECTA
FIB6F,15M,2026-03-23 21:15:00,2026-03-23,21:15:00,42760,42775,42745,42775,23,DIRECTA
FIB6F,5M,2026-03-23 21:15:00,2026-03-23,21:15:00,42760,42760,42760,42760,6,DIRECTA
FIB6F,5M,2026-03-23 21:20:00,2026-03-23,21:20:00,42745,42755,42745,42755,12,DIRECTA
FIB6F,5M,2026-03-23 21:25:00,2026-03-23,21:25:00,42755,42775,42755,42775,5,DIRECTA
FIB6F,15M,2026-03-23 21:30:00,2026-03-23,21:30:00,42765,42820,42750,42820,14,DIRECTA
FIB6F,5M,2026-03-23 21:30:00,2026-03-23,21:30:00,42765,42765,42750,42760,8,DIRECTA
FIB6F,5M,2026-03-23 21:35:00,2026-03-23,21:35:00,42785,42795,42785,42795,2,DIRECTA
FIB6F,5M,2026-03-23 21:40:00,2026-03-23,21:40:00,42815,42820,42815,42820,4,DIRECTA
FIB6F,15M,2026-03-23 21:45:00,2026-03-23,21:45:00,42820,42830,42795,42815,25,DIRECTA
FIB6F,5M,2026-03-23 21:45:00,2026-03-23,21:45:00,42820,42830,42815,42815,4,DIRECTA
FIB6F,5M,2026-03-23 21:50:00,2026-03-23,21:50:00,42810,42810,42795,42805,5,DIRECTA
FIB6F,5M,2026-03-23 21:55:00,2026-03-23,21:55:00,42800,42820,42795,42815,16,DIRECTA
FIB6F,D,2026-03-24 08:00:00,2026-03-24,08:00:00,42385,43095,42060,42660,18829,DIRECTA
FIB6F,1H,2026-03-24 08:00:00,2026-03-24,08:00:00,42385,42690,42375,42590,585,DIRECTA
FIB6F,15M,2026-03-24 08:00:00,2026-03-24,08:00:00,42385,42650,42375,42640,214,DIRECTA
FIB6F,5M,2026-03-24 08:00:00,2026-03-24,08:00:00,42385,42530,42375,42490,121,DIRECTA
FIB6F,5M,2026-03-24 08:05:00,2026-03-24,08:05:00,42505,42590,42505,42565,41,DIRECTA
FIB6F,5M,2026-03-24 08:10:00,2026-03-24,08:10:00,42570,42650,42570,42640,52,DIRECTA
FIB6F,15M,2026-03-24 08:15:00,2026-03-24,08:15:00,42635,42690,42610,42635,86,DIRECTA
FIB6F,5M,2026-03-24 08:15:00,2026-03-24,08:15:00,42635,42680,42635,42680,45,DIRECTA
FIB6F,5M,2026-03-24 08:20:00,2026-03-24,08:20:00,42670,42690,42635,42635,26,DIRECTA
FIB6F,5M,2026-03-24 08:25:00,2026-03-24,08:25:00,42635,42645,42610,42635,15,DIRECTA
FIB6F,15M,2026-03-24 08:30:00,2026-03-24,08:30:00,42635,42650,42555,42615,134,DIRECTA
FIB6F,5M,2026-03-24 08:30:00,2026-03-24,08:30:00,42635,42650,42560,42570,44,DIRECTA
FIB6F,5M,2026-03-24 08:35:00,2026-03-24,08:35:00,42570,42605,42555,42595,61,DIRECTA
FIB6F,5M,2026-03-24 08:40:00,2026-03-24,08:40:00,42585,42615,42570,42615,29,DIRECTA
FIB6F,15M,2026-03-24 08:45:00,2026-03-24,08:45:00,42605,42640,42540,42590,151,DIRECTA
FIB6F,5M,2026-03-24 08:45:00,2026-03-24,08:45:00,42605,42605,42540,42575,29,DIRECTA
FIB6F,5M,2026-03-24 08:50:00,2026-03-24,08:50:00,42560,42605,42550,42575,44,DIRECTA
FIB6F,5M,2026-03-24 08:55:00,2026-03-24,08:55:00,42580,42640,42570,42590,78,DIRECTA
FIB6F,1H,2026-03-24 09:00:00,2026-03-24,09:00:00,42595,42700,42165,42215,3549,DIRECTA
FIB6F,15M,2026-03-24 09:00:00,2026-03-24,09:00:00,42595,42700,42495,42575,1184,DIRECTA
FIB6F,5M,2026-03-24 09:00:00,2026-03-24,09:00:00,42595,42650,42495,42635,543,DIRECTA
FIB6F,5M,2026-03-24 09:05:00,2026-03-24,09:05:00,42640,42700,42540,42605,397,DIRECTA
FIB6F,5M,2026-03-24 09:10:00,2026-03-24,09:10:00,42615,42645,42555,42575,244,DIRECTA
FIB6F,15M,2026-03-24 09:15:00,2026-03-24,09:15:00,42590,42675,42325,42375,852,DIRECTA
FIB6F,5M,2026-03-24 09:15:00,2026-03-24,09:15:00,42590,42675,42390,42390,335,DIRECTA
FIB6F,5M,2026-03-24 09:20:00,2026-03-24,09:20:00,42390,42475,42325,42385,268,DIRECTA
FIB6F,5M,2026-03-24 09:25:00,2026-03-24,09:25:00,42385,42400,42330,42375,249,DIRECTA
FIB6F,15M,2026-03-24 09:30:00,2026-03-24,09:30:00,42360,42440,42275,42295,682,DIRECTA
FIB6F,5M,2026-03-24 09:30:00,2026-03-24,09:30:00,42360,42400,42290,42310,249,DIRECTA
FIB6F,5M,2026-03-24 09:35:00,2026-03-24,09:35:00,42305,42440,42300,42345,212,DIRECTA
FIB6F,5M,2026-03-24 09:40:00,2026-03-24,09:40:00,42360,42420,42275,42295,221,DIRECTA
FIB6F,15M,2026-03-24 09:45:00,2026-03-24,09:45:00,42295,42400,42165,42215,831,DIRECTA
FIB6F,5M,2026-03-24 09:45:00,2026-03-24,09:45:00,42295,42400,42270,42270,154,DIRECTA
FIB6F,5M,2026-03-24 09:50:00,2026-03-24,09:50:00,42275,42310,42165,42250,432,DIRECTA
FIB6F,5M,2026-03-24 09:55:00,2026-03-24,09:55:00,42250,42300,42180,42215,245,DIRECTA
FIB6F,1H,2026-03-24 10:00:00,2026-03-24,10:00:00,42225,42535,42075,42500,1688,DIRECTA
FIB6F,15M,2026-03-24 10:00:00,2026-03-24,10:00:00,42225,42335,42105,42110,451,DIRECTA
FIB6F,5M,2026-03-24 10:00:00,2026-03-24,10:00:00,42225,42320,42170,42320,178,DIRECTA
FIB6F,5M,2026-03-24 10:05:00,2026-03-24,10:05:00,42320,42335,42175,42180,138,DIRECTA
FIB6F,5M,2026-03-24 10:10:00,2026-03-24,10:10:00,42175,42275,42105,42110,135,DIRECTA
FIB6F,15M,2026-03-24 10:15:00,2026-03-24,10:15:00,42105,42320,42075,42300,509,DIRECTA
FIB6F,5M,2026-03-24 10:15:00,2026-03-24,10:15:00,42105,42225,42075,42175,212,DIRECTA
FIB6F,5M,2026-03-24 10:20:00,2026-03-24,10:20:00,42175,42205,42120,42205,117,DIRECTA
FIB6F,5M,2026-03-24 10:25:00,2026-03-24,10:25:00,42200,42320,42190,42300,180,DIRECTA
FIB6F,15M,2026-03-24 10:30:00,2026-03-24,10:30:00,42290,42350,42200,42330,361,DIRECTA
FIB6F,5M,2026-03-24 10:30:00,2026-03-24,10:30:00,42290,42310,42235,42255,165,DIRECTA
FIB6F,5M,2026-03-24 10:35:00,2026-03-24,10:35:00,42260,42275,42200,42220,96,DIRECTA
FIB6F,5M,2026-03-24 10:40:00,2026-03-24,10:40:00,42230,42350,42230,42330,100,DIRECTA
FIB6F,15M,2026-03-24 10:45:00,2026-03-24,10:45:00,42315,42535,42270,42500,367,DIRECTA
FIB6F,5M,2026-03-24 10:45:00,2026-03-24,10:45:00,42315,42345,42290,42310,105,DIRECTA
FIB6F,5M,2026-03-24 10:50:00,2026-03-24,10:50:00,42310,42420,42270,42420,102,DIRECTA
FIB6F,5M,2026-03-24 10:55:00,2026-03-24,10:55:00,42420,42535,42420,42500,160,DIRECTA
FIB6F,1H,2026-03-24 11:00:00,2026-03-24,11:00:00,42495,42605,42375,42560,916,DIRECTA
FIB6F,15M,2026-03-24 11:00:00,2026-03-24,11:00:00,42495,42545,42375,42500,297,DIRECTA
FIB6F,5M,2026-03-24 11:00:00,2026-03-24,11:00:00,42495,42505,42375,42460,114,DIRECTA
FIB6F,5M,2026-03-24 11:05:00,2026-03-24,11:05:00,42460,42530,42455,42530,96,DIRECTA
FIB6F,5M,2026-03-24 11:10:00,2026-03-24,11:10:00,42535,42545,42480,42500,87,DIRECTA
FIB6F,15M,2026-03-24 11:15:00,2026-03-24,11:15:00,42485,42540,42430,42435,197,DIRECTA
FIB6F,5M,2026-03-24 11:15:00,2026-03-24,11:15:00,42485,42540,42485,42500,62,DIRECTA
FIB6F,5M,2026-03-24 11:20:00,2026-03-24,11:20:00,42495,42515,42470,42470,68,DIRECTA
FIB6F,5M,2026-03-24 11:25:00,2026-03-24,11:25:00,42475,42495,42430,42435,67,DIRECTA
FIB6F,15M,2026-03-24 11:30:00,2026-03-24,11:30:00,42440,42595,42410,42575,267,DIRECTA
FIB6F,5M,2026-03-24 11:30:00,2026-03-24,11:30:00,42440,42480,42410,42425,74,DIRECTA
FIB6F,5M,2026-03-24 11:35:00,2026-03-24,11:35:00,42435,42550,42435,42550,73,DIRECTA
FIB6F,5M,2026-03-24 11:40:00,2026-03-24,11:40:00,42555,42595,42520,42575,120,DIRECTA
FIB6F,15M,2026-03-24 11:45:00,2026-03-24,11:45:00,42575,42605,42480,42560,155,DIRECTA
FIB6F,5M,2026-03-24 11:45:00,2026-03-24,11:45:00,42575,42605,42480,42490,82,DIRECTA
FIB6F,5M,2026-03-24 11:50:00,2026-03-24,11:50:00,42500,42565,42500,42550,46,DIRECTA
FIB6F,5M,2026-03-24 11:55:00,2026-03-24,11:55:00,42540,42565,42530,42560,27,DIRECTA
FIB6F,1H,2026-03-24 12:00:00,2026-03-24,12:00:00,42565,42695,42420,42665,1233,DIRECTA
FIB6F,15M,2026-03-24 12:00:00,2026-03-24,12:00:00,42565,42665,42505,42640,313,DIRECTA
FIB6F,5M,2026-03-24 12:00:00,2026-03-24,12:00:00,42565,42595,42505,42585,167,DIRECTA
FIB6F,5M,2026-03-24 12:05:00,2026-03-24,12:05:00,42580,42655,42580,42640,73,DIRECTA
FIB6F,5M,2026-03-24 12:10:00,2026-03-24,12:10:00,42640,42665,42640,42640,73,DIRECTA
FIB6F,15M,2026-03-24 12:15:00,2026-03-24,12:15:00,42640,42640,42540,42590,181,DIRECTA
FIB6F,5M,2026-03-24 12:15:00,2026-03-24,12:15:00,42640,42640,42540,42605,72,DIRECTA
FIB6F,5M,2026-03-24 12:20:00,2026-03-24,12:20:00,42595,42625,42570,42605,69,DIRECTA
FIB6F,5M,2026-03-24 12:25:00,2026-03-24,12:25:00,42605,42605,42560,42590,40,DIRECTA
FIB6F,15M,2026-03-24 12:30:00,2026-03-24,12:30:00,42585,42615,42560,42565,171,DIRECTA
FIB6F,5M,2026-03-24 12:30:00,2026-03-24,12:30:00,42585,42600,42560,42600,87,DIRECTA
FIB6F,5M,2026-03-24 12:35:00,2026-03-24,12:35:00,42600,42610,42565,42590,62,DIRECTA
FIB6F,5M,2026-03-24 12:40:00,2026-03-24,12:40:00,42585,42615,42565,42565,22,DIRECTA
FIB6F,15M,2026-03-24 12:45:00,2026-03-24,12:45:00,42570,42695,42420,42665,568,DIRECTA
FIB6F,5M,2026-03-24 12:45:00,2026-03-24,12:45:00,42570,42695,42570,42685,73,DIRECTA
FIB6F,5M,2026-03-24 12:50:00,2026-03-24,12:50:00,42680,42680,42420,42515,372,DIRECTA
FIB6F,5M,2026-03-24 12:55:00,2026-03-24,12:55:00,42530,42670,42530,42665,123,DIRECTA
FIB6F,1H,2026-03-24 13:00:00,2026-03-24,13:00:00,42660,42680,42240,42265,1121,DIRECTA
FIB6F,15M,2026-03-24 13:00:00,2026-03-24,13:00:00,42660,42680,42470,42535,160,DIRECTA
FIB6F,5M,2026-03-24 13:00:00,2026-03-24,13:00:00,42660,42680,42570,42570,53,DIRECTA
FIB6F,5M,2026-03-24 13:05:00,2026-03-24,13:05:00,42575,42575,42505,42515,60,DIRECTA
FIB6F,5M,2026-03-24 13:10:00,2026-03-24,13:10:00,42525,42545,42470,42535,47,DIRECTA
FIB6F,15M,2026-03-24 13:15:00,2026-03-24,13:15:00,42535,42600,42505,42535,232,DIRECTA
FIB6F,5M,2026-03-24 13:15:00,2026-03-24,13:15:00,42535,42550,42505,42540,59,DIRECTA
FIB6F,5M,2026-03-24 13:20:00,2026-03-24,13:20:00,42535,42580,42510,42575,58,DIRECTA
FIB6F,5M,2026-03-24 13:25:00,2026-03-24,13:25:00,42565,42600,42520,42535,115,DIRECTA
FIB6F,15M,2026-03-24 13:30:00,2026-03-24,13:30:00,42525,42540,42285,42295,388,DIRECTA
FIB6F,5M,2026-03-24 13:30:00,2026-03-24,13:30:00,42525,42540,42375,42400,96,DIRECTA
FIB6F,5M,2026-03-24 13:35:00,2026-03-24,13:35:00,42400,42420,42315,42325,99,DIRECTA
FIB6F,5M,2026-03-24 13:40:00,2026-03-24,13:40:00,42330,42345,42285,42295,193,DIRECTA
FIB6F,15M,2026-03-24 13:45:00,2026-03-24,13:45:00,42295,42340,42240,42265,341,DIRECTA
FIB6F,5M,2026-03-24 13:45:00,2026-03-24,13:45:00,42295,42330,42270,42285,114,DIRECTA
FIB6F,5M,2026-03-24 13:50:00,2026-03-24,13:50:00,42280,42340,42260,42310,126,DIRECTA
FIB6F,5M,2026-03-24 13:55:00,2026-03-24,13:55:00,42325,42325,42240,42265,101,DIRECTA
FIB6F,1H,2026-03-24 14:00:00,2026-03-24,14:00:00,42260,42325,42060,42255,1984,DIRECTA
FIB6F,15M,2026-03-24 14:00:00,2026-03-24,14:00:00,42260,42325,42130,42260,463,DIRECTA
FIB6F,5M,2026-03-24 14:00:00,2026-03-24,14:00:00,42260,42320,42255,42305,91,DIRECTA
FIB6F,5M,2026-03-24 14:05:00,2026-03-24,14:05:00,42305,42325,42130,42180,296,DIRECTA
FIB6F,5M,2026-03-24 14:10:00,2026-03-24,14:10:00,42175,42280,42175,42260,76,DIRECTA
FIB6F,15M,2026-03-24 14:15:00,2026-03-24,14:15:00,42270,42280,42120,42175,279,DIRECTA
FIB6F,5M,2026-03-24 14:15:00,2026-03-24,14:15:00,42270,42280,42200,42200,74,DIRECTA
FIB6F,5M,2026-03-24 14:20:00,2026-03-24,14:20:00,42195,42250,42180,42185,71,DIRECTA
FIB6F,5M,2026-03-24 14:25:00,2026-03-24,14:25:00,42185,42235,42120,42175,134,DIRECTA
FIB6F,15M,2026-03-24 14:30:00,2026-03-24,14:30:00,42170,42305,42150,42160,575,DIRECTA
FIB6F,5M,2026-03-24 14:30:00,2026-03-24,14:30:00,42170,42235,42150,42235,234,DIRECTA
FIB6F,5M,2026-03-24 14:35:00,2026-03-24,14:35:00,42245,42305,42195,42250,213,DIRECTA
FIB6F,5M,2026-03-24 14:40:00,2026-03-24,14:40:00,42250,42260,42160,42160,128,DIRECTA
FIB6F,15M,2026-03-24 14:45:00,2026-03-24,14:45:00,42155,42255,42060,42255,667,DIRECTA
FIB6F,5M,2026-03-24 14:45:00,2026-03-24,14:45:00,42155,42195,42080,42090,265,DIRECTA
FIB6F,5M,2026-03-24 14:50:00,2026-03-24,14:50:00,42095,42140,42060,42105,234,DIRECTA
FIB6F,5M,2026-03-24 14:55:00,2026-03-24,14:55:00,42110,42255,42105,42255,168,DIRECTA
FIB6F,1H,2026-03-24 15:00:00,2026-03-24,15:00:00,42250,42670,42200,42570,3041,DIRECTA
FIB6F,15M,2026-03-24 15:00:00,2026-03-24,15:00:00,42250,42360,42200,42285,401,DIRECTA
FIB6F,5M,2026-03-24 15:00:00,2026-03-24,15:00:00,42250,42305,42240,42270,131,DIRECTA
FIB6F,5M,2026-03-24 15:05:00,2026-03-24,15:05:00,42265,42350,42200,42340,179,DIRECTA
FIB6F,5M,2026-03-24 15:10:00,2026-03-24,15:10:00,42350,42360,42215,42285,91,DIRECTA
FIB6F,15M,2026-03-24 15:15:00,2026-03-24,15:15:00,42280,42345,42245,42305,351,DIRECTA
FIB6F,5M,2026-03-24 15:15:00,2026-03-24,15:15:00,42280,42315,42245,42305,103,DIRECTA
FIB6F,5M,2026-03-24 15:20:00,2026-03-24,15:20:00,42290,42335,42265,42300,89,DIRECTA
FIB6F,5M,2026-03-24 15:25:00,2026-03-24,15:25:00,42295,42345,42255,42305,159,DIRECTA
FIB6F,15M,2026-03-24 15:30:00,2026-03-24,15:30:00,42295,42450,42295,42430,572,DIRECTA
FIB6F,5M,2026-03-24 15:30:00,2026-03-24,15:30:00,42295,42440,42295,42440,151,DIRECTA
FIB6F,5M,2026-03-24 15:35:00,2026-03-24,15:35:00,42445,42450,42325,42360,312,DIRECTA
FIB6F,5M,2026-03-24 15:40:00,2026-03-24,15:40:00,42355,42430,42330,42430,109,DIRECTA
FIB6F,15M,2026-03-24 15:45:00,2026-03-24,15:45:00,42430,42670,42315,42570,1717,DIRECTA
FIB6F,5M,2026-03-24 15:45:00,2026-03-24,15:45:00,42430,42490,42365,42375,204,DIRECTA
FIB6F,5M,2026-03-24 15:50:00,2026-03-24,15:50:00,42370,42645,42315,42575,985,DIRECTA
FIB6F,5M,2026-03-24 15:55:00,2026-03-24,15:55:00,42575,42670,42490,42570,528,DIRECTA
FIB6F,1H,2026-03-24 16:00:00,2026-03-24,16:00:00,42580,42745,42545,42545,1722,DIRECTA
FIB6F,15M,2026-03-24 16:00:00,2026-03-24,16:00:00,42580,42665,42565,42615,633,DIRECTA
FIB6F,5M,2026-03-24 16:00:00,2026-03-24,16:00:00,42580,42665,42570,42595,350,DIRECTA
FIB6F,5M,2026-03-24 16:05:00,2026-03-24,16:05:00,42575,42630,42575,42600,126,DIRECTA
FIB6F,5M,2026-03-24 16:10:00,2026-03-24,16:10:00,42595,42625,42565,42615,157,DIRECTA
FIB6F,15M,2026-03-24 16:15:00,2026-03-24,16:15:00,42625,42745,42610,42665,346,DIRECTA
FIB6F,5M,2026-03-24 16:15:00,2026-03-24,16:15:00,42625,42675,42620,42640,111,DIRECTA
FIB6F,5M,2026-03-24 16:20:00,2026-03-24,16:20:00,42640,42715,42610,42710,102,DIRECTA
FIB6F,5M,2026-03-24 16:25:00,2026-03-24,16:25:00,42705,42745,42650,42665,133,DIRECTA
FIB6F,15M,2026-03-24 16:30:00,2026-03-24,16:30:00,42660,42725,42615,42680,289,DIRECTA
FIB6F,5M,2026-03-24 16:30:00,2026-03-24,16:30:00,42660,42685,42615,42665,108,DIRECTA
FIB6F,5M,2026-03-24 16:35:00,2026-03-24,16:35:00,42680,42725,42680,42700,77,DIRECTA
FIB6F,5M,2026-03-24 16:40:00,2026-03-24,16:40:00,42695,42700,42665,42680,104,DIRECTA
FIB6F,15M,2026-03-24 16:45:00,2026-03-24,16:45:00,42680,42745,42545,42545,454,DIRECTA
FIB6F,5M,2026-03-24 16:45:00,2026-03-24,16:45:00,42680,42745,42670,42715,93,DIRECTA
FIB6F,5M,2026-03-24 16:50:00,2026-03-24,16:50:00,42720,42745,42710,42715,96,DIRECTA
FIB6F,5M,2026-03-24 16:55:00,2026-03-24,16:55:00,42705,42705,42545,42545,265,DIRECTA
FIB6F,1H,2026-03-24 17:00:00,2026-03-24,17:00:00,42540,42720,42495,42560,1542,DIRECTA
FIB6F,15M,2026-03-24 17:00:00,2026-03-24,17:00:00,42540,42585,42495,42550,338,DIRECTA
FIB6F,5M,2026-03-24 17:00:00,2026-03-24,17:00:00,42540,42560,42505,42510,153,DIRECTA
FIB6F,5M,2026-03-24 17:05:00,2026-03-24,17:05:00,42505,42560,42495,42560,113,DIRECTA
FIB6F,5M,2026-03-24 17:10:00,2026-03-24,17:10:00,42560,42585,42520,42550,72,DIRECTA
FIB6F,15M,2026-03-24 17:15:00,2026-03-24,17:15:00,42555,42710,42555,42705,498,DIRECTA
FIB6F,5M,2026-03-24 17:15:00,2026-03-24,17:15:00,42555,42670,42555,42670,98,DIRECTA
FIB6F,5M,2026-03-24 17:20:00,2026-03-24,17:20:00,42670,42680,42625,42660,171,DIRECTA
FIB6F,5M,2026-03-24 17:25:00,2026-03-24,17:25:00,42665,42710,42645,42705,229,DIRECTA
FIB6F,15M,2026-03-24 17:30:00,2026-03-24,17:30:00,42700,42720,42500,42605,584,DIRECTA
FIB6F,5M,2026-03-24 17:30:00,2026-03-24,17:30:00,42700,42720,42660,42660,352,DIRECTA
FIB6F,5M,2026-03-24 17:35:00,2026-03-24,17:35:00,42665,42670,42500,42505,176,DIRECTA
FIB6F,5M,2026-03-24 17:40:00,2026-03-24,17:40:00,42510,42605,42505,42605,56,DIRECTA
FIB6F,15M,2026-03-24 17:45:00,2026-03-24,17:45:00,42615,42655,42525,42560,122,DIRECTA
FIB6F,5M,2026-03-24 17:45:00,2026-03-24,17:45:00,42615,42655,42575,42575,28,DIRECTA
FIB6F,5M,2026-03-24 17:50:00,2026-03-24,17:50:00,42590,42610,42575,42585,26,DIRECTA
FIB6F,5M,2026-03-24 17:55:00,2026-03-24,17:55:00,42565,42590,42525,42560,68,DIRECTA
FIB6F,1H,2026-03-24 18:00:00,2026-03-24,18:00:00,42570,42570,42310,42500,621,DIRECTA
FIB6F,15M,2026-03-24 18:00:00,2026-03-24,18:00:00,42570,42570,42310,42355,198,DIRECTA
FIB6F,5M,2026-03-24 18:00:00,2026-03-24,18:00:00,42570,42570,42430,42430,30,DIRECTA
FIB6F,5M,2026-03-24 18:05:00,2026-03-24,18:05:00,42420,42420,42335,42345,110,DIRECTA
FIB6F,5M,2026-03-24 18:10:00,2026-03-24,18:10:00,42340,42385,42310,42355,58,DIRECTA
FIB6F,15M,2026-03-24 18:15:00,2026-03-24,18:15:00,42350,42410,42335,42410,106,DIRECTA
FIB6F,5M,2026-03-24 18:15:00,2026-03-24,18:15:00,42350,42375,42335,42360,39,DIRECTA
FIB6F,5M,2026-03-24 18:20:00,2026-03-24,18:20:00,42350,42405,42350,42400,46,DIRECTA
FIB6F,5M,2026-03-24 18:25:00,2026-03-24,18:25:00,42380,42410,42380,42410,21,DIRECTA
FIB6F,15M,2026-03-24 18:30:00,2026-03-24,18:30:00,42415,42450,42340,42340,71,DIRECTA
FIB6F,5M,2026-03-24 18:30:00,2026-03-24,18:30:00,42415,42450,42375,42375,22,DIRECTA
FIB6F,5M,2026-03-24 18:35:00,2026-03-24,18:35:00,42370,42430,42360,42430,22,DIRECTA
FIB6F,5M,2026-03-24 18:40:00,2026-03-24,18:40:00,42430,42450,42340,42340,27,DIRECTA
FIB6F,15M,2026-03-24 18:45:00,2026-03-24,18:45:00,42350,42515,42350,42500,246,DIRECTA
FIB6F,5M,2026-03-24 18:45:00,2026-03-24,18:45:00,42350,42385,42350,42385,12,DIRECTA
FIB6F,5M,2026-03-24 18:50:00,2026-03-24,18:50:00,42365,42430,42365,42390,42,DIRECTA
FIB6F,5M,2026-03-24 18:55:00,2026-03-24,18:55:00,42380,42515,42380,42500,192,DIRECTA
FIB6F,1H,2026-03-24 19:00:00,2026-03-24,19:00:00,42505,42695,42435,42560,354,DIRECTA
FIB6F,15M,2026-03-24 19:00:00,2026-03-24,19:00:00,42505,42555,42480,42490,63,DIRECTA
FIB6F,5M,2026-03-24 19:00:00,2026-03-24,19:00:00,42505,42555,42485,42515,33,DIRECTA
FIB6F,5M,2026-03-24 19:05:00,2026-03-24,19:05:00,42510,42515,42480,42480,15,DIRECTA
FIB6F,5M,2026-03-24 19:10:00,2026-03-24,19:10:00,42480,42505,42480,42490,15,DIRECTA
FIB6F,15M,2026-03-24 19:15:00,2026-03-24,19:15:00,42480,42540,42435,42510,108,DIRECTA
FIB6F,5M,2026-03-24 19:15:00,2026-03-24,19:15:00,42480,42500,42435,42470,61,DIRECTA
FIB6F,5M,2026-03-24 19:20:00,2026-03-24,19:20:00,42480,42495,42465,42480,22,DIRECTA
FIB6F,5M,2026-03-24 19:25:00,2026-03-24,19:25:00,42490,42540,42490,42510,25,DIRECTA
FIB6F,15M,2026-03-24 19:30:00,2026-03-24,19:30:00,42505,42695,42495,42600,155,DIRECTA
FIB6F,5M,2026-03-24 19:30:00,2026-03-24,19:30:00,42505,42595,42495,42570,37,DIRECTA
FIB6F,5M,2026-03-24 19:35:00,2026-03-24,19:35:00,42565,42690,42565,42690,68,DIRECTA
FIB6F,5M,2026-03-24 19:40:00,2026-03-24,19:40:00,42690,42695,42595,42600,50,DIRECTA
FIB6F,15M,2026-03-24 19:45:00,2026-03-24,19:45:00,42600,42630,42550,42560,28,DIRECTA
FIB6F,5M,2026-03-24 19:45:00,2026-03-24,19:45:00,42600,42600,42570,42580,12,DIRECTA
FIB6F,5M,2026-03-24 19:50:00,2026-03-24,19:50:00,42600,42630,42600,42600,10,DIRECTA
FIB6F,5M,2026-03-24 19:55:00,2026-03-24,19:55:00,42585,42585,42550,42560,6,DIRECTA
FIB6F,1H,2026-03-24 20:00:00,2026-03-24,20:00:00,42570,42660,42480,42495,142,DIRECTA
FIB6F,15M,2026-03-24 20:00:00,2026-03-24,20:00:00,42570,42660,42570,42660,38,DIRECTA
FIB6F,5M,2026-03-24 20:00:00,2026-03-24,20:00:00,42570,42625,42570,42620,14,DIRECTA
FIB6F,5M,2026-03-24 20:05:00,2026-03-24,20:05:00,42610,42645,42610,42645,17,DIRECTA
FIB6F,5M,2026-03-24 20:10:00,2026-03-24,20:10:00,42645,42660,42640,42660,7,DIRECTA
FIB6F,15M,2026-03-24 20:15:00,2026-03-24,20:15:00,42655,42655,42585,42585,25,DIRECTA
FIB6F,5M,2026-03-24 20:15:00,2026-03-24,20:15:00,42655,42655,42635,42635,6,DIRECTA
FIB6F,5M,2026-03-24 20:20:00,2026-03-24,20:20:00,42635,42635,42615,42620,6,DIRECTA
FIB6F,5M,2026-03-24 20:25:00,2026-03-24,20:25:00,42605,42610,42585,42585,13,DIRECTA
FIB6F,15M,2026-03-24 20:30:00,2026-03-24,20:30:00,42580,42580,42530,42560,29,DIRECTA
FIB6F,5M,2026-03-24 20:30:00,2026-03-24,20:30:00,42580,42580,42550,42580,7,DIRECTA
FIB6F,5M,2026-03-24 20:35:00,2026-03-24,20:35:00,42550,42550,42530,42535,13,DIRECTA
FIB6F,5M,2026-03-24 20:40:00,2026-03-24,20:40:00,42550,42565,42545,42560,9,DIRECTA
FIB6F,15M,2026-03-24 20:45:00,2026-03-24,20:45:00,42545,42545,42480,42495,50,DIRECTA
FIB6F,5M,2026-03-24 20:45:00,2026-03-24,20:45:00,42545,42545,42520,42525,9,DIRECTA
FIB6F,5M,2026-03-24 20:50:00,2026-03-24,20:50:00,42525,42540,42505,42515,19,DIRECTA
FIB6F,5M,2026-03-24 20:55:00,2026-03-24,20:55:00,42515,42515,42480,42495,22,DIRECTA
FIB6F,1H,2026-03-24 21:00:00,2026-03-24,21:00:00,42495,43095,42495,43020,331,DIRECTA
FIB6F,15M,2026-03-24 21:00:00,2026-03-24,21:00:00,42495,42520,42495,42500,9,DIRECTA
FIB6F,5M,2026-03-24 21:00:00,2026-03-24,21:00:00,42495,42520,42495,42520,8,DIRECTA
FIB6F,5M,2026-03-24 21:05:00,2026-03-24,21:05:00,42500,42500,42500,42500,1,DIRECTA
FIB6F,15M,2026-03-24 21:15:00,2026-03-24,21:15:00,42495,43045,42495,42830,134,DIRECTA
FIB6F,5M,2026-03-24 21:15:00,2026-03-24,21:15:00,42495,42550,42495,42550,7,DIRECTA
FIB6F,5M,2026-03-24 21:20:00,2026-03-24,21:20:00,42550,42935,42550,42935,62,DIRECTA
FIB6F,5M,2026-03-24 21:25:00,2026-03-24,21:25:00,42935,43045,42810,42830,65,DIRECTA
FIB6F,15M,2026-03-24 21:30:00,2026-03-24,21:30:00,42845,43095,42845,42940,128,DIRECTA
FIB6F,5M,2026-03-24 21:30:00,2026-03-24,21:30:00,42845,42940,42845,42910,19,DIRECTA
FIB6F,5M,2026-03-24 21:35:00,2026-03-24,21:35:00,42935,43095,42935,43075,63,DIRECTA
FIB6F,5M,2026-03-24 21:40:00,2026-03-24,21:40:00,43065,43070,42920,42940,46,DIRECTA
FIB6F,15M,2026-03-24 21:45:00,2026-03-24,21:45:00,42955,43025,42920,43020,60,DIRECTA
FIB6F,5M,2026-03-24 21:45:00,2026-03-24,21:45:00,42955,42955,42920,42950,14,DIRECTA
FIB6F,5M,2026-03-24 21:50:00,2026-03-24,21:50:00,42955,42975,42920,42920,26,DIRECTA
FIB6F,5M,2026-03-24 21:55:00,2026-03-24,21:55:00,42950,43025,42950,43020,20,DIRECTA
FIB6F,D,2026-03-25 08:00:00,2026-03-25,08:00:00,42965,43525,42940,43285,18002,DIRECTA
FIB6F,1H,2026-03-25 08:00:00,2026-03-25,08:00:00,42965,43180,42940,43180,441,DIRECTA
FIB6F,15M,2026-03-25 08:00:00,2026-03-25,08:00:00,42965,43025,42950,43005,100,DIRECTA
FIB6F,5M,2026-03-25 08:00:00,2026-03-25,08:00:00,42965,42995,42950,42985,60,DIRECTA
FIB6F,5M,2026-03-25 08:05:00,2026-03-25,08:05:00,42985,42990,42955,42975,21,DIRECTA
FIB6F,5M,2026-03-25 08:10:00,2026-03-25,08:10:00,42995,43025,42970,43005,19,DIRECTA
FIB6F,15M,2026-03-25 08:15:00,2026-03-25,08:15:00,43000,43040,42940,42965,70,DIRECTA
FIB6F,5M,2026-03-25 08:15:00,2026-03-25,08:15:00,43000,43040,42990,43030,17,DIRECTA
FIB6F,5M,2026-03-25 08:20:00,2026-03-25,08:20:00,43040,43040,42965,42965,24,DIRECTA
FIB6F,5M,2026-03-25 08:25:00,2026-03-25,08:25:00,42950,42970,42940,42965,29,DIRECTA
FIB6F,15M,2026-03-25 08:30:00,2026-03-25,08:30:00,42985,43065,42955,43060,56,DIRECTA
FIB6F,5M,2026-03-25 08:30:00,2026-03-25,08:30:00,42985,43015,42980,42990,19,DIRECTA
FIB6F,5M,2026-03-25 08:35:00,2026-03-25,08:35:00,42995,42995,42955,42980,16,DIRECTA
FIB6F,5M,2026-03-25 08:40:00,2026-03-25,08:40:00,42995,43065,42995,43060,21,DIRECTA
FIB6F,15M,2026-03-25 08:45:00,2026-03-25,08:45:00,43050,43180,43050,43180,215,DIRECTA
FIB6F,5M,2026-03-25 08:45:00,2026-03-25,08:45:00,43050,43135,43050,43135,33,DIRECTA
FIB6F,5M,2026-03-25 08:50:00,2026-03-25,08:50:00,43115,43145,43100,43100,49,DIRECTA
FIB6F,5M,2026-03-25 08:55:00,2026-03-25,08:55:00,43100,43180,43080,43180,133,DIRECTA
FIB6F,1H,2026-03-25 09:00:00,2026-03-25,09:00:00,43175,43455,43035,43320,4131,DIRECTA
FIB6F,15M,2026-03-25 09:00:00,2026-03-25,09:00:00,43175,43290,43035,43270,1369,DIRECTA
FIB6F,5M,2026-03-25 09:00:00,2026-03-25,09:00:00,43175,43240,43035,43205,701,DIRECTA
FIB6F,5M,2026-03-25 09:05:00,2026-03-25,09:05:00,43200,43290,43195,43240,401,DIRECTA
FIB6F,5M,2026-03-25 09:10:00,2026-03-25,09:10:00,43240,43285,43225,43270,267,DIRECTA
FIB6F,15M,2026-03-25 09:15:00,2026-03-25,09:15:00,43270,43425,43260,43365,921,DIRECTA
FIB6F,5M,2026-03-25 09:15:00,2026-03-25,09:15:00,43270,43395,43260,43380,377,DIRECTA
FIB6F,5M,2026-03-25 09:20:00,2026-03-25,09:20:00,43380,43425,43335,43395,293,DIRECTA
FIB6F,5M,2026-03-25 09:25:00,2026-03-25,09:25:00,43390,43405,43350,43365,251,DIRECTA
FIB6F,15M,2026-03-25 09:30:00,2026-03-25,09:30:00,43370,43455,43270,43385,1150,DIRECTA
FIB6F,5M,2026-03-25 09:30:00,2026-03-25,09:30:00,43370,43455,43360,43420,267,DIRECTA
FIB6F,5M,2026-03-25 09:35:00,2026-03-25,09:35:00,43415,43415,43270,43335,626,DIRECTA
FIB6F,5M,2026-03-25 09:40:00,2026-03-25,09:40:00,43340,43410,43340,43385,257,DIRECTA
FIB6F,15M,2026-03-25 09:45:00,2026-03-25,09:45:00,43385,43440,43265,43320,691,DIRECTA
FIB6F,5M,2026-03-25 09:45:00,2026-03-25,09:45:00,43385,43440,43345,43365,222,DIRECTA
FIB6F,5M,2026-03-25 09:50:00,2026-03-25,09:50:00,43365,43380,43265,43265,355,DIRECTA
FIB6F,5M,2026-03-25 09:55:00,2026-03-25,09:55:00,43270,43335,43265,43320,114,DIRECTA
FIB6F,1H,2026-03-25 10:00:00,2026-03-25,10:00:00,43315,43400,43180,43285,1629,DIRECTA
FIB6F,15M,2026-03-25 10:00:00,2026-03-25,10:00:00,43315,43400,43280,43380,425,DIRECTA
FIB6F,5M,2026-03-25 10:00:00,2026-03-25,10:00:00,43315,43370,43280,43360,170,DIRECTA
FIB6F,5M,2026-03-25 10:05:00,2026-03-25,10:05:00,43360,43400,43360,43375,125,DIRECTA
FIB6F,5M,2026-03-25 10:10:00,2026-03-25,10:10:00,43370,43400,43355,43380,130,DIRECTA
FIB6F,15M,2026-03-25 10:15:00,2026-03-25,10:15:00,43375,43395,43220,43255,278,DIRECTA
FIB6F,5M,2026-03-25 10:15:00,2026-03-25,10:15:00,43375,43395,43360,43390,112,DIRECTA
FIB6F,5M,2026-03-25 10:20:00,2026-03-25,10:20:00,43385,43390,43290,43300,68,DIRECTA
FIB6F,5M,2026-03-25 10:25:00,2026-03-25,10:25:00,43290,43290,43220,43255,98,DIRECTA
FIB6F,15M,2026-03-25 10:30:00,2026-03-25,10:30:00,43260,43340,43250,43255,292,DIRECTA
FIB6F,5M,2026-03-25 10:30:00,2026-03-25,10:30:00,43260,43335,43260,43305,135,DIRECTA
FIB6F,5M,2026-03-25 10:35:00,2026-03-25,10:35:00,43305,43340,43275,43300,88,DIRECTA
FIB6F,5M,2026-03-25 10:40:00,2026-03-25,10:40:00,43295,43310,43250,43255,69,DIRECTA
FIB6F,15M,2026-03-25 10:45:00,2026-03-25,10:45:00,43260,43330,43180,43285,634,DIRECTA
FIB6F,5M,2026-03-25 10:45:00,2026-03-25,10:45:00,43260,43260,43180,43195,87,DIRECTA
FIB6F,5M,2026-03-25 10:50:00,2026-03-25,10:50:00,43190,43250,43185,43220,108,DIRECTA
FIB6F,5M,2026-03-25 10:55:00,2026-03-25,10:55:00,43235,43330,43215,43285,439,DIRECTA
FIB6F,1H,2026-03-25 11:00:00,2026-03-25,11:00:00,43295,43385,43280,43355,845,DIRECTA
FIB6F,15M,2026-03-25 11:00:00,2026-03-25,11:00:00,43295,43365,43285,43330,286,DIRECTA
FIB6F,5M,2026-03-25 11:00:00,2026-03-25,11:00:00,43295,43365,43285,43345,165,DIRECTA
FIB6F,5M,2026-03-25 11:05:00,2026-03-25,11:05:00,43345,43345,43295,43320,58,DIRECTA
FIB6F,5M,2026-03-25 11:10:00,2026-03-25,11:10:00,43310,43335,43305,43330,63,DIRECTA
FIB6F,15M,2026-03-25 11:15:00,2026-03-25,11:15:00,43320,43345,43280,43310,145,DIRECTA
FIB6F,5M,2026-03-25 11:15:00,2026-03-25,11:15:00,43320,43345,43310,43320,45,DIRECTA
FIB6F,5M,2026-03-25 11:20:00,2026-03-25,11:20:00,43330,43345,43280,43300,46,DIRECTA
FIB6F,5M,2026-03-25 11:25:00,2026-03-25,11:25:00,43300,43325,43285,43310,54,DIRECTA
FIB6F,15M,2026-03-25 11:30:00,2026-03-25,11:30:00,43305,43385,43295,43295,255,DIRECTA
FIB6F,5M,2026-03-25 11:30:00,2026-03-25,11:30:00,43305,43340,43295,43330,92,DIRECTA
FIB6F,5M,2026-03-25 11:35:00,2026-03-25,11:35:00,43335,43385,43330,43360,94,DIRECTA
FIB6F,5M,2026-03-25 11:40:00,2026-03-25,11:40:00,43355,43370,43295,43295,69,DIRECTA
FIB6F,15M,2026-03-25 11:45:00,2026-03-25,11:45:00,43295,43385,43280,43355,159,DIRECTA
FIB6F,5M,2026-03-25 11:45:00,2026-03-25,11:45:00,43295,43350,43280,43340,59,DIRECTA
FIB6F,5M,2026-03-25 11:50:00,2026-03-25,11:50:00,43340,43380,43335,43380,53,DIRECTA
FIB6F,5M,2026-03-25 11:55:00,2026-03-25,11:55:00,43375,43385,43355,43355,47,DIRECTA
FIB6F,1H,2026-03-25 12:00:00,2026-03-25,12:00:00,43355,43485,43320,43475,1179,DIRECTA
FIB6F,15M,2026-03-25 12:00:00,2026-03-25,12:00:00,43355,43435,43355,43410,179,DIRECTA
FIB6F,5M,2026-03-25 12:00:00,2026-03-25,12:00:00,43355,43415,43355,43415,84,DIRECTA
FIB6F,5M,2026-03-25 12:05:00,2026-03-25,12:05:00,43415,43435,43410,43430,56,DIRECTA
FIB6F,5M,2026-03-25 12:10:00,2026-03-25,12:10:00,43425,43425,43390,43410,39,DIRECTA
FIB6F,15M,2026-03-25 12:15:00,2026-03-25,12:15:00,43405,43460,43385,43405,184,DIRECTA
FIB6F,5M,2026-03-25 12:15:00,2026-03-25,12:15:00,43405,43405,43385,43400,28,DIRECTA
FIB6F,5M,2026-03-25 12:20:00,2026-03-25,12:20:00,43395,43460,43385,43450,61,DIRECTA
FIB6F,5M,2026-03-25 12:25:00,2026-03-25,12:25:00,43450,43455,43405,43405,95,DIRECTA
FIB6F,15M,2026-03-25 12:30:00,2026-03-25,12:30:00,43420,43480,43420,43475,169,DIRECTA
FIB6F,5M,2026-03-25 12:30:00,2026-03-25,12:30:00,43420,43450,43420,43440,49,DIRECTA
FIB6F,5M,2026-03-25 12:35:00,2026-03-25,12:35:00,43440,43480,43440,43470,64,DIRECTA
FIB6F,5M,2026-03-25 12:40:00,2026-03-25,12:40:00,43470,43475,43440,43475,56,DIRECTA
FIB6F,15M,2026-03-25 12:45:00,2026-03-25,12:45:00,43470,43485,43320,43475,647,DIRECTA
FIB6F,5M,2026-03-25 12:45:00,2026-03-25,12:45:00,43470,43485,43320,43365,464,DIRECTA
FIB6F,5M,2026-03-25 12:50:00,2026-03-25,12:50:00,43380,43425,43325,43400,104,DIRECTA
FIB6F,5M,2026-03-25 12:55:00,2026-03-25,12:55:00,43400,43475,43395,43475,79,DIRECTA
FIB6F,1H,2026-03-25 13:00:00,2026-03-25,13:00:00,43470,43525,43140,43340,1821,DIRECTA
FIB6F,15M,2026-03-25 13:00:00,2026-03-25,13:00:00,43470,43525,43450,43500,312,DIRECTA
FIB6F,5M,2026-03-25 13:00:00,2026-03-25,13:00:00,43470,43510,43455,43455,123,DIRECTA
FIB6F,5M,2026-03-25 13:05:00,2026-03-25,13:05:00,43460,43525,43450,43500,80,DIRECTA
FIB6F,5M,2026-03-25 13:10:00,2026-03-25,13:10:00,43500,43510,43450,43500,109,DIRECTA
FIB6F,15M,2026-03-25 13:15:00,2026-03-25,13:15:00,43505,43510,43205,43240,970,DIRECTA
FIB6F,5M,2026-03-25 13:15:00,2026-03-25,13:15:00,43505,43510,43305,43330,361,DIRECTA
FIB6F,5M,2026-03-25 13:20:00,2026-03-25,13:20:00,43315,43360,43205,43270,460,DIRECTA
FIB6F,5M,2026-03-25 13:25:00,2026-03-25,13:25:00,43275,43335,43230,43240,149,DIRECTA
FIB6F,15M,2026-03-25 13:30:00,2026-03-25,13:30:00,43240,43325,43140,43300,373,DIRECTA
FIB6F,5M,2026-03-25 13:30:00,2026-03-25,13:30:00,43240,43240,43140,43190,174,DIRECTA
FIB6F,5M,2026-03-25 13:35:00,2026-03-25,13:35:00,43190,43315,43190,43315,152,DIRECTA
FIB6F,5M,2026-03-25 13:40:00,2026-03-25,13:40:00,43315,43325,43275,43300,47,DIRECTA
FIB6F,15M,2026-03-25 13:45:00,2026-03-25,13:45:00,43275,43385,43260,43340,166,DIRECTA
FIB6F,5M,2026-03-25 13:45:00,2026-03-25,13:45:00,43275,43325,43260,43310,46,DIRECTA
FIB6F,5M,2026-03-25 13:50:00,2026-03-25,13:50:00,43305,43345,43300,43345,53,DIRECTA
FIB6F,5M,2026-03-25 13:55:00,2026-03-25,13:55:00,43345,43385,43340,43340,67,DIRECTA
FIB6F,1H,2026-03-25 14:00:00,2026-03-25,14:00:00,43345,43450,43220,43250,1193,DIRECTA
FIB6F,15M,2026-03-25 14:00:00,2026-03-25,14:00:00,43345,43435,43290,43345,409,DIRECTA
FIB6F,5M,2026-03-25 14:00:00,2026-03-25,14:00:00,43345,43435,43290,43430,303,DIRECTA
FIB6F,5M,2026-03-25 14:05:00,2026-03-25,14:05:00,43425,43435,43390,43395,52,DIRECTA
FIB6F,5M,2026-03-25 14:10:00,2026-03-25,14:10:00,43395,43415,43330,43345,54,DIRECTA
FIB6F,15M,2026-03-25 14:15:00,2026-03-25,14:15:00,43350,43395,43340,43355,94,DIRECTA
FIB6F,5M,2026-03-25 14:15:00,2026-03-25,14:15:00,43350,43380,43340,43380,36,DIRECTA
FIB6F,5M,2026-03-25 14:20:00,2026-03-25,14:20:00,43380,43385,43360,43380,30,DIRECTA
FIB6F,5M,2026-03-25 14:25:00,2026-03-25,14:25:00,43380,43395,43355,43355,28,DIRECTA
FIB6F,15M,2026-03-25 14:30:00,2026-03-25,14:30:00,43360,43450,43340,43350,313,DIRECTA
FIB6F,5M,2026-03-25 14:30:00,2026-03-25,14:30:00,43360,43410,43350,43375,151,DIRECTA
FIB6F,5M,2026-03-25 14:35:00,2026-03-25,14:35:00,43375,43450,43350,43390,90,DIRECTA
FIB6F,5M,2026-03-25 14:40:00,2026-03-25,14:40:00,43390,43430,43340,43350,72,DIRECTA
FIB6F,15M,2026-03-25 14:45:00,2026-03-25,14:45:00,43355,43375,43220,43250,377,DIRECTA
FIB6F,5M,2026-03-25 14:45:00,2026-03-25,14:45:00,43355,43375,43310,43310,121,DIRECTA
FIB6F,5M,2026-03-25 14:50:00,2026-03-25,14:50:00,43315,43315,43220,43225,127,DIRECTA
FIB6F,5M,2026-03-25 14:55:00,2026-03-25,14:55:00,43220,43310,43220,43250,129,DIRECTA
FIB6F,1H,2026-03-25 15:00:00,2026-03-25,15:00:00,43245,43435,43170,43315,2234,DIRECTA
FIB6F,15M,2026-03-25 15:00:00,2026-03-25,15:00:00,43245,43395,43170,43380,421,DIRECTA
FIB6F,5M,2026-03-25 15:00:00,2026-03-25,15:00:00,43245,43270,43170,43230,163,DIRECTA
FIB6F,5M,2026-03-25 15:05:00,2026-03-25,15:05:00,43220,43275,43195,43275,95,DIRECTA
FIB6F,5M,2026-03-25 15:10:00,2026-03-25,15:10:00,43270,43395,43260,43380,163,DIRECTA
FIB6F,15M,2026-03-25 15:15:00,2026-03-25,15:15:00,43385,43435,43315,43350,680,DIRECTA
FIB6F,5M,2026-03-25 15:15:00,2026-03-25,15:15:00,43385,43415,43370,43380,78,DIRECTA
FIB6F,5M,2026-03-25 15:20:00,2026-03-25,15:20:00,43380,43425,43315,43325,176,DIRECTA
FIB6F,5M,2026-03-25 15:25:00,2026-03-25,15:25:00,43335,43435,43330,43350,426,DIRECTA
FIB6F,15M,2026-03-25 15:30:00,2026-03-25,15:30:00,43355,43410,43290,43325,753,DIRECTA
FIB6F,5M,2026-03-25 15:30:00,2026-03-25,15:30:00,43355,43400,43295,43395,396,DIRECTA
FIB6F,5M,2026-03-25 15:35:00,2026-03-25,15:35:00,43400,43410,43295,43315,212,DIRECTA
FIB6F,5M,2026-03-25 15:40:00,2026-03-25,15:40:00,43310,43355,43290,43325,145,DIRECTA
FIB6F,15M,2026-03-25 15:45:00,2026-03-25,15:45:00,43330,43425,43305,43315,380,DIRECTA
FIB6F,5M,2026-03-25 15:45:00,2026-03-25,15:45:00,43330,43400,43330,43400,124,DIRECTA
FIB6F,5M,2026-03-25 15:50:00,2026-03-25,15:50:00,43410,43425,43385,43395,153,DIRECTA
FIB6F,5M,2026-03-25 15:55:00,2026-03-25,15:55:00,43400,43400,43305,43315,103,DIRECTA
FIB6F,1H,2026-03-25 16:00:00,2026-03-25,16:00:00,43325,43360,43025,43205,1703,DIRECTA
FIB6F,15M,2026-03-25 16:00:00,2026-03-25,16:00:00,43325,43360,43150,43155,418,DIRECTA
FIB6F,5M,2026-03-25 16:00:00,2026-03-25,16:00:00,43325,43360,43300,43340,123,DIRECTA
FIB6F,5M,2026-03-25 16:05:00,2026-03-25,16:05:00,43340,43340,43200,43205,139,DIRECTA
FIB6F,5M,2026-03-25 16:10:00,2026-03-25,16:10:00,43205,43240,43150,43155,156,DIRECTA
FIB6F,15M,2026-03-25 16:15:00,2026-03-25,16:15:00,43150,43295,43025,43290,678,DIRECTA
FIB6F,5M,2026-03-25 16:15:00,2026-03-25,16:15:00,43150,43195,43025,43095,400,DIRECTA
FIB6F,5M,2026-03-25 16:20:00,2026-03-25,16:20:00,43095,43295,43095,43265,185,DIRECTA
FIB6F,5M,2026-03-25 16:25:00,2026-03-25,16:25:00,43260,43290,43230,43290,93,DIRECTA
FIB6F,15M,2026-03-25 16:30:00,2026-03-25,16:30:00,43295,43315,43195,43270,316,DIRECTA
FIB6F,5M,2026-03-25 16:30:00,2026-03-25,16:30:00,43295,43315,43280,43305,119,DIRECTA
FIB6F,5M,2026-03-25 16:35:00,2026-03-25,16:35:00,43305,43305,43200,43210,79,DIRECTA
FIB6F,5M,2026-03-25 16:40:00,2026-03-25,16:40:00,43210,43275,43195,43270,118,DIRECTA
FIB6F,15M,2026-03-25 16:45:00,2026-03-25,16:45:00,43265,43280,43170,43205,291,DIRECTA
FIB6F,5M,2026-03-25 16:45:00,2026-03-25,16:45:00,43265,43280,43210,43240,62,DIRECTA
FIB6F,5M,2026-03-25 16:50:00,2026-03-25,16:50:00,43245,43250,43195,43220,75,DIRECTA
FIB6F,5M,2026-03-25 16:55:00,2026-03-25,16:55:00,43220,43260,43170,43205,154,DIRECTA
FIB6F,1H,2026-03-25 17:00:00,2026-03-25,17:00:00,43210,43370,43125,43335,1996,DIRECTA
FIB6F,15M,2026-03-25 17:00:00,2026-03-25,17:00:00,43210,43225,43160,43195,226,DIRECTA
FIB6F,5M,2026-03-25 17:00:00,2026-03-25,17:00:00,43210,43225,43180,43205,75,DIRECTA
FIB6F,5M,2026-03-25 17:05:00,2026-03-25,17:05:00,43185,43210,43165,43210,62,DIRECTA
FIB6F,5M,2026-03-25 17:10:00,2026-03-25,17:10:00,43185,43205,43160,43195,89,DIRECTA
FIB6F,15M,2026-03-25 17:15:00,2026-03-25,17:15:00,43200,43290,43125,43280,690,DIRECTA
FIB6F,5M,2026-03-25 17:15:00,2026-03-25,17:15:00,43200,43200,43145,43165,102,DIRECTA
FIB6F,5M,2026-03-25 17:20:00,2026-03-25,17:20:00,43165,43225,43125,43220,167,DIRECTA
FIB6F,5M,2026-03-25 17:25:00,2026-03-25,17:25:00,43220,43290,43195,43280,421,DIRECTA
FIB6F,15M,2026-03-25 17:30:00,2026-03-25,17:30:00,43290,43370,43265,43340,934,DIRECTA
FIB6F,5M,2026-03-25 17:30:00,2026-03-25,17:30:00,43290,43340,43265,43300,595,DIRECTA
FIB6F,5M,2026-03-25 17:35:00,2026-03-25,17:35:00,43300,43345,43285,43345,216,DIRECTA
FIB6F,5M,2026-03-25 17:40:00,2026-03-25,17:40:00,43345,43370,43335,43340,123,DIRECTA
FIB6F,15M,2026-03-25 17:45:00,2026-03-25,17:45:00,43340,43360,43290,43335,146,DIRECTA
FIB6F,5M,2026-03-25 17:45:00,2026-03-25,17:45:00,43340,43360,43320,43330,38,DIRECTA
FIB6F,5M,2026-03-25 17:50:00,2026-03-25,17:50:00,43330,43350,43290,43350,96,DIRECTA
FIB6F,5M,2026-03-25 17:55:00,2026-03-25,17:55:00,43345,43355,43335,43335,12,DIRECTA
FIB6F,1H,2026-03-25 18:00:00,2026-03-25,18:00:00,43350,43445,43300,43330,413,DIRECTA
FIB6F,15M,2026-03-25 18:00:00,2026-03-25,18:00:00,43350,43380,43300,43340,127,DIRECTA
FIB6F,5M,2026-03-25 18:00:00,2026-03-25,18:00:00,43350,43380,43315,43330,50,DIRECTA
FIB6F,5M,2026-03-25 18:05:00,2026-03-25,18:05:00,43320,43335,43305,43305,32,DIRECTA
FIB6F,5M,2026-03-25 18:10:00,2026-03-25,18:10:00,43310,43350,43300,43340,45,DIRECTA
FIB6F,15M,2026-03-25 18:15:00,2026-03-25,18:15:00,43325,43365,43305,43350,59,DIRECTA
FIB6F,5M,2026-03-25 18:15:00,2026-03-25,18:15:00,43325,43340,43305,43335,21,DIRECTA
FIB6F,5M,2026-03-25 18:20:00,2026-03-25,18:20:00,43315,43345,43315,43320,21,DIRECTA
FIB6F,5M,2026-03-25 18:25:00,2026-03-25,18:25:00,43335,43365,43330,43350,17,DIRECTA
FIB6F,15M,2026-03-25 18:30:00,2026-03-25,18:30:00,43350,43445,43340,43400,91,DIRECTA
FIB6F,5M,2026-03-25 18:30:00,2026-03-25,18:30:00,43350,43380,43340,43375,18,DIRECTA
FIB6F,5M,2026-03-25 18:35:00,2026-03-25,18:35:00,43400,43420,43395,43410,29,DIRECTA
FIB6F,5M,2026-03-25 18:40:00,2026-03-25,18:40:00,43415,43445,43400,43400,44,DIRECTA
FIB6F,15M,2026-03-25 18:45:00,2026-03-25,18:45:00,43385,43405,43310,43330,136,DIRECTA
FIB6F,5M,2026-03-25 18:45:00,2026-03-25,18:45:00,43385,43405,43370,43380,13,DIRECTA
FIB6F,5M,2026-03-25 18:50:00,2026-03-25,18:50:00,43370,43385,43320,43320,48,DIRECTA
FIB6F,5M,2026-03-25 18:55:00,2026-03-25,18:55:00,43315,43380,43310,43330,75,DIRECTA
FIB6F,1H,2026-03-25 19:00:00,2026-03-25,19:00:00,43320,43355,43200,43270,197,DIRECTA
FIB6F,15M,2026-03-25 19:00:00,2026-03-25,19:00:00,43320,43345,43315,43315,24,DIRECTA
FIB6F,5M,2026-03-25 19:00:00,2026-03-25,19:00:00,43320,43335,43315,43320,7,DIRECTA
FIB6F,5M,2026-03-25 19:05:00,2026-03-25,19:05:00,43345,43345,43330,43330,8,DIRECTA
FIB6F,5M,2026-03-25 19:10:00,2026-03-25,19:10:00,43320,43330,43315,43315,9,DIRECTA
FIB6F,15M,2026-03-25 19:15:00,2026-03-25,19:15:00,43335,43355,43320,43320,42,DIRECTA
FIB6F,5M,2026-03-25 19:15:00,2026-03-25,19:15:00,43335,43355,43325,43325,26,DIRECTA
FIB6F,5M,2026-03-25 19:20:00,2026-03-25,19:20:00,43325,43335,43325,43335,6,DIRECTA
FIB6F,5M,2026-03-25 19:25:00,2026-03-25,19:25:00,43335,43335,43320,43320,10,DIRECTA
FIB6F,15M,2026-03-25 19:30:00,2026-03-25,19:30:00,43325,43335,43305,43310,14,DIRECTA
FIB6F,5M,2026-03-25 19:30:00,2026-03-25,19:30:00,43325,43335,43325,43335,5,DIRECTA
FIB6F,5M,2026-03-25 19:35:00,2026-03-25,19:35:00,43330,43330,43325,43325,3,DIRECTA
FIB6F,5M,2026-03-25 19:40:00,2026-03-25,19:40:00,43330,43330,43305,43310,6,DIRECTA
FIB6F,15M,2026-03-25 19:45:00,2026-03-25,19:45:00,43315,43320,43200,43270,117,DIRECTA
FIB6F,5M,2026-03-25 19:45:00,2026-03-25,19:45:00,43315,43320,43300,43310,19,DIRECTA
FIB6F,5M,2026-03-25 19:50:00,2026-03-25,19:50:00,43310,43315,43300,43305,14,DIRECTA
FIB6F,5M,2026-03-25 19:55:00,2026-03-25,19:55:00,43295,43295,43200,43270,84,DIRECTA
FIB6F,1H,2026-03-25 20:00:00,2026-03-25,20:00:00,43275,43335,43235,43290,150,DIRECTA
FIB6F,15M,2026-03-25 20:00:00,2026-03-25,20:00:00,43275,43300,43235,43300,60,DIRECTA
FIB6F,5M,2026-03-25 20:00:00,2026-03-25,20:00:00,43275,43275,43235,43260,39,DIRECTA
FIB6F,5M,2026-03-25 20:05:00,2026-03-25,20:05:00,43265,43270,43255,43265,15,DIRECTA
FIB6F,5M,2026-03-25 20:10:00,2026-03-25,20:10:00,43285,43300,43285,43300,6,DIRECTA
FIB6F,15M,2026-03-25 20:15:00,2026-03-25,20:15:00,43305,43335,43305,43325,21,DIRECTA
FIB6F,5M,2026-03-25 20:15:00,2026-03-25,20:15:00,43305,43330,43305,43330,5,DIRECTA
FIB6F,5M,2026-03-25 20:20:00,2026-03-25,20:20:00,43320,43335,43320,43335,10,DIRECTA
FIB6F,5M,2026-03-25 20:25:00,2026-03-25,20:25:00,43330,43330,43315,43325,6,DIRECTA
FIB6F,15M,2026-03-25 20:30:00,2026-03-25,20:30:00,43305,43305,43255,43270,30,DIRECTA
FIB6F,5M,2026-03-25 20:30:00,2026-03-25,20:30:00,43305,43305,43275,43285,12,DIRECTA
FIB6F,5M,2026-03-25 20:35:00,2026-03-25,20:35:00,43295,43295,43255,43270,15,DIRECTA
FIB6F,5M,2026-03-25 20:40:00,2026-03-25,20:40:00,43280,43280,43270,43270,3,DIRECTA
FIB6F,15M,2026-03-25 20:45:00,2026-03-25,20:45:00,43275,43300,43255,43290,39,DIRECTA
FIB6F,5M,2026-03-25 20:45:00,2026-03-25,20:45:00,43275,43280,43265,43265,8,DIRECTA
FIB6F,5M,2026-03-25 20:50:00,2026-03-25,20:50:00,43270,43300,43270,43280,16,DIRECTA
FIB6F,5M,2026-03-25 20:55:00,2026-03-25,20:55:00,43275,43290,43255,43290,15,DIRECTA
FIB6F,1H,2026-03-25 21:00:00,2026-03-25,21:00:00,43300,43310,43250,43295,70,DIRECTA
FIB6F,15M,2026-03-25 21:00:00,2026-03-25,21:00:00,43300,43310,43275,43280,9,DIRECTA
FIB6F,5M,2026-03-25 21:00:00,2026-03-25,21:00:00,43300,43310,43295,43295,3,DIRECTA
FIB6F,5M,2026-03-25 21:05:00,2026-03-25,21:05:00,43290,43290,43275,43280,5,DIRECTA
FIB6F,5M,2026-03-25 21:10:00,2026-03-25,21:10:00,43280,43280,43280,43280,1,DIRECTA
FIB6F,15M,2026-03-25 21:15:00,2026-03-25,21:15:00,43305,43305,43265,43275,14,DIRECTA
FIB6F,5M,2026-03-25 21:15:00,2026-03-25,21:15:00,43305,43305,43305,43305,1,DIRECTA
FIB6F,5M,2026-03-25 21:20:00,2026-03-25,21:20:00,43300,43300,43295,43300,4,DIRECTA
FIB6F,5M,2026-03-25 21:25:00,2026-03-25,21:25:00,43275,43275,43265,43275,9,DIRECTA
FIB6F,15M,2026-03-25 21:30:00,2026-03-25,21:30:00,43260,43275,43260,43270,6,DIRECTA
FIB6F,5M,2026-03-25 21:30:00,2026-03-25,21:30:00,43260,43270,43260,43270,3,DIRECTA
FIB6F,5M,2026-03-25 21:35:00,2026-03-25,21:35:00,43275,43275,43265,43265,2,DIRECTA
FIB6F,5M,2026-03-25 21:40:00,2026-03-25,21:40:00,43270,43270,43270,43270,1,DIRECTA
FIB6F,15M,2026-03-25 21:45:00,2026-03-25,21:45:00,43270,43300,43250,43295,41,DIRECTA
FIB6F,5M,2026-03-25 21:45:00,2026-03-25,21:45:00,43270,43270,43260,43265,10,DIRECTA
FIB6F,5M,2026-03-25 21:50:00,2026-03-25,21:50:00,43265,43265,43250,43250,10,DIRECTA
FIB6F,5M,2026-03-25 21:55:00,2026-03-25,21:55:00,43250,43300,43250,43295,21,DIRECTA
FIB6F,D,2026-03-26 08:00:00,2026-03-26,08:00:00,43050,43200,42640,42978,13921,DIRECTA
FIB6F,1H,2026-03-26 08:00:00,2026-03-26,08:00:00,43050,43090,42915,43005,460,DIRECTA
FIB6F,15M,2026-03-26 08:00:00,2026-03-26,08:00:00,43050,43090,42975,43000,161,DIRECTA
FIB6F,5M,2026-03-26 08:00:00,2026-03-26,08:00:00,43050,43090,43035,43060,106,DIRECTA
FIB6F,5M,2026-03-26 08:05:00,2026-03-26,08:05:00,43030,43030,42975,42995,43,DIRECTA
FIB6F,5M,2026-03-26 08:10:00,2026-03-26,08:10:00,42990,43015,42990,43000,12,DIRECTA
FIB6F,15M,2026-03-26 08:15:00,2026-03-26,08:15:00,43000,43035,42925,43005,65,DIRECTA
FIB6F,5M,2026-03-26 08:15:00,2026-03-26,08:15:00,43000,43000,42970,42985,14,DIRECTA
FIB6F,5M,2026-03-26 08:20:00,2026-03-26,08:20:00,42975,43035,42925,43025,40,DIRECTA
FIB6F,5M,2026-03-26 08:25:00,2026-03-26,08:25:00,43025,43025,43000,43005,11,DIRECTA
FIB6F,15M,2026-03-26 08:30:00,2026-03-26,08:30:00,42990,42990,42915,42945,111,DIRECTA
FIB6F,5M,2026-03-26 08:30:00,2026-03-26,08:30:00,42990,42990,42930,42945,59,DIRECTA
FIB6F,5M,2026-03-26 08:35:00,2026-03-26,08:35:00,42950,42985,42915,42985,39,DIRECTA
FIB6F,5M,2026-03-26 08:40:00,2026-03-26,08:40:00,42980,42980,42930,42945,13,DIRECTA
FIB6F,15M,2026-03-26 08:45:00,2026-03-26,08:45:00,42960,43055,42960,43005,123,DIRECTA
FIB6F,5M,2026-03-26 08:45:00,2026-03-26,08:45:00,42960,42990,42960,42990,11,DIRECTA
FIB6F,5M,2026-03-26 08:50:00,2026-03-26,08:50:00,42995,43000,42970,42995,13,DIRECTA
FIB6F,5M,2026-03-26 08:55:00,2026-03-26,08:55:00,42990,43055,42975,43005,99,DIRECTA
FIB6F,1H,2026-03-26 09:00:00,2026-03-26,09:00:00,43005,43095,42860,42935,1901,DIRECTA
FIB6F,15M,2026-03-26 09:00:00,2026-03-26,09:00:00,43005,43095,42915,42925,841,DIRECTA
FIB6F,5M,2026-03-26 09:00:00,2026-03-26,09:00:00,43005,43065,42965,43065,395,DIRECTA
FIB6F,5M,2026-03-26 09:05:00,2026-03-26,09:05:00,43060,43095,43015,43015,208,DIRECTA
FIB6F,5M,2026-03-26 09:10:00,2026-03-26,09:10:00,43015,43045,42915,42925,238,DIRECTA
FIB6F,15M,2026-03-26 09:15:00,2026-03-26,09:15:00,42925,43060,42925,42950,425,DIRECTA
FIB6F,5M,2026-03-26 09:15:00,2026-03-26,09:15:00,42925,43030,42925,42960,153,DIRECTA
FIB6F,5M,2026-03-26 09:20:00,2026-03-26,09:20:00,42965,43045,42965,43015,122,DIRECTA
FIB6F,5M,2026-03-26 09:25:00,2026-03-26,09:25:00,43040,43060,42935,42950,150,DIRECTA
FIB6F,15M,2026-03-26 09:30:00,2026-03-26,09:30:00,42955,43025,42900,42900,329,DIRECTA
FIB6F,5M,2026-03-26 09:30:00,2026-03-26,09:30:00,42955,43025,42940,42980,102,DIRECTA
FIB6F,5M,2026-03-26 09:35:00,2026-03-26,09:35:00,42985,43020,42945,42975,98,DIRECTA
FIB6F,5M,2026-03-26 09:40:00,2026-03-26,09:40:00,42970,42995,42900,42900,129,DIRECTA
FIB6F,15M,2026-03-26 09:45:00,2026-03-26,09:45:00,42900,42985,42860,42935,306,DIRECTA
FIB6F,5M,2026-03-26 09:45:00,2026-03-26,09:45:00,42900,42935,42860,42865,130,DIRECTA
FIB6F,5M,2026-03-26 09:50:00,2026-03-26,09:50:00,42875,42935,42870,42905,100,DIRECTA
FIB6F,5M,2026-03-26 09:55:00,2026-03-26,09:55:00,42905,42985,42895,42935,76,DIRECTA
FIB6F,1H,2026-03-26 10:00:00,2026-03-26,10:00:00,42945,42945,42640,42770,1758,DIRECTA
FIB6F,15M,2026-03-26 10:00:00,2026-03-26,10:00:00,42945,42945,42815,42840,453,DIRECTA
FIB6F,5M,2026-03-26 10:00:00,2026-03-26,10:00:00,42945,42945,42815,42880,248,DIRECTA
FIB6F,5M,2026-03-26 10:05:00,2026-03-26,10:05:00,42870,42925,42850,42885,100,DIRECTA
FIB6F,5M,2026-03-26 10:10:00,2026-03-26,10:10:00,42885,42945,42840,42840,105,DIRECTA
FIB6F,15M,2026-03-26 10:15:00,2026-03-26,10:15:00,42840,42850,42720,42735,362,DIRECTA
FIB6F,5M,2026-03-26 10:15:00,2026-03-26,10:15:00,42840,42850,42805,42815,93,DIRECTA
FIB6F,5M,2026-03-26 10:20:00,2026-03-26,10:20:00,42820,42835,42775,42775,88,DIRECTA
FIB6F,5M,2026-03-26 10:25:00,2026-03-26,10:25:00,42765,42795,42720,42735,181,DIRECTA
FIB6F,15M,2026-03-26 10:30:00,2026-03-26,10:30:00,42725,42725,42640,42675,712,DIRECTA
FIB6F,5M,2026-03-26 10:30:00,2026-03-26,10:30:00,42725,42725,42665,42670,323,DIRECTA
FIB6F,5M,2026-03-26 10:35:00,2026-03-26,10:35:00,42670,42690,42640,42670,229,DIRECTA
FIB6F,5M,2026-03-26 10:40:00,2026-03-26,10:40:00,42675,42700,42650,42675,160,DIRECTA
FIB6F,15M,2026-03-26 10:45:00,2026-03-26,10:45:00,42675,42785,42665,42770,231,DIRECTA
FIB6F,5M,2026-03-26 10:45:00,2026-03-26,10:45:00,42675,42710,42665,42685,70,DIRECTA
FIB6F,5M,2026-03-26 10:50:00,2026-03-26,10:50:00,42680,42750,42680,42735,93,DIRECTA
FIB6F,5M,2026-03-26 10:55:00,2026-03-26,10:55:00,42750,42785,42745,42770,68,DIRECTA
FIB6F,1H,2026-03-26 11:00:00,2026-03-26,11:00:00,42760,42960,42715,42890,978,DIRECTA
FIB6F,15M,2026-03-26 11:00:00,2026-03-26,11:00:00,42760,42855,42715,42855,228,DIRECTA
FIB6F,5M,2026-03-26 11:00:00,2026-03-26,11:00:00,42760,42770,42715,42760,79,DIRECTA
FIB6F,5M,2026-03-26 11:05:00,2026-03-26,11:05:00,42755,42840,42755,42800,107,DIRECTA
FIB6F,5M,2026-03-26 11:10:00,2026-03-26,11:10:00,42810,42855,42810,42855,42,DIRECTA
FIB6F,15M,2026-03-26 11:15:00,2026-03-26,11:15:00,42860,42915,42815,42905,277,DIRECTA
FIB6F,5M,2026-03-26 11:15:00,2026-03-26,11:15:00,42860,42890,42815,42815,100,DIRECTA
FIB6F,5M,2026-03-26 11:20:00,2026-03-26,11:20:00,42820,42870,42815,42870,42,DIRECTA
FIB6F,5M,2026-03-26 11:25:00,2026-03-26,11:25:00,42870,42915,42855,42905,135,DIRECTA
FIB6F,15M,2026-03-26 11:30:00,2026-03-26,11:30:00,42905,42960,42860,42860,297,DIRECTA
FIB6F,5M,2026-03-26 11:30:00,2026-03-26,11:30:00,42905,42960,42905,42950,47,DIRECTA
FIB6F,5M,2026-03-26 11:35:00,2026-03-26,11:35:00,42950,42955,42880,42880,157,DIRECTA
FIB6F,5M,2026-03-26 11:40:00,2026-03-26,11:40:00,42880,42925,42860,42860,93,DIRECTA
FIB6F,15M,2026-03-26 11:45:00,2026-03-26,11:45:00,42855,42895,42850,42890,176,DIRECTA
FIB6F,5M,2026-03-26 11:45:00,2026-03-26,11:45:00,42855,42885,42850,42860,73,DIRECTA
FIB6F,5M,2026-03-26 11:50:00,2026-03-26,11:50:00,42865,42895,42850,42855,39,DIRECTA
FIB6F,5M,2026-03-26 11:55:00,2026-03-26,11:55:00,42865,42895,42855,42890,64,DIRECTA
FIB6F,1H,2026-03-26 12:00:00,2026-03-26,12:00:00,42895,42945,42730,42730,813,DIRECTA
FIB6F,15M,2026-03-26 12:00:00,2026-03-26,12:00:00,42895,42945,42840,42870,327,DIRECTA
FIB6F,5M,2026-03-26 12:00:00,2026-03-26,12:00:00,42895,42895,42840,42870,161,DIRECTA
FIB6F,5M,2026-03-26 12:05:00,2026-03-26,12:05:00,42875,42930,42860,42925,88,DIRECTA
FIB6F,5M,2026-03-26 12:10:00,2026-03-26,12:10:00,42935,42945,42870,42870,78,DIRECTA
FIB6F,15M,2026-03-26 12:15:00,2026-03-26,12:15:00,42865,42910,42795,42860,160,DIRECTA
FIB6F,5M,2026-03-26 12:15:00,2026-03-26,12:15:00,42865,42910,42855,42910,56,DIRECTA
FIB6F,5M,2026-03-26 12:20:00,2026-03-26,12:20:00,42900,42910,42860,42875,35,DIRECTA
FIB6F,5M,2026-03-26 12:25:00,2026-03-26,12:25:00,42865,42865,42795,42860,69,DIRECTA
FIB6F,15M,2026-03-26 12:30:00,2026-03-26,12:30:00,42860,42860,42795,42795,115,DIRECTA
FIB6F,5M,2026-03-26 12:30:00,2026-03-26,12:30:00,42860,42860,42805,42840,50,DIRECTA
FIB6F,5M,2026-03-26 12:35:00,2026-03-26,12:35:00,42850,42855,42815,42840,43,DIRECTA
FIB6F,5M,2026-03-26 12:40:00,2026-03-26,12:40:00,42835,42845,42795,42795,22,DIRECTA
FIB6F,15M,2026-03-26 12:45:00,2026-03-26,12:45:00,42795,42825,42730,42730,211,DIRECTA
FIB6F,5M,2026-03-26 12:45:00,2026-03-26,12:45:00,42795,42825,42790,42800,57,DIRECTA
FIB6F,5M,2026-03-26 12:50:00,2026-03-26,12:50:00,42800,42815,42760,42815,90,DIRECTA
FIB6F,5M,2026-03-26 12:55:00,2026-03-26,12:55:00,42805,42805,42730,42730,64,DIRECTA
FIB6F,1H,2026-03-26 13:00:00,2026-03-26,13:00:00,42740,42860,42695,42785,670,DIRECTA
FIB6F,15M,2026-03-26 13:00:00,2026-03-26,13:00:00,42740,42860,42700,42850,207,DIRECTA
FIB6F,5M,2026-03-26 13:00:00,2026-03-26,13:00:00,42740,42740,42700,42735,122,DIRECTA
FIB6F,5M,2026-03-26 13:05:00,2026-03-26,13:05:00,42740,42845,42740,42815,46,DIRECTA
FIB6F,5M,2026-03-26 13:10:00,2026-03-26,13:10:00,42810,42860,42810,42850,39,DIRECTA
FIB6F,15M,2026-03-26 13:15:00,2026-03-26,13:15:00,42845,42855,42800,42815,137,DIRECTA
FIB6F,5M,2026-03-26 13:15:00,2026-03-26,13:15:00,42845,42855,42815,42820,28,DIRECTA
FIB6F,5M,2026-03-26 13:20:00,2026-03-26,13:20:00,42805,42845,42805,42815,54,DIRECTA
FIB6F,5M,2026-03-26 13:25:00,2026-03-26,13:25:00,42820,42835,42800,42815,55,DIRECTA
FIB6F,15M,2026-03-26 13:30:00,2026-03-26,13:30:00,42805,42805,42695,42715,189,DIRECTA
FIB6F,5M,2026-03-26 13:30:00,2026-03-26,13:30:00,42805,42805,42730,42735,93,DIRECTA
FIB6F,5M,2026-03-26 13:35:00,2026-03-26,13:35:00,42720,42760,42695,42760,63,DIRECTA
FIB6F,5M,2026-03-26 13:40:00,2026-03-26,13:40:00,42775,42775,42710,42715,33,DIRECTA
FIB6F,15M,2026-03-26 13:45:00,2026-03-26,13:45:00,42725,42790,42720,42785,137,DIRECTA
FIB6F,5M,2026-03-26 13:45:00,2026-03-26,13:45:00,42725,42785,42720,42770,53,DIRECTA
FIB6F,5M,2026-03-26 13:50:00,2026-03-26,13:50:00,42765,42775,42735,42755,33,DIRECTA
FIB6F,5M,2026-03-26 13:55:00,2026-03-26,13:55:00,42760,42790,42760,42785,51,DIRECTA
FIB6F,1H,2026-03-26 14:00:00,2026-03-26,14:00:00,42790,43050,42725,43040,1614,DIRECTA
FIB6F,15M,2026-03-26 14:00:00,2026-03-26,14:00:00,42790,42810,42725,42780,301,DIRECTA
FIB6F,5M,2026-03-26 14:00:00,2026-03-26,14:00:00,42790,42810,42765,42795,99,DIRECTA
FIB6F,5M,2026-03-26 14:05:00,2026-03-26,14:05:00,42770,42780,42740,42740,59,DIRECTA
FIB6F,5M,2026-03-26 14:10:00,2026-03-26,14:10:00,42740,42800,42725,42780,143,DIRECTA
FIB6F,15M,2026-03-26 14:15:00,2026-03-26,14:15:00,42775,42810,42765,42805,175,DIRECTA
FIB6F,5M,2026-03-26 14:15:00,2026-03-26,14:15:00,42775,42810,42765,42785,57,DIRECTA
FIB6F,5M,2026-03-26 14:20:00,2026-03-26,14:20:00,42795,42810,42765,42775,75,DIRECTA
FIB6F,5M,2026-03-26 14:25:00,2026-03-26,14:25:00,42775,42810,42770,42805,43,DIRECTA
FIB6F,15M,2026-03-26 14:30:00,2026-03-26,14:30:00,42800,42955,42780,42955,371,DIRECTA
FIB6F,5M,2026-03-26 14:30:00,2026-03-26,14:30:00,42800,42840,42780,42820,137,DIRECTA
FIB6F,5M,2026-03-26 14:35:00,2026-03-26,14:35:00,42830,42860,42785,42825,136,DIRECTA
FIB6F,5M,2026-03-26 14:40:00,2026-03-26,14:40:00,42820,42955,42810,42955,98,DIRECTA
FIB6F,15M,2026-03-26 14:45:00,2026-03-26,14:45:00,42960,43050,42915,43040,767,DIRECTA
FIB6F,5M,2026-03-26 14:45:00,2026-03-26,14:45:00,42960,43050,42960,42985,260,DIRECTA
FIB6F,5M,2026-03-26 14:50:00,2026-03-26,14:50:00,42980,43035,42945,43015,225,DIRECTA
FIB6F,5M,2026-03-26 14:55:00,2026-03-26,14:55:00,43015,43040,42915,43040,282,DIRECTA
FIB6F,1H,2026-03-26 15:00:00,2026-03-26,15:00:00,43030,43200,42910,43010,1903,DIRECTA
FIB6F,15M,2026-03-26 15:00:00,2026-03-26,15:00:00,43030,43050,42945,43050,401,DIRECTA
FIB6F,5M,2026-03-26 15:00:00,2026-03-26,15:00:00,43030,43045,42985,43010,161,DIRECTA
FIB6F,5M,2026-03-26 15:05:00,2026-03-26,15:05:00,42995,43025,42965,43000,127,DIRECTA
FIB6F,5M,2026-03-26 15:10:00,2026-03-26,15:10:00,43010,43050,42945,43050,113,DIRECTA
FIB6F,15M,2026-03-26 15:15:00,2026-03-26,15:15:00,43050,43085,43015,43050,347,DIRECTA
FIB6F,5M,2026-03-26 15:15:00,2026-03-26,15:15:00,43050,43075,43025,43030,68,DIRECTA
FIB6F,5M,2026-03-26 15:20:00,2026-03-26,15:20:00,43025,43085,43015,43055,150,DIRECTA
FIB6F,5M,2026-03-26 15:25:00,2026-03-26,15:25:00,43050,43070,43035,43050,129,DIRECTA
FIB6F,15M,2026-03-26 15:30:00,2026-03-26,15:30:00,43050,43200,43010,43030,808,DIRECTA
FIB6F,5M,2026-03-26 15:30:00,2026-03-26,15:30:00,43050,43140,43050,43135,147,DIRECTA
FIB6F,5M,2026-03-26 15:35:00,2026-03-26,15:35:00,43135,43140,43100,43135,143,DIRECTA
FIB6F,5M,2026-03-26 15:40:00,2026-03-26,15:40:00,43130,43200,43010,43030,518,DIRECTA
FIB6F,15M,2026-03-26 15:45:00,2026-03-26,15:45:00,43030,43065,42910,43010,347,DIRECTA
FIB6F,5M,2026-03-26 15:45:00,2026-03-26,15:45:00,43030,43065,43000,43035,153,DIRECTA
FIB6F,5M,2026-03-26 15:50:00,2026-03-26,15:50:00,43040,43060,42945,42945,77,DIRECTA
FIB6F,5M,2026-03-26 15:55:00,2026-03-26,15:55:00,42940,43030,42910,43010,117,DIRECTA
FIB6F,1H,2026-03-26 16:00:00,2026-03-26,16:00:00,43010,43050,42865,43005,961,DIRECTA
FIB6F,15M,2026-03-26 16:00:00,2026-03-26,16:00:00,43010,43050,42985,43010,257,DIRECTA
FIB6F,5M,2026-03-26 16:00:00,2026-03-26,16:00:00,43010,43030,42985,42990,42,DIRECTA
FIB6F,5M,2026-03-26 16:05:00,2026-03-26,16:05:00,42990,43050,42990,43005,171,DIRECTA
FIB6F,5M,2026-03-26 16:10:00,2026-03-26,16:10:00,43000,43030,42995,43010,44,DIRECTA
FIB6F,15M,2026-03-26 16:15:00,2026-03-26,16:15:00,43010,43010,42910,42955,161,DIRECTA
FIB6F,5M,2026-03-26 16:15:00,2026-03-26,16:15:00,43010,43010,42910,42945,88,DIRECTA
FIB6F,5M,2026-03-26 16:20:00,2026-03-26,16:20:00,42945,42975,42940,42950,40,DIRECTA
FIB6F,5M,2026-03-26 16:25:00,2026-03-26,16:25:00,42955,42980,42935,42955,33,DIRECTA
FIB6F,15M,2026-03-26 16:30:00,2026-03-26,16:30:00,42955,42965,42865,42890,199,DIRECTA
FIB6F,5M,2026-03-26 16:30:00,2026-03-26,16:30:00,42955,42965,42910,42915,86,DIRECTA
FIB6F,5M,2026-03-26 16:35:00,2026-03-26,16:35:00,42915,42925,42900,42905,63,DIRECTA
FIB6F,5M,2026-03-26 16:40:00,2026-03-26,16:40:00,42910,42915,42865,42890,50,DIRECTA
FIB6F,15M,2026-03-26 16:45:00,2026-03-26,16:45:00,42900,43030,42885,43005,344,DIRECTA
FIB6F,5M,2026-03-26 16:45:00,2026-03-26,16:45:00,42900,42970,42885,42940,190,DIRECTA
FIB6F,5M,2026-03-26 16:50:00,2026-03-26,16:50:00,42940,43030,42940,42990,94,DIRECTA
FIB6F,5M,2026-03-26 16:55:00,2026-03-26,16:55:00,42990,43005,42950,43005,60,DIRECTA
FIB6F,1H,2026-03-26 17:00:00,2026-03-26,17:00:00,42995,43070,42850,42925,2006,DIRECTA
FIB6F,15M,2026-03-26 17:00:00,2026-03-26,17:00:00,42995,43070,42985,42995,200,DIRECTA
FIB6F,5M,2026-03-26 17:00:00,2026-03-26,17:00:00,42995,43030,42990,43010,60,DIRECTA
FIB6F,5M,2026-03-26 17:05:00,2026-03-26,17:05:00,43005,43070,43000,43055,69,DIRECTA
FIB6F,5M,2026-03-26 17:10:00,2026-03-26,17:10:00,43055,43055,42985,42995,71,DIRECTA
FIB6F,15M,2026-03-26 17:15:00,2026-03-26,17:15:00,42985,42985,42850,42915,525,DIRECTA
FIB6F,5M,2026-03-26 17:15:00,2026-03-26,17:15:00,42985,42985,42900,42935,214,DIRECTA
FIB6F,5M,2026-03-26 17:20:00,2026-03-26,17:20:00,42930,42940,42850,42900,111,DIRECTA
FIB6F,5M,2026-03-26 17:25:00,2026-03-26,17:25:00,42900,42915,42855,42915,200,DIRECTA
FIB6F,15M,2026-03-26 17:30:00,2026-03-26,17:30:00,42910,42990,42860,42970,1161,DIRECTA
FIB6F,5M,2026-03-26 17:30:00,2026-03-26,17:30:00,42910,42990,42860,42975,850,DIRECTA
FIB6F,5M,2026-03-26 17:35:00,2026-03-26,17:35:00,42970,42980,42925,42930,265,DIRECTA
FIB6F,5M,2026-03-26 17:40:00,2026-03-26,17:40:00,42930,42970,42925,42970,46,DIRECTA
FIB6F,15M,2026-03-26 17:45:00,2026-03-26,17:45:00,42955,42975,42905,42925,120,DIRECTA
FIB6F,5M,2026-03-26 17:45:00,2026-03-26,17:45:00,42955,42975,42915,42920,60,DIRECTA
FIB6F,5M,2026-03-26 17:50:00,2026-03-26,17:50:00,42920,42930,42910,42930,33,DIRECTA
FIB6F,5M,2026-03-26 17:55:00,2026-03-26,17:55:00,42925,42925,42905,42925,27,DIRECTA
FIB6F,1H,2026-03-26 18:00:00,2026-03-26,18:00:00,42920,42975,42810,42815,265,DIRECTA
FIB6F,15M,2026-03-26 18:00:00,2026-03-26,18:00:00,42920,42975,42920,42935,83,DIRECTA
FIB6F,5M,2026-03-26 18:00:00,2026-03-26,18:00:00,42920,42975,42920,42950,47,DIRECTA
FIB6F,5M,2026-03-26 18:05:00,2026-03-26,18:05:00,42960,42970,42945,42965,10,DIRECTA
FIB6F,5M,2026-03-26 18:10:00,2026-03-26,18:10:00,42950,42960,42935,42935,26,DIRECTA
FIB6F,15M,2026-03-26 18:15:00,2026-03-26,18:15:00,42930,42940,42845,42885,71,DIRECTA
FIB6F,5M,2026-03-26 18:15:00,2026-03-26,18:15:00,42930,42940,42915,42920,15,DIRECTA
FIB6F,5M,2026-03-26 18:20:00,2026-03-26,18:20:00,42900,42900,42875,42875,9,DIRECTA
FIB6F,5M,2026-03-26 18:25:00,2026-03-26,18:25:00,42870,42885,42845,42885,47,DIRECTA
FIB6F,15M,2026-03-26 18:30:00,2026-03-26,18:30:00,42895,42920,42850,42860,49,DIRECTA
FIB6F,5M,2026-03-26 18:30:00,2026-03-26,18:30:00,42895,42920,42885,42920,16,DIRECTA
FIB6F,5M,2026-03-26 18:35:00,2026-03-26,18:35:00,42920,42920,42900,42900,9,DIRECTA
FIB6F,5M,2026-03-26 18:40:00,2026-03-26,18:40:00,42870,42870,42850,42860,24,DIRECTA
FIB6F,15M,2026-03-26 18:45:00,2026-03-26,18:45:00,42860,42865,42810,42815,62,DIRECTA
FIB6F,5M,2026-03-26 18:45:00,2026-03-26,18:45:00,42860,42865,42840,42840,21,DIRECTA
FIB6F,5M,2026-03-26 18:50:00,2026-03-26,18:50:00,42835,42835,42810,42825,27,DIRECTA
FIB6F,5M,2026-03-26 18:55:00,2026-03-26,18:55:00,42820,42830,42810,42815,14,DIRECTA
FIB6F,1H,2026-03-26 19:00:00,2026-03-26,19:00:00,42820,42895,42820,42860,142,DIRECTA
FIB6F,15M,2026-03-26 19:00:00,2026-03-26,19:00:00,42820,42860,42820,42835,59,DIRECTA
FIB6F,5M,2026-03-26 19:00:00,2026-03-26,19:00:00,42820,42860,42820,42850,29,DIRECTA
FIB6F,5M,2026-03-26 19:05:00,2026-03-26,19:05:00,42855,42860,42845,42855,12,DIRECTA
FIB6F,5M,2026-03-26 19:10:00,2026-03-26,19:10:00,42855,42855,42830,42835,18,DIRECTA
FIB6F,15M,2026-03-26 19:15:00,2026-03-26,19:15:00,42835,42850,42820,42825,24,DIRECTA
FIB6F,5M,2026-03-26 19:15:00,2026-03-26,19:15:00,42835,42850,42835,42840,12,DIRECTA
FIB6F,5M,2026-03-26 19:20:00,2026-03-26,19:20:00,42830,42830,42830,42830,1,DIRECTA
FIB6F,5M,2026-03-26 19:25:00,2026-03-26,19:25:00,42840,42840,42820,42825,11,DIRECTA
FIB6F,15M,2026-03-26 19:30:00,2026-03-26,19:30:00,42830,42895,42830,42870,41,DIRECTA
FIB6F,5M,2026-03-26 19:30:00,2026-03-26,19:30:00,42830,42885,42830,42875,24,DIRECTA
FIB6F,5M,2026-03-26 19:35:00,2026-03-26,19:35:00,42880,42890,42875,42890,12,DIRECTA
FIB6F,5M,2026-03-26 19:40:00,2026-03-26,19:40:00,42895,42895,42860,42870,5,DIRECTA
FIB6F,15M,2026-03-26 19:45:00,2026-03-26,19:45:00,42860,42885,42855,42860,18,DIRECTA
FIB6F,5M,2026-03-26 19:45:00,2026-03-26,19:45:00,42860,42880,42860,42870,4,DIRECTA
FIB6F,5M,2026-03-26 19:50:00,2026-03-26,19:50:00,42885,42885,42870,42870,7,DIRECTA
FIB6F,5M,2026-03-26 19:55:00,2026-03-26,19:55:00,42865,42870,42855,42860,7,DIRECTA
FIB6F,1H,2026-03-26 20:00:00,2026-03-26,20:00:00,42885,42885,42695,42705,198,DIRECTA
FIB6F,15M,2026-03-26 20:00:00,2026-03-26,20:00:00,42885,42885,42745,42760,46,DIRECTA
FIB6F,5M,2026-03-26 20:00:00,2026-03-26,20:00:00,42885,42885,42835,42835,8,DIRECTA
FIB6F,5M,2026-03-26 20:05:00,2026-03-26,20:05:00,42830,42835,42805,42815,16,DIRECTA
FIB6F,5M,2026-03-26 20:10:00,2026-03-26,20:10:00,42800,42800,42745,42760,22,DIRECTA
FIB6F,15M,2026-03-26 20:15:00,2026-03-26,20:15:00,42775,42800,42750,42770,31,DIRECTA
FIB6F,5M,2026-03-26 20:15:00,2026-03-26,20:15:00,42775,42800,42770,42790,14,DIRECTA
FIB6F,5M,2026-03-26 20:20:00,2026-03-26,20:20:00,42785,42785,42770,42770,6,DIRECTA
FIB6F,5M,2026-03-26 20:25:00,2026-03-26,20:25:00,42760,42770,42750,42770,11,DIRECTA
FIB6F,15M,2026-03-26 20:30:00,2026-03-26,20:30:00,42775,42775,42715,42750,50,DIRECTA
FIB6F,5M,2026-03-26 20:30:00,2026-03-26,20:30:00,42775,42775,42715,42735,20,DIRECTA
FIB6F,5M,2026-03-26 20:35:00,2026-03-26,20:35:00,42740,42770,42740,42765,29,DIRECTA
FIB6F,5M,2026-03-26 20:40:00,2026-03-26,20:40:00,42750,42750,42750,42750,1,DIRECTA
FIB6F,15M,2026-03-26 20:45:00,2026-03-26,20:45:00,42730,42750,42695,42705,71,DIRECTA
FIB6F,5M,2026-03-26 20:45:00,2026-03-26,20:45:00,42730,42750,42725,42740,8,DIRECTA
FIB6F,5M,2026-03-26 20:50:00,2026-03-26,20:50:00,42715,42715,42700,42710,7,DIRECTA
FIB6F,5M,2026-03-26 20:55:00,2026-03-26,20:55:00,42720,42740,42695,42705,56,DIRECTA
FIB6F,1H,2026-03-26 21:00:00,2026-03-26,21:00:00,42710,43150,42710,42820,252,DIRECTA
FIB6F,15M,2026-03-26 21:00:00,2026-03-26,21:00:00,42710,43150,42710,42955,155,DIRECTA
FIB6F,5M,2026-03-26 21:00:00,2026-03-26,21:00:00,42710,42765,42710,42715,39,DIRECTA
FIB6F,5M,2026-03-26 21:05:00,2026-03-26,21:05:00,42720,42730,42720,42730,4,DIRECTA
FIB6F,5M,2026-03-26 21:10:00,2026-03-26,21:10:00,42740,43150,42740,42955,112,DIRECTA
FIB6F,15M,2026-03-26 21:15:00,2026-03-26,21:15:00,42965,43030,42805,42805,32,DIRECTA
FIB6F,5M,2026-03-26 21:15:00,2026-03-26,21:15:00,42965,43030,42865,42910,18,DIRECTA
FIB6F,5M,2026-03-26 21:20:00,2026-03-26,21:20:00,42910,42925,42910,42925,8,DIRECTA
FIB6F,5M,2026-03-26 21:25:00,2026-03-26,21:25:00,42820,42845,42805,42805,6,DIRECTA
FIB6F,15M,2026-03-26 21:30:00,2026-03-26,21:30:00,42885,42950,42840,42950,20,DIRECTA
FIB6F,5M,2026-03-26 21:30:00,2026-03-26,21:30:00,42885,42945,42840,42900,6,DIRECTA
FIB6F,5M,2026-03-26 21:35:00,2026-03-26,21:35:00,42900,42945,42900,42925,3,DIRECTA
FIB6F,5M,2026-03-26 21:40:00,2026-03-26,21:40:00,42935,42950,42935,42950,11,DIRECTA
FIB6F,15M,2026-03-26 21:45:00,2026-03-26,21:45:00,42955,42955,42810,42820,45,DIRECTA
FIB6F,5M,2026-03-26 21:45:00,2026-03-26,21:45:00,42955,42955,42840,42915,17,DIRECTA
FIB6F,5M,2026-03-26 21:55:00,2026-03-26,21:55:00,42865,42890,42810,42820,28,DIRECTA
FIB6F,D,2026-03-27 08:00:00,2026-03-27,08:00:00,42975,43155,42190,42655,13334,DIRECTA
FIB6F,1H,2026-03-27 08:00:00,2026-03-27,08:00:00,42975,43105,42975,43100,370,DIRECTA
FIB6F,15M,2026-03-27 08:00:00,2026-03-27,08:00:00,42975,43105,42975,43085,160,DIRECTA
FIB6F,5M,2026-03-27 08:00:00,2026-03-27,08:00:00,42975,43060,42975,43055,93,DIRECTA
FIB6F,5M,2026-03-27 08:05:00,2026-03-27,08:05:00,43065,43085,43050,43055,43,DIRECTA
FIB6F,5M,2026-03-27 08:10:00,2026-03-27,08:10:00,43070,43105,43070,43085,24,DIRECTA
FIB6F,15M,2026-03-27 08:15:00,2026-03-27,08:15:00,43060,43065,43005,43005,48,DIRECTA
FIB6F,5M,2026-03-27 08:15:00,2026-03-27,08:15:00,43060,43060,43050,43060,8,DIRECTA
FIB6F,5M,2026-03-27 08:20:00,2026-03-27,08:20:00,43065,43065,43030,43040,16,DIRECTA
FIB6F,5M,2026-03-27 08:25:00,2026-03-27,08:25:00,43055,43055,43005,43005,24,DIRECTA
FIB6F,15M,2026-03-27 08:30:00,2026-03-27,08:30:00,43015,43040,42975,43025,47,DIRECTA
FIB6F,5M,2026-03-27 08:30:00,2026-03-27,08:30:00,43015,43030,42995,42995,17,DIRECTA
FIB6F,5M,2026-03-27 08:35:00,2026-03-27,08:35:00,43000,43040,43000,43000,12,DIRECTA
FIB6F,5M,2026-03-27 08:40:00,2026-03-27,08:40:00,43005,43025,42975,43025,18,DIRECTA
FIB6F,15M,2026-03-27 08:45:00,2026-03-27,08:45:00,43020,43100,43020,43100,115,DIRECTA
FIB6F,5M,2026-03-27 08:45:00,2026-03-27,08:45:00,43020,43065,43020,43060,20,DIRECTA
FIB6F,5M,2026-03-27 08:50:00,2026-03-27,08:50:00,43070,43070,43030,43040,23,DIRECTA
FIB6F,5M,2026-03-27 08:55:00,2026-03-27,08:55:00,43030,43100,43030,43100,72,DIRECTA
FIB6F,1H,2026-03-27 09:00:00,2026-03-27,09:00:00,43085,43155,42620,42660,2332,DIRECTA
FIB6F,15M,2026-03-27 09:00:00,2026-03-27,09:00:00,43085,43155,42950,43020,792,DIRECTA
FIB6F,5M,2026-03-27 09:00:00,2026-03-27,09:00:00,43085,43155,42970,42975,470,DIRECTA
FIB6F,5M,2026-03-27 09:05:00,2026-03-27,09:05:00,42970,43020,42950,43005,183,DIRECTA
FIB6F,5M,2026-03-27 09:10:00,2026-03-27,09:10:00,43000,43050,42965,43020,139,DIRECTA
FIB6F,15M,2026-03-27 09:15:00,2026-03-27,09:15:00,43025,43040,42805,42840,532,DIRECTA
FIB6F,5M,2026-03-27 09:15:00,2026-03-27,09:15:00,43025,43040,42920,42920,190,DIRECTA
FIB6F,5M,2026-03-27 09:20:00,2026-03-27,09:20:00,42920,42990,42905,42925,116,DIRECTA
FIB6F,5M,2026-03-27 09:25:00,2026-03-27,09:25:00,42925,42940,42805,42840,226,DIRECTA
FIB6F,15M,2026-03-27 09:30:00,2026-03-27,09:30:00,42830,42860,42655,42730,597,DIRECTA
FIB6F,5M,2026-03-27 09:30:00,2026-03-27,09:30:00,42830,42860,42795,42820,208,DIRECTA
FIB6F,5M,2026-03-27 09:35:00,2026-03-27,09:35:00,42820,42835,42655,42670,216,DIRECTA
FIB6F,5M,2026-03-27 09:40:00,2026-03-27,09:40:00,42675,42730,42655,42730,173,DIRECTA
FIB6F,15M,2026-03-27 09:45:00,2026-03-27,09:45:00,42735,42760,42620,42660,411,DIRECTA
FIB6F,5M,2026-03-27 09:45:00,2026-03-27,09:45:00,42735,42760,42635,42685,183,DIRECTA
FIB6F,5M,2026-03-27 09:50:00,2026-03-27,09:50:00,42680,42735,42620,42685,149,DIRECTA
FIB6F,5M,2026-03-27 09:55:00,2026-03-27,09:55:00,42695,42695,42650,42660,79,DIRECTA
FIB6F,1H,2026-03-27 10:00:00,2026-03-27,10:00:00,42665,42685,42450,42460,1483,DIRECTA
FIB6F,15M,2026-03-27 10:00:00,2026-03-27,10:00:00,42665,42685,42470,42530,566,DIRECTA
FIB6F,5M,2026-03-27 10:00:00,2026-03-27,10:00:00,42665,42685,42555,42560,173,DIRECTA
FIB6F,5M,2026-03-27 10:05:00,2026-03-27,10:05:00,42555,42585,42470,42490,209,DIRECTA
FIB6F,5M,2026-03-27 10:10:00,2026-03-27,10:10:00,42480,42580,42480,42530,184,DIRECTA
FIB6F,15M,2026-03-27 10:15:00,2026-03-27,10:15:00,42525,42685,42520,42650,336,DIRECTA
FIB6F,5M,2026-03-27 10:15:00,2026-03-27,10:15:00,42525,42600,42520,42575,108,DIRECTA
FIB6F,5M,2026-03-27 10:20:00,2026-03-27,10:20:00,42575,42625,42565,42585,133,DIRECTA
FIB6F,5M,2026-03-27 10:25:00,2026-03-27,10:25:00,42590,42685,42590,42650,95,DIRECTA
FIB6F,15M,2026-03-27 10:30:00,2026-03-27,10:30:00,42645,42665,42510,42555,305,DIRECTA
FIB6F,5M,2026-03-27 10:30:00,2026-03-27,10:30:00,42645,42665,42595,42615,86,DIRECTA
FIB6F,5M,2026-03-27 10:35:00,2026-03-27,10:35:00,42610,42615,42535,42550,98,DIRECTA
FIB6F,5M,2026-03-27 10:40:00,2026-03-27,10:40:00,42540,42565,42510,42555,121,DIRECTA
FIB6F,15M,2026-03-27 10:45:00,2026-03-27,10:45:00,42535,42535,42450,42460,276,DIRECTA
FIB6F,5M,2026-03-27 10:45:00,2026-03-27,10:45:00,42535,42535,42480,42480,78,DIRECTA
FIB6F,5M,2026-03-27 10:50:00,2026-03-27,10:50:00,42490,42515,42465,42465,123,DIRECTA
FIB6F,5M,2026-03-27 10:55:00,2026-03-27,10:55:00,42465,42505,42450,42460,75,DIRECTA
FIB6F,1H,2026-03-27 11:00:00,2026-03-27,11:00:00,42470,42605,42360,42375,935,DIRECTA
FIB6F,15M,2026-03-27 11:00:00,2026-03-27,11:00:00,42470,42595,42425,42525,332,DIRECTA
FIB6F,5M,2026-03-27 11:00:00,2026-03-27,11:00:00,42470,42490,42425,42465,122,DIRECTA
FIB6F,5M,2026-03-27 11:05:00,2026-03-27,11:05:00,42465,42595,42465,42550,136,DIRECTA
FIB6F,5M,2026-03-27 11:10:00,2026-03-27,11:10:00,42545,42545,42505,42525,74,DIRECTA
FIB6F,15M,2026-03-27 11:15:00,2026-03-27,11:15:00,42510,42605,42485,42565,135,DIRECTA
FIB6F,5M,2026-03-27 11:15:00,2026-03-27,11:15:00,42510,42540,42500,42515,54,DIRECTA
FIB6F,5M,2026-03-27 11:20:00,2026-03-27,11:20:00,42505,42535,42485,42525,46,DIRECTA
FIB6F,5M,2026-03-27 11:25:00,2026-03-27,11:25:00,42535,42605,42535,42565,35,DIRECTA
FIB6F,15M,2026-03-27 11:30:00,2026-03-27,11:30:00,42565,42590,42475,42500,226,DIRECTA
FIB6F,5M,2026-03-27 11:30:00,2026-03-27,11:30:00,42565,42590,42520,42580,65,DIRECTA
FIB6F,5M,2026-03-27 11:35:00,2026-03-27,11:35:00,42570,42575,42520,42520,80,DIRECTA
FIB6F,5M,2026-03-27 11:40:00,2026-03-27,11:40:00,42525,42525,42475,42500,81,DIRECTA
FIB6F,15M,2026-03-27 11:45:00,2026-03-27,11:45:00,42500,42505,42360,42375,242,DIRECTA
FIB6F,5M,2026-03-27 11:45:00,2026-03-27,11:45:00,42500,42505,42450,42465,67,DIRECTA
FIB6F,5M,2026-03-27 11:50:00,2026-03-27,11:50:00,42460,42460,42410,42420,78,DIRECTA
FIB6F,5M,2026-03-27 11:55:00,2026-03-27,11:55:00,42415,42415,42360,42375,97,DIRECTA
FIB6F,1H,2026-03-27 12:00:00,2026-03-27,12:00:00,42385,42550,42270,42485,1084,DIRECTA
FIB6F,15M,2026-03-27 12:00:00,2026-03-27,12:00:00,42385,42390,42270,42300,429,DIRECTA
FIB6F,5M,2026-03-27 12:00:00,2026-03-27,12:00:00,42385,42390,42300,42320,216,DIRECTA
FIB6F,5M,2026-03-27 12:05:00,2026-03-27,12:05:00,42315,42340,42270,42285,126,DIRECTA
FIB6F,5M,2026-03-27 12:10:00,2026-03-27,12:10:00,42285,42330,42285,42300,87,DIRECTA
FIB6F,15M,2026-03-27 12:15:00,2026-03-27,12:15:00,42300,42420,42285,42420,285,DIRECTA
FIB6F,5M,2026-03-27 12:15:00,2026-03-27,12:15:00,42300,42330,42295,42300,156,DIRECTA
FIB6F,5M,2026-03-27 12:20:00,2026-03-27,12:20:00,42295,42375,42285,42375,91,DIRECTA
FIB6F,5M,2026-03-27 12:25:00,2026-03-27,12:25:00,42365,42420,42355,42420,38,DIRECTA
FIB6F,15M,2026-03-27 12:30:00,2026-03-27,12:30:00,42420,42520,42420,42505,192,DIRECTA
FIB6F,5M,2026-03-27 12:30:00,2026-03-27,12:30:00,42420,42475,42420,42475,81,DIRECTA
FIB6F,5M,2026-03-27 12:35:00,2026-03-27,12:35:00,42485,42500,42460,42480,61,DIRECTA
FIB6F,5M,2026-03-27 12:40:00,2026-03-27,12:40:00,42475,42520,42470,42505,50,DIRECTA
FIB6F,15M,2026-03-27 12:45:00,2026-03-27,12:45:00,42510,42550,42480,42485,178,DIRECTA
FIB6F,5M,2026-03-27 12:45:00,2026-03-27,12:45:00,42510,42520,42490,42500,62,DIRECTA
FIB6F,5M,2026-03-27 12:50:00,2026-03-27,12:50:00,42505,42510,42480,42510,39,DIRECTA
FIB6F,5M,2026-03-27 12:55:00,2026-03-27,12:55:00,42515,42550,42480,42485,77,DIRECTA
FIB6F,1H,2026-03-27 13:00:00,2026-03-27,13:00:00,42490,42635,42450,42580,627,DIRECTA
FIB6F,15M,2026-03-27 13:00:00,2026-03-27,13:00:00,42490,42515,42450,42495,154,DIRECTA
FIB6F,5M,2026-03-27 13:00:00,2026-03-27,13:00:00,42490,42500,42455,42485,60,DIRECTA
FIB6F,5M,2026-03-27 13:05:00,2026-03-27,13:05:00,42490,42490,42455,42460,45,DIRECTA
FIB6F,5M,2026-03-27 13:10:00,2026-03-27,13:10:00,42450,42515,42450,42495,49,DIRECTA
FIB6F,15M,2026-03-27 13:15:00,2026-03-27,13:15:00,42505,42560,42490,42530,114,DIRECTA
FIB6F,5M,2026-03-27 13:15:00,2026-03-27,13:15:00,42505,42560,42490,42535,46,DIRECTA
FIB6F,5M,2026-03-27 13:20:00,2026-03-27,13:20:00,42530,42530,42490,42530,43,DIRECTA
FIB6F,5M,2026-03-27 13:25:00,2026-03-27,13:25:00,42530,42545,42510,42530,25,DIRECTA
FIB6F,15M,2026-03-27 13:30:00,2026-03-27,13:30:00,42530,42620,42515,42575,178,DIRECTA
FIB6F,5M,2026-03-27 13:30:00,2026-03-27,13:30:00,42530,42550,42515,42530,62,DIRECTA
FIB6F,5M,2026-03-27 13:35:00,2026-03-27,13:35:00,42545,42595,42520,42595,60,DIRECTA
FIB6F,5M,2026-03-27 13:40:00,2026-03-27,13:40:00,42590,42620,42565,42575,56,DIRECTA
FIB6F,15M,2026-03-27 13:45:00,2026-03-27,13:45:00,42610,42635,42530,42580,181,DIRECTA
FIB6F,5M,2026-03-27 13:45:00,2026-03-27,13:45:00,42610,42615,42530,42540,67,DIRECTA
FIB6F,5M,2026-03-27 13:50:00,2026-03-27,13:50:00,42535,42635,42535,42615,54,DIRECTA
FIB6F,5M,2026-03-27 13:55:00,2026-03-27,13:55:00,42610,42620,42565,42580,60,DIRECTA
FIB6F,1H,2026-03-27 14:00:00,2026-03-27,14:00:00,42575,42650,42460,42505,1037,DIRECTA
FIB6F,15M,2026-03-27 14:00:00,2026-03-27,14:00:00,42575,42580,42470,42475,229,DIRECTA
FIB6F,5M,2026-03-27 14:00:00,2026-03-27,14:00:00,42575,42580,42510,42560,107,DIRECTA
FIB6F,5M,2026-03-27 14:05:00,2026-03-27,14:05:00,42545,42545,42495,42505,76,DIRECTA
FIB6F,5M,2026-03-27 14:10:00,2026-03-27,14:10:00,42505,42505,42470,42475,46,DIRECTA
FIB6F,15M,2026-03-27 14:15:00,2026-03-27,14:15:00,42475,42610,42475,42565,147,DIRECTA
FIB6F,5M,2026-03-27 14:15:00,2026-03-27,14:15:00,42475,42540,42475,42510,39,DIRECTA
FIB6F,5M,2026-03-27 14:20:00,2026-03-27,14:20:00,42530,42585,42515,42575,64,DIRECTA
FIB6F,5M,2026-03-27 14:25:00,2026-03-27,14:25:00,42580,42610,42565,42565,44,DIRECTA
FIB6F,15M,2026-03-27 14:30:00,2026-03-27,14:30:00,42575,42615,42490,42600,332,DIRECTA
FIB6F,5M,2026-03-27 14:30:00,2026-03-27,14:30:00,42575,42615,42505,42525,178,DIRECTA
FIB6F,5M,2026-03-27 14:35:00,2026-03-27,14:35:00,42535,42560,42490,42555,85,DIRECTA
FIB6F,5M,2026-03-27 14:40:00,2026-03-27,14:40:00,42555,42610,42545,42600,69,DIRECTA
FIB6F,15M,2026-03-27 14:45:00,2026-03-27,14:45:00,42605,42650,42460,42505,329,DIRECTA
FIB6F,5M,2026-03-27 14:45:00,2026-03-27,14:45:00,42605,42650,42605,42610,122,DIRECTA
FIB6F,5M,2026-03-27 14:50:00,2026-03-27,14:50:00,42615,42620,42510,42520,82,DIRECTA
FIB6F,5M,2026-03-27 14:55:00,2026-03-27,14:55:00,42505,42515,42460,42505,125,DIRECTA
FIB6F,1H,2026-03-27 15:00:00,2026-03-27,15:00:00,42495,42650,42485,42570,1219,DIRECTA
FIB6F,15M,2026-03-27 15:00:00,2026-03-27,15:00:00,42495,42585,42485,42570,260,DIRECTA
FIB6F,5M,2026-03-27 15:00:00,2026-03-27,15:00:00,42495,42560,42485,42510,125,DIRECTA
FIB6F,5M,2026-03-27 15:05:00,2026-03-27,15:05:00,42520,42585,42505,42510,63,DIRECTA
FIB6F,5M,2026-03-27 15:10:00,2026-03-27,15:10:00,42510,42570,42500,42570,72,DIRECTA
FIB6F,15M,2026-03-27 15:15:00,2026-03-27,15:15:00,42565,42650,42530,42550,305,DIRECTA
FIB6F,5M,2026-03-27 15:15:00,2026-03-27,15:15:00,42565,42650,42555,42625,87,DIRECTA
FIB6F,5M,2026-03-27 15:20:00,2026-03-27,15:20:00,42640,42645,42575,42580,162,DIRECTA
FIB6F,5M,2026-03-27 15:25:00,2026-03-27,15:25:00,42585,42600,42530,42550,56,DIRECTA
FIB6F,15M,2026-03-27 15:30:00,2026-03-27,15:30:00,42560,42650,42535,42550,354,DIRECTA
FIB6F,5M,2026-03-27 15:30:00,2026-03-27,15:30:00,42560,42640,42560,42640,90,DIRECTA
FIB6F,5M,2026-03-27 15:35:00,2026-03-27,15:35:00,42650,42650,42565,42575,98,DIRECTA
FIB6F,5M,2026-03-27 15:40:00,2026-03-27,15:40:00,42580,42590,42535,42550,166,DIRECTA
FIB6F,15M,2026-03-27 15:45:00,2026-03-27,15:45:00,42550,42615,42500,42570,300,DIRECTA
FIB6F,5M,2026-03-27 15:45:00,2026-03-27,15:45:00,42550,42595,42500,42585,154,DIRECTA
FIB6F,5M,2026-03-27 15:50:00,2026-03-27,15:50:00,42585,42615,42540,42545,97,DIRECTA
FIB6F,5M,2026-03-27 15:55:00,2026-03-27,15:55:00,42550,42585,42550,42570,49,DIRECTA
FIB6F,1H,2026-03-27 16:00:00,2026-03-27,16:00:00,42570,42810,42470,42665,1787,DIRECTA
FIB6F,15M,2026-03-27 16:00:00,2026-03-27,16:00:00,42570,42690,42550,42570,369,DIRECTA
FIB6F,5M,2026-03-27 16:00:00,2026-03-27,16:00:00,42570,42650,42550,42645,148,DIRECTA
FIB6F,5M,2026-03-27 16:05:00,2026-03-27,16:05:00,42645,42690,42600,42620,127,DIRECTA
FIB6F,5M,2026-03-27 16:10:00,2026-03-27,16:10:00,42620,42625,42560,42570,94,DIRECTA
FIB6F,15M,2026-03-27 16:15:00,2026-03-27,16:15:00,42585,42740,42470,42705,646,DIRECTA
FIB6F,5M,2026-03-27 16:15:00,2026-03-27,16:15:00,42585,42585,42470,42565,244,DIRECTA
FIB6F,5M,2026-03-27 16:20:00,2026-03-27,16:20:00,42565,42740,42550,42675,284,DIRECTA
FIB6F,5M,2026-03-27 16:25:00,2026-03-27,16:25:00,42685,42715,42670,42705,118,DIRECTA
FIB6F,15M,2026-03-27 16:30:00,2026-03-27,16:30:00,42705,42810,42700,42720,342,DIRECTA
FIB6F,5M,2026-03-27 16:30:00,2026-03-27,16:30:00,42705,42795,42700,42795,169,DIRECTA
FIB6F,5M,2026-03-27 16:35:00,2026-03-27,16:35:00,42800,42810,42725,42725,87,DIRECTA
FIB6F,5M,2026-03-27 16:40:00,2026-03-27,16:40:00,42740,42745,42705,42720,86,DIRECTA
FIB6F,15M,2026-03-27 16:45:00,2026-03-27,16:45:00,42715,42780,42660,42665,430,DIRECTA
FIB6F,5M,2026-03-27 16:45:00,2026-03-27,16:45:00,42715,42760,42715,42750,52,DIRECTA
FIB6F,5M,2026-03-27 16:50:00,2026-03-27,16:50:00,42750,42780,42695,42710,114,DIRECTA
FIB6F,5M,2026-03-27 16:55:00,2026-03-27,16:55:00,42705,42725,42660,42665,264,DIRECTA
FIB6F,1H,2026-03-27 17:00:00,2026-03-27,17:00:00,42670,42705,42555,42650,1622,DIRECTA
FIB6F,15M,2026-03-27 17:00:00,2026-03-27,17:00:00,42670,42690,42555,42630,334,DIRECTA
FIB6F,5M,2026-03-27 17:00:00,2026-03-27,17:00:00,42670,42690,42640,42660,115,DIRECTA
FIB6F,5M,2026-03-27 17:05:00,2026-03-27,17:05:00,42660,42660,42580,42580,129,DIRECTA
FIB6F,5M,2026-03-27 17:10:00,2026-03-27,17:10:00,42570,42630,42555,42630,90,DIRECTA
FIB6F,15M,2026-03-27 17:15:00,2026-03-27,17:15:00,42635,42660,42585,42660,466,DIRECTA
FIB6F,5M,2026-03-27 17:15:00,2026-03-27,17:15:00,42635,42640,42605,42620,93,DIRECTA
FIB6F,5M,2026-03-27 17:20:00,2026-03-27,17:20:00,42625,42635,42585,42605,107,DIRECTA
FIB6F,5M,2026-03-27 17:25:00,2026-03-27,17:25:00,42595,42660,42595,42660,266,DIRECTA
FIB6F,15M,2026-03-27 17:30:00,2026-03-27,17:30:00,42660,42695,42585,42635,715,DIRECTA
FIB6F,5M,2026-03-27 17:30:00,2026-03-27,17:30:00,42660,42695,42625,42665,490,DIRECTA
FIB6F,5M,2026-03-27 17:35:00,2026-03-27,17:35:00,42665,42675,42585,42595,165,DIRECTA
FIB6F,5M,2026-03-27 17:40:00,2026-03-27,17:40:00,42600,42640,42590,42635,60,DIRECTA
FIB6F,15M,2026-03-27 17:45:00,2026-03-27,17:45:00,42635,42705,42625,42650,107,DIRECTA
FIB6F,5M,2026-03-27 17:45:00,2026-03-27,17:45:00,42635,42700,42625,42700,37,DIRECTA
FIB6F,5M,2026-03-27 17:50:00,2026-03-27,17:50:00,42695,42705,42670,42670,45,DIRECTA
FIB6F,5M,2026-03-27 17:55:00,2026-03-27,17:55:00,42660,42665,42650,42650,25,DIRECTA
FIB6F,1H,2026-03-27 18:00:00,2026-03-27,18:00:00,42645,42720,42485,42500,271,DIRECTA
FIB6F,15M,2026-03-27 18:00:00,2026-03-27,18:00:00,42645,42720,42610,42645,134,DIRECTA
FIB6F,5M,2026-03-27 18:00:00,2026-03-27,18:00:00,42645,42645,42620,42630,14,DIRECTA
FIB6F,5M,2026-03-27 18:05:00,2026-03-27,18:05:00,42630,42720,42610,42645,99,DIRECTA
FIB6F,5M,2026-03-27 18:10:00,2026-03-27,18:10:00,42640,42645,42630,42645,21,DIRECTA
FIB6F,15M,2026-03-27 18:15:00,2026-03-27,18:15:00,42640,42645,42525,42535,54,DIRECTA
FIB6F,5M,2026-03-27 18:15:00,2026-03-27,18:15:00,42640,42645,42610,42615,8,DIRECTA
FIB6F,5M,2026-03-27 18:20:00,2026-03-27,18:20:00,42610,42610,42575,42575,28,DIRECTA
FIB6F,5M,2026-03-27 18:25:00,2026-03-27,18:25:00,42575,42575,42525,42535,18,DIRECTA
FIB6F,15M,2026-03-27 18:30:00,2026-03-27,18:30:00,42540,42560,42500,42500,48,DIRECTA
FIB6F,5M,2026-03-27 18:30:00,2026-03-27,18:30:00,42540,42560,42540,42555,15,DIRECTA
FIB6F,5M,2026-03-27 18:35:00,2026-03-27,18:35:00,42560,42560,42545,42545,13,DIRECTA
FIB6F,5M,2026-03-27 18:40:00,2026-03-27,18:40:00,42530,42530,42500,42500,20,DIRECTA
FIB6F,15M,2026-03-27 18:45:00,2026-03-27,18:45:00,42515,42535,42485,42500,35,DIRECTA
FIB6F,5M,2026-03-27 18:45:00,2026-03-27,18:45:00,42515,42535,42515,42515,14,DIRECTA
FIB6F,5M,2026-03-27 18:50:00,2026-03-27,18:50:00,42525,42525,42510,42515,4,DIRECTA
FIB6F,5M,2026-03-27 18:55:00,2026-03-27,18:55:00,42515,42515,42485,42500,17,DIRECTA
FIB6F,1H,2026-03-27 19:00:00,2026-03-27,19:00:00,42500,42500,42415,42450,174,DIRECTA
FIB6F,15M,2026-03-27 19:00:00,2026-03-27,19:00:00,42500,42500,42435,42435,35,DIRECTA
FIB6F,5M,2026-03-27 19:00:00,2026-03-27,19:00:00,42500,42500,42470,42475,8,DIRECTA
FIB6F,5M,2026-03-27 19:05:00,2026-03-27,19:05:00,42485,42485,42460,42470,15,DIRECTA
FIB6F,5M,2026-03-27 19:10:00,2026-03-27,19:10:00,42455,42460,42435,42435,12,DIRECTA
FIB6F,15M,2026-03-27 19:15:00,2026-03-27,19:15:00,42455,42485,42415,42445,62,DIRECTA
FIB6F,5M,2026-03-27 19:15:00,2026-03-27,19:15:00,42455,42470,42415,42470,32,DIRECTA
FIB6F,5M,2026-03-27 19:20:00,2026-03-27,19:20:00,42480,42485,42470,42475,13,DIRECTA
FIB6F,5M,2026-03-27 19:25:00,2026-03-27,19:25:00,42455,42455,42445,42445,17,DIRECTA
FIB6F,15M,2026-03-27 19:30:00,2026-03-27,19:30:00,42445,42500,42430,42465,59,DIRECTA
FIB6F,5M,2026-03-27 19:30:00,2026-03-27,19:30:00,42445,42450,42435,42435,11,DIRECTA
FIB6F,5M,2026-03-27 19:35:00,2026-03-27,19:35:00,42435,42465,42430,42455,13,DIRECTA
FIB6F,5M,2026-03-27 19:40:00,2026-03-27,19:40:00,42460,42500,42430,42465,35,DIRECTA
FIB6F,15M,2026-03-27 19:45:00,2026-03-27,19:45:00,42465,42465,42425,42450,18,DIRECTA
FIB6F,5M,2026-03-27 19:45:00,2026-03-27,19:45:00,42465,42465,42450,42460,7,DIRECTA
FIB6F,5M,2026-03-27 19:50:00,2026-03-27,19:50:00,42440,42440,42425,42435,8,DIRECTA
FIB6F,5M,2026-03-27 19:55:00,2026-03-27,19:55:00,42435,42450,42435,42450,3,DIRECTA
FIB6F,1H,2026-03-27 20:00:00,2026-03-27,20:00:00,42455,42460,42330,42440,242,DIRECTA
FIB6F,15M,2026-03-27 20:00:00,2026-03-27,20:00:00,42455,42460,42410,42440,30,DIRECTA
FIB6F,5M,2026-03-27 20:00:00,2026-03-27,20:00:00,42455,42460,42425,42425,11,DIRECTA
FIB6F,5M,2026-03-27 20:05:00,2026-03-27,20:05:00,42425,42425,42410,42420,12,DIRECTA
FIB6F,5M,2026-03-27 20:10:00,2026-03-27,20:10:00,42410,42445,42410,42440,7,DIRECTA
FIB6F,15M,2026-03-27 20:15:00,2026-03-27,20:15:00,42440,42450,42410,42420,61,DIRECTA
FIB6F,5M,2026-03-27 20:15:00,2026-03-27,20:15:00,42440,42450,42440,42450,18,DIRECTA
FIB6F,5M,2026-03-27 20:20:00,2026-03-27,20:20:00,42445,42445,42425,42435,22,DIRECTA
FIB6F,5M,2026-03-27 20:25:00,2026-03-27,20:25:00,42430,42430,42410,42420,21,DIRECTA
FIB6F,15M,2026-03-27 20:30:00,2026-03-27,20:30:00,42425,42445,42330,42350,109,DIRECTA
FIB6F,5M,2026-03-27 20:30:00,2026-03-27,20:30:00,42425,42440,42405,42440,15,DIRECTA
FIB6F,5M,2026-03-27 20:35:00,2026-03-27,20:35:00,42445,42445,42380,42380,29,DIRECTA
FIB6F,5M,2026-03-27 20:40:00,2026-03-27,20:40:00,42375,42375,42330,42350,65,DIRECTA
FIB6F,15M,2026-03-27 20:45:00,2026-03-27,20:45:00,42340,42460,42340,42440,42,DIRECTA
FIB6F,5M,2026-03-27 20:45:00,2026-03-27,20:45:00,42340,42375,42340,42375,18,DIRECTA
FIB6F,5M,2026-03-27 20:50:00,2026-03-27,20:50:00,42355,42370,42350,42370,7,DIRECTA
FIB6F,5M,2026-03-27 20:55:00,2026-03-27,20:55:00,42425,42460,42425,42440,17,DIRECTA
FIB6F,1H,2026-03-27 21:00:00,2026-03-27,21:00:00,42425,42475,42190,42265,151,DIRECTA
FIB6F,15M,2026-03-27 21:00:00,2026-03-27,21:00:00,42425,42475,42400,42405,26,DIRECTA
FIB6F,5M,2026-03-27 21:00:00,2026-03-27,21:00:00,42425,42475,42400,42405,24,DIRECTA
FIB6F,5M,2026-03-27 21:10:00,2026-03-27,21:10:00,42410,42410,42405,42405,2,DIRECTA
FIB6F,15M,2026-03-27 21:15:00,2026-03-27,21:15:00,42415,42415,42350,42370,21,DIRECTA
FIB6F,5M,2026-03-27 21:15:00,2026-03-27,21:15:00,42415,42415,42385,42385,5,DIRECTA
FIB6F,5M,2026-03-27 21:20:00,2026-03-27,21:20:00,42375,42380,42350,42380,11,DIRECTA
FIB6F,5M,2026-03-27 21:25:00,2026-03-27,21:25:00,42360,42375,42350,42370,5,DIRECTA
FIB6F,15M,2026-03-27 21:30:00,2026-03-27,21:30:00,42380,42390,42345,42380,32,DIRECTA
FIB6F,5M,2026-03-27 21:30:00,2026-03-27,21:30:00,42380,42390,42365,42365,4,DIRECTA
FIB6F,5M,2026-03-27 21:35:00,2026-03-27,21:35:00,42350,42355,42345,42355,16,DIRECTA
FIB6F,5M,2026-03-27 21:40:00,2026-03-27,21:40:00,42345,42390,42345,42380,12,DIRECTA
FIB6F,15M,2026-03-27 21:45:00,2026-03-27,21:45:00,42365,42375,42190,42265,72,DIRECTA
FIB6F,5M,2026-03-27 21:45:00,2026-03-27,21:45:00,42365,42375,42360,42375,10,DIRECTA
FIB6F,5M,2026-03-27 21:50:00,2026-03-27,21:50:00,42365,42375,42365,42375,6,DIRECTA
FIB6F,5M,2026-03-27 21:55:00,2026-03-27,21:55:00,42365,42365,42190,42265,56,DIRECTA
FIB6F,W,2026-03-30 08:00:00,2026-03-30,08:00:00,42335,45210,42310,44881,65298,AGG_FROM_D
FIB6F,D,2026-03-30 08:00:00,2026-03-30,08:00:00,42335,43215,42310,43095,12523,DIRECTA
FIB6F,1H,2026-03-30 08:00:00,2026-03-30,08:00:00,42335,42630,42310,42580,335,DIRECTA
FIB6F,15M,2026-03-30 08:00:00,2026-03-30,08:00:00,42335,42470,42310,42445,117,DIRECTA
FIB6F,5M,2026-03-30 08:00:00,2026-03-30,08:00:00,42335,42470,42310,42435,82,DIRECTA
FIB6F,5M,2026-03-30 08:05:00,2026-03-30,08:05:00,42435,42470,42435,42445,24,DIRECTA
FIB6F,5M,2026-03-30 08:10:00,2026-03-30,08:10:00,42440,42445,42425,42445,11,DIRECTA
FIB6F,15M,2026-03-30 08:15:00,2026-03-30,08:15:00,42450,42500,42450,42495,55,DIRECTA
FIB6F,5M,2026-03-30 08:15:00,2026-03-30,08:15:00,42450,42495,42450,42495,39,DIRECTA
FIB6F,5M,2026-03-30 08:20:00,2026-03-30,08:20:00,42485,42485,42470,42470,6,DIRECTA
FIB6F,5M,2026-03-30 08:25:00,2026-03-30,08:25:00,42460,42500,42460,42495,10,DIRECTA
FIB6F,15M,2026-03-30 08:30:00,2026-03-30,08:30:00,42500,42530,42480,42530,46,DIRECTA
FIB6F,5M,2026-03-30 08:30:00,2026-03-30,08:30:00,42500,42505,42480,42490,15,DIRECTA
FIB6F,5M,2026-03-30 08:35:00,2026-03-30,08:35:00,42485,42510,42485,42495,10,DIRECTA
FIB6F,5M,2026-03-30 08:40:00,2026-03-30,08:40:00,42510,42530,42510,42530,21,DIRECTA
FIB6F,15M,2026-03-30 08:45:00,2026-03-30,08:45:00,42535,42630,42525,42580,117,DIRECTA
FIB6F,5M,2026-03-30 08:45:00,2026-03-30,08:45:00,42535,42590,42530,42590,54,DIRECTA
FIB6F,5M,2026-03-30 08:50:00,2026-03-30,08:50:00,42590,42630,42560,42560,32,DIRECTA
FIB6F,5M,2026-03-30 08:55:00,2026-03-30,08:55:00,42560,42590,42525,42580,31,DIRECTA
FIB6F,1H,2026-03-30 09:00:00,2026-03-30,09:00:00,42560,42705,42450,42700,1765,DIRECTA
FIB6F,15M,2026-03-30 09:00:00,2026-03-30,09:00:00,42560,42650,42450,42620,783,DIRECTA
FIB6F,5M,2026-03-30 09:00:00,2026-03-30,09:00:00,42560,42585,42450,42500,476,DIRECTA
FIB6F,5M,2026-03-30 09:05:00,2026-03-30,09:05:00,42505,42615,42490,42615,140,DIRECTA
FIB6F,5M,2026-03-30 09:10:00,2026-03-30,09:10:00,42620,42650,42590,42620,167,DIRECTA
FIB6F,15M,2026-03-30 09:15:00,2026-03-30,09:15:00,42630,42655,42535,42570,307,DIRECTA
FIB6F,5M,2026-03-30 09:15:00,2026-03-30,09:15:00,42630,42635,42575,42605,117,DIRECTA
FIB6F,5M,2026-03-30 09:20:00,2026-03-30,09:20:00,42605,42655,42590,42600,81,DIRECTA
FIB6F,5M,2026-03-30 09:25:00,2026-03-30,09:25:00,42615,42630,42535,42570,109,DIRECTA
FIB6F,15M,2026-03-30 09:30:00,2026-03-30,09:30:00,42570,42610,42525,42580,366,DIRECTA
FIB6F,5M,2026-03-30 09:30:00,2026-03-30,09:30:00,42570,42610,42525,42580,129,DIRECTA
FIB6F,5M,2026-03-30 09:35:00,2026-03-30,09:35:00,42585,42595,42540,42560,115,DIRECTA
FIB6F,5M,2026-03-30 09:40:00,2026-03-30,09:40:00,42550,42585,42525,42580,122,DIRECTA
FIB6F,15M,2026-03-30 09:45:00,2026-03-30,09:45:00,42580,42705,42540,42700,309,DIRECTA
FIB6F,5M,2026-03-30 09:45:00,2026-03-30,09:45:00,42580,42595,42540,42585,107,DIRECTA
FIB6F,5M,2026-03-30 09:50:00,2026-03-30,09:50:00,42590,42670,42585,42665,124,DIRECTA
FIB6F,5M,2026-03-30 09:55:00,2026-03-30,09:55:00,42660,42705,42660,42700,78,DIRECTA
FIB6F,1H,2026-03-30 10:00:00,2026-03-30,10:00:00,42685,42880,42640,42865,1100,DIRECTA
FIB6F,15M,2026-03-30 10:00:00,2026-03-30,10:00:00,42685,42745,42640,42735,390,DIRECTA
FIB6F,5M,2026-03-30 10:00:00,2026-03-30,10:00:00,42685,42695,42655,42695,160,DIRECTA
FIB6F,5M,2026-03-30 10:05:00,2026-03-30,10:05:00,42695,42725,42640,42655,121,DIRECTA
FIB6F,5M,2026-03-30 10:10:00,2026-03-30,10:10:00,42655,42745,42655,42735,109,DIRECTA
FIB6F,15M,2026-03-30 10:15:00,2026-03-30,10:15:00,42730,42845,42720,42825,303,DIRECTA
FIB6F,5M,2026-03-30 10:15:00,2026-03-30,10:15:00,42730,42785,42720,42785,114,DIRECTA
FIB6F,5M,2026-03-30 10:20:00,2026-03-30,10:20:00,42785,42790,42750,42770,70,DIRECTA
FIB6F,5M,2026-03-30 10:25:00,2026-03-30,10:25:00,42760,42845,42750,42825,119,DIRECTA
FIB6F,15M,2026-03-30 10:30:00,2026-03-30,10:30:00,42825,42875,42800,42835,247,DIRECTA
FIB6F,5M,2026-03-30 10:30:00,2026-03-30,10:30:00,42825,42875,42800,42840,127,DIRECTA
FIB6F,5M,2026-03-30 10:35:00,2026-03-30,10:35:00,42835,42865,42815,42845,67,DIRECTA
FIB6F,5M,2026-03-30 10:40:00,2026-03-30,10:40:00,42845,42850,42815,42835,53,DIRECTA
FIB6F,15M,2026-03-30 10:45:00,2026-03-30,10:45:00,42830,42880,42815,42865,160,DIRECTA
FIB6F,5M,2026-03-30 10:45:00,2026-03-30,10:45:00,42830,42865,42815,42860,60,DIRECTA
FIB6F,5M,2026-03-30 10:50:00,2026-03-30,10:50:00,42855,42865,42850,42855,40,DIRECTA
FIB6F,5M,2026-03-30 10:55:00,2026-03-30,10:55:00,42855,42880,42845,42865,60,DIRECTA
FIB6F,1H,2026-03-30 11:00:00,2026-03-30,11:00:00,42870,42875,42620,42700,1039,DIRECTA
FIB6F,15M,2026-03-30 11:00:00,2026-03-30,11:00:00,42870,42875,42775,42775,224,DIRECTA
FIB6F,5M,2026-03-30 11:00:00,2026-03-30,11:00:00,42870,42875,42830,42835,68,DIRECTA
FIB6F,5M,2026-03-30 11:05:00,2026-03-30,11:05:00,42840,42865,42805,42835,85,DIRECTA
FIB6F,5M,2026-03-30 11:10:00,2026-03-30,11:10:00,42835,42840,42775,42775,71,DIRECTA
FIB6F,15M,2026-03-30 11:15:00,2026-03-30,11:15:00,42770,42770,42695,42695,390,DIRECTA
FIB6F,5M,2026-03-30 11:15:00,2026-03-30,11:15:00,42770,42770,42695,42725,262,DIRECTA
FIB6F,5M,2026-03-30 11:20:00,2026-03-30,11:20:00,42725,42740,42695,42725,96,DIRECTA
FIB6F,5M,2026-03-30 11:25:00,2026-03-30,11:25:00,42725,42730,42695,42695,32,DIRECTA
FIB6F,15M,2026-03-30 11:30:00,2026-03-30,11:30:00,42705,42720,42630,42675,158,DIRECTA
FIB6F,5M,2026-03-30 11:30:00,2026-03-30,11:30:00,42705,42720,42660,42665,59,DIRECTA
FIB6F,5M,2026-03-30 11:35:00,2026-03-30,11:35:00,42670,42720,42630,42720,66,DIRECTA
FIB6F,5M,2026-03-30 11:40:00,2026-03-30,11:40:00,42715,42715,42665,42675,33,DIRECTA
FIB6F,15M,2026-03-30 11:45:00,2026-03-30,11:45:00,42670,42710,42620,42700,267,DIRECTA
FIB6F,5M,2026-03-30 11:45:00,2026-03-30,11:45:00,42670,42670,42630,42640,79,DIRECTA
FIB6F,5M,2026-03-30 11:50:00,2026-03-30,11:50:00,42635,42685,42620,42665,91,DIRECTA
FIB6F,5M,2026-03-30 11:55:00,2026-03-30,11:55:00,42665,42710,42660,42700,97,DIRECTA
FIB6F,1H,2026-03-30 12:00:00,2026-03-30,12:00:00,42710,42850,42660,42850,522,DIRECTA
FIB6F,15M,2026-03-30 12:00:00,2026-03-30,12:00:00,42710,42770,42660,42750,138,DIRECTA
FIB6F,5M,2026-03-30 12:00:00,2026-03-30,12:00:00,42710,42710,42660,42695,37,DIRECTA
FIB6F,5M,2026-03-30 12:05:00,2026-03-30,12:05:00,42685,42755,42685,42745,61,DIRECTA
FIB6F,5M,2026-03-30 12:10:00,2026-03-30,12:10:00,42745,42770,42730,42750,40,DIRECTA
FIB6F,15M,2026-03-30 12:15:00,2026-03-30,12:15:00,42760,42820,42750,42780,128,DIRECTA
FIB6F,5M,2026-03-30 12:15:00,2026-03-30,12:15:00,42760,42810,42750,42790,57,DIRECTA
FIB6F,5M,2026-03-30 12:20:00,2026-03-30,12:20:00,42790,42820,42790,42805,38,DIRECTA
FIB6F,5M,2026-03-30 12:25:00,2026-03-30,12:25:00,42805,42820,42775,42780,33,DIRECTA
FIB6F,15M,2026-03-30 12:30:00,2026-03-30,12:30:00,42775,42785,42740,42765,111,DIRECTA
FIB6F,5M,2026-03-30 12:30:00,2026-03-30,12:30:00,42775,42780,42755,42760,67,DIRECTA
FIB6F,5M,2026-03-30 12:35:00,2026-03-30,12:35:00,42760,42770,42740,42755,18,DIRECTA
FIB6F,5M,2026-03-30 12:40:00,2026-03-30,12:40:00,42760,42785,42750,42765,26,DIRECTA
FIB6F,15M,2026-03-30 12:45:00,2026-03-30,12:45:00,42780,42850,42775,42850,145,DIRECTA
FIB6F,5M,2026-03-30 12:45:00,2026-03-30,12:45:00,42780,42810,42775,42790,63,DIRECTA
FIB6F,5M,2026-03-30 12:50:00,2026-03-30,12:50:00,42795,42825,42790,42815,36,DIRECTA
FIB6F,5M,2026-03-30 12:55:00,2026-03-30,12:55:00,42820,42850,42815,42850,46,DIRECTA
FIB6F,1H,2026-03-30 13:00:00,2026-03-30,13:00:00,42845,43165,42845,42870,2046,DIRECTA
FIB6F,15M,2026-03-30 13:00:00,2026-03-30,13:00:00,42845,42925,42845,42880,210,DIRECTA
FIB6F,5M,2026-03-30 13:00:00,2026-03-30,13:00:00,42845,42900,42845,42890,114,DIRECTA
FIB6F,5M,2026-03-30 13:05:00,2026-03-30,13:05:00,42895,42925,42895,42920,56,DIRECTA
FIB6F,5M,2026-03-30 13:10:00,2026-03-30,13:10:00,42910,42910,42875,42880,40,DIRECTA
FIB6F,15M,2026-03-30 13:15:00,2026-03-30,13:15:00,42885,43165,42870,42980,1405,DIRECTA
FIB6F,5M,2026-03-30 13:15:00,2026-03-30,13:15:00,42885,42930,42870,42930,69,DIRECTA
FIB6F,5M,2026-03-30 13:20:00,2026-03-30,13:20:00,42930,42955,42900,42950,76,DIRECTA
FIB6F,5M,2026-03-30 13:25:00,2026-03-30,13:25:00,42945,43165,42905,42980,1260,DIRECTA
FIB6F,15M,2026-03-30 13:30:00,2026-03-30,13:30:00,42980,42990,42890,42900,312,DIRECTA
FIB6F,5M,2026-03-30 13:30:00,2026-03-30,13:30:00,42980,42990,42890,42920,199,DIRECTA
FIB6F,5M,2026-03-30 13:35:00,2026-03-30,13:35:00,42925,42945,42905,42920,53,DIRECTA
FIB6F,5M,2026-03-30 13:40:00,2026-03-30,13:40:00,42915,42925,42890,42900,60,DIRECTA
FIB6F,15M,2026-03-30 13:45:00,2026-03-30,13:45:00,42905,42945,42850,42870,119,DIRECTA
FIB6F,5M,2026-03-30 13:45:00,2026-03-30,13:45:00,42905,42945,42895,42920,35,DIRECTA
FIB6F,5M,2026-03-30 13:50:00,2026-03-30,13:50:00,42935,42945,42885,42890,44,DIRECTA
FIB6F,5M,2026-03-30 13:55:00,2026-03-30,13:55:00,42885,42885,42850,42870,40,DIRECTA
FIB6F,1H,2026-03-30 14:00:00,2026-03-30,14:00:00,42885,43025,42845,42990,579,DIRECTA
FIB6F,15M,2026-03-30 14:00:00,2026-03-30,14:00:00,42885,42910,42845,42895,128,DIRECTA
FIB6F,5M,2026-03-30 14:00:00,2026-03-30,14:00:00,42885,42895,42845,42855,52,DIRECTA
FIB6F,5M,2026-03-30 14:05:00,2026-03-30,14:05:00,42855,42910,42855,42875,53,DIRECTA
FIB6F,5M,2026-03-30 14:10:00,2026-03-30,14:10:00,42880,42900,42865,42895,23,DIRECTA
FIB6F,15M,2026-03-30 14:15:00,2026-03-30,14:15:00,42890,42965,42880,42965,130,DIRECTA
FIB6F,5M,2026-03-30 14:15:00,2026-03-30,14:15:00,42890,42945,42880,42940,40,DIRECTA
FIB6F,5M,2026-03-30 14:20:00,2026-03-30,14:20:00,42940,42945,42920,42945,36,DIRECTA
FIB6F,5M,2026-03-30 14:25:00,2026-03-30,14:25:00,42940,42965,42935,42965,54,DIRECTA
FIB6F,15M,2026-03-30 14:30:00,2026-03-30,14:30:00,42955,43025,42955,43005,162,DIRECTA
FIB6F,5M,2026-03-30 14:30:00,2026-03-30,14:30:00,42955,43000,42955,42960,68,DIRECTA
FIB6F,5M,2026-03-30 14:35:00,2026-03-30,14:35:00,42960,42985,42960,42975,37,DIRECTA
FIB6F,5M,2026-03-30 14:40:00,2026-03-30,14:40:00,42970,43025,42970,43005,57,DIRECTA
FIB6F,15M,2026-03-30 14:45:00,2026-03-30,14:45:00,43010,43025,42970,42990,159,DIRECTA
FIB6F,5M,2026-03-30 14:45:00,2026-03-30,14:45:00,43010,43025,43005,43015,60,DIRECTA
FIB6F,5M,2026-03-30 14:50:00,2026-03-30,14:50:00,43010,43010,42980,42980,41,DIRECTA
FIB6F,5M,2026-03-30 14:55:00,2026-03-30,14:55:00,42975,42995,42970,42990,58,DIRECTA
FIB6F,1H,2026-03-30 15:00:00,2026-03-30,15:00:00,42990,43025,42850,42870,1017,DIRECTA
FIB6F,15M,2026-03-30 15:00:00,2026-03-30,15:00:00,42990,43025,42930,42990,185,DIRECTA
FIB6F,5M,2026-03-30 15:00:00,2026-03-30,15:00:00,42990,43025,42985,42985,69,DIRECTA
FIB6F,5M,2026-03-30 15:05:00,2026-03-30,15:05:00,42985,43000,42930,42950,68,DIRECTA
FIB6F,5M,2026-03-30 15:10:00,2026-03-30,15:10:00,42950,42995,42950,42990,48,DIRECTA
FIB6F,15M,2026-03-30 15:15:00,2026-03-30,15:15:00,43000,43015,42975,43010,117,DIRECTA
FIB6F,5M,2026-03-30 15:15:00,2026-03-30,15:15:00,43000,43000,42975,42985,37,DIRECTA
FIB6F,5M,2026-03-30 15:20:00,2026-03-30,15:20:00,42980,43015,42975,43005,52,DIRECTA
FIB6F,5M,2026-03-30 15:25:00,2026-03-30,15:25:00,43000,43015,42990,43010,28,DIRECTA
FIB6F,15M,2026-03-30 15:30:00,2026-03-30,15:30:00,42995,43025,42935,42970,356,DIRECTA
FIB6F,5M,2026-03-30 15:30:00,2026-03-30,15:30:00,42995,43025,42965,42965,130,DIRECTA
FIB6F,5M,2026-03-30 15:35:00,2026-03-30,15:35:00,42980,42995,42950,42990,117,DIRECTA
FIB6F,5M,2026-03-30 15:40:00,2026-03-30,15:40:00,42975,42975,42935,42970,109,DIRECTA
FIB6F,15M,2026-03-30 15:45:00,2026-03-30,15:45:00,42965,42980,42850,42870,359,DIRECTA
FIB6F,5M,2026-03-30 15:45:00,2026-03-30,15:45:00,42965,42980,42905,42935,137,DIRECTA
FIB6F,5M,2026-03-30 15:50:00,2026-03-30,15:50:00,42935,42970,42905,42905,105,DIRECTA
FIB6F,5M,2026-03-30 15:55:00,2026-03-30,15:55:00,42910,42915,42850,42870,117,DIRECTA
FIB6F,1H,2026-03-30 16:00:00,2026-03-30,16:00:00,42875,43070,42875,43070,1455,DIRECTA
FIB6F,15M,2026-03-30 16:00:00,2026-03-30,16:00:00,42875,42950,42875,42945,410,DIRECTA
FIB6F,5M,2026-03-30 16:00:00,2026-03-30,16:00:00,42875,42945,42875,42940,200,DIRECTA
FIB6F,5M,2026-03-30 16:05:00,2026-03-30,16:05:00,42930,42930,42875,42925,104,DIRECTA
FIB6F,5M,2026-03-30 16:10:00,2026-03-30,16:10:00,42930,42950,42920,42945,106,DIRECTA
FIB6F,15M,2026-03-30 16:15:00,2026-03-30,16:15:00,42950,42955,42885,42910,268,DIRECTA
FIB6F,5M,2026-03-30 16:15:00,2026-03-30,16:15:00,42950,42950,42885,42910,74,DIRECTA
FIB6F,5M,2026-03-30 16:20:00,2026-03-30,16:20:00,42910,42955,42900,42940,83,DIRECTA
FIB6F,5M,2026-03-30 16:25:00,2026-03-30,16:25:00,42940,42950,42890,42910,111,DIRECTA
FIB6F,15M,2026-03-30 16:30:00,2026-03-30,16:30:00,42910,43030,42895,42895,387,DIRECTA
FIB6F,5M,2026-03-30 16:30:00,2026-03-30,16:30:00,42910,42975,42905,42945,176,DIRECTA
FIB6F,5M,2026-03-30 16:35:00,2026-03-30,16:35:00,42955,43030,42920,43010,109,DIRECTA
FIB6F,5M,2026-03-30 16:40:00,2026-03-30,16:40:00,43010,43020,42895,42895,102,DIRECTA
FIB6F,15M,2026-03-30 16:45:00,2026-03-30,16:45:00,42890,43070,42875,43070,390,DIRECTA
FIB6F,5M,2026-03-30 16:45:00,2026-03-30,16:45:00,42890,42995,42875,42940,196,DIRECTA
FIB6F,5M,2026-03-30 16:50:00,2026-03-30,16:50:00,42945,43000,42935,42995,57,DIRECTA
FIB6F,5M,2026-03-30 16:55:00,2026-03-30,16:55:00,43000,43070,42995,43070,137,DIRECTA
FIB6F,1H,2026-03-30 17:00:00,2026-03-30,17:00:00,43075,43215,42945,43140,1748,DIRECTA
FIB6F,15M,2026-03-30 17:00:00,2026-03-30,17:00:00,43075,43155,42960,42960,443,DIRECTA
FIB6F,5M,2026-03-30 17:00:00,2026-03-30,17:00:00,43075,43155,43075,43140,140,DIRECTA
FIB6F,5M,2026-03-30 17:05:00,2026-03-30,17:05:00,43145,43155,43005,43020,133,DIRECTA
FIB6F,5M,2026-03-30 17:10:00,2026-03-30,17:10:00,43025,43045,42960,42960,170,DIRECTA
FIB6F,15M,2026-03-30 17:15:00,2026-03-30,17:15:00,42965,43045,42945,43005,429,DIRECTA
FIB6F,5M,2026-03-30 17:15:00,2026-03-30,17:15:00,42965,42990,42945,42990,124,DIRECTA
FIB6F,5M,2026-03-30 17:20:00,2026-03-30,17:20:00,42990,43025,42980,43020,99,DIRECTA
FIB6F,5M,2026-03-30 17:25:00,2026-03-30,17:25:00,43020,43045,42995,43005,206,DIRECTA
FIB6F,15M,2026-03-30 17:30:00,2026-03-30,17:30:00,43010,43170,43000,43170,753,DIRECTA
FIB6F,5M,2026-03-30 17:30:00,2026-03-30,17:30:00,43010,43095,43000,43075,465,DIRECTA
FIB6F,5M,2026-03-30 17:35:00,2026-03-30,17:35:00,43080,43135,43080,43125,178,DIRECTA
FIB6F,5M,2026-03-30 17:40:00,2026-03-30,17:40:00,43130,43170,43110,43170,110,DIRECTA
FIB6F,15M,2026-03-30 17:45:00,2026-03-30,17:45:00,43160,43215,43135,43140,123,DIRECTA
FIB6F,5M,2026-03-30 17:45:00,2026-03-30,17:45:00,43160,43170,43140,43150,36,DIRECTA
FIB6F,5M,2026-03-30 17:50:00,2026-03-30,17:50:00,43170,43215,43170,43180,50,DIRECTA
FIB6F,5M,2026-03-30 17:55:00,2026-03-30,17:55:00,43170,43175,43135,43140,37,DIRECTA
FIB6F,1H,2026-03-30 18:00:00,2026-03-30,18:00:00,43140,43140,42970,42980,236,DIRECTA
FIB6F,15M,2026-03-30 18:00:00,2026-03-30,18:00:00,43140,43140,43050,43050,73,DIRECTA
FIB6F,5M,2026-03-30 18:00:00,2026-03-30,18:00:00,43140,43140,43080,43085,29,DIRECTA
FIB6F,5M,2026-03-30 18:05:00,2026-03-30,18:05:00,43085,43085,43050,43070,21,DIRECTA
FIB6F,5M,2026-03-30 18:10:00,2026-03-30,18:10:00,43055,43075,43050,43050,23,DIRECTA
FIB6F,15M,2026-03-30 18:15:00,2026-03-30,18:15:00,43055,43055,42985,42995,88,DIRECTA
FIB6F,5M,2026-03-30 18:15:00,2026-03-30,18:15:00,43055,43055,43015,43015,54,DIRECTA
FIB6F,5M,2026-03-30 18:20:00,2026-03-30,18:20:00,43020,43040,43005,43005,20,DIRECTA
FIB6F,5M,2026-03-30 18:25:00,2026-03-30,18:25:00,43005,43005,42985,42995,14,DIRECTA
FIB6F,15M,2026-03-30 18:30:00,2026-03-30,18:30:00,42975,43020,42975,42990,37,DIRECTA
FIB6F,5M,2026-03-30 18:30:00,2026-03-30,18:30:00,42975,43010,42975,43000,18,DIRECTA
FIB6F,5M,2026-03-30 18:35:00,2026-03-30,18:35:00,43000,43020,43000,43010,10,DIRECTA
FIB6F,5M,2026-03-30 18:40:00,2026-03-30,18:40:00,43000,43005,42990,42990,9,DIRECTA
FIB6F,15M,2026-03-30 18:45:00,2026-03-30,18:45:00,42990,42995,42970,42980,38,DIRECTA
FIB6F,5M,2026-03-30 18:45:00,2026-03-30,18:45:00,42990,42990,42975,42980,13,DIRECTA
FIB6F,5M,2026-03-30 18:50:00,2026-03-30,18:50:00,42970,42995,42970,42975,9,DIRECTA
FIB6F,5M,2026-03-30 18:55:00,2026-03-30,18:55:00,42975,42985,42975,42980,16,DIRECTA
FIB6F,1H,2026-03-30 19:00:00,2026-03-30,19:00:00,42995,43005,42820,42870,276,DIRECTA
FIB6F,15M,2026-03-30 19:00:00,2026-03-30,19:00:00,42995,43005,42940,42945,88,DIRECTA
FIB6F,5M,2026-03-30 19:00:00,2026-03-30,19:00:00,42995,43005,42970,42970,42,DIRECTA
FIB6F,5M,2026-03-30 19:05:00,2026-03-30,19:05:00,42960,42995,42960,42990,27,DIRECTA
FIB6F,5M,2026-03-30 19:10:00,2026-03-30,19:10:00,42995,42995,42940,42945,19,DIRECTA
FIB6F,15M,2026-03-30 19:15:00,2026-03-30,19:15:00,42940,42940,42855,42855,93,DIRECTA
FIB6F,5M,2026-03-30 19:15:00,2026-03-30,19:15:00,42940,42940,42895,42910,27,DIRECTA
FIB6F,5M,2026-03-30 19:20:00,2026-03-30,19:20:00,42915,42915,42865,42875,22,DIRECTA
FIB6F,5M,2026-03-30 19:25:00,2026-03-30,19:25:00,42875,42880,42855,42855,44,DIRECTA
FIB6F,15M,2026-03-30 19:30:00,2026-03-30,19:30:00,42860,42915,42820,42915,54,DIRECTA
FIB6F,5M,2026-03-30 19:30:00,2026-03-30,19:30:00,42860,42865,42835,42840,26,DIRECTA
FIB6F,5M,2026-03-30 19:35:00,2026-03-30,19:35:00,42840,42870,42820,42870,16,DIRECTA
FIB6F,5M,2026-03-30 19:40:00,2026-03-30,19:40:00,42865,42915,42865,42915,12,DIRECTA
FIB6F,15M,2026-03-30 19:45:00,2026-03-30,19:45:00,42910,42930,42865,42870,41,DIRECTA
FIB6F,5M,2026-03-30 19:45:00,2026-03-30,19:45:00,42910,42930,42890,42890,26,DIRECTA
FIB6F,5M,2026-03-30 19:50:00,2026-03-30,19:50:00,42875,42885,42875,42875,7,DIRECTA
FIB6F,5M,2026-03-30 19:55:00,2026-03-30,19:55:00,42870,42875,42865,42870,8,DIRECTA
FIB6F,1H,2026-03-30 20:00:00,2026-03-30,20:00:00,42880,42920,42785,42800,141,DIRECTA
FIB6F,15M,2026-03-30 20:00:00,2026-03-30,20:00:00,42880,42895,42855,42870,18,DIRECTA
FIB6F,5M,2026-03-30 20:00:00,2026-03-30,20:00:00,42880,42895,42875,42890,7,DIRECTA
FIB6F,5M,2026-03-30 20:05:00,2026-03-30,20:05:00,42880,42880,42855,42855,7,DIRECTA
FIB6F,5M,2026-03-30 20:10:00,2026-03-30,20:10:00,42870,42870,42870,42870,4,DIRECTA
FIB6F,15M,2026-03-30 20:15:00,2026-03-30,20:15:00,42885,42920,42850,42855,33,DIRECTA
FIB6F,5M,2026-03-30 20:15:00,2026-03-30,20:15:00,42885,42910,42885,42910,6,DIRECTA
FIB6F,5M,2026-03-30 20:20:00,2026-03-30,20:20:00,42920,42920,42885,42885,8,DIRECTA
FIB6F,5M,2026-03-30 20:25:00,2026-03-30,20:25:00,42875,42875,42850,42855,19,DIRECTA
FIB6F,15M,2026-03-30 20:30:00,2026-03-30,20:30:00,42855,42885,42825,42835,31,DIRECTA
FIB6F,5M,2026-03-30 20:30:00,2026-03-30,20:30:00,42855,42870,42855,42860,9,DIRECTA
FIB6F,5M,2026-03-30 20:35:00,2026-03-30,20:35:00,42865,42885,42860,42860,7,DIRECTA
FIB6F,5M,2026-03-30 20:40:00,2026-03-30,20:40:00,42850,42850,42825,42835,15,DIRECTA
FIB6F,15M,2026-03-30 20:45:00,2026-03-30,20:45:00,42850,42855,42785,42800,59,DIRECTA
FIB6F,5M,2026-03-30 20:45:00,2026-03-30,20:45:00,42850,42855,42830,42840,10,DIRECTA
FIB6F,5M,2026-03-30 20:50:00,2026-03-30,20:50:00,42830,42830,42810,42820,13,DIRECTA
FIB6F,5M,2026-03-30 20:55:00,2026-03-30,20:55:00,42820,42820,42785,42800,36,DIRECTA
FIB6F,1H,2026-03-30 21:00:00,2026-03-30,21:00:00,42805,42810,42650,42795,264,DIRECTA
FIB6F,15M,2026-03-30 21:00:00,2026-03-30,21:00:00,42805,42805,42655,42655,82,DIRECTA
FIB6F,5M,2026-03-30 21:00:00,2026-03-30,21:00:00,42805,42805,42770,42785,26,DIRECTA
FIB6F,5M,2026-03-30 21:05:00,2026-03-30,21:05:00,42765,42765,42705,42705,28,DIRECTA
FIB6F,5M,2026-03-30 21:10:00,2026-03-30,21:10:00,42705,42705,42655,42655,28,DIRECTA
FIB6F,15M,2026-03-30 21:15:00,2026-03-30,21:15:00,42660,42695,42650,42685,65,DIRECTA
FIB6F,5M,2026-03-30 21:15:00,2026-03-30,21:15:00,42660,42675,42655,42655,29,DIRECTA
FIB6F,5M,2026-03-30 21:20:00,2026-03-30,21:20:00,42665,42690,42650,42690,13,DIRECTA
FIB6F,5M,2026-03-30 21:25:00,2026-03-30,21:25:00,42680,42695,42675,42685,23,DIRECTA
FIB6F,15M,2026-03-30 21:30:00,2026-03-30,21:30:00,42700,42770,42700,42760,48,DIRECTA
FIB6F,5M,2026-03-30 21:30:00,2026-03-30,21:30:00,42700,42720,42700,42720,19,DIRECTA
FIB6F,5M,2026-03-30 21:35:00,2026-03-30,21:35:00,42725,42770,42715,42755,17,DIRECTA
FIB6F,5M,2026-03-30 21:40:00,2026-03-30,21:40:00,42760,42765,42740,42760,12,DIRECTA
FIB6F,15M,2026-03-30 21:45:00,2026-03-30,21:45:00,42755,42810,42740,42795,69,DIRECTA
FIB6F,5M,2026-03-30 21:45:00,2026-03-30,21:45:00,42755,42755,42745,42745,16,DIRECTA
FIB6F,5M,2026-03-30 21:50:00,2026-03-30,21:50:00,42740,42770,42740,42770,22,DIRECTA
FIB6F,5M,2026-03-30 21:55:00,2026-03-30,21:55:00,42785,42810,42785,42795,31,DIRECTA
FIB6F,D,2026-03-31 08:00:00,2026-03-31,08:00:00,43195,44725,42905,43576,18275,DIRECTA
FIB6F,1H,2026-03-31 08:00:00,2026-03-31,08:00:00,43195,43230,42970,43060,412,DIRECTA
FIB6F,15M,2026-03-31 08:00:00,2026-03-31,08:00:00,43195,43230,43015,43065,137,DIRECTA
FIB6F,5M,2026-03-31 08:00:00,2026-03-31,08:00:00,43195,43230,43095,43095,76,DIRECTA
FIB6F,5M,2026-03-31 08:05:00,2026-03-31,08:05:00,43095,43095,43020,43020,30,DIRECTA
FIB6F,5M,2026-03-31 08:10:00,2026-03-31,08:10:00,43015,43065,43015,43065,31,DIRECTA
FIB6F,15M,2026-03-31 08:15:00,2026-03-31,08:15:00,43065,43145,43055,43090,76,DIRECTA
FIB6F,5M,2026-03-31 08:15:00,2026-03-31,08:15:00,43065,43080,43055,43080,19,DIRECTA
FIB6F,5M,2026-03-31 08:20:00,2026-03-31,08:20:00,43085,43110,43085,43110,10,DIRECTA
FIB6F,5M,2026-03-31 08:25:00,2026-03-31,08:25:00,43120,43145,43090,43090,47,DIRECTA
FIB6F,15M,2026-03-31 08:30:00,2026-03-31,08:30:00,43085,43115,43010,43010,85,DIRECTA
FIB6F,5M,2026-03-31 08:30:00,2026-03-31,08:30:00,43085,43115,43020,43045,49,DIRECTA
FIB6F,5M,2026-03-31 08:35:00,2026-03-31,08:35:00,43030,43060,43020,43040,21,DIRECTA
FIB6F,5M,2026-03-31 08:40:00,2026-03-31,08:40:00,43050,43050,43010,43010,15,DIRECTA
FIB6F,15M,2026-03-31 08:45:00,2026-03-31,08:45:00,43005,43060,42970,43060,114,DIRECTA
FIB6F,5M,2026-03-31 08:45:00,2026-03-31,08:45:00,43005,43005,42970,43005,20,DIRECTA
FIB6F,5M,2026-03-31 08:50:00,2026-03-31,08:50:00,43010,43030,43000,43030,16,DIRECTA
FIB6F,5M,2026-03-31 08:55:00,2026-03-31,08:55:00,43025,43060,43015,43060,78,DIRECTA
FIB6F,1H,2026-03-31 09:00:00,2026-03-31,09:00:00,43050,43390,42905,43380,2495,DIRECTA
FIB6F,15M,2026-03-31 09:00:00,2026-03-31,09:00:00,43050,43160,42910,42930,1088,DIRECTA
FIB6F,5M,2026-03-31 09:00:00,2026-03-31,09:00:00,43050,43130,42980,43105,548,DIRECTA
FIB6F,5M,2026-03-31 09:05:00,2026-03-31,09:05:00,43110,43160,43065,43075,209,DIRECTA
FIB6F,5M,2026-03-31 09:10:00,2026-03-31,09:10:00,43080,43105,42910,42930,331,DIRECTA
FIB6F,15M,2026-03-31 09:15:00,2026-03-31,09:15:00,42935,43020,42905,43015,512,DIRECTA
FIB6F,5M,2026-03-31 09:15:00,2026-03-31,09:15:00,42935,42995,42915,42935,176,DIRECTA
FIB6F,5M,2026-03-31 09:20:00,2026-03-31,09:20:00,42930,42995,42920,42930,148,DIRECTA
FIB6F,5M,2026-03-31 09:25:00,2026-03-31,09:25:00,42935,43020,42905,43015,188,DIRECTA
FIB6F,15M,2026-03-31 09:30:00,2026-03-31,09:30:00,43025,43230,43025,43230,454,DIRECTA
FIB6F,5M,2026-03-31 09:30:00,2026-03-31,09:30:00,43025,43135,43025,43135,191,DIRECTA
FIB6F,5M,2026-03-31 09:35:00,2026-03-31,09:35:00,43135,43200,43135,43195,110,DIRECTA
FIB6F,5M,2026-03-31 09:40:00,2026-03-31,09:40:00,43195,43230,43175,43230,153,DIRECTA
FIB6F,15M,2026-03-31 09:45:00,2026-03-31,09:45:00,43235,43390,43220,43380,441,DIRECTA
FIB6F,5M,2026-03-31 09:45:00,2026-03-31,09:45:00,43235,43300,43220,43255,160,DIRECTA
FIB6F,5M,2026-03-31 09:50:00,2026-03-31,09:50:00,43260,43320,43245,43315,76,DIRECTA
FIB6F,5M,2026-03-31 09:55:00,2026-03-31,09:55:00,43310,43390,43310,43380,205,DIRECTA
FIB6F,1H,2026-03-31 10:00:00,2026-03-31,10:00:00,43375,43470,43250,43285,1382,DIRECTA
FIB6F,15M,2026-03-31 10:00:00,2026-03-31,10:00:00,43375,43470,43335,43350,471,DIRECTA
FIB6F,5M,2026-03-31 10:00:00,2026-03-31,10:00:00,43375,43460,43345,43455,261,DIRECTA
FIB6F,5M,2026-03-31 10:05:00,2026-03-31,10:05:00,43450,43470,43415,43430,108,DIRECTA
FIB6F,5M,2026-03-31 10:10:00,2026-03-31,10:10:00,43425,43425,43335,43350,102,DIRECTA
FIB6F,15M,2026-03-31 10:15:00,2026-03-31,10:15:00,43345,43430,43315,43350,327,DIRECTA
FIB6F,5M,2026-03-31 10:15:00,2026-03-31,10:15:00,43345,43425,43340,43415,119,DIRECTA
FIB6F,5M,2026-03-31 10:20:00,2026-03-31,10:20:00,43425,43430,43345,43375,126,DIRECTA
FIB6F,5M,2026-03-31 10:25:00,2026-03-31,10:25:00,43370,43385,43315,43350,82,DIRECTA
FIB6F,15M,2026-03-31 10:30:00,2026-03-31,10:30:00,43345,43355,43275,43280,186,DIRECTA
FIB6F,5M,2026-03-31 10:30:00,2026-03-31,10:30:00,43345,43355,43315,43330,70,DIRECTA
FIB6F,5M,2026-03-31 10:35:00,2026-03-31,10:35:00,43330,43355,43300,43300,48,DIRECTA
FIB6F,5M,2026-03-31 10:40:00,2026-03-31,10:40:00,43305,43315,43275,43280,68,DIRECTA
FIB6F,15M,2026-03-31 10:45:00,2026-03-31,10:45:00,43290,43340,43250,43285,398,DIRECTA
FIB6F,5M,2026-03-31 10:45:00,2026-03-31,10:45:00,43290,43330,43250,43320,114,DIRECTA
FIB6F,5M,2026-03-31 10:50:00,2026-03-31,10:50:00,43320,43340,43250,43320,242,DIRECTA
FIB6F,5M,2026-03-31 10:55:00,2026-03-31,10:55:00,43315,43325,43285,43285,42,DIRECTA
FIB6F,1H,2026-03-31 11:00:00,2026-03-31,11:00:00,43280,43420,43280,43370,902,DIRECTA
FIB6F,15M,2026-03-31 11:00:00,2026-03-31,11:00:00,43280,43420,43280,43335,271,DIRECTA
FIB6F,5M,2026-03-31 11:00:00,2026-03-31,11:00:00,43280,43385,43280,43385,125,DIRECTA
FIB6F,5M,2026-03-31 11:05:00,2026-03-31,11:05:00,43395,43420,43345,43350,77,DIRECTA
FIB6F,5M,2026-03-31 11:10:00,2026-03-31,11:10:00,43350,43360,43330,43335,69,DIRECTA
FIB6F,15M,2026-03-31 11:15:00,2026-03-31,11:15:00,43345,43390,43300,43320,215,DIRECTA
FIB6F,5M,2026-03-31 11:15:00,2026-03-31,11:15:00,43345,43375,43300,43335,62,DIRECTA
FIB6F,5M,2026-03-31 11:20:00,2026-03-31,11:20:00,43335,43390,43335,43365,93,DIRECTA
FIB6F,5M,2026-03-31 11:25:00,2026-03-31,11:25:00,43370,43370,43310,43320,60,DIRECTA
FIB6F,15M,2026-03-31 11:30:00,2026-03-31,11:30:00,43325,43370,43280,43365,179,DIRECTA
FIB6F,5M,2026-03-31 11:30:00,2026-03-31,11:30:00,43325,43330,43280,43320,54,DIRECTA
FIB6F,5M,2026-03-31 11:35:00,2026-03-31,11:35:00,43315,43370,43310,43330,75,DIRECTA
FIB6F,5M,2026-03-31 11:40:00,2026-03-31,11:40:00,43325,43365,43325,43365,50,DIRECTA
FIB6F,15M,2026-03-31 11:45:00,2026-03-31,11:45:00,43360,43420,43315,43370,237,DIRECTA
FIB6F,5M,2026-03-31 11:45:00,2026-03-31,11:45:00,43360,43390,43335,43390,69,DIRECTA
FIB6F,5M,2026-03-31 11:50:00,2026-03-31,11:50:00,43390,43420,43350,43350,88,DIRECTA
FIB6F,5M,2026-03-31 11:55:00,2026-03-31,11:55:00,43350,43370,43315,43370,80,DIRECTA
FIB6F,1H,2026-03-31 12:00:00,2026-03-31,12:00:00,43360,43440,43160,43330,1034,DIRECTA
FIB6F,15M,2026-03-31 12:00:00,2026-03-31,12:00:00,43360,43440,43360,43405,254,DIRECTA
FIB6F,5M,2026-03-31 12:00:00,2026-03-31,12:00:00,43360,43425,43360,43425,89,DIRECTA
FIB6F,5M,2026-03-31 12:05:00,2026-03-31,12:05:00,43420,43440,43405,43410,51,DIRECTA
FIB6F,5M,2026-03-31 12:10:00,2026-03-31,12:10:00,43405,43415,43385,43405,114,DIRECTA
FIB6F,15M,2026-03-31 12:15:00,2026-03-31,12:15:00,43405,43425,43380,43405,297,DIRECTA
FIB6F,5M,2026-03-31 12:15:00,2026-03-31,12:15:00,43405,43420,43385,43410,158,DIRECTA
FIB6F,5M,2026-03-31 12:20:00,2026-03-31,12:20:00,43405,43420,43380,43410,88,DIRECTA
FIB6F,5M,2026-03-31 12:25:00,2026-03-31,12:25:00,43405,43425,43385,43405,51,DIRECTA
FIB6F,15M,2026-03-31 12:30:00,2026-03-31,12:30:00,43390,43395,43165,43195,314,DIRECTA
FIB6F,5M,2026-03-31 12:30:00,2026-03-31,12:30:00,43390,43395,43305,43310,81,DIRECTA
FIB6F,5M,2026-03-31 12:35:00,2026-03-31,12:35:00,43320,43320,43200,43205,148,DIRECTA
FIB6F,5M,2026-03-31 12:40:00,2026-03-31,12:40:00,43205,43215,43165,43195,85,DIRECTA
FIB6F,15M,2026-03-31 12:45:00,2026-03-31,12:45:00,43180,43335,43160,43330,169,DIRECTA
FIB6F,5M,2026-03-31 12:45:00,2026-03-31,12:45:00,43180,43215,43160,43195,56,DIRECTA
FIB6F,5M,2026-03-31 12:50:00,2026-03-31,12:50:00,43190,43280,43190,43280,72,DIRECTA
FIB6F,5M,2026-03-31 12:55:00,2026-03-31,12:55:00,43280,43335,43275,43330,41,DIRECTA
FIB6F,1H,2026-03-31 13:00:00,2026-03-31,13:00:00,43320,43595,43265,43530,2275,DIRECTA
FIB6F,15M,2026-03-31 13:00:00,2026-03-31,13:00:00,43320,43595,43265,43415,1069,DIRECTA
FIB6F,5M,2026-03-31 13:00:00,2026-03-31,13:00:00,43320,43350,43265,43350,62,DIRECTA
FIB6F,5M,2026-03-31 13:05:00,2026-03-31,13:05:00,43330,43330,43280,43295,51,DIRECTA
FIB6F,5M,2026-03-31 13:10:00,2026-03-31,13:10:00,43300,43595,43290,43415,956,DIRECTA
FIB6F,15M,2026-03-31 13:15:00,2026-03-31,13:15:00,43405,43550,43380,43465,663,DIRECTA
FIB6F,5M,2026-03-31 13:15:00,2026-03-31,13:15:00,43405,43535,43380,43520,370,DIRECTA
FIB6F,5M,2026-03-31 13:20:00,2026-03-31,13:20:00,43520,43535,43460,43500,218,DIRECTA
FIB6F,5M,2026-03-31 13:25:00,2026-03-31,13:25:00,43500,43550,43445,43465,75,DIRECTA
FIB6F,15M,2026-03-31 13:30:00,2026-03-31,13:30:00,43470,43535,43425,43525,236,DIRECTA
FIB6F,5M,2026-03-31 13:30:00,2026-03-31,13:30:00,43470,43505,43425,43495,99,DIRECTA
FIB6F,5M,2026-03-31 13:35:00,2026-03-31,13:35:00,43495,43535,43445,43535,89,DIRECTA
FIB6F,5M,2026-03-31 13:40:00,2026-03-31,13:40:00,43525,43530,43480,43525,48,DIRECTA
FIB6F,15M,2026-03-31 13:45:00,2026-03-31,13:45:00,43525,43530,43425,43530,307,DIRECTA
FIB6F,5M,2026-03-31 13:45:00,2026-03-31,13:45:00,43525,43525,43425,43470,138,DIRECTA
FIB6F,5M,2026-03-31 13:50:00,2026-03-31,13:50:00,43455,43485,43430,43470,140,DIRECTA
FIB6F,5M,2026-03-31 13:55:00,2026-03-31,13:55:00,43460,43530,43450,43530,29,DIRECTA
FIB6F,1H,2026-03-31 14:00:00,2026-03-31,14:00:00,43530,43665,43370,43565,1683,DIRECTA
FIB6F,15M,2026-03-31 14:00:00,2026-03-31,14:00:00,43530,43615,43405,43405,653,DIRECTA
FIB6F,5M,2026-03-31 14:00:00,2026-03-31,14:00:00,43530,43560,43505,43535,112,DIRECTA
FIB6F,5M,2026-03-31 14:05:00,2026-03-31,14:05:00,43530,43615,43500,43600,134,DIRECTA
FIB6F,5M,2026-03-31 14:10:00,2026-03-31,14:10:00,43605,43605,43405,43405,407,DIRECTA
FIB6F,15M,2026-03-31 14:15:00,2026-03-31,14:15:00,43400,43595,43370,43585,455,DIRECTA
FIB6F,5M,2026-03-31 14:15:00,2026-03-31,14:15:00,43400,43525,43370,43495,208,DIRECTA
FIB6F,5M,2026-03-31 14:20:00,2026-03-31,14:20:00,43500,43515,43460,43480,98,DIRECTA
FIB6F,5M,2026-03-31 14:25:00,2026-03-31,14:25:00,43485,43595,43480,43585,149,DIRECTA
FIB6F,15M,2026-03-31 14:30:00,2026-03-31,14:30:00,43590,43640,43560,43625,228,DIRECTA
FIB6F,5M,2026-03-31 14:30:00,2026-03-31,14:30:00,43590,43600,43565,43600,76,DIRECTA
FIB6F,5M,2026-03-31 14:35:00,2026-03-31,14:35:00,43605,43620,43560,43570,99,DIRECTA
FIB6F,5M,2026-03-31 14:40:00,2026-03-31,14:40:00,43570,43640,43565,43625,53,DIRECTA
FIB6F,15M,2026-03-31 14:45:00,2026-03-31,14:45:00,43620,43665,43555,43565,347,DIRECTA
FIB6F,5M,2026-03-31 14:45:00,2026-03-31,14:45:00,43620,43635,43595,43625,66,DIRECTA
FIB6F,5M,2026-03-31 14:50:00,2026-03-31,14:50:00,43630,43665,43610,43635,142,DIRECTA
FIB6F,5M,2026-03-31 14:55:00,2026-03-31,14:55:00,43645,43645,43555,43565,139,DIRECTA
FIB6F,1H,2026-03-31 15:00:00,2026-03-31,15:00:00,43570,43705,43425,43705,1392,DIRECTA
FIB6F,15M,2026-03-31 15:00:00,2026-03-31,15:00:00,43570,43615,43455,43490,377,DIRECTA
FIB6F,5M,2026-03-31 15:00:00,2026-03-31,15:00:00,43570,43615,43505,43510,137,DIRECTA
FIB6F,5M,2026-03-31 15:05:00,2026-03-31,15:05:00,43510,43560,43500,43560,130,DIRECTA
FIB6F,5M,2026-03-31 15:10:00,2026-03-31,15:10:00,43565,43570,43455,43490,110,DIRECTA
FIB6F,15M,2026-03-31 15:15:00,2026-03-31,15:15:00,43490,43595,43485,43545,204,DIRECTA
FIB6F,5M,2026-03-31 15:15:00,2026-03-31,15:15:00,43490,43555,43485,43555,43,DIRECTA
FIB6F,5M,2026-03-31 15:20:00,2026-03-31,15:20:00,43560,43595,43555,43560,96,DIRECTA
FIB6F,5M,2026-03-31 15:25:00,2026-03-31,15:25:00,43535,43550,43515,43545,65,DIRECTA
FIB6F,15M,2026-03-31 15:30:00,2026-03-31,15:30:00,43555,43565,43425,43495,403,DIRECTA
FIB6F,5M,2026-03-31 15:30:00,2026-03-31,15:30:00,43555,43565,43425,43525,196,DIRECTA
FIB6F,5M,2026-03-31 15:35:00,2026-03-31,15:35:00,43525,43530,43465,43515,134,DIRECTA
FIB6F,5M,2026-03-31 15:40:00,2026-03-31,15:40:00,43515,43555,43495,43495,73,DIRECTA
FIB6F,15M,2026-03-31 15:45:00,2026-03-31,15:45:00,43510,43705,43510,43705,408,DIRECTA
FIB6F,5M,2026-03-31 15:45:00,2026-03-31,15:45:00,43510,43630,43510,43630,128,DIRECTA
FIB6F,5M,2026-03-31 15:50:00,2026-03-31,15:50:00,43625,43705,43605,43690,190,DIRECTA
FIB6F,5M,2026-03-31 15:55:00,2026-03-31,15:55:00,43695,43705,43640,43705,90,DIRECTA
FIB6F,1H,2026-03-31 16:00:00,2026-03-31,16:00:00,43695,43700,43480,43515,1092,DIRECTA
FIB6F,15M,2026-03-31 16:00:00,2026-03-31,16:00:00,43695,43700,43600,43655,305,DIRECTA
FIB6F,5M,2026-03-31 16:00:00,2026-03-31,16:00:00,43695,43700,43650,43695,108,DIRECTA
FIB6F,5M,2026-03-31 16:05:00,2026-03-31,16:05:00,43690,43690,43600,43615,124,DIRECTA
FIB6F,5M,2026-03-31 16:10:00,2026-03-31,16:10:00,43605,43665,43600,43655,73,DIRECTA
FIB6F,15M,2026-03-31 16:15:00,2026-03-31,16:15:00,43655,43675,43585,43660,246,DIRECTA
FIB6F,5M,2026-03-31 16:15:00,2026-03-31,16:15:00,43655,43675,43610,43625,78,DIRECTA
FIB6F,5M,2026-03-31 16:20:00,2026-03-31,16:20:00,43620,43635,43585,43635,109,DIRECTA
FIB6F,5M,2026-03-31 16:25:00,2026-03-31,16:25:00,43610,43660,43590,43660,59,DIRECTA
FIB6F,15M,2026-03-31 16:30:00,2026-03-31,16:30:00,43665,43690,43525,43550,317,DIRECTA
FIB6F,5M,2026-03-31 16:30:00,2026-03-31,16:30:00,43665,43690,43640,43690,93,DIRECTA
FIB6F,5M,2026-03-31 16:35:00,2026-03-31,16:35:00,43680,43680,43580,43600,90,DIRECTA
FIB6F,5M,2026-03-31 16:40:00,2026-03-31,16:40:00,43610,43630,43525,43550,134,DIRECTA
FIB6F,15M,2026-03-31 16:45:00,2026-03-31,16:45:00,43550,43590,43480,43515,224,DIRECTA
FIB6F,5M,2026-03-31 16:45:00,2026-03-31,16:45:00,43550,43590,43500,43515,78,DIRECTA
FIB6F,5M,2026-03-31 16:50:00,2026-03-31,16:50:00,43510,43545,43510,43545,64,DIRECTA
FIB6F,5M,2026-03-31 16:55:00,2026-03-31,16:55:00,43525,43525,43480,43515,82,DIRECTA
FIB6F,1H,2026-03-31 17:00:00,2026-03-31,17:00:00,43520,43695,43425,43470,2842,DIRECTA
FIB6F,15M,2026-03-31 17:00:00,2026-03-31,17:00:00,43520,43685,43520,43685,351,DIRECTA
FIB6F,5M,2026-03-31 17:00:00,2026-03-31,17:00:00,43520,43625,43520,43625,117,DIRECTA
FIB6F,5M,2026-03-31 17:05:00,2026-03-31,17:05:00,43620,43665,43600,43610,106,DIRECTA
FIB6F,5M,2026-03-31 17:10:00,2026-03-31,17:10:00,43615,43685,43605,43685,128,DIRECTA
FIB6F,15M,2026-03-31 17:15:00,2026-03-31,17:15:00,43690,43695,43485,43490,659,DIRECTA
FIB6F,5M,2026-03-31 17:15:00,2026-03-31,17:15:00,43690,43695,43655,43670,78,DIRECTA
FIB6F,5M,2026-03-31 17:20:00,2026-03-31,17:20:00,43665,43665,43575,43660,147,DIRECTA
FIB6F,5M,2026-03-31 17:25:00,2026-03-31,17:25:00,43655,43665,43485,43490,434,DIRECTA
FIB6F,15M,2026-03-31 17:30:00,2026-03-31,17:30:00,43490,43590,43425,43540,1603,DIRECTA
FIB6F,5M,2026-03-31 17:30:00,2026-03-31,17:30:00,43490,43560,43425,43550,1101,DIRECTA
FIB6F,5M,2026-03-31 17:35:00,2026-03-31,17:35:00,43545,43590,43545,43560,401,DIRECTA
FIB6F,5M,2026-03-31 17:40:00,2026-03-31,17:40:00,43555,43565,43530,43540,101,DIRECTA
FIB6F,15M,2026-03-31 17:45:00,2026-03-31,17:45:00,43540,43575,43455,43470,229,DIRECTA
FIB6F,5M,2026-03-31 17:45:00,2026-03-31,17:45:00,43540,43550,43515,43535,105,DIRECTA
FIB6F,5M,2026-03-31 17:50:00,2026-03-31,17:50:00,43530,43575,43520,43525,46,DIRECTA
FIB6F,5M,2026-03-31 17:55:00,2026-03-31,17:55:00,43530,43530,43455,43470,78,DIRECTA
FIB6F,1H,2026-03-31 18:00:00,2026-03-31,18:00:00,43465,44725,43460,44075,1499,DIRECTA
FIB6F,15M,2026-03-31 18:00:00,2026-03-31,18:00:00,43465,43520,43460,43515,156,DIRECTA
FIB6F,5M,2026-03-31 18:00:00,2026-03-31,18:00:00,43465,43520,43465,43475,76,DIRECTA
FIB6F,5M,2026-03-31 18:05:00,2026-03-31,18:05:00,43480,43515,43480,43500,39,DIRECTA
FIB6F,5M,2026-03-31 18:10:00,2026-03-31,18:10:00,43485,43515,43460,43515,41,DIRECTA
FIB6F,15M,2026-03-31 18:15:00,2026-03-31,18:15:00,43510,43580,43510,43560,70,DIRECTA
FIB6F,5M,2026-03-31 18:15:00,2026-03-31,18:15:00,43510,43550,43510,43530,35,DIRECTA
FIB6F,5M,2026-03-31 18:20:00,2026-03-31,18:20:00,43530,43565,43515,43565,19,DIRECTA
FIB6F,5M,2026-03-31 18:25:00,2026-03-31,18:25:00,43575,43580,43555,43560,16,DIRECTA
FIB6F,15M,2026-03-31 18:30:00,2026-03-31,18:30:00,43550,44725,43525,44725,1152,DIRECTA
FIB6F,5M,2026-03-31 18:30:00,2026-03-31,18:30:00,43550,43555,43540,43545,28,DIRECTA
FIB6F,5M,2026-03-31 18:35:00,2026-03-31,18:35:00,43535,43755,43525,43755,113,DIRECTA
FIB6F,5M,2026-03-31 18:40:00,2026-03-31,18:40:00,43750,44725,43745,44725,1011,DIRECTA
FIB6F,15M,2026-03-31 18:45:00,2026-03-31,18:45:00,44260,44260,44075,44075,121,DIRECTA
FIB6F,5M,2026-03-31 18:50:00,2026-03-31,18:50:00,44260,44260,44075,44075,52,DIRECTA
FIB6F,5M,2026-03-31 18:55:00,2026-03-31,18:55:00,44075,44080,44075,44075,69,DIRECTA
FIB6F,1H,2026-03-31 19:00:00,2026-03-31,19:00:00,44075,44135,43955,43970,612,DIRECTA
FIB6F,15M,2026-03-31 19:00:00,2026-03-31,19:00:00,44075,44135,43965,44015,270,DIRECTA
FIB6F,5M,2026-03-31 19:00:00,2026-03-31,19:00:00,44075,44135,44075,44105,149,DIRECTA
FIB6F,5M,2026-03-31 19:05:00,2026-03-31,19:05:00,44105,44105,43965,43985,70,DIRECTA
FIB6F,5M,2026-03-31 19:10:00,2026-03-31,19:10:00,43990,44025,43980,44015,51,DIRECTA
FIB6F,15M,2026-03-31 19:15:00,2026-03-31,19:15:00,44025,44105,43960,43980,148,DIRECTA
FIB6F,5M,2026-03-31 19:15:00,2026-03-31,19:15:00,44025,44105,44010,44100,53,DIRECTA
FIB6F,5M,2026-03-31 19:20:00,2026-03-31,19:20:00,44095,44100,44035,44065,27,DIRECTA
FIB6F,5M,2026-03-31 19:25:00,2026-03-31,19:25:00,44060,44060,43960,43980,68,DIRECTA
FIB6F,15M,2026-03-31 19:30:00,2026-03-31,19:30:00,44015,44090,43960,43975,123,DIRECTA
FIB6F,5M,2026-03-31 19:30:00,2026-03-31,19:30:00,44015,44065,43995,44065,27,DIRECTA
FIB6F,5M,2026-03-31 19:35:00,2026-03-31,19:35:00,44080,44090,43960,43995,75,DIRECTA
FIB6F,5M,2026-03-31 19:40:00,2026-03-31,19:40:00,44010,44010,43960,43975,21,DIRECTA
FIB6F,15M,2026-03-31 19:45:00,2026-03-31,19:45:00,43985,44015,43955,43970,71,DIRECTA
FIB6F,5M,2026-03-31 19:45:00,2026-03-31,19:45:00,43985,44000,43965,43995,25,DIRECTA
FIB6F,5M,2026-03-31 19:50:00,2026-03-31,19:50:00,44000,44015,43980,44010,17,DIRECTA
FIB6F,5M,2026-03-31 19:55:00,2026-03-31,19:55:00,44005,44005,43955,43970,29,DIRECTA
FIB6F,1H,2026-03-31 20:00:00,2026-03-31,20:00:00,43970,44060,43970,44030,205,DIRECTA
FIB6F,15M,2026-03-31 20:00:00,2026-03-31,20:00:00,43970,44040,43970,43990,44,DIRECTA
FIB6F,5M,2026-03-31 20:00:00,2026-03-31,20:00:00,43970,44040,43970,43995,26,DIRECTA
FIB6F,5M,2026-03-31 20:05:00,2026-03-31,20:05:00,44005,44020,43985,44015,8,DIRECTA
FIB6F,5M,2026-03-31 20:10:00,2026-03-31,20:10:00,44005,44005,43975,43990,10,DIRECTA
FIB6F,15M,2026-03-31 20:15:00,2026-03-31,20:15:00,44005,44045,43985,44020,47,DIRECTA
FIB6F,5M,2026-03-31 20:15:00,2026-03-31,20:15:00,44005,44045,44005,44040,17,DIRECTA
FIB6F,5M,2026-03-31 20:20:00,2026-03-31,20:20:00,44030,44040,44000,44000,10,DIRECTA
FIB6F,5M,2026-03-31 20:25:00,2026-03-31,20:25:00,44000,44040,43985,44020,20,DIRECTA
FIB6F,15M,2026-03-31 20:30:00,2026-03-31,20:30:00,44005,44060,43980,44020,45,DIRECTA
FIB6F,5M,2026-03-31 20:30:00,2026-03-31,20:30:00,44005,44005,43980,43985,17,DIRECTA
FIB6F,5M,2026-03-31 20:35:00,2026-03-31,20:35:00,43985,44060,43985,44060,13,DIRECTA
FIB6F,5M,2026-03-31 20:40:00,2026-03-31,20:40:00,44040,44040,44010,44020,15,DIRECTA
FIB6F,15M,2026-03-31 20:45:00,2026-03-31,20:45:00,44055,44060,44030,44030,69,DIRECTA
FIB6F,5M,2026-03-31 20:45:00,2026-03-31,20:45:00,44055,44060,44030,44030,20,DIRECTA
FIB6F,5M,2026-03-31 20:50:00,2026-03-31,20:50:00,44040,44060,44035,44040,12,DIRECTA
FIB6F,5M,2026-03-31 20:55:00,2026-03-31,20:55:00,44045,44055,44030,44030,37,DIRECTA
FIB6F,1H,2026-03-31 21:00:00,2026-03-31,21:00:00,44040,44440,44025,44270,450,DIRECTA
FIB6F,15M,2026-03-31 21:00:00,2026-03-31,21:00:00,44040,44095,44025,44090,40,DIRECTA
FIB6F,5M,2026-03-31 21:00:00,2026-03-31,21:00:00,44040,44055,44040,44050,10,DIRECTA
FIB6F,5M,2026-03-31 21:05:00,2026-03-31,21:05:00,44040,44040,44025,44035,9,DIRECTA
FIB6F,5M,2026-03-31 21:10:00,2026-03-31,21:10:00,44065,44095,44065,44090,21,DIRECTA
FIB6F,15M,2026-03-31 21:15:00,2026-03-31,21:15:00,44100,44125,44070,44100,85,DIRECTA
FIB6F,5M,2026-03-31 21:15:00,2026-03-31,21:15:00,44100,44115,44100,44105,35,DIRECTA
FIB6F,5M,2026-03-31 21:20:00,2026-03-31,21:20:00,44105,44125,44105,44120,18,DIRECTA
FIB6F,5M,2026-03-31 21:25:00,2026-03-31,21:25:00,44090,44100,44070,44100,32,DIRECTA
FIB6F,15M,2026-03-31 21:30:00,2026-03-31,21:30:00,44105,44210,44105,44200,110,DIRECTA
FIB6F,5M,2026-03-31 21:30:00,2026-03-31,21:30:00,44105,44165,44105,44155,21,DIRECTA
FIB6F,5M,2026-03-31 21:35:00,2026-03-31,21:35:00,44150,44205,44150,44205,30,DIRECTA
FIB6F,5M,2026-03-31 21:40:00,2026-03-31,21:40:00,44200,44210,44180,44200,59,DIRECTA
FIB6F,15M,2026-03-31 21:45:00,2026-03-31,21:45:00,44210,44440,44175,44270,215,DIRECTA
FIB6F,5M,2026-03-31 21:45:00,2026-03-31,21:45:00,44210,44245,44190,44235,31,DIRECTA
FIB6F,5M,2026-03-31 21:50:00,2026-03-31,21:50:00,44210,44250,44175,44230,41,DIRECTA
FIB6F,5M,2026-03-31 21:55:00,2026-03-31,21:55:00,44245,44440,44235,44270,143,DIRECTA
FIB6F,D,2026-04-01 08:00:00,2026-04-01,08:00:00,44375,45210,44315,44980,18977,DIRECTA
FIB6F,1H,2026-04-01 08:00:00,2026-04-01,08:00:00,44375,44665,44315,44665,669,DIRECTA
FIB6F,15M,2026-04-01 08:00:00,2026-04-01,08:00:00,44375,44440,44315,44440,187,DIRECTA
FIB6F,5M,2026-04-01 08:00:00,2026-04-01,08:00:00,44375,44430,44315,44315,114,DIRECTA
FIB6F,5M,2026-04-01 08:05:00,2026-04-01,08:05:00,44330,44415,44330,44385,32,DIRECTA
FIB6F,5M,2026-04-01 08:10:00,2026-04-01,08:10:00,44400,44440,44390,44440,41,DIRECTA
FIB6F,15M,2026-04-01 08:15:00,2026-04-01,08:15:00,44440,44580,44440,44580,143,DIRECTA
FIB6F,5M,2026-04-01 08:15:00,2026-04-01,08:15:00,44440,44470,44440,44470,25,DIRECTA
FIB6F,5M,2026-04-01 08:20:00,2026-04-01,08:20:00,44475,44545,44475,44530,44,DIRECTA
FIB6F,5M,2026-04-01 08:25:00,2026-04-01,08:25:00,44540,44580,44540,44580,74,DIRECTA
FIB6F,15M,2026-04-01 08:30:00,2026-04-01,08:30:00,44570,44645,44560,44635,150,DIRECTA
FIB6F,5M,2026-04-01 08:30:00,2026-04-01,08:30:00,44570,44635,44560,44635,70,DIRECTA
FIB6F,5M,2026-04-01 08:35:00,2026-04-01,08:35:00,44630,44630,44590,44605,38,DIRECTA
FIB6F,5M,2026-04-01 08:40:00,2026-04-01,08:40:00,44605,44645,44605,44635,42,DIRECTA
FIB6F,15M,2026-04-01 08:45:00,2026-04-01,08:45:00,44625,44665,44585,44665,189,DIRECTA
FIB6F,5M,2026-04-01 08:45:00,2026-04-01,08:45:00,44625,44655,44615,44630,31,DIRECTA
FIB6F,5M,2026-04-01 08:50:00,2026-04-01,08:50:00,44605,44615,44585,44590,53,DIRECTA
FIB6F,5M,2026-04-01 08:55:00,2026-04-01,08:55:00,44605,44665,44605,44665,105,DIRECTA
FIB6F,1H,2026-04-01 09:00:00,2026-04-01,09:00:00,44655,44895,44610,44700,3759,DIRECTA
FIB6F,15M,2026-04-01 09:00:00,2026-04-01,09:00:00,44655,44765,44610,44675,1633,DIRECTA
FIB6F,5M,2026-04-01 09:00:00,2026-04-01,09:00:00,44655,44765,44655,44745,824,DIRECTA
FIB6F,5M,2026-04-01 09:05:00,2026-04-01,09:05:00,44740,44765,44610,44660,546,DIRECTA
FIB6F,5M,2026-04-01 09:10:00,2026-04-01,09:10:00,44670,44705,44635,44675,263,DIRECTA
FIB6F,15M,2026-04-01 09:15:00,2026-04-01,09:15:00,44675,44755,44650,44745,874,DIRECTA
FIB6F,5M,2026-04-01 09:15:00,2026-04-01,09:15:00,44675,44735,44650,44700,345,DIRECTA
FIB6F,5M,2026-04-01 09:20:00,2026-04-01,09:20:00,44705,44740,44685,44740,249,DIRECTA
FIB6F,5M,2026-04-01 09:25:00,2026-04-01,09:25:00,44745,44755,44685,44745,280,DIRECTA
FIB6F,15M,2026-04-01 09:30:00,2026-04-01,09:30:00,44750,44865,44750,44865,614,DIRECTA
FIB6F,5M,2026-04-01 09:30:00,2026-04-01,09:30:00,44750,44795,44750,44795,243,DIRECTA
FIB6F,5M,2026-04-01 09:35:00,2026-04-01,09:35:00,44795,44860,44785,44820,215,DIRECTA
FIB6F,5M,2026-04-01 09:40:00,2026-04-01,09:40:00,44825,44865,44800,44865,156,DIRECTA
FIB6F,15M,2026-04-01 09:45:00,2026-04-01,09:45:00,44855,44895,44635,44700,638,DIRECTA
FIB6F,5M,2026-04-01 09:45:00,2026-04-01,09:45:00,44855,44895,44745,44750,222,DIRECTA
FIB6F,5M,2026-04-01 09:50:00,2026-04-01,09:50:00,44755,44760,44640,44660,209,DIRECTA
FIB6F,5M,2026-04-01 09:55:00,2026-04-01,09:55:00,44670,44720,44635,44700,207,DIRECTA
FIB6F,1H,2026-04-01 10:00:00,2026-04-01,10:00:00,44695,44955,44645,44865,1880,DIRECTA
FIB6F,15M,2026-04-01 10:00:00,2026-04-01,10:00:00,44695,44755,44645,44695,575,DIRECTA
FIB6F,5M,2026-04-01 10:00:00,2026-04-01,10:00:00,44695,44755,44645,44720,275,DIRECTA
FIB6F,5M,2026-04-01 10:05:00,2026-04-01,10:05:00,44720,44745,44690,44695,162,DIRECTA
FIB6F,5M,2026-04-01 10:10:00,2026-04-01,10:10:00,44700,44720,44645,44695,138,DIRECTA
FIB6F,15M,2026-04-01 10:15:00,2026-04-01,10:15:00,44700,44910,44695,44865,346,DIRECTA
FIB6F,5M,2026-04-01 10:15:00,2026-04-01,10:15:00,44700,44780,44695,44780,129,DIRECTA
FIB6F,5M,2026-04-01 10:20:00,2026-04-01,10:20:00,44785,44870,44785,44870,110,DIRECTA
FIB6F,5M,2026-04-01 10:25:00,2026-04-01,10:25:00,44870,44910,44840,44865,107,DIRECTA
FIB6F,15M,2026-04-01 10:30:00,2026-04-01,10:30:00,44870,44955,44850,44890,265,DIRECTA
FIB6F,5M,2026-04-01 10:30:00,2026-04-01,10:30:00,44870,44905,44850,44895,77,DIRECTA
FIB6F,5M,2026-04-01 10:35:00,2026-04-01,10:35:00,44900,44935,44865,44935,92,DIRECTA
FIB6F,5M,2026-04-01 10:40:00,2026-04-01,10:40:00,44940,44955,44875,44890,96,DIRECTA
FIB6F,15M,2026-04-01 10:45:00,2026-04-01,10:45:00,44890,44930,44775,44865,694,DIRECTA
FIB6F,5M,2026-04-01 10:45:00,2026-04-01,10:45:00,44890,44915,44855,44900,69,DIRECTA
FIB6F,5M,2026-04-01 10:50:00,2026-04-01,10:50:00,44900,44930,44775,44885,442,DIRECTA
FIB6F,5M,2026-04-01 10:55:00,2026-04-01,10:55:00,44880,44905,44830,44865,183,DIRECTA
FIB6F,1H,2026-04-01 11:00:00,2026-04-01,11:00:00,44875,44935,44645,44835,1455,DIRECTA
FIB6F,15M,2026-04-01 11:00:00,2026-04-01,11:00:00,44875,44935,44760,44775,297,DIRECTA
FIB6F,5M,2026-04-01 11:00:00,2026-04-01,11:00:00,44875,44935,44850,44865,127,DIRECTA
FIB6F,5M,2026-04-01 11:05:00,2026-04-01,11:05:00,44865,44870,44770,44795,96,DIRECTA
FIB6F,5M,2026-04-01 11:10:00,2026-04-01,11:10:00,44790,44820,44760,44775,74,DIRECTA
FIB6F,15M,2026-04-01 11:15:00,2026-04-01,11:15:00,44770,44800,44645,44720,405,DIRECTA
FIB6F,5M,2026-04-01 11:15:00,2026-04-01,11:15:00,44770,44800,44715,44725,124,DIRECTA
FIB6F,5M,2026-04-01 11:20:00,2026-04-01,11:20:00,44730,44735,44645,44680,172,DIRECTA
FIB6F,5M,2026-04-01 11:25:00,2026-04-01,11:25:00,44690,44735,44685,44720,109,DIRECTA
FIB6F,15M,2026-04-01 11:30:00,2026-04-01,11:30:00,44730,44830,44720,44815,461,DIRECTA
FIB6F,5M,2026-04-01 11:30:00,2026-04-01,11:30:00,44730,44795,44720,44795,262,DIRECTA
FIB6F,5M,2026-04-01 11:35:00,2026-04-01,11:35:00,44800,44820,44790,44800,88,DIRECTA
FIB6F,5M,2026-04-01 11:40:00,2026-04-01,11:40:00,44800,44830,44780,44815,111,DIRECTA
FIB6F,15M,2026-04-01 11:45:00,2026-04-01,11:45:00,44820,44930,44815,44835,292,DIRECTA
FIB6F,5M,2026-04-01 11:45:00,2026-04-01,11:45:00,44820,44900,44815,44900,84,DIRECTA
FIB6F,5M,2026-04-01 11:50:00,2026-04-01,11:50:00,44900,44930,44870,44875,88,DIRECTA
FIB6F,5M,2026-04-01 11:55:00,2026-04-01,11:55:00,44880,44880,44825,44835,120,DIRECTA
FIB6F,1H,2026-04-01 12:00:00,2026-04-01,12:00:00,44845,44975,44735,44970,976,DIRECTA
FIB6F,15M,2026-04-01 12:00:00,2026-04-01,12:00:00,44845,44890,44735,44810,224,DIRECTA
FIB6F,5M,2026-04-01 12:00:00,2026-04-01,12:00:00,44845,44890,44815,44820,86,DIRECTA
FIB6F,5M,2026-04-01 12:05:00,2026-04-01,12:05:00,44820,44850,44780,44780,54,DIRECTA
FIB6F,5M,2026-04-01 12:10:00,2026-04-01,12:10:00,44775,44810,44735,44810,84,DIRECTA
FIB6F,15M,2026-04-01 12:15:00,2026-04-01,12:15:00,44795,44835,44760,44815,322,DIRECTA
FIB6F,5M,2026-04-01 12:15:00,2026-04-01,12:15:00,44795,44810,44775,44785,52,DIRECTA
FIB6F,5M,2026-04-01 12:20:00,2026-04-01,12:20:00,44790,44835,44790,44820,64,DIRECTA
FIB6F,5M,2026-04-01 12:25:00,2026-04-01,12:25:00,44810,44820,44760,44815,206,DIRECTA
FIB6F,15M,2026-04-01 12:30:00,2026-04-01,12:30:00,44815,44880,44790,44870,159,DIRECTA
FIB6F,5M,2026-04-01 12:30:00,2026-04-01,12:30:00,44815,44850,44790,44800,62,DIRECTA
FIB6F,5M,2026-04-01 12:35:00,2026-04-01,12:35:00,44800,44830,44790,44830,49,DIRECTA
FIB6F,5M,2026-04-01 12:40:00,2026-04-01,12:40:00,44835,44880,44835,44870,48,DIRECTA
FIB6F,15M,2026-04-01 12:45:00,2026-04-01,12:45:00,44865,44975,44865,44970,271,DIRECTA
FIB6F,5M,2026-04-01 12:45:00,2026-04-01,12:45:00,44865,44925,44865,44920,93,DIRECTA
FIB6F,5M,2026-04-01 12:50:00,2026-04-01,12:50:00,44925,44955,44925,44950,117,DIRECTA
FIB6F,5M,2026-04-01 12:55:00,2026-04-01,12:55:00,44950,44975,44920,44970,61,DIRECTA
FIB6F,1H,2026-04-01 13:00:00,2026-04-01,13:00:00,44965,45075,44950,45025,926,DIRECTA
FIB6F,15M,2026-04-01 13:00:00,2026-04-01,13:00:00,44965,45010,44960,45010,216,DIRECTA
FIB6F,5M,2026-04-01 13:00:00,2026-04-01,13:00:00,44965,44985,44960,44975,87,DIRECTA
FIB6F,5M,2026-04-01 13:05:00,2026-04-01,13:05:00,44970,45010,44970,45000,87,DIRECTA
FIB6F,5M,2026-04-01 13:10:00,2026-04-01,13:10:00,44995,45010,44975,45010,42,DIRECTA
FIB6F,15M,2026-04-01 13:15:00,2026-04-01,13:15:00,45010,45035,44950,45010,245,DIRECTA
FIB6F,5M,2026-04-01 13:15:00,2026-04-01,13:15:00,45010,45020,44990,44995,76,DIRECTA
FIB6F,5M,2026-04-01 13:20:00,2026-04-01,13:20:00,45010,45010,44950,44985,105,DIRECTA
FIB6F,5M,2026-04-01 13:25:00,2026-04-01,13:25:00,44980,45035,44980,45010,64,DIRECTA
FIB6F,15M,2026-04-01 13:30:00,2026-04-01,13:30:00,45005,45070,45000,45040,246,DIRECTA
FIB6F,5M,2026-04-01 13:30:00,2026-04-01,13:30:00,45005,45070,45000,45065,110,DIRECTA
FIB6F,5M,2026-04-01 13:35:00,2026-04-01,13:35:00,45060,45070,45040,45060,64,DIRECTA
FIB6F,5M,2026-04-01 13:40:00,2026-04-01,13:40:00,45065,45070,45025,45040,72,DIRECTA
FIB6F,15M,2026-04-01 13:45:00,2026-04-01,13:45:00,45035,45075,45015,45025,219,DIRECTA
FIB6F,5M,2026-04-01 13:45:00,2026-04-01,13:45:00,45035,45040,45015,45030,85,DIRECTA
FIB6F,5M,2026-04-01 13:50:00,2026-04-01,13:50:00,45040,45060,45035,45060,67,DIRECTA
FIB6F,5M,2026-04-01 13:55:00,2026-04-01,13:55:00,45065,45075,45025,45025,67,DIRECTA
FIB6F,1H,2026-04-01 14:00:00,2026-04-01,14:00:00,45035,45210,44845,44875,2499,DIRECTA
FIB6F,15M,2026-04-01 14:00:00,2026-04-01,14:00:00,45035,45045,44950,44980,288,DIRECTA
FIB6F,5M,2026-04-01 14:00:00,2026-04-01,14:00:00,45035,45045,44980,44980,102,DIRECTA
FIB6F,5M,2026-04-01 14:05:00,2026-04-01,14:05:00,44985,45030,44950,44970,134,DIRECTA
FIB6F,5M,2026-04-01 14:10:00,2026-04-01,14:10:00,44970,44985,44950,44980,52,DIRECTA
FIB6F,15M,2026-04-01 14:15:00,2026-04-01,14:15:00,44980,45000,44935,44975,234,DIRECTA
FIB6F,5M,2026-04-01 14:15:00,2026-04-01,14:15:00,44980,45000,44970,45000,66,DIRECTA
FIB6F,5M,2026-04-01 14:20:00,2026-04-01,14:20:00,45000,45000,44940,44950,95,DIRECTA
FIB6F,5M,2026-04-01 14:25:00,2026-04-01,14:25:00,44945,44985,44935,44975,73,DIRECTA
FIB6F,15M,2026-04-01 14:30:00,2026-04-01,14:30:00,44975,45210,44910,45090,646,DIRECTA
FIB6F,5M,2026-04-01 14:30:00,2026-04-01,14:30:00,44975,44980,44940,44960,96,DIRECTA
FIB6F,5M,2026-04-01 14:35:00,2026-04-01,14:35:00,44965,44985,44910,44930,85,DIRECTA
FIB6F,5M,2026-04-01 14:40:00,2026-04-01,14:40:00,44925,45210,44925,45090,465,DIRECTA
FIB6F,15M,2026-04-01 14:45:00,2026-04-01,14:45:00,45090,45120,44845,44875,1331,DIRECTA
FIB6F,5M,2026-04-01 14:45:00,2026-04-01,14:45:00,45090,45120,44915,44930,976,DIRECTA
FIB6F,5M,2026-04-01 14:50:00,2026-04-01,14:50:00,44925,44965,44900,44905,135,DIRECTA
FIB6F,5M,2026-04-01 14:55:00,2026-04-01,14:55:00,44900,44925,44845,44875,220,DIRECTA
FIB6F,1H,2026-04-01 15:00:00,2026-04-01,15:00:00,44865,45050,44830,44975,1329,DIRECTA
FIB6F,15M,2026-04-01 15:00:00,2026-04-01,15:00:00,44865,44955,44855,44935,297,DIRECTA
FIB6F,5M,2026-04-01 15:00:00,2026-04-01,15:00:00,44865,44915,44855,44880,142,DIRECTA
FIB6F,5M,2026-04-01 15:05:00,2026-04-01,15:05:00,44875,44910,44860,44890,68,DIRECTA
FIB6F,5M,2026-04-01 15:10:00,2026-04-01,15:10:00,44895,44955,44895,44935,87,DIRECTA
FIB6F,15M,2026-04-01 15:15:00,2026-04-01,15:15:00,44945,45025,44920,44995,227,DIRECTA
FIB6F,5M,2026-04-01 15:15:00,2026-04-01,15:15:00,44945,44980,44930,44970,49,DIRECTA
FIB6F,5M,2026-04-01 15:20:00,2026-04-01,15:20:00,44960,44985,44920,44985,64,DIRECTA
FIB6F,5M,2026-04-01 15:25:00,2026-04-01,15:25:00,44985,45025,44970,44995,114,DIRECTA
FIB6F,15M,2026-04-01 15:30:00,2026-04-01,15:30:00,45005,45050,44830,44880,483,DIRECTA
FIB6F,5M,2026-04-01 15:30:00,2026-04-01,15:30:00,45005,45025,44970,44985,164,DIRECTA
FIB6F,5M,2026-04-01 15:35:00,2026-04-01,15:35:00,44980,45050,44975,45025,111,DIRECTA
FIB6F,5M,2026-04-01 15:40:00,2026-04-01,15:40:00,45020,45020,44830,44880,208,DIRECTA
FIB6F,15M,2026-04-01 15:45:00,2026-04-01,15:45:00,44890,44975,44845,44975,322,DIRECTA
FIB6F,5M,2026-04-01 15:45:00,2026-04-01,15:45:00,44890,44905,44845,44880,115,DIRECTA
FIB6F,5M,2026-04-01 15:50:00,2026-04-01,15:50:00,44870,44935,44850,44895,145,DIRECTA
FIB6F,5M,2026-04-01 15:55:00,2026-04-01,15:55:00,44900,44975,44885,44975,62,DIRECTA
FIB6F,1H,2026-04-01 16:00:00,2026-04-01,16:00:00,44975,45030,44860,44965,1854,DIRECTA
FIB6F,15M,2026-04-01 16:00:00,2026-04-01,16:00:00,44975,44990,44870,44935,328,DIRECTA
FIB6F,5M,2026-04-01 16:00:00,2026-04-01,16:00:00,44975,44990,44925,44940,118,DIRECTA
FIB6F,5M,2026-04-01 16:05:00,2026-04-01,16:05:00,44945,44955,44880,44930,103,DIRECTA
FIB6F,5M,2026-04-01 16:10:00,2026-04-01,16:10:00,44910,44935,44870,44935,107,DIRECTA
FIB6F,15M,2026-04-01 16:15:00,2026-04-01,16:15:00,44930,45015,44910,44930,438,DIRECTA
FIB6F,5M,2026-04-01 16:15:00,2026-04-01,16:15:00,44930,44970,44925,44940,147,DIRECTA
FIB6F,5M,2026-04-01 16:20:00,2026-04-01,16:20:00,44935,45015,44920,44920,190,DIRECTA
FIB6F,5M,2026-04-01 16:25:00,2026-04-01,16:25:00,44925,44940,44910,44930,101,DIRECTA
FIB6F,15M,2026-04-01 16:30:00,2026-04-01,16:30:00,44930,45030,44860,44965,686,DIRECTA
FIB6F,5M,2026-04-01 16:30:00,2026-04-01,16:30:00,44930,44980,44900,44905,129,DIRECTA
FIB6F,5M,2026-04-01 16:35:00,2026-04-01,16:35:00,44905,45030,44860,44980,327,DIRECTA
FIB6F,5M,2026-04-01 16:40:00,2026-04-01,16:40:00,44975,45010,44920,44965,230,DIRECTA
FIB6F,15M,2026-04-01 16:45:00,2026-04-01,16:45:00,44965,45025,44960,44965,402,DIRECTA
FIB6F,5M,2026-04-01 16:45:00,2026-04-01,16:45:00,44965,45020,44960,45020,206,DIRECTA
FIB6F,5M,2026-04-01 16:50:00,2026-04-01,16:50:00,45015,45025,44965,45015,110,DIRECTA
FIB6F,5M,2026-04-01 16:55:00,2026-04-01,16:55:00,45015,45015,44960,44965,86,DIRECTA
FIB6F,1H,2026-04-01 17:00:00,2026-04-01,17:00:00,44970,45125,44880,45100,2580,DIRECTA
FIB6F,15M,2026-04-01 17:00:00,2026-04-01,17:00:00,44970,45030,44905,44915,377,DIRECTA
FIB6F,5M,2026-04-01 17:00:00,2026-04-01,17:00:00,44970,45020,44960,45015,100,DIRECTA
FIB6F,5M,2026-04-01 17:05:00,2026-04-01,17:05:00,45010,45030,44995,45015,151,DIRECTA
FIB6F,5M,2026-04-01 17:10:00,2026-04-01,17:10:00,45015,45015,44905,44915,126,DIRECTA
FIB6F,15M,2026-04-01 17:15:00,2026-04-01,17:15:00,44925,44990,44920,44925,606,DIRECTA
FIB6F,5M,2026-04-01 17:15:00,2026-04-01,17:15:00,44925,44990,44920,44985,99,DIRECTA
FIB6F,5M,2026-04-01 17:20:00,2026-04-01,17:20:00,44985,44985,44925,44940,145,DIRECTA
FIB6F,5M,2026-04-01 17:25:00,2026-04-01,17:25:00,44940,44980,44920,44925,362,DIRECTA
FIB6F,15M,2026-04-01 17:30:00,2026-04-01,17:30:00,44920,45055,44880,45050,1427,DIRECTA
FIB6F,5M,2026-04-01 17:30:00,2026-04-01,17:30:00,44920,45040,44880,44945,1034,DIRECTA
FIB6F,5M,2026-04-01 17:35:00,2026-04-01,17:35:00,44950,45040,44940,45020,319,DIRECTA
FIB6F,5M,2026-04-01 17:40:00,2026-04-01,17:40:00,45020,45055,44995,45050,74,DIRECTA
FIB6F,15M,2026-04-01 17:45:00,2026-04-01,17:45:00,45045,45125,45045,45100,170,DIRECTA
FIB6F,5M,2026-04-01 17:45:00,2026-04-01,17:45:00,45045,45080,45045,45065,62,DIRECTA
FIB6F,5M,2026-04-01 17:50:00,2026-04-01,17:50:00,45060,45110,45060,45100,58,DIRECTA
FIB6F,5M,2026-04-01 17:55:00,2026-04-01,17:55:00,45100,45125,45095,45100,50,DIRECTA
FIB6F,1H,2026-04-01 18:00:00,2026-04-01,18:00:00,45095,45105,45005,45085,318,DIRECTA
FIB6F,15M,2026-04-01 18:00:00,2026-04-01,18:00:00,45095,45105,45040,45040,146,DIRECTA
FIB6F,5M,2026-04-01 18:00:00,2026-04-01,18:00:00,45095,45105,45070,45080,49,DIRECTA
FIB6F,5M,2026-04-01 18:05:00,2026-04-01,18:05:00,45085,45090,45070,45090,54,DIRECTA
FIB6F,5M,2026-04-01 18:10:00,2026-04-01,18:10:00,45085,45090,45040,45040,43,DIRECTA
FIB6F,15M,2026-04-01 18:15:00,2026-04-01,18:15:00,45050,45070,45010,45010,101,DIRECTA
FIB6F,5M,2026-04-01 18:15:00,2026-04-01,18:15:00,45050,45070,45040,45060,30,DIRECTA
FIB6F,5M,2026-04-01 18:20:00,2026-04-01,18:20:00,45055,45060,45040,45040,22,DIRECTA
FIB6F,5M,2026-04-01 18:25:00,2026-04-01,18:25:00,45035,45035,45010,45010,49,DIRECTA
FIB6F,15M,2026-04-01 18:30:00,2026-04-01,18:30:00,45010,45060,45005,45055,36,DIRECTA
FIB6F,5M,2026-04-01 18:30:00,2026-04-01,18:30:00,45010,45025,45005,45025,16,DIRECTA
FIB6F,5M,2026-04-01 18:35:00,2026-04-01,18:35:00,45025,45040,45025,45025,11,DIRECTA
FIB6F,5M,2026-04-01 18:40:00,2026-04-01,18:40:00,45030,45060,45030,45055,9,DIRECTA
FIB6F,15M,2026-04-01 18:45:00,2026-04-01,18:45:00,45060,45090,45050,45085,35,DIRECTA
FIB6F,5M,2026-04-01 18:45:00,2026-04-01,18:45:00,45060,45060,45050,45050,10,DIRECTA
FIB6F,5M,2026-04-01 18:50:00,2026-04-01,18:50:00,45050,45060,45050,45060,14,DIRECTA
FIB6F,5M,2026-04-01 18:55:00,2026-04-01,18:55:00,45075,45090,45075,45085,11,DIRECTA
FIB6F,1H,2026-04-01 19:00:00,2026-04-01,19:00:00,45085,45125,45020,45020,130,DIRECTA
FIB6F,15M,2026-04-01 19:00:00,2026-04-01,19:00:00,45085,45125,45085,45120,53,DIRECTA
FIB6F,5M,2026-04-01 19:00:00,2026-04-01,19:00:00,45085,45115,45085,45115,14,DIRECTA
FIB6F,5M,2026-04-01 19:05:00,2026-04-01,19:05:00,45115,45125,45110,45110,15,DIRECTA
FIB6F,5M,2026-04-01 19:10:00,2026-04-01,19:10:00,45115,45120,45105,45120,24,DIRECTA
FIB6F,15M,2026-04-01 19:15:00,2026-04-01,19:15:00,45120,45120,45100,45105,28,DIRECTA
FIB6F,5M,2026-04-01 19:15:00,2026-04-01,19:15:00,45120,45120,45105,45110,8,DIRECTA
FIB6F,5M,2026-04-01 19:20:00,2026-04-01,19:20:00,45120,45120,45100,45105,14,DIRECTA
FIB6F,5M,2026-04-01 19:25:00,2026-04-01,19:25:00,45110,45110,45105,45105,6,DIRECTA
FIB6F,15M,2026-04-01 19:30:00,2026-04-01,19:30:00,45105,45110,45075,45095,17,DIRECTA
FIB6F,5M,2026-04-01 19:30:00,2026-04-01,19:30:00,45105,45110,45095,45100,8,DIRECTA
FIB6F,5M,2026-04-01 19:35:00,2026-04-01,19:35:00,45075,45095,45075,45095,7,DIRECTA
FIB6F,5M,2026-04-01 19:40:00,2026-04-01,19:40:00,45100,45100,45095,45095,2,DIRECTA
FIB6F,15M,2026-04-01 19:45:00,2026-04-01,19:45:00,45090,45090,45020,45020,32,DIRECTA
FIB6F,5M,2026-04-01 19:45:00,2026-04-01,19:45:00,45090,45090,45075,45080,8,DIRECTA
FIB6F,5M,2026-04-01 19:50:00,2026-04-01,19:50:00,45075,45085,45060,45060,15,DIRECTA
FIB6F,5M,2026-04-01 19:55:00,2026-04-01,19:55:00,45060,45060,45020,45020,9,DIRECTA
FIB6F,1H,2026-04-01 20:00:00,2026-04-01,20:00:00,45020,45020,44765,44820,349,DIRECTA
FIB6F,15M,2026-04-01 20:00:00,2026-04-01,20:00:00,45020,45020,44950,44955,82,DIRECTA
FIB6F,5M,2026-04-01 20:00:00,2026-04-01,20:00:00,45020,45020,44950,44955,49,DIRECTA
FIB6F,5M,2026-04-01 20:05:00,2026-04-01,20:05:00,44980,44985,44950,44960,21,DIRECTA
FIB6F,5M,2026-04-01 20:10:00,2026-04-01,20:10:00,44970,44975,44950,44955,12,DIRECTA
FIB6F,15M,2026-04-01 20:15:00,2026-04-01,20:15:00,44940,44940,44810,44815,91,DIRECTA
FIB6F,5M,2026-04-01 20:15:00,2026-04-01,20:15:00,44940,44940,44870,44870,29,DIRECTA
FIB6F,5M,2026-04-01 20:20:00,2026-04-01,20:20:00,44890,44895,44830,44845,35,DIRECTA
FIB6F,5M,2026-04-01 20:25:00,2026-04-01,20:25:00,44830,44855,44810,44815,27,DIRECTA
FIB6F,15M,2026-04-01 20:30:00,2026-04-01,20:30:00,44815,44870,44765,44860,131,DIRECTA
FIB6F,5M,2026-04-01 20:30:00,2026-04-01,20:30:00,44815,44815,44790,44810,61,DIRECTA
FIB6F,5M,2026-04-01 20:35:00,2026-04-01,20:35:00,44795,44825,44765,44825,37,DIRECTA
FIB6F,5M,2026-04-01 20:40:00,2026-04-01,20:40:00,44825,44870,44825,44860,33,DIRECTA
FIB6F,15M,2026-04-01 20:45:00,2026-04-01,20:45:00,44850,44855,44810,44820,45,DIRECTA
FIB6F,5M,2026-04-01 20:45:00,2026-04-01,20:45:00,44850,44855,44820,44855,18,DIRECTA
FIB6F,5M,2026-04-01 20:50:00,2026-04-01,20:50:00,44825,44840,44825,44840,15,DIRECTA
FIB6F,5M,2026-04-01 20:55:00,2026-04-01,20:55:00,44815,44820,44810,44820,12,DIRECTA
FIB6F,1H,2026-04-01 21:00:00,2026-04-01,21:00:00,44810,45050,44810,45020,253,DIRECTA
FIB6F,15M,2026-04-01 21:00:00,2026-04-01,21:00:00,44810,44870,44810,44865,21,DIRECTA
FIB6F,5M,2026-04-01 21:00:00,2026-04-01,21:00:00,44810,44830,44810,44825,6,DIRECTA
FIB6F,5M,2026-04-01 21:05:00,2026-04-01,21:05:00,44850,44870,44850,44855,9,DIRECTA
FIB6F,5M,2026-04-01 21:10:00,2026-04-01,21:10:00,44850,44865,44845,44865,6,DIRECTA
FIB6F,15M,2026-04-01 21:15:00,2026-04-01,21:15:00,44880,44985,44875,44980,57,DIRECTA
FIB6F,5M,2026-04-01 21:15:00,2026-04-01,21:15:00,44880,44920,44875,44920,11,DIRECTA
FIB6F,5M,2026-04-01 21:20:00,2026-04-01,21:20:00,44920,44950,44910,44950,30,DIRECTA
FIB6F,5M,2026-04-01 21:25:00,2026-04-01,21:25:00,44955,44985,44950,44980,16,DIRECTA
FIB6F,15M,2026-04-01 21:30:00,2026-04-01,21:30:00,44975,45050,44970,45035,73,DIRECTA
FIB6F,5M,2026-04-01 21:30:00,2026-04-01,21:30:00,44975,44990,44970,44985,29,DIRECTA
FIB6F,5M,2026-04-01 21:35:00,2026-04-01,21:35:00,45000,45030,44980,45025,29,DIRECTA
FIB6F,5M,2026-04-01 21:40:00,2026-04-01,21:40:00,45025,45050,45025,45035,15,DIRECTA
FIB6F,15M,2026-04-01 21:45:00,2026-04-01,21:45:00,45035,45035,44935,45020,102,DIRECTA
FIB6F,5M,2026-04-01 21:45:00,2026-04-01,21:45:00,45035,45035,45005,45005,17,DIRECTA
FIB6F,5M,2026-04-01 21:50:00,2026-04-01,21:50:00,45005,45005,44935,44975,16,DIRECTA
FIB6F,5M,2026-04-01 21:55:00,2026-04-01,21:55:00,44950,45025,44945,45020,69,DIRECTA
FIB6F,D,2026-04-02 08:00:00,2026-04-02,08:00:00,44415,45130,44030,44881,15523,DIRECTA
FIB6F,1H,2026-04-02 08:00:00,2026-04-02,08:00:00,44415,44415,44140,44290,707,DIRECTA
FIB6F,15M,2026-04-02 08:00:00,2026-04-02,08:00:00,44415,44415,44140,44225,263,DIRECTA
FIB6F,5M,2026-04-02 08:00:00,2026-04-02,08:00:00,44415,44415,44140,44225,180,DIRECTA
FIB6F,5M,2026-04-02 08:05:00,2026-04-02,08:05:00,44235,44285,44210,44215,45,DIRECTA
FIB6F,5M,2026-04-02 08:10:00,2026-04-02,08:10:00,44210,44235,44200,44225,38,DIRECTA
FIB6F,15M,2026-04-02 08:15:00,2026-04-02,08:15:00,44225,44255,44175,44200,90,DIRECTA
FIB6F,5M,2026-04-02 08:15:00,2026-04-02,08:15:00,44225,44245,44175,44220,35,DIRECTA
FIB6F,5M,2026-04-02 08:20:00,2026-04-02,08:20:00,44240,44255,44210,44210,32,DIRECTA
FIB6F,5M,2026-04-02 08:25:00,2026-04-02,08:25:00,44200,44225,44195,44200,23,DIRECTA
FIB6F,15M,2026-04-02 08:30:00,2026-04-02,08:30:00,44185,44245,44185,44235,79,DIRECTA
FIB6F,5M,2026-04-02 08:30:00,2026-04-02,08:30:00,44185,44240,44185,44240,28,DIRECTA
FIB6F,5M,2026-04-02 08:35:00,2026-04-02,08:35:00,44225,44235,44190,44235,33,DIRECTA
FIB6F,5M,2026-04-02 08:40:00,2026-04-02,08:40:00,44245,44245,44235,44235,18,DIRECTA
FIB6F,15M,2026-04-02 08:45:00,2026-04-02,08:45:00,44235,44330,44185,44290,275,DIRECTA
FIB6F,5M,2026-04-02 08:45:00,2026-04-02,08:45:00,44235,44235,44185,44220,34,DIRECTA
FIB6F,5M,2026-04-02 08:50:00,2026-04-02,08:50:00,44220,44285,44205,44270,50,DIRECTA
FIB6F,5M,2026-04-02 08:55:00,2026-04-02,08:55:00,44270,44330,44230,44290,191,DIRECTA
FIB6F,1H,2026-04-02 09:00:00,2026-04-02,09:00:00,44305,44565,44205,44560,2264,DIRECTA
FIB6F,15M,2026-04-02 09:00:00,2026-04-02,09:00:00,44305,44385,44205,44345,882,DIRECTA
FIB6F,5M,2026-04-02 09:00:00,2026-04-02,09:00:00,44305,44345,44205,44310,452,DIRECTA
FIB6F,5M,2026-04-02 09:05:00,2026-04-02,09:05:00,44315,44370,44275,44345,217,DIRECTA
FIB6F,5M,2026-04-02 09:10:00,2026-04-02,09:10:00,44350,44385,44340,44345,213,DIRECTA
FIB6F,15M,2026-04-02 09:15:00,2026-04-02,09:15:00,44345,44460,44290,44405,664,DIRECTA
FIB6F,5M,2026-04-02 09:15:00,2026-04-02,09:15:00,44345,44460,44330,44430,256,DIRECTA
FIB6F,5M,2026-04-02 09:20:00,2026-04-02,09:20:00,44435,44440,44305,44305,195,DIRECTA
FIB6F,5M,2026-04-02 09:25:00,2026-04-02,09:25:00,44305,44430,44290,44405,213,DIRECTA
FIB6F,15M,2026-04-02 09:30:00,2026-04-02,09:30:00,44405,44455,44350,44400,402,DIRECTA
FIB6F,5M,2026-04-02 09:30:00,2026-04-02,09:30:00,44405,44430,44355,44365,152,DIRECTA
FIB6F,5M,2026-04-02 09:35:00,2026-04-02,09:35:00,44360,44425,44350,44420,141,DIRECTA
FIB6F,5M,2026-04-02 09:40:00,2026-04-02,09:40:00,44420,44455,44400,44400,109,DIRECTA
FIB6F,15M,2026-04-02 09:45:00,2026-04-02,09:45:00,44405,44565,44405,44560,316,DIRECTA
FIB6F,5M,2026-04-02 09:45:00,2026-04-02,09:45:00,44405,44470,44405,44465,111,DIRECTA
FIB6F,5M,2026-04-02 09:50:00,2026-04-02,09:50:00,44460,44475,44435,44470,96,DIRECTA
FIB6F,5M,2026-04-02 09:55:00,2026-04-02,09:55:00,44470,44565,44465,44560,109,DIRECTA
FIB6F,1H,2026-04-02 10:00:00,2026-04-02,10:00:00,44565,44575,44420,44520,949,DIRECTA
FIB6F,15M,2026-04-02 10:00:00,2026-04-02,10:00:00,44565,44575,44420,44470,281,DIRECTA
FIB6F,5M,2026-04-02 10:00:00,2026-04-02,10:00:00,44565,44575,44465,44475,136,DIRECTA
FIB6F,5M,2026-04-02 10:05:00,2026-04-02,10:05:00,44475,44485,44420,44475,84,DIRECTA
FIB6F,5M,2026-04-02 10:10:00,2026-04-02,10:10:00,44470,44485,44440,44470,61,DIRECTA
FIB6F,15M,2026-04-02 10:15:00,2026-04-02,10:15:00,44465,44515,44430,44485,261,DIRECTA
FIB6F,5M,2026-04-02 10:15:00,2026-04-02,10:15:00,44465,44515,44455,44475,97,DIRECTA
FIB6F,5M,2026-04-02 10:20:00,2026-04-02,10:20:00,44465,44510,44440,44510,84,DIRECTA
FIB6F,5M,2026-04-02 10:25:00,2026-04-02,10:25:00,44510,44510,44430,44485,80,DIRECTA
FIB6F,15M,2026-04-02 10:30:00,2026-04-02,10:30:00,44485,44555,44485,44500,252,DIRECTA
FIB6F,5M,2026-04-02 10:30:00,2026-04-02,10:30:00,44485,44545,44485,44535,95,DIRECTA
FIB6F,5M,2026-04-02 10:35:00,2026-04-02,10:35:00,44535,44535,44490,44515,64,DIRECTA
FIB6F,5M,2026-04-02 10:40:00,2026-04-02,10:40:00,44510,44555,44490,44500,93,DIRECTA
FIB6F,15M,2026-04-02 10:45:00,2026-04-02,10:45:00,44495,44530,44475,44520,155,DIRECTA
FIB6F,5M,2026-04-02 10:45:00,2026-04-02,10:45:00,44495,44525,44480,44505,76,DIRECTA
FIB6F,5M,2026-04-02 10:50:00,2026-04-02,10:50:00,44495,44505,44475,44505,39,DIRECTA
FIB6F,5M,2026-04-02 10:55:00,2026-04-02,10:55:00,44505,44530,44490,44520,40,DIRECTA
FIB6F,1H,2026-04-02 11:00:00,2026-04-02,11:00:00,44525,44535,44350,44430,727,DIRECTA
FIB6F,15M,2026-04-02 11:00:00,2026-04-02,11:00:00,44525,44535,44385,44400,254,DIRECTA
FIB6F,5M,2026-04-02 11:00:00,2026-04-02,11:00:00,44525,44535,44470,44480,52,DIRECTA
FIB6F,5M,2026-04-02 11:05:00,2026-04-02,11:05:00,44480,44485,44455,44455,124,DIRECTA
FIB6F,5M,2026-04-02 11:10:00,2026-04-02,11:10:00,44450,44455,44385,44400,78,DIRECTA
FIB6F,15M,2026-04-02 11:15:00,2026-04-02,11:15:00,44395,44460,44395,44435,133,DIRECTA
FIB6F,5M,2026-04-02 11:15:00,2026-04-02,11:15:00,44395,44445,44395,44415,59,DIRECTA
FIB6F,5M,2026-04-02 11:20:00,2026-04-02,11:20:00,44415,44440,44415,44435,50,DIRECTA
FIB6F,5M,2026-04-02 11:25:00,2026-04-02,11:25:00,44440,44460,44425,44435,24,DIRECTA
FIB6F,15M,2026-04-02 11:30:00,2026-04-02,11:30:00,44450,44450,44360,44370,155,DIRECTA
FIB6F,5M,2026-04-02 11:30:00,2026-04-02,11:30:00,44450,44450,44405,44405,41,DIRECTA
FIB6F,5M,2026-04-02 11:35:00,2026-04-02,11:35:00,44405,44405,44360,44375,70,DIRECTA
FIB6F,5M,2026-04-02 11:40:00,2026-04-02,11:40:00,44370,44395,44360,44370,44,DIRECTA
FIB6F,15M,2026-04-02 11:45:00,2026-04-02,11:45:00,44380,44460,44350,44430,185,DIRECTA
FIB6F,5M,2026-04-02 11:45:00,2026-04-02,11:45:00,44380,44400,44350,44380,73,DIRECTA
FIB6F,5M,2026-04-02 11:50:00,2026-04-02,11:50:00,44375,44435,44375,44430,71,DIRECTA
FIB6F,5M,2026-04-02 11:55:00,2026-04-02,11:55:00,44440,44460,44405,44430,41,DIRECTA
FIB6F,1H,2026-04-02 12:00:00,2026-04-02,12:00:00,44430,44435,44270,44325,563,DIRECTA
FIB6F,15M,2026-04-02 12:00:00,2026-04-02,12:00:00,44430,44435,44345,44345,159,DIRECTA
FIB6F,5M,2026-04-02 12:00:00,2026-04-02,12:00:00,44430,44430,44380,44405,43,DIRECTA
FIB6F,5M,2026-04-02 12:05:00,2026-04-02,12:05:00,44405,44435,44375,44395,33,DIRECTA
FIB6F,5M,2026-04-02 12:10:00,2026-04-02,12:10:00,44395,44410,44345,44345,83,DIRECTA
FIB6F,15M,2026-04-02 12:15:00,2026-04-02,12:15:00,44350,44350,44290,44310,153,DIRECTA
FIB6F,5M,2026-04-02 12:15:00,2026-04-02,12:15:00,44350,44350,44305,44325,52,DIRECTA
FIB6F,5M,2026-04-02 12:20:00,2026-04-02,12:20:00,44335,44335,44295,44325,50,DIRECTA
FIB6F,5M,2026-04-02 12:25:00,2026-04-02,12:25:00,44330,44330,44290,44310,51,DIRECTA
FIB6F,15M,2026-04-02 12:30:00,2026-04-02,12:30:00,44295,44360,44270,44335,130,DIRECTA
FIB6F,5M,2026-04-02 12:30:00,2026-04-02,12:30:00,44295,44315,44275,44305,48,DIRECTA
FIB6F,5M,2026-04-02 12:35:00,2026-04-02,12:35:00,44310,44340,44285,44285,33,DIRECTA
FIB6F,5M,2026-04-02 12:40:00,2026-04-02,12:40:00,44275,44360,44270,44335,49,DIRECTA
FIB6F,15M,2026-04-02 12:45:00,2026-04-02,12:45:00,44340,44340,44295,44325,121,DIRECTA
FIB6F,5M,2026-04-02 12:45:00,2026-04-02,12:45:00,44340,44340,44305,44325,35,DIRECTA
FIB6F,5M,2026-04-02 12:50:00,2026-04-02,12:50:00,44315,44315,44295,44305,43,DIRECTA
FIB6F,5M,2026-04-02 12:55:00,2026-04-02,12:55:00,44300,44340,44300,44325,43,DIRECTA
FIB6F,1H,2026-04-02 13:00:00,2026-04-02,13:00:00,44325,44380,44170,44175,723,DIRECTA
FIB6F,15M,2026-04-02 13:00:00,2026-04-02,13:00:00,44325,44380,44315,44325,173,DIRECTA
FIB6F,5M,2026-04-02 13:00:00,2026-04-02,13:00:00,44325,44370,44325,44360,62,DIRECTA
FIB6F,5M,2026-04-02 13:05:00,2026-04-02,13:05:00,44350,44350,44315,44350,46,DIRECTA
FIB6F,5M,2026-04-02 13:10:00,2026-04-02,13:10:00,44355,44380,44325,44325,65,DIRECTA
FIB6F,15M,2026-04-02 13:15:00,2026-04-02,13:15:00,44325,44335,44240,44240,174,DIRECTA
FIB6F,5M,2026-04-02 13:15:00,2026-04-02,13:15:00,44325,44335,44270,44275,86,DIRECTA
FIB6F,5M,2026-04-02 13:20:00,2026-04-02,13:20:00,44285,44300,44270,44290,33,DIRECTA
FIB6F,5M,2026-04-02 13:25:00,2026-04-02,13:25:00,44295,44300,44240,44240,55,DIRECTA
FIB6F,15M,2026-04-02 13:30:00,2026-04-02,13:30:00,44240,44280,44190,44195,174,DIRECTA
FIB6F,5M,2026-04-02 13:30:00,2026-04-02,13:30:00,44240,44280,44235,44265,55,DIRECTA
FIB6F,5M,2026-04-02 13:35:00,2026-04-02,13:35:00,44275,44275,44235,44235,46,DIRECTA
FIB6F,5M,2026-04-02 13:40:00,2026-04-02,13:40:00,44230,44235,44190,44195,73,DIRECTA
FIB6F,15M,2026-04-02 13:45:00,2026-04-02,13:45:00,44190,44250,44170,44175,202,DIRECTA
FIB6F,5M,2026-04-02 13:45:00,2026-04-02,13:45:00,44190,44230,44190,44230,52,DIRECTA
FIB6F,5M,2026-04-02 13:50:00,2026-04-02,13:50:00,44230,44250,44215,44245,86,DIRECTA
FIB6F,5M,2026-04-02 13:55:00,2026-04-02,13:55:00,44250,44250,44170,44175,64,DIRECTA
FIB6F,1H,2026-04-02 14:00:00,2026-04-02,14:00:00,44170,44225,44030,44125,1339,DIRECTA
FIB6F,15M,2026-04-02 14:00:00,2026-04-02,14:00:00,44170,44170,44035,44040,472,DIRECTA
FIB6F,5M,2026-04-02 14:00:00,2026-04-02,14:00:00,44170,44170,44115,44155,168,DIRECTA
FIB6F,5M,2026-04-02 14:05:00,2026-04-02,14:05:00,44145,44160,44060,44070,129,DIRECTA
FIB6F,5M,2026-04-02 14:10:00,2026-04-02,14:10:00,44075,44080,44035,44040,175,DIRECTA
FIB6F,15M,2026-04-02 14:15:00,2026-04-02,14:15:00,44040,44155,44030,44125,345,DIRECTA
FIB6F,5M,2026-04-02 14:15:00,2026-04-02,14:15:00,44040,44075,44030,44055,129,DIRECTA
FIB6F,5M,2026-04-02 14:20:00,2026-04-02,14:20:00,44055,44155,44050,44145,133,DIRECTA
FIB6F,5M,2026-04-02 14:25:00,2026-04-02,14:25:00,44140,44150,44105,44125,83,DIRECTA
FIB6F,15M,2026-04-02 14:30:00,2026-04-02,14:30:00,44140,44175,44130,44165,209,DIRECTA
FIB6F,5M,2026-04-02 14:30:00,2026-04-02,14:30:00,44140,44175,44130,44170,83,DIRECTA
FIB6F,5M,2026-04-02 14:35:00,2026-04-02,14:35:00,44170,44170,44130,44160,50,DIRECTA
FIB6F,5M,2026-04-02 14:40:00,2026-04-02,14:40:00,44155,44170,44140,44165,76,DIRECTA
FIB6F,15M,2026-04-02 14:45:00,2026-04-02,14:45:00,44160,44225,44125,44125,313,DIRECTA
FIB6F,5M,2026-04-02 14:45:00,2026-04-02,14:45:00,44160,44215,44155,44210,87,DIRECTA
FIB6F,5M,2026-04-02 14:50:00,2026-04-02,14:50:00,44205,44225,44180,44190,101,DIRECTA
FIB6F,5M,2026-04-02 14:55:00,2026-04-02,14:55:00,44195,44205,44125,44125,125,DIRECTA
FIB6F,1H,2026-04-02 15:00:00,2026-04-02,15:00:00,44135,44445,44060,44425,1543,DIRECTA
FIB6F,15M,2026-04-02 15:00:00,2026-04-02,15:00:00,44135,44175,44060,44075,342,DIRECTA
FIB6F,5M,2026-04-02 15:00:00,2026-04-02,15:00:00,44135,44160,44110,44150,129,DIRECTA
FIB6F,5M,2026-04-02 15:05:00,2026-04-02,15:05:00,44145,44175,44110,44110,102,DIRECTA
FIB6F,5M,2026-04-02 15:10:00,2026-04-02,15:10:00,44115,44125,44060,44075,111,DIRECTA
FIB6F,15M,2026-04-02 15:15:00,2026-04-02,15:15:00,44080,44155,44080,44155,200,DIRECTA
FIB6F,5M,2026-04-02 15:15:00,2026-04-02,15:15:00,44080,44130,44080,44100,94,DIRECTA
FIB6F,5M,2026-04-02 15:20:00,2026-04-02,15:20:00,44105,44150,44105,44125,55,DIRECTA
FIB6F,5M,2026-04-02 15:25:00,2026-04-02,15:25:00,44120,44155,44120,44155,51,DIRECTA
FIB6F,15M,2026-04-02 15:30:00,2026-04-02,15:30:00,44160,44250,44150,44220,460,DIRECTA
FIB6F,5M,2026-04-02 15:30:00,2026-04-02,15:30:00,44160,44250,44155,44235,244,DIRECTA
FIB6F,5M,2026-04-02 15:35:00,2026-04-02,15:35:00,44240,44240,44170,44170,106,DIRECTA
FIB6F,5M,2026-04-02 15:40:00,2026-04-02,15:40:00,44160,44220,44150,44220,110,DIRECTA
FIB6F,15M,2026-04-02 15:45:00,2026-04-02,15:45:00,44215,44445,44210,44425,541,DIRECTA
FIB6F,5M,2026-04-02 15:45:00,2026-04-02,15:45:00,44215,44310,44210,44275,161,DIRECTA
FIB6F,5M,2026-04-02 15:50:00,2026-04-02,15:50:00,44270,44375,44260,44365,173,DIRECTA
FIB6F,5M,2026-04-02 15:55:00,2026-04-02,15:55:00,44370,44445,44365,44425,207,DIRECTA
FIB6F,1H,2026-04-02 16:00:00,2026-04-02,16:00:00,44430,44975,44360,44835,3429,DIRECTA
FIB6F,15M,2026-04-02 16:00:00,2026-04-02,16:00:00,44430,44465,44360,44410,377,DIRECTA
FIB6F,5M,2026-04-02 16:00:00,2026-04-02,16:00:00,44430,44440,44360,44385,156,DIRECTA
FIB6F,5M,2026-04-02 16:05:00,2026-04-02,16:05:00,44385,44450,44375,44430,120,DIRECTA
FIB6F,5M,2026-04-02 16:10:00,2026-04-02,16:10:00,44425,44465,44405,44410,101,DIRECTA
FIB6F,15M,2026-04-02 16:15:00,2026-04-02,16:15:00,44415,44510,44405,44480,385,DIRECTA
FIB6F,5M,2026-04-02 16:15:00,2026-04-02,16:15:00,44415,44500,44405,44485,142,DIRECTA
FIB6F,5M,2026-04-02 16:20:00,2026-04-02,16:20:00,44485,44510,44480,44510,121,DIRECTA
FIB6F,5M,2026-04-02 16:25:00,2026-04-02,16:25:00,44510,44510,44470,44480,122,DIRECTA
FIB6F,15M,2026-04-02 16:30:00,2026-04-02,16:30:00,44480,44975,44480,44870,2101,DIRECTA
FIB6F,5M,2026-04-02 16:30:00,2026-04-02,16:30:00,44480,44590,44480,44585,150,DIRECTA
FIB6F,5M,2026-04-02 16:35:00,2026-04-02,16:35:00,44585,44975,44585,44820,1611,DIRECTA
FIB6F,5M,2026-04-02 16:40:00,2026-04-02,16:40:00,44810,44870,44755,44870,340,DIRECTA
FIB6F,15M,2026-04-02 16:45:00,2026-04-02,16:45:00,44870,44895,44720,44835,566,DIRECTA
FIB6F,5M,2026-04-02 16:45:00,2026-04-02,16:45:00,44870,44895,44775,44780,248,DIRECTA
FIB6F,5M,2026-04-02 16:50:00,2026-04-02,16:50:00,44775,44805,44720,44800,174,DIRECTA
FIB6F,5M,2026-04-02 16:55:00,2026-04-02,16:55:00,44800,44880,44790,44835,144,DIRECTA
FIB6F,1H,2026-04-02 17:00:00,2026-04-02,17:00:00,44835,44935,44705,44855,2310,DIRECTA
FIB6F,15M,2026-04-02 17:00:00,2026-04-02,17:00:00,44835,44865,44750,44795,498,DIRECTA
FIB6F,5M,2026-04-02 17:00:00,2026-04-02,17:00:00,44835,44865,44765,44860,183,DIRECTA
FIB6F,5M,2026-04-02 17:05:00,2026-04-02,17:05:00,44855,44860,44750,44790,199,DIRECTA
FIB6F,5M,2026-04-02 17:10:00,2026-04-02,17:10:00,44790,44845,44775,44795,116,DIRECTA
FIB6F,15M,2026-04-02 17:15:00,2026-04-02,17:15:00,44790,44845,44705,44785,585,DIRECTA
FIB6F,5M,2026-04-02 17:15:00,2026-04-02,17:15:00,44790,44845,44780,44825,157,DIRECTA
FIB6F,5M,2026-04-02 17:20:00,2026-04-02,17:20:00,44820,44820,44720,44745,200,DIRECTA
FIB6F,5M,2026-04-02 17:25:00,2026-04-02,17:25:00,44740,44785,44705,44785,228,DIRECTA
FIB6F,15M,2026-04-02 17:30:00,2026-04-02,17:30:00,44785,44935,44765,44915,1068,DIRECTA
FIB6F,5M,2026-04-02 17:30:00,2026-04-02,17:30:00,44785,44915,44765,44880,602,DIRECTA
FIB6F,5M,2026-04-02 17:35:00,2026-04-02,17:35:00,44885,44935,44850,44905,357,DIRECTA
FIB6F,5M,2026-04-02 17:40:00,2026-04-02,17:40:00,44900,44925,44860,44915,109,DIRECTA
FIB6F,15M,2026-04-02 17:45:00,2026-04-02,17:45:00,44910,44910,44775,44855,159,DIRECTA
FIB6F,5M,2026-04-02 17:45:00,2026-04-02,17:45:00,44910,44910,44845,44850,71,DIRECTA
FIB6F,5M,2026-04-02 17:50:00,2026-04-02,17:50:00,44840,44870,44775,44870,65,DIRECTA
FIB6F,5M,2026-04-02 17:55:00,2026-04-02,17:55:00,44865,44890,44835,44855,23,DIRECTA
FIB6F,1H,2026-04-02 18:00:00,2026-04-02,18:00:00,44850,44920,44770,44850,309,DIRECTA
FIB6F,15M,2026-04-02 18:00:00,2026-04-02,18:00:00,44850,44895,44785,44830,83,DIRECTA
FIB6F,5M,2026-04-02 18:00:00,2026-04-02,18:00:00,44850,44895,44820,44820,23,DIRECTA
FIB6F,5M,2026-04-02 18:05:00,2026-04-02,18:05:00,44820,44835,44785,44795,27,DIRECTA
FIB6F,5M,2026-04-02 18:10:00,2026-04-02,18:10:00,44820,44830,44800,44830,33,DIRECTA
FIB6F,15M,2026-04-02 18:15:00,2026-04-02,18:15:00,44830,44850,44770,44805,65,DIRECTA
FIB6F,5M,2026-04-02 18:15:00,2026-04-02,18:15:00,44830,44850,44795,44795,21,DIRECTA
FIB6F,5M,2026-04-02 18:20:00,2026-04-02,18:20:00,44790,44820,44770,44790,29,DIRECTA
FIB6F,5M,2026-04-02 18:25:00,2026-04-02,18:25:00,44780,44830,44770,44805,15,DIRECTA
FIB6F,15M,2026-04-02 18:30:00,2026-04-02,18:30:00,44805,44920,44800,44895,115,DIRECTA
FIB6F,5M,2026-04-02 18:30:00,2026-04-02,18:30:00,44805,44870,44800,44850,23,DIRECTA
FIB6F,5M,2026-04-02 18:35:00,2026-04-02,18:35:00,44850,44860,44800,44840,53,DIRECTA
FIB6F,5M,2026-04-02 18:40:00,2026-04-02,18:40:00,44855,44920,44855,44895,39,DIRECTA
FIB6F,15M,2026-04-02 18:45:00,2026-04-02,18:45:00,44900,44905,44850,44850,46,DIRECTA
FIB6F,5M,2026-04-02 18:45:00,2026-04-02,18:45:00,44900,44905,44875,44885,17,DIRECTA
FIB6F,5M,2026-04-02 18:50:00,2026-04-02,18:50:00,44885,44905,44875,44905,11,DIRECTA
FIB6F,5M,2026-04-02 18:55:00,2026-04-02,18:55:00,44900,44900,44850,44850,18,DIRECTA
FIB6F,1H,2026-04-02 19:00:00,2026-04-02,19:00:00,44850,44985,44830,44885,203,DIRECTA
FIB6F,15M,2026-04-02 19:00:00,2026-04-02,19:00:00,44850,44950,44830,44935,48,DIRECTA
FIB6F,5M,2026-04-02 19:00:00,2026-04-02,19:00:00,44850,44885,44830,44885,17,DIRECTA
FIB6F,5M,2026-04-02 19:05:00,2026-04-02,19:05:00,44895,44900,44890,44900,8,DIRECTA
FIB6F,5M,2026-04-02 19:10:00,2026-04-02,19:10:00,44900,44950,44880,44935,23,DIRECTA
FIB6F,15M,2026-04-02 19:15:00,2026-04-02,19:15:00,44940,44985,44930,44970,59,DIRECTA
FIB6F,5M,2026-04-02 19:15:00,2026-04-02,19:15:00,44940,44950,44930,44940,23,DIRECTA
FIB6F,5M,2026-04-02 19:20:00,2026-04-02,19:20:00,44945,44975,44945,44975,16,DIRECTA
FIB6F,5M,2026-04-02 19:25:00,2026-04-02,19:25:00,44980,44985,44965,44970,20,DIRECTA
FIB6F,15M,2026-04-02 19:30:00,2026-04-02,19:30:00,44970,44970,44930,44960,40,DIRECTA
FIB6F,5M,2026-04-02 19:30:00,2026-04-02,19:30:00,44970,44970,44940,44950,15,DIRECTA
FIB6F,5M,2026-04-02 19:35:00,2026-04-02,19:35:00,44945,44945,44930,44945,11,DIRECTA
FIB6F,5M,2026-04-02 19:40:00,2026-04-02,19:40:00,44950,44960,44935,44960,14,DIRECTA
FIB6F,15M,2026-04-02 19:45:00,2026-04-02,19:45:00,44955,44955,44855,44885,56,DIRECTA
FIB6F,5M,2026-04-02 19:45:00,2026-04-02,19:45:00,44955,44955,44865,44865,23,DIRECTA
FIB6F,5M,2026-04-02 19:50:00,2026-04-02,19:50:00,44880,44885,44855,44885,23,DIRECTA
FIB6F,5M,2026-04-02 19:55:00,2026-04-02,19:55:00,44885,44890,44865,44885,10,DIRECTA
FIB6F,1H,2026-04-02 20:00:00,2026-04-02,20:00:00,44910,45000,44895,44955,128,DIRECTA
FIB6F,15M,2026-04-02 20:00:00,2026-04-02,20:00:00,44910,44930,44895,44920,13,DIRECTA
FIB6F,5M,2026-04-02 20:00:00,2026-04-02,20:00:00,44910,44910,44895,44895,5,DIRECTA
FIB6F,5M,2026-04-02 20:05:00,2026-04-02,20:05:00,44910,44930,44905,44905,7,DIRECTA
FIB6F,5M,2026-04-02 20:10:00,2026-04-02,20:10:00,44920,44920,44920,44920,1,DIRECTA
FIB6F,15M,2026-04-02 20:15:00,2026-04-02,20:15:00,44910,44920,44895,44900,31,DIRECTA
FIB6F,5M,2026-04-02 20:15:00,2026-04-02,20:15:00,44910,44920,44905,44910,7,DIRECTA
FIB6F,5M,2026-04-02 20:20:00,2026-04-02,20:20:00,44910,44920,44910,44920,8,DIRECTA
FIB6F,5M,2026-04-02 20:25:00,2026-04-02,20:25:00,44895,44905,44895,44900,16,DIRECTA
FIB6F,15M,2026-04-02 20:30:00,2026-04-02,20:30:00,44915,44965,44910,44960,21,DIRECTA
FIB6F,5M,2026-04-02 20:35:00,2026-04-02,20:35:00,44915,44915,44910,44910,3,DIRECTA
FIB6F,5M,2026-04-02 20:40:00,2026-04-02,20:40:00,44935,44965,44935,44960,18,DIRECTA
FIB6F,15M,2026-04-02 20:45:00,2026-04-02,20:45:00,44955,45000,44955,44955,63,DIRECTA
FIB6F,5M,2026-04-02 20:45:00,2026-04-02,20:45:00,44955,44980,44955,44975,20,DIRECTA
FIB6F,5M,2026-04-02 20:50:00,2026-04-02,20:50:00,44985,45000,44980,44990,38,DIRECTA
FIB6F,5M,2026-04-02 20:55:00,2026-04-02,20:55:00,44970,44970,44955,44955,5,DIRECTA
FIB6F,1H,2026-04-02 21:00:00,2026-04-02,21:00:00,44965,45130,44965,45020,329,DIRECTA
FIB6F,15M,2026-04-02 21:00:00,2026-04-02,21:00:00,44965,45005,44965,44975,37,DIRECTA
FIB6F,5M,2026-04-02 21:00:00,2026-04-02,21:00:00,44965,44975,44965,44975,9,DIRECTA
FIB6F,5M,2026-04-02 21:05:00,2026-04-02,21:05:00,44965,44985,44965,44975,20,DIRECTA
FIB6F,5M,2026-04-02 21:10:00,2026-04-02,21:10:00,44990,45005,44975,44975,8,DIRECTA
FIB6F,15M,2026-04-02 21:15:00,2026-04-02,21:15:00,44980,45000,44965,44975,48,DIRECTA
FIB6F,5M,2026-04-02 21:15:00,2026-04-02,21:15:00,44980,44980,44965,44975,11,DIRECTA
FIB6F,5M,2026-04-02 21:20:00,2026-04-02,21:20:00,44970,45000,44970,44980,27,DIRECTA
FIB6F,5M,2026-04-02 21:25:00,2026-04-02,21:25:00,44985,44985,44970,44975,10,DIRECTA
FIB6F,15M,2026-04-02 21:30:00,2026-04-02,21:30:00,44980,45030,44980,45000,113,DIRECTA
FIB6F,5M,2026-04-02 21:30:00,2026-04-02,21:30:00,44980,45020,44980,45010,57,DIRECTA
FIB6F,5M,2026-04-02 21:35:00,2026-04-02,21:35:00,45015,45020,45010,45015,7,DIRECTA
FIB6F,5M,2026-04-02 21:40:00,2026-04-02,21:40:00,45015,45030,45000,45000,49,DIRECTA
FIB6F,15M,2026-04-02 21:45:00,2026-04-02,21:45:00,44990,45130,44965,45020,131,DIRECTA
FIB6F,5M,2026-04-02 21:45:00,2026-04-02,21:45:00,44990,44990,44965,44985,15,DIRECTA
FIB6F,5M,2026-04-02 21:50:00,2026-04-02,21:50:00,44995,45050,44995,45035,41,DIRECTA
FIB6F,5M,2026-04-02 21:55:00,2026-04-02,21:55:00,45030,45130,45020,45020,75,DIRECTA
