symbol,timeframe,timestamp,date,time,open,high,low,close,volume,source
MINI6F,W,2025-12-23 08:00:00,2025-12-23,08:00:00,44100,44100,43966,43966,1,AGG_FROM_D
MINI6F,D,2025-12-23 08:00:00,2025-12-23,08:00:00,44100,44100,43966,43966,1,DIRECTA
MINI6F,1H,2025-12-23 12:00:00,2025-12-23,12:00:00,44100,44100,44100,44100,1,DIRECTA
MINI6F,15M,2025-12-23 12:45:00,2025-12-23,12:45:00,44100,44100,44100,44100,1,DIRECTA
MINI6F,5M,2025-12-23 12:55:00,2025-12-23,12:55:00,44100,44100,44100,44100,1,DIRECTA
MINI6F,W,2025-12-29 08:00:00,2025-12-29,08:00:00,43786,44760,43786,44697,7,AGG_FROM_D
MINI6F,D,2025-12-29 08:00:00,2025-12-29,08:00:00,43786,43786,43786,43786,0,DIRECTA
MINI6F,D,2025-12-30 08:00:00,2025-12-30,08:00:00,44293,44293,44293,44293,0,DIRECTA
MINI6F,D,2026-01-02 08:00:00,2026-01-02,08:00:00,44750,44760,44600,44697,7,DIRECTA
MINI6F,1H,2026-01-02 10:00:00,2026-01-02,10:00:00,44750,44750,44750,44750,0,DIRECTA
MINI6F,15M,2026-01-02 10:00:00,2026-01-02,10:00:00,44750,44750,44750,44750,0,DIRECTA
MINI6F,5M,2026-01-02 10:00:00,2026-01-02,10:00:00,44750,44750,44750,44750,0,DIRECTA
MINI6F,1H,2026-01-02 11:00:00,2026-01-02,11:00:00,44625,44695,44600,44600,5,DIRECTA
MINI6F,15M,2026-01-02 11:00:00,2026-01-02,11:00:00,44625,44625,44625,44625,0,DIRECTA
MINI6F,5M,2026-01-02 11:10:00,2026-01-02,11:10:00,44625,44625,44625,44625,0,DIRECTA
MINI6F,15M,2026-01-02 11:15:00,2026-01-02,11:15:00,44600,44600,44600,44600,0,DIRECTA
MINI6F,5M,2026-01-02 11:25:00,2026-01-02,11:25:00,44600,44600,44600,44600,0,DIRECTA
MINI6F,15M,2026-01-02 11:30:00,2026-01-02,11:30:00,44695,44695,44695,44695,0,DIRECTA
MINI6F,5M,2026-01-02 11:35:00,2026-01-02,11:35:00,44695,44695,44695,44695,0,DIRECTA
MINI6F,15M,2026-01-02 11:45:00,2026-01-02,11:45:00,44600,44600,44600,44600,0,DIRECTA
MINI6F,5M,2026-01-02 11:55:00,2026-01-02,11:55:00,44600,44600,44600,44600,0,DIRECTA
MINI6F,1H,2026-01-02 12:00:00,2026-01-02,12:00:00,44600,44600,44600,44600,1,DIRECTA
MINI6F,15M,2026-01-02 12:00:00,2026-01-02,12:00:00,44600,44600,44600,44600,0,DIRECTA
MINI6F,5M,2026-01-02 12:00:00,2026-01-02,12:00:00,44600,44600,44600,44600,0,DIRECTA
MINI6F,1H,2026-01-02 14:00:00,2026-01-02,14:00:00,44760,44760,44760,44760,1,DIRECTA
MINI6F,15M,2026-01-02 14:45:00,2026-01-02,14:45:00,44760,44760,44760,44760,0,DIRECTA
MINI6F,5M,2026-01-02 14:45:00,2026-01-02,14:45:00,44760,44760,44760,44760,0,DIRECTA
MINI6F,W,2026-01-05 08:00:00,2026-01-05,08:00:00,44910,45173,44810,45028,4,AGG_FROM_D
MINI6F,D,2026-01-05 08:00:00,2026-01-05,08:00:00,44910,45173,44910,45173,1,DIRECTA
MINI6F,1H,2026-01-05 11:00:00,2026-01-05,11:00:00,44910,44910,44910,44910,1,DIRECTA
MINI6F,15M,2026-01-05 11:45:00,2026-01-05,11:45:00,44910,44910,44910,44910,0,DIRECTA
MINI6F,5M,2026-01-05 11:55:00,2026-01-05,11:55:00,44910,44910,44910,44910,0,DIRECTA
MINI6F,D,2026-01-06 08:00:00,2026-01-06,08:00:00,45076,45076,45076,45076,0,DIRECTA
MINI6F,D,2026-01-07 08:00:00,2026-01-07,08:00:00,44810,45095,44810,44877,3,DIRECTA
MINI6F,1H,2026-01-07 10:00:00,2026-01-07,10:00:00,44810,45095,44810,45095,2,DIRECTA
MINI6F,15M,2026-01-07 10:45:00,2026-01-07,10:45:00,44810,45095,44810,45095,2,DIRECTA
MINI6F,5M,2026-01-07 10:50:00,2026-01-07,10:50:00,44810,44810,44810,44810,0,DIRECTA
MINI6F,5M,2026-01-07 10:55:00,2026-01-07,10:55:00,45095,45095,45095,45095,0,DIRECTA
MINI6F,1H,2026-01-07 17:00:00,2026-01-07,17:00:00,44990,44990,44990,44990,1,DIRECTA
MINI6F,15M,2026-01-07 17:30:00,2026-01-07,17:30:00,44990,44990,44990,44990,1,DIRECTA
MINI6F,5M,2026-01-07 17:40:00,2026-01-07,17:40:00,44990,44990,44990,44990,0,DIRECTA
MINI6F,D,2026-01-08 08:00:00,2026-01-08,08:00:00,44987,44987,44987,44987,0,DIRECTA
MINI6F,D,2026-01-09 08:00:00,2026-01-09,08:00:00,45028,45028,45028,45028,0,DIRECTA
MINI6F,W,2026-01-12 08:00:00,2026-01-12,08:00:00,45031,45140,44822,45082,2,AGG_FROM_D
MINI6F,D,2026-01-12 08:00:00,2026-01-12,08:00:00,45031,45031,45031,45031,0,DIRECTA
MINI6F,D,2026-01-13 08:00:00,2026-01-13,08:00:00,44822,44822,44822,44822,0,DIRECTA
MINI6F,D,2026-01-14 08:00:00,2026-01-14,08:00:00,44941,44941,44941,44941,0,DIRECTA
MINI6F,D,2026-01-15 08:00:00,2026-01-15,08:00:00,45140,45140,45085,45139,2,DIRECTA
MINI6F,1H,2026-01-15 11:00:00,2026-01-15,11:00:00,45140,45140,45140,45140,1,DIRECTA
MINI6F,15M,2026-01-15 11:00:00,2026-01-15,11:00:00,45140,45140,45140,45140,1,DIRECTA
MINI6F,5M,2026-01-15 11:10:00,2026-01-15,11:10:00,45140,45140,45140,45140,0,DIRECTA
MINI6F,1H,2026-01-15 13:00:00,2026-01-15,13:00:00,45085,45085,45085,45085,1,DIRECTA
MINI6F,15M,2026-01-15 13:45:00,2026-01-15,13:45:00,45085,45085,45085,45085,1,DIRECTA
MINI6F,5M,2026-01-15 13:50:00,2026-01-15,13:50:00,45085,45085,45085,45085,0,DIRECTA
MINI6F,D,2026-01-16 08:00:00,2026-01-16,08:00:00,45082,45082,45082,45082,0,DIRECTA
MINI6F,W,2026-01-19 08:00:00,2026-01-19,08:00:00,44430,44735,43881,44215,9,AGG_FROM_D
MINI6F,D,2026-01-19 08:00:00,2026-01-19,08:00:00,44430,44735,44430,44596,4,DIRECTA
MINI6F,1H,2026-01-19 12:00:00,2026-01-19,12:00:00,44430,44430,44430,44430,1,DIRECTA
MINI6F,15M,2026-01-19 12:15:00,2026-01-19,12:15:00,44430,44430,44430,44430,1,DIRECTA
MINI6F,5M,2026-01-19 12:20:00,2026-01-19,12:20:00,44430,44430,44430,44430,0,DIRECTA
MINI6F,1H,2026-01-19 17:00:00,2026-01-19,17:00:00,44735,44735,44610,44630,3,DIRECTA
MINI6F,15M,2026-01-19 17:00:00,2026-01-19,17:00:00,44735,44735,44735,44735,1,DIRECTA
MINI6F,5M,2026-01-19 17:05:00,2026-01-19,17:05:00,44735,44735,44735,44735,0,DIRECTA
MINI6F,15M,2026-01-19 17:15:00,2026-01-19,17:15:00,44610,44630,44610,44630,2,DIRECTA
MINI6F,5M,2026-01-19 17:15:00,2026-01-19,17:15:00,44610,44610,44610,44610,0,DIRECTA
MINI6F,5M,2026-01-19 17:20:00,2026-01-19,17:20:00,44630,44630,44630,44630,0,DIRECTA
MINI6F,D,2026-01-20 08:00:00,2026-01-20,08:00:00,44135,44135,44050,44111,2,DIRECTA
MINI6F,1H,2026-01-20 17:00:00,2026-01-20,17:00:00,44135,44135,44135,44135,1,DIRECTA
MINI6F,15M,2026-01-20 17:00:00,2026-01-20,17:00:00,44135,44135,44135,44135,1,DIRECTA
MINI6F,5M,2026-01-20 17:05:00,2026-01-20,17:05:00,44135,44135,44135,44135,0,DIRECTA
MINI6F,1H,2026-01-20 18:00:00,2026-01-20,18:00:00,44050,44050,44050,44050,1,DIRECTA
MINI6F,15M,2026-01-20 18:30:00,2026-01-20,18:30:00,44050,44050,44050,44050,1,DIRECTA
MINI6F,5M,2026-01-20 18:30:00,2026-01-20,18:30:00,44050,44050,44050,44050,0,DIRECTA
MINI6F,D,2026-01-21 08:00:00,2026-01-21,08:00:00,43935,43935,43881,43881,1,DIRECTA
MINI6F,1H,2026-01-21 09:00:00,2026-01-21,09:00:00,43935,43935,43935,43935,1,DIRECTA
MINI6F,15M,2026-01-21 09:45:00,2026-01-21,09:45:00,43935,43935,43935,43935,1,DIRECTA
MINI6F,5M,2026-01-21 09:55:00,2026-01-21,09:55:00,43935,43935,43935,43935,0,DIRECTA
MINI6F,D,2026-01-22 08:00:00,2026-01-22,08:00:00,44325,44479,44325,44479,2,DIRECTA
MINI6F,1H,2026-01-22 10:00:00,2026-01-22,10:00:00,44325,44325,44325,44325,2,DIRECTA
MINI6F,15M,2026-01-22 10:30:00,2026-01-22,10:30:00,44325,44325,44325,44325,2,DIRECTA
MINI6F,5M,2026-01-22 10:40:00,2026-01-22,10:40:00,44325,44325,44325,44325,2,DIRECTA
MINI6F,D,2026-01-23 08:00:00,2026-01-23,08:00:00,44215,44215,44215,44215,0,DIRECTA
MINI6F,W,2026-01-26 08:00:00,2026-01-26,08:00:00,44365,44900,44332,44896,6,AGG_FROM_D
MINI6F,D,2026-01-26 08:00:00,2026-01-26,08:00:00,44365,44365,44332,44332,1,DIRECTA
MINI6F,1H,2026-01-26 14:00:00,2026-01-26,14:00:00,44365,44365,44365,44365,1,DIRECTA
MINI6F,15M,2026-01-26 14:45:00,2026-01-26,14:45:00,44365,44365,44365,44365,1,DIRECTA
MINI6F,5M,2026-01-26 14:55:00,2026-01-26,14:55:00,44365,44365,44365,44365,1,DIRECTA
MINI6F,D,2026-01-27 08:00:00,2026-01-27,08:00:00,44510,44900,44510,44819,4,DIRECTA
MINI6F,1H,2026-01-27 11:00:00,2026-01-27,11:00:00,44510,44510,44510,44510,1,DIRECTA
MINI6F,15M,2026-01-27 11:30:00,2026-01-27,11:30:00,44510,44510,44510,44510,1,DIRECTA
MINI6F,5M,2026-01-27 11:35:00,2026-01-27,11:35:00,44510,44510,44510,44510,1,DIRECTA
MINI6F,1H,2026-01-27 15:00:00,2026-01-27,15:00:00,44740,44740,44740,44740,1,DIRECTA
MINI6F,15M,2026-01-27 15:45:00,2026-01-27,15:45:00,44740,44740,44740,44740,1,DIRECTA
MINI6F,5M,2026-01-27 15:50:00,2026-01-27,15:50:00,44740,44740,44740,44740,1,DIRECTA
MINI6F,1H,2026-01-27 17:00:00,2026-01-27,17:00:00,44900,44900,44900,44900,2,DIRECTA
MINI6F,15M,2026-01-27 17:00:00,2026-01-27,17:00:00,44900,44900,44900,44900,2,DIRECTA
MINI6F,5M,2026-01-27 17:10:00,2026-01-27,17:10:00,44900,44900,44900,44900,2,DIRECTA
MINI6F,D,2026-01-28 08:00:00,2026-01-28,08:00:00,44820,44820,44510,44510,1,DIRECTA
MINI6F,1H,2026-01-28 08:00:00,2026-01-28,08:00:00,44820,44820,44820,44820,1,DIRECTA
MINI6F,15M,2026-01-28 08:45:00,2026-01-28,08:45:00,44820,44820,44820,44820,1,DIRECTA
MINI6F,5M,2026-01-28 08:55:00,2026-01-28,08:55:00,44820,44820,44820,44820,1,DIRECTA
MINI6F,D,2026-01-29 08:00:00,2026-01-29,08:00:00,44443,44443,44443,44443,0,DIRECTA
MINI6F,D,2026-01-30 08:00:00,2026-01-30,08:00:00,44896,44896,44896,44896,0,DIRECTA
MINI6F,W,2026-02-02 08:00:00,2026-02-02,08:00:00,44875,46595,44875,45229,21,AGG_FROM_D
MINI6F,D,2026-02-02 08:00:00,2026-02-02,08:00:00,44875,45377,44875,45377,2,DIRECTA
MINI6F,1H,2026-02-02 14:00:00,2026-02-02,14:00:00,44875,45155,44875,45155,2,DIRECTA
MINI6F,15M,2026-02-02 14:30:00,2026-02-02,14:30:00,44875,45155,44875,45155,2,DIRECTA
MINI6F,5M,2026-02-02 14:30:00,2026-02-02,14:30:00,44875,45155,44875,45155,2,DIRECTA
MINI6F,D,2026-02-03 08:00:00,2026-02-03,08:00:00,45570,45790,45570,45790,1,DIRECTA
MINI6F,1H,2026-02-03 17:00:00,2026-02-03,17:00:00,45570,45570,45570,45570,1,DIRECTA
MINI6F,15M,2026-02-03 17:30:00,2026-02-03,17:30:00,45570,45570,45570,45570,1,DIRECTA
MINI6F,5M,2026-02-03 17:40:00,2026-02-03,17:40:00,45570,45570,45570,45570,1,DIRECTA
MINI6F,D,2026-02-04 08:00:00,2026-02-04,08:00:00,46345,46595,46000,46011,9,DIRECTA
MINI6F,1H,2026-02-04 12:00:00,2026-02-04,12:00:00,46345,46350,46345,46350,2,DIRECTA
MINI6F,15M,2026-02-04 12:45:00,2026-02-04,12:45:00,46345,46350,46345,46350,2,DIRECTA
MINI6F,5M,2026-02-04 12:55:00,2026-02-04,12:55:00,46345,46350,46345,46350,2,DIRECTA
MINI6F,1H,2026-02-04 13:00:00,2026-02-04,13:00:00,46330,46330,46040,46255,3,DIRECTA
MINI6F,15M,2026-02-04 13:15:00,2026-02-04,13:15:00,46330,46330,46330,46330,1,DIRECTA
MINI6F,5M,2026-02-04 13:15:00,2026-02-04,13:15:00,46330,46330,46330,46330,1,DIRECTA
MINI6F,15M,2026-02-04 13:30:00,2026-02-04,13:30:00,46040,46040,46040,46040,1,DIRECTA
MINI6F,5M,2026-02-04 13:35:00,2026-02-04,13:35:00,46040,46040,46040,46040,1,DIRECTA
MINI6F,15M,2026-02-04 13:45:00,2026-02-04,13:45:00,46255,46255,46255,46255,1,DIRECTA
MINI6F,5M,2026-02-04 13:50:00,2026-02-04,13:50:00,46255,46255,46255,46255,1,DIRECTA
MINI6F,1H,2026-02-04 15:00:00,2026-02-04,15:00:00,46285,46595,46285,46400,3,DIRECTA
MINI6F,15M,2026-02-04 15:15:00,2026-02-04,15:15:00,46285,46595,46285,46595,2,DIRECTA
MINI6F,5M,2026-02-04 15:15:00,2026-02-04,15:15:00,46285,46285,46285,46285,1,DIRECTA
MINI6F,5M,2026-02-04 15:25:00,2026-02-04,15:25:00,46595,46595,46595,46595,1,DIRECTA
MINI6F,15M,2026-02-04 15:30:00,2026-02-04,15:30:00,46400,46400,46400,46400,1,DIRECTA
MINI6F,5M,2026-02-04 15:40:00,2026-02-04,15:40:00,46400,46400,46400,46400,1,DIRECTA
MINI6F,1H,2026-02-04 17:00:00,2026-02-04,17:00:00,46000,46000,46000,46000,1,DIRECTA
MINI6F,15M,2026-02-04 17:30:00,2026-02-04,17:30:00,46000,46000,46000,46000,1,DIRECTA
MINI6F,5M,2026-02-04 17:35:00,2026-02-04,17:35:00,46000,46000,46000,46000,1,DIRECTA
MINI6F,D,2026-02-05 08:00:00,2026-02-05,08:00:00,46000,46000,45176,45176,6,DIRECTA
MINI6F,1H,2026-02-05 11:00:00,2026-02-05,11:00:00,46000,46000,45800,45800,2,DIRECTA
MINI6F,15M,2026-02-05 11:00:00,2026-02-05,11:00:00,46000,46000,46000,46000,1,DIRECTA
MINI6F,5M,2026-02-05 11:10:00,2026-02-05,11:10:00,46000,46000,46000,46000,1,DIRECTA
MINI6F,15M,2026-02-05 11:15:00,2026-02-05,11:15:00,45800,45800,45800,45800,1,DIRECTA
MINI6F,5M,2026-02-05 11:20:00,2026-02-05,11:20:00,45800,45800,45800,45800,1,DIRECTA
MINI6F,1H,2026-02-05 15:00:00,2026-02-05,15:00:00,45525,45525,45335,45335,4,DIRECTA
MINI6F,15M,2026-02-05 15:00:00,2026-02-05,15:00:00,45525,45525,45375,45375,2,DIRECTA
MINI6F,5M,2026-02-05 15:10:00,2026-02-05,15:10:00,45525,45525,45375,45375,2,DIRECTA
MINI6F,15M,2026-02-05 15:15:00,2026-02-05,15:15:00,45335,45335,45335,45335,2,DIRECTA
MINI6F,5M,2026-02-05 15:15:00,2026-02-05,15:15:00,45335,45335,45335,45335,2,DIRECTA
MINI6F,D,2026-02-06 08:00:00,2026-02-06,08:00:00,45280,45505,45229,45229,3,DIRECTA
MINI6F,1H,2026-02-06 15:00:00,2026-02-06,15:00:00,45280,45280,45280,45280,1,DIRECTA
MINI6F,15M,2026-02-06 15:45:00,2026-02-06,15:45:00,45280,45280,45280,45280,1,DIRECTA
MINI6F,5M,2026-02-06 15:50:00,2026-02-06,15:50:00,45280,45280,45280,45280,1,DIRECTA
MINI6F,1H,2026-02-06 17:00:00,2026-02-06,17:00:00,45505,45505,45275,45275,2,DIRECTA
MINI6F,15M,2026-02-06 17:30:00,2026-02-06,17:30:00,45505,45505,45505,45505,1,DIRECTA
MINI6F,5M,2026-02-06 17:40:00,2026-02-06,17:40:00,45505,45505,45505,45505,1,DIRECTA
MINI6F,15M,2026-02-06 17:45:00,2026-02-06,17:45:00,45275,45275,45275,45275,1,DIRECTA
MINI6F,5M,2026-02-06 17:50:00,2026-02-06,17:50:00,45275,45275,45275,45275,1,DIRECTA
MINI6F,W,2026-02-09 08:00:00,2026-02-09,08:00:00,45600,46365,44500,44795,16,AGG_FROM_D
MINI6F,D,2026-02-09 08:00:00,2026-02-09,08:00:00,45600,46365,45600,46171,8,DIRECTA
MINI6F,1H,2026-02-09 08:00:00,2026-02-09,08:00:00,45600,45635,45600,45635,2,DIRECTA
MINI6F,15M,2026-02-09 08:00:00,2026-02-09,08:00:00,45600,45600,45600,45600,1,DIRECTA
MINI6F,5M,2026-02-09 08:00:00,2026-02-09,08:00:00,45600,45600,45600,45600,1,DIRECTA
MINI6F,15M,2026-02-09 08:15:00,2026-02-09,08:15:00,45635,45635,45635,45635,1,DIRECTA
MINI6F,5M,2026-02-09 08:20:00,2026-02-09,08:20:00,45635,45635,45635,45635,1,DIRECTA
MINI6F,1H,2026-02-09 14:00:00,2026-02-09,14:00:00,45910,45910,45910,45910,1,DIRECTA
MINI6F,15M,2026-02-09 14:45:00,2026-02-09,14:45:00,45910,45910,45910,45910,1,DIRECTA
MINI6F,5M,2026-02-09 14:45:00,2026-02-09,14:45:00,45910,45910,45910,45910,1,DIRECTA
MINI6F,1H,2026-02-09 16:00:00,2026-02-09,16:00:00,46000,46365,46000,46365,4,DIRECTA
MINI6F,15M,2026-02-09 16:00:00,2026-02-09,16:00:00,46000,46005,46000,46005,2,DIRECTA
MINI6F,5M,2026-02-09 16:00:00,2026-02-09,16:00:00,46000,46005,46000,46005,2,DIRECTA
MINI6F,15M,2026-02-09 16:45:00,2026-02-09,16:45:00,46160,46365,46160,46365,2,DIRECTA
MINI6F,5M,2026-02-09 16:50:00,2026-02-09,16:50:00,46160,46365,46160,46365,2,DIRECTA
MINI6F,1H,2026-02-09 17:00:00,2026-02-09,17:00:00,46185,46185,46185,46185,1,DIRECTA
MINI6F,15M,2026-02-09 17:00:00,2026-02-09,17:00:00,46185,46185,46185,46185,1,DIRECTA
MINI6F,5M,2026-02-09 17:10:00,2026-02-09,17:10:00,46185,46185,46185,46185,1,DIRECTA
MINI6F,D,2026-02-10 08:00:00,2026-02-10,08:00:00,46240,46240,46234,46234,2,DIRECTA
MINI6F,1H,2026-02-10 08:00:00,2026-02-10,08:00:00,46240,46240,46240,46240,1,DIRECTA
MINI6F,15M,2026-02-10 08:15:00,2026-02-10,08:15:00,46240,46240,46240,46240,1,DIRECTA
MINI6F,5M,2026-02-10 08:25:00,2026-02-10,08:25:00,46240,46240,46240,46240,1,DIRECTA
MINI6F,1H,2026-02-10 09:00:00,2026-02-10,09:00:00,46235,46235,46235,46235,1,DIRECTA
MINI6F,15M,2026-02-10 09:00:00,2026-02-10,09:00:00,46235,46235,46235,46235,1,DIRECTA
MINI6F,5M,2026-02-10 09:00:00,2026-02-10,09:00:00,46235,46235,46235,46235,1,DIRECTA
MINI6F,D,2026-02-11 08:00:00,2026-02-11,08:00:00,45937,45937,45937,45937,0,DIRECTA
MINI6F,D,2026-02-12 08:00:00,2026-02-12,08:00:00,45647,45647,45647,45647,0,DIRECTA
MINI6F,D,2026-02-13 08:00:00,2026-02-13,08:00:00,45045,45045,44500,44795,6,DIRECTA
MINI6F,1H,2026-02-13 11:00:00,2026-02-13,11:00:00,45045,45045,44980,44980,3,DIRECTA
MINI6F,15M,2026-02-13 11:00:00,2026-02-13,11:00:00,45045,45045,45045,45045,1,DIRECTA
MINI6F,5M,2026-02-13 11:00:00,2026-02-13,11:00:00,45045,45045,45045,45045,1,DIRECTA
MINI6F,15M,2026-02-13 11:30:00,2026-02-13,11:30:00,44980,44980,44980,44980,2,DIRECTA
MINI6F,5M,2026-02-13 11:40:00,2026-02-13,11:40:00,44980,44980,44980,44980,2,DIRECTA
MINI6F,1H,2026-02-13 15:00:00,2026-02-13,15:00:00,44500,44500,44500,44500,1,DIRECTA
MINI6F,15M,2026-02-13 15:30:00,2026-02-13,15:30:00,44500,44500,44500,44500,1,DIRECTA
MINI6F,5M,2026-02-13 15:40:00,2026-02-13,15:40:00,44500,44500,44500,44500,1,DIRECTA
MINI6F,1H,2026-02-13 16:00:00,2026-02-13,16:00:00,44970,44970,44795,44795,2,DIRECTA
MINI6F,15M,2026-02-13 16:00:00,2026-02-13,16:00:00,44970,44970,44795,44795,2,DIRECTA
MINI6F,5M,2026-02-13 16:05:00,2026-02-13,16:05:00,44970,44970,44970,44970,1,DIRECTA
MINI6F,5M,2026-02-13 16:10:00,2026-02-13,16:10:00,44795,44795,44795,44795,1,DIRECTA
MINI6F,W,2026-02-16 08:00:00,2026-02-16,08:00:00,45075,46000,44841,45880,98,AGG_FROM_D
MINI6F,D,2026-02-16 08:00:00,2026-02-16,08:00:00,45075,45100,44841,44841,6,DIRECTA
MINI6F,1H,2026-02-16 08:00:00,2026-02-16,08:00:00,45075,45075,45075,45075,1,DIRECTA
MINI6F,15M,2026-02-16 08:00:00,2026-02-16,08:00:00,45075,45075,45075,45075,1,DIRECTA
MINI6F,5M,2026-02-16 08:05:00,2026-02-16,08:05:00,45075,45075,45075,45075,1,DIRECTA
MINI6F,1H,2026-02-16 10:00:00,2026-02-16,10:00:00,45075,45075,45075,45075,2,DIRECTA
MINI6F,15M,2026-02-16 10:00:00,2026-02-16,10:00:00,45075,45075,45075,45075,2,DIRECTA
MINI6F,5M,2026-02-16 10:05:00,2026-02-16,10:05:00,45075,45075,45075,45075,2,DIRECTA
MINI6F,1H,2026-02-16 13:00:00,2026-02-16,13:00:00,45100,45100,45100,45100,2,DIRECTA
MINI6F,15M,2026-02-16 13:00:00,2026-02-16,13:00:00,45100,45100,45100,45100,2,DIRECTA
MINI6F,5M,2026-02-16 13:00:00,2026-02-16,13:00:00,45100,45100,45100,45100,2,DIRECTA
MINI6F,1H,2026-02-16 14:00:00,2026-02-16,14:00:00,44940,44940,44940,44940,1,DIRECTA
MINI6F,15M,2026-02-16 14:30:00,2026-02-16,14:30:00,44940,44940,44940,44940,1,DIRECTA
MINI6F,5M,2026-02-16 14:40:00,2026-02-16,14:40:00,44940,44940,44940,44940,1,DIRECTA
MINI6F,D,2026-02-17 08:00:00,2026-02-17,08:00:00,45070,45200,44925,45179,14,DIRECTA
MINI6F,1H,2026-02-17 15:00:00,2026-02-17,15:00:00,45070,45070,45070,45070,1,DIRECTA
MINI6F,15M,2026-02-17 15:45:00,2026-02-17,15:45:00,45070,45070,45070,45070,1,DIRECTA
MINI6F,5M,2026-02-17 15:50:00,2026-02-17,15:50:00,45070,45070,45070,45070,1,DIRECTA
MINI6F,1H,2026-02-17 16:00:00,2026-02-17,16:00:00,44930,44975,44925,44975,10,DIRECTA
MINI6F,15M,2026-02-17 16:15:00,2026-02-17,16:15:00,44930,44930,44930,44930,1,DIRECTA
MINI6F,5M,2026-02-17 16:25:00,2026-02-17,16:25:00,44930,44930,44930,44930,1,DIRECTA
MINI6F,15M,2026-02-17 16:30:00,2026-02-17,16:30:00,44955,44955,44925,44930,4,DIRECTA
MINI6F,5M,2026-02-17 16:35:00,2026-02-17,16:35:00,44955,44955,44955,44955,1,DIRECTA
MINI6F,5M,2026-02-17 16:40:00,2026-02-17,16:40:00,44925,44930,44925,44930,3,DIRECTA
MINI6F,15M,2026-02-17 16:45:00,2026-02-17,16:45:00,44955,44975,44955,44975,5,DIRECTA
MINI6F,5M,2026-02-17 16:45:00,2026-02-17,16:45:00,44955,44955,44955,44955,3,DIRECTA
MINI6F,5M,2026-02-17 16:50:00,2026-02-17,16:50:00,44975,44975,44975,44975,2,DIRECTA
MINI6F,1H,2026-02-17 17:00:00,2026-02-17,17:00:00,45000,45000,45000,45000,2,DIRECTA
MINI6F,15M,2026-02-17 17:00:00,2026-02-17,17:00:00,45000,45000,45000,45000,2,DIRECTA
MINI6F,5M,2026-02-17 17:00:00,2026-02-17,17:00:00,45000,45000,45000,45000,2,DIRECTA
MINI6F,1H,2026-02-17 19:00:00,2026-02-17,19:00:00,45200,45200,45200,45200,1,DIRECTA
MINI6F,15M,2026-02-17 19:45:00,2026-02-17,19:45:00,45200,45200,45200,45200,1,DIRECTA
MINI6F,5M,2026-02-17 19:50:00,2026-02-17,19:50:00,45200,45200,45200,45200,1,DIRECTA
MINI6F,D,2026-02-18 08:00:00,2026-02-18,08:00:00,45450,45750,45380,45740,31,DIRECTA
MINI6F,1H,2026-02-18 09:00:00,2026-02-18,09:00:00,45450,45450,45380,45380,2,DIRECTA
MINI6F,15M,2026-02-18 09:00:00,2026-02-18,09:00:00,45450,45450,45380,45380,2,DIRECTA
MINI6F,5M,2026-02-18 09:05:00,2026-02-18,09:05:00,45450,45450,45450,45450,1,DIRECTA
MINI6F,5M,2026-02-18 09:10:00,2026-02-18,09:10:00,45380,45380,45380,45380,1,DIRECTA
MINI6F,1H,2026-02-18 10:00:00,2026-02-18,10:00:00,45515,45550,45515,45550,4,DIRECTA
MINI6F,15M,2026-02-18 10:15:00,2026-02-18,10:15:00,45515,45520,45515,45520,2,DIRECTA
MINI6F,5M,2026-02-18 10:25:00,2026-02-18,10:25:00,45515,45520,45515,45520,2,DIRECTA
MINI6F,15M,2026-02-18 10:30:00,2026-02-18,10:30:00,45550,45550,45550,45550,2,DIRECTA
MINI6F,5M,2026-02-18 10:35:00,2026-02-18,10:35:00,45550,45550,45550,45550,2,DIRECTA
MINI6F,1H,2026-02-18 13:00:00,2026-02-18,13:00:00,45630,45700,45630,45700,6,DIRECTA
MINI6F,15M,2026-02-18 13:30:00,2026-02-18,13:30:00,45630,45665,45630,45665,4,DIRECTA
MINI6F,5M,2026-02-18 13:35:00,2026-02-18,13:35:00,45630,45630,45630,45630,2,DIRECTA
MINI6F,5M,2026-02-18 13:40:00,2026-02-18,13:40:00,45665,45665,45665,45665,2,DIRECTA
MINI6F,15M,2026-02-18 13:45:00,2026-02-18,13:45:00,45700,45700,45700,45700,2,DIRECTA
MINI6F,5M,2026-02-18 13:55:00,2026-02-18,13:55:00,45700,45700,45700,45700,2,DIRECTA
MINI6F,1H,2026-02-18 15:00:00,2026-02-18,15:00:00,45600,45750,45600,45750,10,DIRECTA
MINI6F,15M,2026-02-18 15:00:00,2026-02-18,15:00:00,45600,45600,45600,45600,2,DIRECTA
MINI6F,5M,2026-02-18 15:00:00,2026-02-18,15:00:00,45600,45600,45600,45600,2,DIRECTA
MINI6F,15M,2026-02-18 15:15:00,2026-02-18,15:15:00,45675,45675,45675,45675,4,DIRECTA
MINI6F,5M,2026-02-18 15:25:00,2026-02-18,15:25:00,45675,45675,45675,45675,4,DIRECTA
MINI6F,15M,2026-02-18 15:45:00,2026-02-18,15:45:00,45720,45750,45720,45750,4,DIRECTA
MINI6F,5M,2026-02-18 15:50:00,2026-02-18,15:50:00,45720,45720,45720,45720,2,DIRECTA
MINI6F,5M,2026-02-18 15:55:00,2026-02-18,15:55:00,45750,45750,45750,45750,2,DIRECTA
MINI6F,1H,2026-02-18 16:00:00,2026-02-18,16:00:00,45700,45740,45700,45740,9,DIRECTA
MINI6F,15M,2026-02-18 16:30:00,2026-02-18,16:30:00,45700,45720,45700,45720,5,DIRECTA
MINI6F,5M,2026-02-18 16:40:00,2026-02-18,16:40:00,45700,45720,45700,45720,5,DIRECTA
MINI6F,15M,2026-02-18 16:45:00,2026-02-18,16:45:00,45740,45740,45740,45740,4,DIRECTA
MINI6F,5M,2026-02-18 16:45:00,2026-02-18,16:45:00,45740,45740,45740,45740,3,DIRECTA
MINI6F,5M,2026-02-18 16:50:00,2026-02-18,16:50:00,45740,45740,45740,45740,1,DIRECTA
MINI6F,D,2026-02-19 08:00:00,2026-02-19,08:00:00,45285,45285,44970,45198,10,DIRECTA
MINI6F,1H,2026-02-19 10:00:00,2026-02-19,10:00:00,45285,45285,45285,45285,1,DIRECTA
MINI6F,15M,2026-02-19 10:45:00,2026-02-19,10:45:00,45285,45285,45285,45285,1,DIRECTA
MINI6F,5M,2026-02-19 10:45:00,2026-02-19,10:45:00,45285,45285,45285,45285,1,DIRECTA
MINI6F,1H,2026-02-19 15:00:00,2026-02-19,15:00:00,45280,45280,44970,44970,2,DIRECTA
MINI6F,15M,2026-02-19 15:45:00,2026-02-19,15:45:00,45280,45280,44970,44970,2,DIRECTA
MINI6F,5M,2026-02-19 15:45:00,2026-02-19,15:45:00,45280,45280,44970,44970,2,DIRECTA
MINI6F,1H,2026-02-19 16:00:00,2026-02-19,16:00:00,45055,45070,45055,45070,3,DIRECTA
MINI6F,15M,2026-02-19 16:00:00,2026-02-19,16:00:00,45055,45055,45055,45055,1,DIRECTA
MINI6F,5M,2026-02-19 16:10:00,2026-02-19,16:10:00,45055,45055,45055,45055,1,DIRECTA
MINI6F,15M,2026-02-19 16:15:00,2026-02-19,16:15:00,45070,45070,45070,45070,2,DIRECTA
MINI6F,5M,2026-02-19 16:15:00,2026-02-19,16:15:00,45070,45070,45070,45070,2,DIRECTA
MINI6F,1H,2026-02-19 17:00:00,2026-02-19,17:00:00,45140,45140,45140,45140,4,DIRECTA
MINI6F,15M,2026-02-19 17:15:00,2026-02-19,17:15:00,45140,45140,45140,45140,4,DIRECTA
MINI6F,5M,2026-02-19 17:20:00,2026-02-19,17:20:00,45140,45140,45140,45140,4,DIRECTA
MINI6F,D,2026-02-20 08:00:00,2026-02-20,08:00:00,45500,46000,45500,45880,37,DIRECTA
MINI6F,1H,2026-02-20 10:00:00,2026-02-20,10:00:00,45500,45590,45500,45585,4,DIRECTA
MINI6F,15M,2026-02-20 10:00:00,2026-02-20,10:00:00,45500,45500,45500,45500,1,DIRECTA
MINI6F,5M,2026-02-20 10:00:00,2026-02-20,10:00:00,45500,45500,45500,45500,1,DIRECTA
MINI6F,15M,2026-02-20 10:15:00,2026-02-20,10:15:00,45590,45590,45585,45585,3,DIRECTA
MINI6F,5M,2026-02-20 10:15:00,2026-02-20,10:15:00,45590,45590,45590,45590,1,DIRECTA
MINI6F,5M,2026-02-20 10:20:00,2026-02-20,10:20:00,45585,45585,45585,45585,1,DIRECTA
MINI6F,5M,2026-02-20 10:25:00,2026-02-20,10:25:00,45585,45585,45585,45585,1,DIRECTA
MINI6F,1H,2026-02-20 11:00:00,2026-02-20,11:00:00,45610,45625,45600,45600,8,DIRECTA
MINI6F,15M,2026-02-20 11:00:00,2026-02-20,11:00:00,45610,45610,45610,45610,2,DIRECTA
MINI6F,5M,2026-02-20 11:10:00,2026-02-20,11:10:00,45610,45610,45610,45610,2,DIRECTA
MINI6F,15M,2026-02-20 11:45:00,2026-02-20,11:45:00,45600,45625,45600,45600,6,DIRECTA
MINI6F,5M,2026-02-20 11:50:00,2026-02-20,11:50:00,45600,45625,45600,45625,4,DIRECTA
MINI6F,5M,2026-02-20 11:55:00,2026-02-20,11:55:00,45600,45600,45600,45600,2,DIRECTA
MINI6F,1H,2026-02-20 12:00:00,2026-02-20,12:00:00,45625,45625,45625,45625,2,DIRECTA
MINI6F,15M,2026-02-20 12:30:00,2026-02-20,12:30:00,45625,45625,45625,45625,2,DIRECTA
MINI6F,5M,2026-02-20 12:30:00,2026-02-20,12:30:00,45625,45625,45625,45625,2,DIRECTA
MINI6F,1H,2026-02-20 13:00:00,2026-02-20,13:00:00,45595,45595,45595,45595,2,DIRECTA
MINI6F,15M,2026-02-20 13:45:00,2026-02-20,13:45:00,45595,45595,45595,45595,2,DIRECTA
MINI6F,5M,2026-02-20 13:45:00,2026-02-20,13:45:00,45595,45595,45595,45595,2,DIRECTA
MINI6F,1H,2026-02-20 14:00:00,2026-02-20,14:00:00,45655,45655,45600,45645,9,DIRECTA
MINI6F,15M,2026-02-20 14:15:00,2026-02-20,14:15:00,45655,45655,45655,45655,2,DIRECTA
MINI6F,5M,2026-02-20 14:20:00,2026-02-20,14:20:00,45655,45655,45655,45655,2,DIRECTA
MINI6F,15M,2026-02-20 14:30:00,2026-02-20,14:30:00,45625,45625,45625,45625,2,DIRECTA
MINI6F,5M,2026-02-20 14:35:00,2026-02-20,14:35:00,45625,45625,45625,45625,2,DIRECTA
MINI6F,15M,2026-02-20 14:45:00,2026-02-20,14:45:00,45605,45645,45600,45645,5,DIRECTA
MINI6F,5M,2026-02-20 14:45:00,2026-02-20,14:45:00,45605,45605,45605,45605,1,DIRECTA
MINI6F,5M,2026-02-20 14:50:00,2026-02-20,14:50:00,45600,45600,45600,45600,1,DIRECTA
MINI6F,5M,2026-02-20 14:55:00,2026-02-20,14:55:00,45645,45645,45645,45645,3,DIRECTA
MINI6F,1H,2026-02-20 16:00:00,2026-02-20,16:00:00,45800,46000,45800,45840,8,DIRECTA
MINI6F,15M,2026-02-20 16:00:00,2026-02-20,16:00:00,45800,46000,45800,45800,6,DIRECTA
MINI6F,5M,2026-02-20 16:00:00,2026-02-20,16:00:00,45800,46000,45800,46000,4,DIRECTA
MINI6F,5M,2026-02-20 16:05:00,2026-02-20,16:05:00,45800,45800,45800,45800,2,DIRECTA
MINI6F,15M,2026-02-20 16:45:00,2026-02-20,16:45:00,45835,45840,45835,45840,2,DIRECTA
MINI6F,5M,2026-02-20 16:55:00,2026-02-20,16:55:00,45835,45840,45835,45840,2,DIRECTA
MINI6F,1H,2026-02-20 17:00:00,2026-02-20,17:00:00,45840,45865,45840,45865,3,DIRECTA
MINI6F,15M,2026-02-20 17:15:00,2026-02-20,17:15:00,45840,45840,45840,45840,1,DIRECTA
MINI6F,5M,2026-02-20 17:15:00,2026-02-20,17:15:00,45840,45840,45840,45840,1,DIRECTA
MINI6F,15M,2026-02-20 17:30:00,2026-02-20,17:30:00,45865,45865,45865,45865,2,DIRECTA
MINI6F,5M,2026-02-20 17:35:00,2026-02-20,17:35:00,45865,45865,45865,45865,2,DIRECTA
MINI6F,1H,2026-02-20 18:00:00,2026-02-20,18:00:00,45750,45750,45750,45750,1,DIRECTA
MINI6F,15M,2026-02-20 18:15:00,2026-02-20,18:15:00,45750,45750,45750,45750,1,DIRECTA
MINI6F,5M,2026-02-20 18:15:00,2026-02-20,18:15:00,45750,45750,45750,45750,1,DIRECTA
MINI6F,W,2026-02-23 08:00:00,2026-02-23,08:00:00,45850,47075,45750,46601,31,AGG_FROM_D
MINI6F,D,2026-02-23 08:00:00,2026-02-23,08:00:00,45850,46460,45750,46102,15,DIRECTA
MINI6F,1H,2026-02-23 08:00:00,2026-02-23,08:00:00,45850,45850,45850,45850,1,DIRECTA
MINI6F,15M,2026-02-23 08:30:00,2026-02-23,08:30:00,45850,45850,45850,45850,1,DIRECTA
MINI6F,5M,2026-02-23 08:35:00,2026-02-23,08:35:00,45850,45850,45850,45850,1,DIRECTA
MINI6F,1H,2026-02-23 10:00:00,2026-02-23,10:00:00,46120,46150,46120,46150,2,DIRECTA
MINI6F,15M,2026-02-23 10:00:00,2026-02-23,10:00:00,46120,46150,46120,46150,2,DIRECTA
MINI6F,5M,2026-02-23 10:00:00,2026-02-23,10:00:00,46120,46150,46120,46150,2,DIRECTA
MINI6F,1H,2026-02-23 12:00:00,2026-02-23,12:00:00,46280,46280,46280,46280,1,DIRECTA
MINI6F,15M,2026-02-23 12:30:00,2026-02-23,12:30:00,46280,46280,46280,46280,1,DIRECTA
MINI6F,5M,2026-02-23 12:40:00,2026-02-23,12:40:00,46280,46280,46280,46280,1,DIRECTA
MINI6F,1H,2026-02-23 15:00:00,2026-02-23,15:00:00,46350,46350,46350,46350,1,DIRECTA
MINI6F,15M,2026-02-23 15:00:00,2026-02-23,15:00:00,46350,46350,46350,46350,1,DIRECTA
MINI6F,5M,2026-02-23 15:05:00,2026-02-23,15:05:00,46350,46350,46350,46350,1,DIRECTA
MINI6F,1H,2026-02-23 16:00:00,2026-02-23,16:00:00,46455,46460,46000,46125,7,DIRECTA
MINI6F,15M,2026-02-23 16:15:00,2026-02-23,16:15:00,46455,46460,46290,46290,4,DIRECTA
MINI6F,5M,2026-02-23 16:20:00,2026-02-23,16:20:00,46455,46460,46290,46290,3,DIRECTA
MINI6F,5M,2026-02-23 16:25:00,2026-02-23,16:25:00,46290,46290,46290,46290,1,DIRECTA
MINI6F,15M,2026-02-23 16:45:00,2026-02-23,16:45:00,46005,46125,46000,46125,3,DIRECTA
MINI6F,5M,2026-02-23 16:45:00,2026-02-23,16:45:00,46005,46125,46000,46125,3,DIRECTA
MINI6F,1H,2026-02-23 18:00:00,2026-02-23,18:00:00,45750,45905,45750,45885,3,DIRECTA
MINI6F,15M,2026-02-23 18:30:00,2026-02-23,18:30:00,45750,45905,45750,45885,3,DIRECTA
MINI6F,5M,2026-02-23 18:35:00,2026-02-23,18:35:00,45750,45905,45750,45905,2,DIRECTA
MINI6F,5M,2026-02-23 18:40:00,2026-02-23,18:40:00,45885,45885,45885,45885,1,DIRECTA
MINI6F,D,2026-02-24 08:00:00,2026-02-24,08:00:00,46100,46100,46055,46055,1,DIRECTA
MINI6F,1H,2026-02-24 16:00:00,2026-02-24,16:00:00,46100,46100,46100,46100,1,DIRECTA
MINI6F,15M,2026-02-24 16:15:00,2026-02-24,16:15:00,46100,46100,46100,46100,1,DIRECTA
MINI6F,5M,2026-02-24 16:25:00,2026-02-24,16:25:00,46100,46100,46100,46100,1,DIRECTA
MINI6F,D,2026-02-25 08:00:00,2026-02-25,08:00:00,46305,46566,46305,46566,1,DIRECTA
MINI6F,1H,2026-02-25 16:00:00,2026-02-25,16:00:00,46305,46305,46305,46305,1,DIRECTA
MINI6F,15M,2026-02-25 16:45:00,2026-02-25,16:45:00,46305,46305,46305,46305,1,DIRECTA
MINI6F,5M,2026-02-25 16:45:00,2026-02-25,16:45:00,46305,46305,46305,46305,1,DIRECTA
MINI6F,D,2026-02-26 08:00:00,2026-02-26,08:00:00,46785,46816,46680,46816,4,DIRECTA
MINI6F,1H,2026-02-26 12:00:00,2026-02-26,12:00:00,46785,46785,46680,46680,2,DIRECTA
MINI6F,15M,2026-02-26 12:30:00,2026-02-26,12:30:00,46785,46785,46785,46785,1,DIRECTA
MINI6F,5M,2026-02-26 12:35:00,2026-02-26,12:35:00,46785,46785,46785,46785,1,DIRECTA
MINI6F,15M,2026-02-26 12:45:00,2026-02-26,12:45:00,46680,46680,46680,46680,1,DIRECTA
MINI6F,5M,2026-02-26 12:50:00,2026-02-26,12:50:00,46680,46680,46680,46680,1,DIRECTA
MINI6F,1H,2026-02-26 14:00:00,2026-02-26,14:00:00,46710,46710,46710,46710,1,DIRECTA
MINI6F,15M,2026-02-26 14:45:00,2026-02-26,14:45:00,46710,46710,46710,46710,1,DIRECTA
MINI6F,5M,2026-02-26 14:55:00,2026-02-26,14:55:00,46710,46710,46710,46710,1,DIRECTA
MINI6F,1H,2026-02-26 15:00:00,2026-02-26,15:00:00,46790,46790,46790,46790,1,DIRECTA
MINI6F,15M,2026-02-26 15:00:00,2026-02-26,15:00:00,46790,46790,46790,46790,1,DIRECTA
MINI6F,5M,2026-02-26 15:10:00,2026-02-26,15:10:00,46790,46790,46790,46790,1,DIRECTA
MINI6F,D,2026-02-27 08:00:00,2026-02-27,08:00:00,46710,47075,46185,46601,10,DIRECTA
MINI6F,1H,2026-02-27 09:00:00,2026-02-27,09:00:00,46710,47075,46710,46900,3,DIRECTA
MINI6F,15M,2026-02-27 09:15:00,2026-02-27,09:15:00,46710,46710,46710,46710,1,DIRECTA
MINI6F,5M,2026-02-27 09:15:00,2026-02-27,09:15:00,46710,46710,46710,46710,1,DIRECTA
MINI6F,15M,2026-02-27 09:30:00,2026-02-27,09:30:00,47075,47075,46900,46900,2,DIRECTA
MINI6F,5M,2026-02-27 09:30:00,2026-02-27,09:30:00,47075,47075,46900,46900,2,DIRECTA
MINI6F,1H,2026-02-27 13:00:00,2026-02-27,13:00:00,46580,46580,46580,46580,1,DIRECTA
MINI6F,15M,2026-02-27 13:30:00,2026-02-27,13:30:00,46580,46580,46580,46580,1,DIRECTA
MINI6F,5M,2026-02-27 13:30:00,2026-02-27,13:30:00,46580,46580,46580,46580,1,DIRECTA
MINI6F,1H,2026-02-27 15:00:00,2026-02-27,15:00:00,46795,46795,46715,46715,2,DIRECTA
MINI6F,15M,2026-02-27 15:00:00,2026-02-27,15:00:00,46795,46795,46795,46795,1,DIRECTA
MINI6F,5M,2026-02-27 15:00:00,2026-02-27,15:00:00,46795,46795,46795,46795,1,DIRECTA
MINI6F,15M,2026-02-27 15:30:00,2026-02-27,15:30:00,46715,46715,46715,46715,1,DIRECTA
MINI6F,5M,2026-02-27 15:30:00,2026-02-27,15:30:00,46715,46715,46715,46715,1,DIRECTA
MINI6F,1H,2026-02-27 17:00:00,2026-02-27,17:00:00,46515,46515,46420,46420,2,DIRECTA
MINI6F,15M,2026-02-27 17:30:00,2026-02-27,17:30:00,46515,46515,46515,46515,1,DIRECTA
MINI6F,5M,2026-02-27 17:35:00,2026-02-27,17:35:00,46515,46515,46515,46515,1,DIRECTA
MINI6F,15M,2026-02-27 17:45:00,2026-02-27,17:45:00,46420,46420,46420,46420,1,DIRECTA
MINI6F,5M,2026-02-27 17:50:00,2026-02-27,17:50:00,46420,46420,46420,46420,1,DIRECTA
MINI6F,1H,2026-02-27 19:00:00,2026-02-27,19:00:00,46230,46230,46230,46230,1,DIRECTA
MINI6F,15M,2026-02-27 19:15:00,2026-02-27,19:15:00,46230,46230,46230,46230,1,DIRECTA
MINI6F,5M,2026-02-27 19:25:00,2026-02-27,19:25:00,46230,46230,46230,46230,1,DIRECTA
MINI6F,1H,2026-02-27 20:00:00,2026-02-27,20:00:00,46185,46185,46185,46185,1,DIRECTA
MINI6F,15M,2026-02-27 20:45:00,2026-02-27,20:45:00,46185,46185,46185,46185,1,DIRECTA
MINI6F,5M,2026-02-27 20:55:00,2026-02-27,20:55:00,46185,46185,46185,46185,1,DIRECTA
MINI6F,W,2026-03-02 08:00:00,2026-03-02,08:00:00,45630,45651,43050,43434,95,AGG_FROM_D
MINI6F,D,2026-03-02 08:00:00,2026-03-02,08:00:00,45630,45651,45335,45651,6,DIRECTA
MINI6F,1H,2026-03-02 10:00:00,2026-03-02,10:00:00,45630,45630,45630,45630,0,DIRECTA
MINI6F,15M,2026-03-02 10:45:00,2026-03-02,10:45:00,45630,45630,45630,45630,0,DIRECTA
MINI6F,5M,2026-03-02 10:55:00,2026-03-02,10:55:00,45630,45630,45630,45630,0,DIRECTA
MINI6F,1H,2026-03-02 14:00:00,2026-03-02,14:00:00,45340,45630,45340,45355,3,DIRECTA
MINI6F,15M,2026-03-02 14:45:00,2026-03-02,14:45:00,45340,45630,45340,45355,3,DIRECTA
MINI6F,5M,2026-03-02 14:45:00,2026-03-02,14:45:00,45340,45630,45340,45340,2,DIRECTA
MINI6F,5M,2026-03-02 14:50:00,2026-03-02,14:50:00,45355,45355,45355,45355,1,DIRECTA
MINI6F,1H,2026-03-02 15:00:00,2026-03-02,15:00:00,45335,45465,45335,45465,3,DIRECTA
MINI6F,15M,2026-03-02 15:00:00,2026-03-02,15:00:00,45335,45335,45335,45335,1,DIRECTA
MINI6F,5M,2026-03-02 15:00:00,2026-03-02,15:00:00,45335,45335,45335,45335,1,DIRECTA
MINI6F,15M,2026-03-02 15:45:00,2026-03-02,15:45:00,45435,45465,45435,45465,2,DIRECTA
MINI6F,5M,2026-03-02 15:55:00,2026-03-02,15:55:00,45435,45465,45435,45465,2,DIRECTA
MINI6F,D,2026-03-03 08:00:00,2026-03-03,08:00:00,45245,45245,43450,43837,35,DIRECTA
MINI6F,1H,2026-03-03 08:00:00,2026-03-03,08:00:00,45245,45245,45000,45000,4,DIRECTA
MINI6F,15M,2026-03-03 08:00:00,2026-03-03,08:00:00,45245,45245,45245,45245,1,DIRECTA
MINI6F,5M,2026-03-03 08:05:00,2026-03-03,08:05:00,45245,45245,45245,45245,1,DIRECTA
MINI6F,15M,2026-03-03 08:30:00,2026-03-03,08:30:00,45050,45050,45050,45050,1,DIRECTA
MINI6F,5M,2026-03-03 08:40:00,2026-03-03,08:40:00,45050,45050,45050,45050,1,DIRECTA
MINI6F,15M,2026-03-03 08:45:00,2026-03-03,08:45:00,45000,45000,45000,45000,2,DIRECTA
MINI6F,5M,2026-03-03 08:50:00,2026-03-03,08:50:00,45000,45000,45000,45000,2,DIRECTA
MINI6F,1H,2026-03-03 09:00:00,2026-03-03,09:00:00,44900,44900,44000,44000,6,DIRECTA
MINI6F,15M,2026-03-03 09:00:00,2026-03-03,09:00:00,44900,44900,44590,44590,5,DIRECTA
MINI6F,5M,2026-03-03 09:00:00,2026-03-03,09:00:00,44900,44900,44800,44800,3,DIRECTA
MINI6F,5M,2026-03-03 09:05:00,2026-03-03,09:05:00,44590,44590,44590,44590,2,DIRECTA
MINI6F,15M,2026-03-03 09:45:00,2026-03-03,09:45:00,44000,44000,44000,44000,1,DIRECTA
MINI6F,5M,2026-03-03 09:50:00,2026-03-03,09:50:00,44000,44000,44000,44000,1,DIRECTA
MINI6F,1H,2026-03-03 10:00:00,2026-03-03,10:00:00,44000,44000,43900,43900,3,DIRECTA
MINI6F,15M,2026-03-03 10:15:00,2026-03-03,10:15:00,44000,44000,44000,44000,1,DIRECTA
MINI6F,5M,2026-03-03 10:15:00,2026-03-03,10:15:00,44000,44000,44000,44000,1,DIRECTA
MINI6F,15M,2026-03-03 10:30:00,2026-03-03,10:30:00,43940,43940,43940,43940,1,DIRECTA
MINI6F,5M,2026-03-03 10:35:00,2026-03-03,10:35:00,43940,43940,43940,43940,1,DIRECTA
MINI6F,15M,2026-03-03 10:45:00,2026-03-03,10:45:00,43900,43900,43900,43900,1,DIRECTA
MINI6F,5M,2026-03-03 10:45:00,2026-03-03,10:45:00,43900,43900,43900,43900,1,DIRECTA
MINI6F,1H,2026-03-03 11:00:00,2026-03-03,11:00:00,43710,43710,43500,43500,5,DIRECTA
MINI6F,15M,2026-03-03 11:15:00,2026-03-03,11:15:00,43710,43710,43650,43650,4,DIRECTA
MINI6F,5M,2026-03-03 11:15:00,2026-03-03,11:15:00,43710,43710,43655,43680,3,DIRECTA
MINI6F,5M,2026-03-03 11:25:00,2026-03-03,11:25:00,43650,43650,43650,43650,1,DIRECTA
MINI6F,15M,2026-03-03 11:30:00,2026-03-03,11:30:00,43500,43500,43500,43500,1,DIRECTA
MINI6F,5M,2026-03-03 11:40:00,2026-03-03,11:40:00,43500,43500,43500,43500,1,DIRECTA
MINI6F,1H,2026-03-03 12:00:00,2026-03-03,12:00:00,43705,43705,43705,43705,1,DIRECTA
MINI6F,15M,2026-03-03 12:00:00,2026-03-03,12:00:00,43705,43705,43705,43705,1,DIRECTA
MINI6F,5M,2026-03-03 12:00:00,2026-03-03,12:00:00,43705,43705,43705,43705,1,DIRECTA
MINI6F,1H,2026-03-03 14:00:00,2026-03-03,14:00:00,43700,43700,43700,43700,1,DIRECTA
MINI6F,15M,2026-03-03 14:30:00,2026-03-03,14:30:00,43700,43700,43700,43700,1,DIRECTA
MINI6F,5M,2026-03-03 14:35:00,2026-03-03,14:35:00,43700,43700,43700,43700,1,DIRECTA
MINI6F,1H,2026-03-03 15:00:00,2026-03-03,15:00:00,43455,43470,43450,43465,5,DIRECTA
MINI6F,15M,2026-03-03 15:45:00,2026-03-03,15:45:00,43455,43470,43450,43465,5,DIRECTA
MINI6F,5M,2026-03-03 15:45:00,2026-03-03,15:45:00,43455,43455,43450,43450,2,DIRECTA
MINI6F,5M,2026-03-03 15:50:00,2026-03-03,15:50:00,43470,43470,43470,43470,1,DIRECTA
MINI6F,5M,2026-03-03 15:55:00,2026-03-03,15:55:00,43465,43465,43465,43465,2,DIRECTA
MINI6F,1H,2026-03-03 16:00:00,2026-03-03,16:00:00,43515,43515,43515,43515,1,DIRECTA
MINI6F,15M,2026-03-03 16:00:00,2026-03-03,16:00:00,43515,43515,43515,43515,1,DIRECTA
MINI6F,5M,2026-03-03 16:05:00,2026-03-03,16:05:00,43515,43515,43515,43515,1,DIRECTA
MINI6F,1H,2026-03-03 17:00:00,2026-03-03,17:00:00,43815,43990,43815,43990,4,DIRECTA
MINI6F,15M,2026-03-03 17:00:00,2026-03-03,17:00:00,43815,43830,43815,43830,2,DIRECTA
MINI6F,5M,2026-03-03 17:05:00,2026-03-03,17:05:00,43815,43815,43815,43815,1,DIRECTA
MINI6F,5M,2026-03-03 17:10:00,2026-03-03,17:10:00,43830,43830,43830,43830,1,DIRECTA
MINI6F,15M,2026-03-03 17:30:00,2026-03-03,17:30:00,43850,43850,43850,43850,1,DIRECTA
MINI6F,5M,2026-03-03 17:30:00,2026-03-03,17:30:00,43850,43850,43850,43850,1,DIRECTA
MINI6F,15M,2026-03-03 17:45:00,2026-03-03,17:45:00,43990,43990,43990,43990,1,DIRECTA
MINI6F,5M,2026-03-03 17:45:00,2026-03-03,17:45:00,43990,43990,43990,43990,1,DIRECTA
MINI6F,1H,2026-03-03 19:00:00,2026-03-03,19:00:00,44100,44255,44100,44255,3,DIRECTA
MINI6F,15M,2026-03-03 19:15:00,2026-03-03,19:15:00,44100,44100,44100,44100,1,DIRECTA
MINI6F,5M,2026-03-03 19:20:00,2026-03-03,19:20:00,44100,44100,44100,44100,1,DIRECTA
MINI6F,15M,2026-03-03 19:30:00,2026-03-03,19:30:00,44250,44250,44250,44250,1,DIRECTA
MINI6F,5M,2026-03-03 19:30:00,2026-03-03,19:30:00,44250,44250,44250,44250,1,DIRECTA
MINI6F,15M,2026-03-03 19:45:00,2026-03-03,19:45:00,44255,44255,44255,44255,1,DIRECTA
MINI6F,5M,2026-03-03 19:45:00,2026-03-03,19:45:00,44255,44255,44255,44255,1,DIRECTA
MINI6F,1H,2026-03-03 20:00:00,2026-03-03,20:00:00,44250,44400,44250,44400,2,DIRECTA
MINI6F,15M,2026-03-03 20:15:00,2026-03-03,20:15:00,44250,44250,44250,44250,1,DIRECTA
MINI6F,5M,2026-03-03 20:25:00,2026-03-03,20:25:00,44250,44250,44250,44250,1,DIRECTA
MINI6F,15M,2026-03-03 20:30:00,2026-03-03,20:30:00,44400,44400,44400,44400,1,DIRECTA
MINI6F,5M,2026-03-03 20:40:00,2026-03-03,20:40:00,44400,44400,44400,44400,1,DIRECTA
MINI6F,D,2026-03-04 08:00:00,2026-03-04,08:00:00,44385,44990,44385,44709,11,DIRECTA
MINI6F,1H,2026-03-04 11:00:00,2026-03-04,11:00:00,44385,44385,44385,44385,1,DIRECTA
MINI6F,15M,2026-03-04 11:30:00,2026-03-04,11:30:00,44385,44385,44385,44385,1,DIRECTA
MINI6F,5M,2026-03-04 11:40:00,2026-03-04,11:40:00,44385,44385,44385,44385,1,DIRECTA
MINI6F,1H,2026-03-04 12:00:00,2026-03-04,12:00:00,44415,44415,44415,44415,1,DIRECTA
MINI6F,15M,2026-03-04 12:30:00,2026-03-04,12:30:00,44415,44415,44415,44415,1,DIRECTA
MINI6F,5M,2026-03-04 12:35:00,2026-03-04,12:35:00,44415,44415,44415,44415,1,DIRECTA
MINI6F,1H,2026-03-04 15:00:00,2026-03-04,15:00:00,44500,44500,44500,44500,1,DIRECTA
MINI6F,15M,2026-03-04 15:30:00,2026-03-04,15:30:00,44500,44500,44500,44500,1,DIRECTA
MINI6F,5M,2026-03-04 15:35:00,2026-03-04,15:35:00,44500,44500,44500,44500,1,DIRECTA
MINI6F,1H,2026-03-04 17:00:00,2026-03-04,17:00:00,44925,44925,44495,44635,4,DIRECTA
MINI6F,15M,2026-03-04 17:00:00,2026-03-04,17:00:00,44925,44925,44495,44715,3,DIRECTA
MINI6F,5M,2026-03-04 17:10:00,2026-03-04,17:10:00,44925,44925,44495,44715,3,DIRECTA
MINI6F,15M,2026-03-04 17:45:00,2026-03-04,17:45:00,44635,44635,44635,44635,1,DIRECTA
MINI6F,5M,2026-03-04 17:50:00,2026-03-04,17:50:00,44635,44635,44635,44635,1,DIRECTA
MINI6F,1H,2026-03-04 21:00:00,2026-03-04,21:00:00,44990,44990,44755,44775,4,DIRECTA
MINI6F,15M,2026-03-04 21:00:00,2026-03-04,21:00:00,44990,44990,44755,44755,2,DIRECTA
MINI6F,5M,2026-03-04 21:05:00,2026-03-04,21:05:00,44990,44990,44990,44990,1,DIRECTA
MINI6F,5M,2026-03-04 21:10:00,2026-03-04,21:10:00,44755,44755,44755,44755,1,DIRECTA
MINI6F,15M,2026-03-04 21:15:00,2026-03-04,21:15:00,44895,44895,44775,44775,2,DIRECTA
MINI6F,5M,2026-03-04 21:25:00,2026-03-04,21:25:00,44895,44895,44775,44775,2,DIRECTA
MINI6F,D,2026-03-05 08:00:00,2026-03-05,08:00:00,44300,44850,43900,43970,15,DIRECTA
MINI6F,1H,2026-03-05 09:00:00,2026-03-05,09:00:00,44300,44300,44300,44300,3,DIRECTA
MINI6F,15M,2026-03-05 09:00:00,2026-03-05,09:00:00,44300,44300,44300,44300,1,DIRECTA
MINI6F,5M,2026-03-05 09:05:00,2026-03-05,09:05:00,44300,44300,44300,44300,1,DIRECTA
MINI6F,15M,2026-03-05 09:15:00,2026-03-05,09:15:00,44300,44300,44300,44300,2,DIRECTA
MINI6F,5M,2026-03-05 09:15:00,2026-03-05,09:15:00,44300,44300,44300,44300,1,DIRECTA
MINI6F,5M,2026-03-05 09:20:00,2026-03-05,09:20:00,44300,44300,44300,44300,1,DIRECTA
MINI6F,1H,2026-03-05 10:00:00,2026-03-05,10:00:00,44850,44850,44850,44850,1,DIRECTA
MINI6F,15M,2026-03-05 10:45:00,2026-03-05,10:45:00,44850,44850,44850,44850,1,DIRECTA
MINI6F,5M,2026-03-05 10:55:00,2026-03-05,10:55:00,44850,44850,44850,44850,1,DIRECTA
MINI6F,1H,2026-03-05 16:00:00,2026-03-05,16:00:00,44300,44300,44100,44210,4,DIRECTA
MINI6F,15M,2026-03-05 16:15:00,2026-03-05,16:15:00,44300,44300,44250,44250,2,DIRECTA
MINI6F,5M,2026-03-05 16:20:00,2026-03-05,16:20:00,44300,44300,44250,44250,2,DIRECTA
MINI6F,15M,2026-03-05 16:30:00,2026-03-05,16:30:00,44100,44100,44100,44100,1,DIRECTA
MINI6F,5M,2026-03-05 16:30:00,2026-03-05,16:30:00,44100,44100,44100,44100,1,DIRECTA
MINI6F,15M,2026-03-05 16:45:00,2026-03-05,16:45:00,44210,44210,44210,44210,1,DIRECTA
MINI6F,5M,2026-03-05 16:55:00,2026-03-05,16:55:00,44210,44210,44210,44210,1,DIRECTA
MINI6F,1H,2026-03-05 17:00:00,2026-03-05,17:00:00,44065,44095,44065,44095,3,DIRECTA
MINI6F,15M,2026-03-05 17:45:00,2026-03-05,17:45:00,44065,44095,44065,44095,3,DIRECTA
MINI6F,5M,2026-03-05 17:55:00,2026-03-05,17:55:00,44065,44095,44065,44095,3,DIRECTA
MINI6F,1H,2026-03-05 18:00:00,2026-03-05,18:00:00,44115,44155,43900,43900,4,DIRECTA
MINI6F,15M,2026-03-05 18:00:00,2026-03-05,18:00:00,44115,44155,44115,44155,2,DIRECTA
MINI6F,5M,2026-03-05 18:00:00,2026-03-05,18:00:00,44115,44155,44115,44155,2,DIRECTA
MINI6F,15M,2026-03-05 18:30:00,2026-03-05,18:30:00,43900,43900,43900,43900,2,DIRECTA
MINI6F,5M,2026-03-05 18:40:00,2026-03-05,18:40:00,43900,43900,43900,43900,2,DIRECTA
MINI6F,D,2026-03-06 08:00:00,2026-03-06,08:00:00,44440,44440,43050,43434,28,DIRECTA
MINI6F,1H,2026-03-06 08:00:00,2026-03-06,08:00:00,44440,44440,44275,44275,2,DIRECTA
MINI6F,15M,2026-03-06 08:45:00,2026-03-06,08:45:00,44440,44440,44275,44275,2,DIRECTA
MINI6F,5M,2026-03-06 08:55:00,2026-03-06,08:55:00,44440,44440,44275,44275,2,DIRECTA
MINI6F,1H,2026-03-06 09:00:00,2026-03-06,09:00:00,44015,44245,44005,44245,12,DIRECTA
MINI6F,15M,2026-03-06 09:00:00,2026-03-06,09:00:00,44015,44065,44005,44065,6,DIRECTA
MINI6F,5M,2026-03-06 09:00:00,2026-03-06,09:00:00,44015,44035,44015,44035,4,DIRECTA
MINI6F,5M,2026-03-06 09:10:00,2026-03-06,09:10:00,44005,44065,44005,44065,2,DIRECTA
MINI6F,15M,2026-03-06 09:15:00,2026-03-06,09:15:00,44070,44070,44070,44070,2,DIRECTA
MINI6F,5M,2026-03-06 09:15:00,2026-03-06,09:15:00,44070,44070,44070,44070,2,DIRECTA
MINI6F,15M,2026-03-06 09:30:00,2026-03-06,09:30:00,44215,44245,44215,44245,4,DIRECTA
MINI6F,5M,2026-03-06 09:30:00,2026-03-06,09:30:00,44215,44235,44215,44235,3,DIRECTA
MINI6F,5M,2026-03-06 09:35:00,2026-03-06,09:35:00,44245,44245,44245,44245,1,DIRECTA
MINI6F,1H,2026-03-06 10:00:00,2026-03-06,10:00:00,43950,43950,43935,43935,2,DIRECTA
MINI6F,15M,2026-03-06 10:15:00,2026-03-06,10:15:00,43950,43950,43935,43935,2,DIRECTA
MINI6F,5M,2026-03-06 10:25:00,2026-03-06,10:25:00,43950,43950,43935,43935,2,DIRECTA
MINI6F,1H,2026-03-06 12:00:00,2026-03-06,12:00:00,43595,43595,43595,43595,1,DIRECTA
MINI6F,15M,2026-03-06 12:30:00,2026-03-06,12:30:00,43595,43595,43595,43595,1,DIRECTA
MINI6F,5M,2026-03-06 12:35:00,2026-03-06,12:35:00,43595,43595,43595,43595,1,DIRECTA
MINI6F,1H,2026-03-06 14:00:00,2026-03-06,14:00:00,43595,43595,43300,43300,3,DIRECTA
MINI6F,15M,2026-03-06 14:00:00,2026-03-06,14:00:00,43595,43595,43595,43595,1,DIRECTA
MINI6F,5M,2026-03-06 14:00:00,2026-03-06,14:00:00,43595,43595,43595,43595,1,DIRECTA
MINI6F,15M,2026-03-06 14:45:00,2026-03-06,14:45:00,43400,43400,43300,43300,2,DIRECTA
MINI6F,5M,2026-03-06 14:50:00,2026-03-06,14:50:00,43400,43400,43300,43300,2,DIRECTA
MINI6F,1H,2026-03-06 15:00:00,2026-03-06,15:00:00,43200,43200,43050,43050,4,DIRECTA
MINI6F,15M,2026-03-06 15:00:00,2026-03-06,15:00:00,43200,43200,43200,43200,1,DIRECTA
MINI6F,5M,2026-03-06 15:05:00,2026-03-06,15:05:00,43200,43200,43200,43200,1,DIRECTA
MINI6F,15M,2026-03-06 15:30:00,2026-03-06,15:30:00,43060,43060,43050,43050,3,DIRECTA
MINI6F,5M,2026-03-06 15:35:00,2026-03-06,15:35:00,43060,43060,43050,43050,3,DIRECTA
MINI6F,1H,2026-03-06 17:00:00,2026-03-06,17:00:00,43500,43550,43500,43550,2,DIRECTA
MINI6F,15M,2026-03-06 17:30:00,2026-03-06,17:30:00,43500,43500,43500,43500,1,DIRECTA
MINI6F,5M,2026-03-06 17:35:00,2026-03-06,17:35:00,43500,43500,43500,43500,1,DIRECTA
MINI6F,15M,2026-03-06 17:45:00,2026-03-06,17:45:00,43550,43550,43550,43550,1,DIRECTA
MINI6F,5M,2026-03-06 17:50:00,2026-03-06,17:50:00,43550,43550,43550,43550,1,DIRECTA
MINI6F,1H,2026-03-06 21:00:00,2026-03-06,21:00:00,43695,43695,43695,43695,2,DIRECTA
MINI6F,15M,2026-03-06 21:00:00,2026-03-06,21:00:00,43695,43695,43695,43695,2,DIRECTA
MINI6F,5M,2026-03-06 21:00:00,2026-03-06,21:00:00,43695,43695,43695,43695,2,DIRECTA
MINI6F,W,2026-03-09 08:00:00,2026-03-09,08:00:00,42055,44750,42005,43593,298,AGG_FROM_D
MINI6F,D,2026-03-09 08:00:00,2026-03-09,08:00:00,42055,44300,42005,43312,93,DIRECTA
MINI6F,1H,2026-03-09 08:00:00,2026-03-09,08:00:00,42955,42955,42110,42310,27,DIRECTA
MINI6F,15M,2026-03-09 08:00:00,2026-03-09,08:00:00,42955,42955,42110,42300,15,DIRECTA
MINI6F,5M,2026-03-09 08:00:00,2026-03-09,08:00:00,42955,42955,42945,42945,4,DIRECTA
MINI6F,5M,2026-03-09 08:05:00,2026-03-09,08:05:00,42505,42505,42110,42300,11,DIRECTA
MINI6F,15M,2026-03-09 08:15:00,2026-03-09,08:15:00,42475,42480,42155,42360,5,DIRECTA
MINI6F,5M,2026-03-09 08:15:00,2026-03-09,08:15:00,42475,42480,42155,42360,5,DIRECTA
MINI6F,15M,2026-03-09 08:45:00,2026-03-09,08:45:00,42495,42700,42310,42310,7,DIRECTA
MINI6F,5M,2026-03-09 08:45:00,2026-03-09,08:45:00,42495,42700,42465,42700,4,DIRECTA
MINI6F,5M,2026-03-09 08:55:00,2026-03-09,08:55:00,42350,42350,42310,42310,3,DIRECTA
MINI6F,1H,2026-03-09 09:00:00,2026-03-09,09:00:00,42005,42545,42005,42400,11,DIRECTA
MINI6F,15M,2026-03-09 09:00:00,2026-03-09,09:00:00,42005,42545,42005,42490,5,DIRECTA
MINI6F,5M,2026-03-09 09:00:00,2026-03-09,09:00:00,42005,42260,42005,42260,2,DIRECTA
MINI6F,5M,2026-03-09 09:05:00,2026-03-09,09:05:00,42545,42545,42055,42055,2,DIRECTA
MINI6F,5M,2026-03-09 09:10:00,2026-03-09,09:10:00,42490,42490,42490,42490,1,DIRECTA
MINI6F,15M,2026-03-09 09:15:00,2026-03-09,09:15:00,42435,42435,42435,42435,1,DIRECTA
MINI6F,5M,2026-03-09 09:15:00,2026-03-09,09:15:00,42435,42435,42435,42435,1,DIRECTA
MINI6F,15M,2026-03-09 09:30:00,2026-03-09,09:30:00,42230,42475,42215,42475,4,DIRECTA
MINI6F,5M,2026-03-09 09:35:00,2026-03-09,09:35:00,42230,42475,42215,42475,4,DIRECTA
MINI6F,15M,2026-03-09 09:45:00,2026-03-09,09:45:00,42400,42400,42400,42400,1,DIRECTA
MINI6F,5M,2026-03-09 09:55:00,2026-03-09,09:55:00,42400,42400,42400,42400,1,DIRECTA
MINI6F,1H,2026-03-09 10:00:00,2026-03-09,10:00:00,42450,42780,42450,42700,17,DIRECTA
MINI6F,15M,2026-03-09 10:15:00,2026-03-09,10:15:00,42450,42605,42450,42595,10,DIRECTA
MINI6F,5M,2026-03-09 10:15:00,2026-03-09,10:15:00,42450,42525,42450,42515,8,DIRECTA
MINI6F,5M,2026-03-09 10:20:00,2026-03-09,10:20:00,42605,42605,42595,42595,2,DIRECTA
MINI6F,15M,2026-03-09 10:30:00,2026-03-09,10:30:00,42745,42780,42740,42780,6,DIRECTA
MINI6F,5M,2026-03-09 10:30:00,2026-03-09,10:30:00,42745,42750,42740,42750,5,DIRECTA
MINI6F,5M,2026-03-09 10:40:00,2026-03-09,10:40:00,42780,42780,42780,42780,1,DIRECTA
MINI6F,15M,2026-03-09 10:45:00,2026-03-09,10:45:00,42700,42700,42700,42700,1,DIRECTA
MINI6F,5M,2026-03-09 10:45:00,2026-03-09,10:45:00,42700,42700,42700,42700,1,DIRECTA
MINI6F,1H,2026-03-09 11:00:00,2026-03-09,11:00:00,42690,42710,42650,42650,3,DIRECTA
MINI6F,15M,2026-03-09 11:15:00,2026-03-09,11:15:00,42690,42710,42690,42710,2,DIRECTA
MINI6F,5M,2026-03-09 11:15:00,2026-03-09,11:15:00,42690,42710,42690,42710,2,DIRECTA
MINI6F,15M,2026-03-09 11:45:00,2026-03-09,11:45:00,42650,42650,42650,42650,1,DIRECTA
MINI6F,5M,2026-03-09 11:50:00,2026-03-09,11:50:00,42650,42650,42650,42650,1,DIRECTA
MINI6F,1H,2026-03-09 12:00:00,2026-03-09,12:00:00,42685,42685,42685,42685,1,DIRECTA
MINI6F,15M,2026-03-09 12:15:00,2026-03-09,12:15:00,42685,42685,42685,42685,1,DIRECTA
MINI6F,5M,2026-03-09 12:25:00,2026-03-09,12:25:00,42685,42685,42685,42685,1,DIRECTA
MINI6F,1H,2026-03-09 13:00:00,2026-03-09,13:00:00,42920,42920,42645,42645,2,DIRECTA
MINI6F,15M,2026-03-09 13:15:00,2026-03-09,13:15:00,42920,42920,42920,42920,1,DIRECTA
MINI6F,5M,2026-03-09 13:15:00,2026-03-09,13:15:00,42920,42920,42920,42920,1,DIRECTA
MINI6F,15M,2026-03-09 13:45:00,2026-03-09,13:45:00,42645,42645,42645,42645,1,DIRECTA
MINI6F,5M,2026-03-09 13:45:00,2026-03-09,13:45:00,42645,42645,42645,42645,1,DIRECTA
MINI6F,1H,2026-03-09 14:00:00,2026-03-09,14:00:00,42850,43000,42750,42750,10,DIRECTA
MINI6F,15M,2026-03-09 14:00:00,2026-03-09,14:00:00,42850,42850,42850,42850,1,DIRECTA
MINI6F,5M,2026-03-09 14:00:00,2026-03-09,14:00:00,42850,42850,42850,42850,1,DIRECTA
MINI6F,15M,2026-03-09 14:15:00,2026-03-09,14:15:00,42985,42985,42985,42985,1,DIRECTA
MINI6F,5M,2026-03-09 14:25:00,2026-03-09,14:25:00,42985,42985,42985,42985,1,DIRECTA
MINI6F,15M,2026-03-09 14:30:00,2026-03-09,14:30:00,42980,43000,42895,42895,5,DIRECTA
MINI6F,5M,2026-03-09 14:30:00,2026-03-09,14:30:00,42980,43000,42980,43000,4,DIRECTA
MINI6F,5M,2026-03-09 14:40:00,2026-03-09,14:40:00,42895,42895,42895,42895,1,DIRECTA
MINI6F,15M,2026-03-09 14:45:00,2026-03-09,14:45:00,42820,42820,42750,42750,3,DIRECTA
MINI6F,5M,2026-03-09 14:50:00,2026-03-09,14:50:00,42820,42820,42750,42750,3,DIRECTA
MINI6F,1H,2026-03-09 15:00:00,2026-03-09,15:00:00,42970,43030,42970,43030,2,DIRECTA
MINI6F,15M,2026-03-09 15:30:00,2026-03-09,15:30:00,42970,43030,42970,43030,2,DIRECTA
MINI6F,5M,2026-03-09 15:30:00,2026-03-09,15:30:00,42970,42970,42970,42970,1,DIRECTA
MINI6F,5M,2026-03-09 15:40:00,2026-03-09,15:40:00,43030,43030,43030,43030,1,DIRECTA
MINI6F,1H,2026-03-09 16:00:00,2026-03-09,16:00:00,43405,43405,43405,43405,1,DIRECTA
MINI6F,15M,2026-03-09 16:45:00,2026-03-09,16:45:00,43405,43405,43405,43405,1,DIRECTA
MINI6F,5M,2026-03-09 16:50:00,2026-03-09,16:50:00,43405,43405,43405,43405,1,DIRECTA
MINI6F,1H,2026-03-09 17:00:00,2026-03-09,17:00:00,43205,43205,43200,43200,2,DIRECTA
MINI6F,15M,2026-03-09 17:15:00,2026-03-09,17:15:00,43205,43205,43200,43200,2,DIRECTA
MINI6F,5M,2026-03-09 17:20:00,2026-03-09,17:20:00,43205,43205,43200,43200,2,DIRECTA
MINI6F,1H,2026-03-09 18:00:00,2026-03-09,18:00:00,43330,43330,43330,43330,1,DIRECTA
MINI6F,15M,2026-03-09 18:00:00,2026-03-09,18:00:00,43330,43330,43330,43330,1,DIRECTA
MINI6F,5M,2026-03-09 18:10:00,2026-03-09,18:10:00,43330,43330,43330,43330,1,DIRECTA
MINI6F,1H,2026-03-09 20:00:00,2026-03-09,20:00:00,43525,44300,43525,44100,14,DIRECTA
MINI6F,15M,2026-03-09 20:15:00,2026-03-09,20:15:00,43525,43800,43525,43800,3,DIRECTA
MINI6F,5M,2026-03-09 20:20:00,2026-03-09,20:20:00,43525,43725,43525,43725,2,DIRECTA
MINI6F,5M,2026-03-09 20:25:00,2026-03-09,20:25:00,43800,43800,43800,43800,1,DIRECTA
MINI6F,15M,2026-03-09 20:30:00,2026-03-09,20:30:00,43985,44300,43985,44300,8,DIRECTA
MINI6F,5M,2026-03-09 20:30:00,2026-03-09,20:30:00,43985,44030,43985,44030,4,DIRECTA
MINI6F,5M,2026-03-09 20:35:00,2026-03-09,20:35:00,44180,44300,44180,44300,4,DIRECTA
MINI6F,15M,2026-03-09 20:45:00,2026-03-09,20:45:00,44100,44150,44100,44100,3,DIRECTA
MINI6F,5M,2026-03-09 20:45:00,2026-03-09,20:45:00,44100,44100,44100,44100,1,DIRECTA
MINI6F,5M,2026-03-09 20:55:00,2026-03-09,20:55:00,44150,44150,44100,44100,2,DIRECTA
MINI6F,1H,2026-03-09 21:00:00,2026-03-09,21:00:00,43735,44065,43735,44065,2,DIRECTA
MINI6F,15M,2026-03-09 21:30:00,2026-03-09,21:30:00,43735,43735,43735,43735,1,DIRECTA
MINI6F,5M,2026-03-09 21:30:00,2026-03-09,21:30:00,43735,43735,43735,43735,1,DIRECTA
MINI6F,15M,2026-03-09 21:45:00,2026-03-09,21:45:00,44065,44065,44065,44065,1,DIRECTA
MINI6F,5M,2026-03-09 21:55:00,2026-03-09,21:55:00,44065,44065,44065,44065,1,DIRECTA
MINI6F,D,2026-03-10 08:00:00,2026-03-10,08:00:00,44100,44750,44100,44490,57,DIRECTA
MINI6F,1H,2026-03-10 08:00:00,2026-03-10,08:00:00,44100,44345,44100,44310,7,DIRECTA
MINI6F,15M,2026-03-10 08:00:00,2026-03-10,08:00:00,44100,44140,44100,44140,2,DIRECTA
MINI6F,5M,2026-03-10 08:00:00,2026-03-10,08:00:00,44100,44100,44100,44100,1,DIRECTA
MINI6F,5M,2026-03-10 08:10:00,2026-03-10,08:10:00,44140,44140,44140,44140,1,DIRECTA
MINI6F,15M,2026-03-10 08:30:00,2026-03-10,08:30:00,44345,44345,44335,44335,2,DIRECTA
MINI6F,5M,2026-03-10 08:30:00,2026-03-10,08:30:00,44345,44345,44335,44335,2,DIRECTA
MINI6F,15M,2026-03-10 08:45:00,2026-03-10,08:45:00,44315,44315,44300,44310,3,DIRECTA
MINI6F,5M,2026-03-10 08:50:00,2026-03-10,08:50:00,44315,44315,44300,44300,2,DIRECTA
MINI6F,5M,2026-03-10 08:55:00,2026-03-10,08:55:00,44310,44310,44310,44310,1,DIRECTA
MINI6F,1H,2026-03-10 09:00:00,2026-03-10,09:00:00,44400,44550,44105,44550,12,DIRECTA
MINI6F,15M,2026-03-10 09:00:00,2026-03-10,09:00:00,44400,44500,44105,44500,10,DIRECTA
MINI6F,5M,2026-03-10 09:00:00,2026-03-10,09:00:00,44400,44410,44105,44405,8,DIRECTA
MINI6F,5M,2026-03-10 09:05:00,2026-03-10,09:05:00,44500,44500,44500,44500,2,DIRECTA
MINI6F,15M,2026-03-10 09:15:00,2026-03-10,09:15:00,44385,44385,44385,44385,1,DIRECTA
MINI6F,5M,2026-03-10 09:25:00,2026-03-10,09:25:00,44385,44385,44385,44385,1,DIRECTA
MINI6F,15M,2026-03-10 09:45:00,2026-03-10,09:45:00,44550,44550,44550,44550,1,DIRECTA
MINI6F,5M,2026-03-10 09:45:00,2026-03-10,09:45:00,44550,44550,44550,44550,1,DIRECTA
MINI6F,1H,2026-03-10 10:00:00,2026-03-10,10:00:00,44650,44650,44645,44645,3,DIRECTA
MINI6F,15M,2026-03-10 10:30:00,2026-03-10,10:30:00,44650,44650,44645,44645,3,DIRECTA
MINI6F,5M,2026-03-10 10:35:00,2026-03-10,10:35:00,44650,44650,44645,44645,3,DIRECTA
MINI6F,1H,2026-03-10 11:00:00,2026-03-10,11:00:00,44500,44500,44500,44500,1,DIRECTA
MINI6F,15M,2026-03-10 11:00:00,2026-03-10,11:00:00,44500,44500,44500,44500,1,DIRECTA
MINI6F,5M,2026-03-10 11:00:00,2026-03-10,11:00:00,44500,44500,44500,44500,1,DIRECTA
MINI6F,1H,2026-03-10 15:00:00,2026-03-10,15:00:00,44140,44710,44140,44710,9,DIRECTA
MINI6F,15M,2026-03-10 15:00:00,2026-03-10,15:00:00,44140,44140,44140,44140,1,DIRECTA
MINI6F,5M,2026-03-10 15:00:00,2026-03-10,15:00:00,44140,44140,44140,44140,1,DIRECTA
MINI6F,15M,2026-03-10 15:15:00,2026-03-10,15:15:00,44275,44295,44275,44295,3,DIRECTA
MINI6F,5M,2026-03-10 15:20:00,2026-03-10,15:20:00,44275,44295,44275,44295,3,DIRECTA
MINI6F,15M,2026-03-10 15:30:00,2026-03-10,15:30:00,44460,44540,44330,44540,3,DIRECTA
MINI6F,5M,2026-03-10 15:30:00,2026-03-10,15:30:00,44460,44460,44460,44460,1,DIRECTA
MINI6F,5M,2026-03-10 15:40:00,2026-03-10,15:40:00,44330,44540,44330,44540,2,DIRECTA
MINI6F,15M,2026-03-10 15:45:00,2026-03-10,15:45:00,44595,44710,44595,44710,2,DIRECTA
MINI6F,5M,2026-03-10 15:45:00,2026-03-10,15:45:00,44595,44595,44595,44595,1,DIRECTA
MINI6F,5M,2026-03-10 15:55:00,2026-03-10,15:55:00,44710,44710,44710,44710,1,DIRECTA
MINI6F,1H,2026-03-10 16:00:00,2026-03-10,16:00:00,44540,44540,44540,44540,2,DIRECTA
MINI6F,15M,2026-03-10 16:45:00,2026-03-10,16:45:00,44540,44540,44540,44540,2,DIRECTA
MINI6F,5M,2026-03-10 16:55:00,2026-03-10,16:55:00,44540,44540,44540,44540,2,DIRECTA
MINI6F,1H,2026-03-10 17:00:00,2026-03-10,17:00:00,44585,44585,44570,44570,5,DIRECTA
MINI6F,15M,2026-03-10 17:45:00,2026-03-10,17:45:00,44585,44585,44570,44570,5,DIRECTA
MINI6F,5M,2026-03-10 17:45:00,2026-03-10,17:45:00,44585,44585,44570,44570,5,DIRECTA
MINI6F,1H,2026-03-10 18:00:00,2026-03-10,18:00:00,44710,44750,44710,44750,7,DIRECTA
MINI6F,15M,2026-03-10 18:00:00,2026-03-10,18:00:00,44710,44750,44710,44750,7,DIRECTA
MINI6F,5M,2026-03-10 18:05:00,2026-03-10,18:05:00,44710,44750,44710,44750,7,DIRECTA
MINI6F,1H,2026-03-10 19:00:00,2026-03-10,19:00:00,44355,44375,44305,44305,10,DIRECTA
MINI6F,15M,2026-03-10 19:15:00,2026-03-10,19:15:00,44355,44365,44325,44365,7,DIRECTA
MINI6F,5M,2026-03-10 19:15:00,2026-03-10,19:15:00,44355,44355,44350,44350,2,DIRECTA
MINI6F,5M,2026-03-10 19:25:00,2026-03-10,19:25:00,44325,44365,44325,44365,5,DIRECTA
MINI6F,15M,2026-03-10 19:30:00,2026-03-10,19:30:00,44375,44375,44305,44305,3,DIRECTA
MINI6F,5M,2026-03-10 19:30:00,2026-03-10,19:30:00,44375,44375,44375,44375,1,DIRECTA
MINI6F,5M,2026-03-10 19:35:00,2026-03-10,19:35:00,44305,44305,44305,44305,2,DIRECTA
MINI6F,1H,2026-03-10 20:00:00,2026-03-10,20:00:00,44200,44200,44200,44200,1,DIRECTA
MINI6F,15M,2026-03-10 20:30:00,2026-03-10,20:30:00,44200,44200,44200,44200,1,DIRECTA
MINI6F,5M,2026-03-10 20:30:00,2026-03-10,20:30:00,44200,44200,44200,44200,1,DIRECTA
MINI6F,D,2026-03-11 08:00:00,2026-03-11,08:00:00,44000,44290,43890,44059,24,DIRECTA
MINI6F,1H,2026-03-11 10:00:00,2026-03-11,10:00:00,44000,44065,44000,44055,3,DIRECTA
MINI6F,15M,2026-03-11 10:00:00,2026-03-11,10:00:00,44000,44000,44000,44000,1,DIRECTA
MINI6F,5M,2026-03-11 10:00:00,2026-03-11,10:00:00,44000,44000,44000,44000,1,DIRECTA
MINI6F,15M,2026-03-11 10:15:00,2026-03-11,10:15:00,44065,44065,44055,44055,2,DIRECTA
MINI6F,5M,2026-03-11 10:20:00,2026-03-11,10:20:00,44065,44065,44065,44065,1,DIRECTA
MINI6F,5M,2026-03-11 10:25:00,2026-03-11,10:25:00,44055,44055,44055,44055,1,DIRECTA
MINI6F,1H,2026-03-11 11:00:00,2026-03-11,11:00:00,44200,44200,44190,44190,2,DIRECTA
MINI6F,15M,2026-03-11 11:15:00,2026-03-11,11:15:00,44200,44200,44190,44190,2,DIRECTA
MINI6F,5M,2026-03-11 11:15:00,2026-03-11,11:15:00,44200,44200,44190,44190,2,DIRECTA
MINI6F,1H,2026-03-11 12:00:00,2026-03-11,12:00:00,44200,44200,44150,44160,3,DIRECTA
MINI6F,15M,2026-03-11 12:15:00,2026-03-11,12:15:00,44200,44200,44200,44200,1,DIRECTA
MINI6F,5M,2026-03-11 12:25:00,2026-03-11,12:25:00,44200,44200,44200,44200,1,DIRECTA
MINI6F,15M,2026-03-11 12:30:00,2026-03-11,12:30:00,44150,44160,44150,44160,2,DIRECTA
MINI6F,5M,2026-03-11 12:30:00,2026-03-11,12:30:00,44150,44150,44150,44150,1,DIRECTA
MINI6F,5M,2026-03-11 12:35:00,2026-03-11,12:35:00,44160,44160,44160,44160,1,DIRECTA
MINI6F,1H,2026-03-11 13:00:00,2026-03-11,13:00:00,43890,43890,43890,43890,1,DIRECTA
MINI6F,15M,2026-03-11 13:45:00,2026-03-11,13:45:00,43890,43890,43890,43890,1,DIRECTA
MINI6F,5M,2026-03-11 13:45:00,2026-03-11,13:45:00,43890,43890,43890,43890,1,DIRECTA
MINI6F,1H,2026-03-11 14:00:00,2026-03-11,14:00:00,44150,44150,44150,44150,1,DIRECTA
MINI6F,15M,2026-03-11 14:45:00,2026-03-11,14:45:00,44150,44150,44150,44150,1,DIRECTA
MINI6F,5M,2026-03-11 14:55:00,2026-03-11,14:55:00,44150,44150,44150,44150,1,DIRECTA
MINI6F,1H,2026-03-11 15:00:00,2026-03-11,15:00:00,44230,44290,44040,44290,6,DIRECTA
MINI6F,15M,2026-03-11 15:15:00,2026-03-11,15:15:00,44230,44230,44040,44040,2,DIRECTA
MINI6F,5M,2026-03-11 15:15:00,2026-03-11,15:15:00,44230,44230,44230,44230,1,DIRECTA
MINI6F,5M,2026-03-11 15:25:00,2026-03-11,15:25:00,44040,44040,44040,44040,1,DIRECTA
MINI6F,15M,2026-03-11 15:30:00,2026-03-11,15:30:00,44175,44175,44145,44145,2,DIRECTA
MINI6F,5M,2026-03-11 15:35:00,2026-03-11,15:35:00,44175,44175,44145,44145,2,DIRECTA
MINI6F,15M,2026-03-11 15:45:00,2026-03-11,15:45:00,44250,44290,44250,44290,2,DIRECTA
MINI6F,5M,2026-03-11 15:45:00,2026-03-11,15:45:00,44250,44250,44250,44250,1,DIRECTA
MINI6F,5M,2026-03-11 15:55:00,2026-03-11,15:55:00,44290,44290,44290,44290,1,DIRECTA
MINI6F,1H,2026-03-11 16:00:00,2026-03-11,16:00:00,44080,44080,43985,43985,2,DIRECTA
MINI6F,15M,2026-03-11 16:15:00,2026-03-11,16:15:00,44080,44080,44080,44080,1,DIRECTA
MINI6F,5M,2026-03-11 16:15:00,2026-03-11,16:15:00,44080,44080,44080,44080,1,DIRECTA
MINI6F,15M,2026-03-11 16:30:00,2026-03-11,16:30:00,43985,43985,43985,43985,1,DIRECTA
MINI6F,5M,2026-03-11 16:40:00,2026-03-11,16:40:00,43985,43985,43985,43985,1,DIRECTA
MINI6F,1H,2026-03-11 17:00:00,2026-03-11,17:00:00,44100,44105,44100,44100,3,DIRECTA
MINI6F,15M,2026-03-11 17:30:00,2026-03-11,17:30:00,44100,44105,44100,44100,3,DIRECTA
MINI6F,5M,2026-03-11 17:30:00,2026-03-11,17:30:00,44100,44105,44100,44100,3,DIRECTA
MINI6F,1H,2026-03-11 21:00:00,2026-03-11,21:00:00,44195,44195,44100,44105,3,DIRECTA
MINI6F,15M,2026-03-11 21:00:00,2026-03-11,21:00:00,44195,44195,44195,44195,1,DIRECTA
MINI6F,5M,2026-03-11 21:10:00,2026-03-11,21:10:00,44195,44195,44195,44195,1,DIRECTA
MINI6F,15M,2026-03-11 21:30:00,2026-03-11,21:30:00,44100,44105,44100,44105,2,DIRECTA
MINI6F,5M,2026-03-11 21:30:00,2026-03-11,21:30:00,44100,44105,44100,44105,2,DIRECTA
MINI6F,D,2026-03-12 08:00:00,2026-03-12,08:00:00,43700,44050,43290,43730,70,DIRECTA
MINI6F,1H,2026-03-12 08:00:00,2026-03-12,08:00:00,43700,43850,43700,43850,2,DIRECTA
MINI6F,15M,2026-03-12 08:30:00,2026-03-12,08:30:00,43700,43700,43700,43700,1,DIRECTA
MINI6F,5M,2026-03-12 08:30:00,2026-03-12,08:30:00,43700,43700,43700,43700,1,DIRECTA
MINI6F,15M,2026-03-12 08:45:00,2026-03-12,08:45:00,43850,43850,43850,43850,1,DIRECTA
MINI6F,5M,2026-03-12 08:55:00,2026-03-12,08:55:00,43850,43850,43850,43850,1,DIRECTA
MINI6F,1H,2026-03-12 09:00:00,2026-03-12,09:00:00,43750,44050,43750,44050,4,DIRECTA
MINI6F,15M,2026-03-12 09:00:00,2026-03-12,09:00:00,43750,44030,43750,44030,2,DIRECTA
MINI6F,5M,2026-03-12 09:05:00,2026-03-12,09:05:00,43750,44030,43750,44030,2,DIRECTA
MINI6F,15M,2026-03-12 09:45:00,2026-03-12,09:45:00,44050,44050,44050,44050,2,DIRECTA
MINI6F,5M,2026-03-12 09:50:00,2026-03-12,09:50:00,44050,44050,44050,44050,2,DIRECTA
MINI6F,1H,2026-03-12 10:00:00,2026-03-12,10:00:00,43855,44000,43800,44000,6,DIRECTA
MINI6F,15M,2026-03-12 10:00:00,2026-03-12,10:00:00,43855,43855,43800,43800,4,DIRECTA
MINI6F,5M,2026-03-12 10:10:00,2026-03-12,10:10:00,43855,43855,43800,43800,4,DIRECTA
MINI6F,15M,2026-03-12 10:30:00,2026-03-12,10:30:00,43990,44000,43990,44000,2,DIRECTA
MINI6F,5M,2026-03-12 10:40:00,2026-03-12,10:40:00,43990,44000,43990,44000,2,DIRECTA
MINI6F,1H,2026-03-12 11:00:00,2026-03-12,11:00:00,43855,43855,43855,43855,1,DIRECTA
MINI6F,15M,2026-03-12 11:45:00,2026-03-12,11:45:00,43855,43855,43855,43855,1,DIRECTA
MINI6F,5M,2026-03-12 11:55:00,2026-03-12,11:55:00,43855,43855,43855,43855,1,DIRECTA
MINI6F,1H,2026-03-12 12:00:00,2026-03-12,12:00:00,43820,43820,43800,43800,2,DIRECTA
MINI6F,15M,2026-03-12 12:00:00,2026-03-12,12:00:00,43820,43820,43800,43800,2,DIRECTA
MINI6F,5M,2026-03-12 12:00:00,2026-03-12,12:00:00,43820,43820,43800,43800,2,DIRECTA
MINI6F,1H,2026-03-12 13:00:00,2026-03-12,13:00:00,43720,43900,43560,43900,8,DIRECTA
MINI6F,15M,2026-03-12 13:00:00,2026-03-12,13:00:00,43720,43720,43665,43665,6,DIRECTA
MINI6F,5M,2026-03-12 13:05:00,2026-03-12,13:05:00,43720,43720,43665,43665,6,DIRECTA
MINI6F,15M,2026-03-12 13:15:00,2026-03-12,13:15:00,43560,43560,43560,43560,1,DIRECTA
MINI6F,5M,2026-03-12 13:20:00,2026-03-12,13:20:00,43560,43560,43560,43560,1,DIRECTA
MINI6F,15M,2026-03-12 13:30:00,2026-03-12,13:30:00,43900,43900,43900,43900,1,DIRECTA
MINI6F,5M,2026-03-12 13:30:00,2026-03-12,13:30:00,43900,43900,43900,43900,1,DIRECTA
MINI6F,1H,2026-03-12 14:00:00,2026-03-12,14:00:00,43595,43595,43400,43400,8,DIRECTA
MINI6F,15M,2026-03-12 14:15:00,2026-03-12,14:15:00,43595,43595,43495,43495,4,DIRECTA
MINI6F,5M,2026-03-12 14:15:00,2026-03-12,14:15:00,43595,43595,43595,43595,1,DIRECTA
MINI6F,5M,2026-03-12 14:20:00,2026-03-12,14:20:00,43535,43535,43495,43495,3,DIRECTA
MINI6F,15M,2026-03-12 14:45:00,2026-03-12,14:45:00,43460,43460,43400,43400,4,DIRECTA
MINI6F,5M,2026-03-12 14:55:00,2026-03-12,14:55:00,43460,43460,43400,43400,4,DIRECTA
MINI6F,1H,2026-03-12 15:00:00,2026-03-12,15:00:00,43380,43380,43310,43310,10,DIRECTA
MINI6F,15M,2026-03-12 15:15:00,2026-03-12,15:15:00,43380,43380,43350,43350,7,DIRECTA
MINI6F,5M,2026-03-12 15:20:00,2026-03-12,15:20:00,43380,43380,43380,43380,6,DIRECTA
MINI6F,5M,2026-03-12 15:25:00,2026-03-12,15:25:00,43350,43350,43350,43350,1,DIRECTA
MINI6F,15M,2026-03-12 15:30:00,2026-03-12,15:30:00,43350,43350,43310,43310,3,DIRECTA
MINI6F,5M,2026-03-12 15:30:00,2026-03-12,15:30:00,43350,43350,43330,43330,2,DIRECTA
MINI6F,5M,2026-03-12 15:40:00,2026-03-12,15:40:00,43310,43310,43310,43310,1,DIRECTA
MINI6F,1H,2026-03-12 16:00:00,2026-03-12,16:00:00,43300,43625,43290,43600,18,DIRECTA
MINI6F,15M,2026-03-12 16:00:00,2026-03-12,16:00:00,43300,43300,43300,43300,8,DIRECTA
MINI6F,5M,2026-03-12 16:10:00,2026-03-12,16:10:00,43300,43300,43300,43300,8,DIRECTA
MINI6F,15M,2026-03-12 16:15:00,2026-03-12,16:15:00,43380,43380,43380,43380,1,DIRECTA
MINI6F,5M,2026-03-12 16:20:00,2026-03-12,16:20:00,43380,43380,43380,43380,1,DIRECTA
MINI6F,15M,2026-03-12 16:30:00,2026-03-12,16:30:00,43625,43625,43590,43590,4,DIRECTA
MINI6F,5M,2026-03-12 16:35:00,2026-03-12,16:35:00,43625,43625,43625,43625,1,DIRECTA
MINI6F,5M,2026-03-12 16:40:00,2026-03-12,16:40:00,43610,43610,43590,43590,3,DIRECTA
MINI6F,15M,2026-03-12 16:45:00,2026-03-12,16:45:00,43295,43600,43290,43600,5,DIRECTA
MINI6F,5M,2026-03-12 16:45:00,2026-03-12,16:45:00,43295,43600,43290,43600,3,DIRECTA
MINI6F,5M,2026-03-12 16:50:00,2026-03-12,16:50:00,43335,43600,43335,43600,2,DIRECTA
MINI6F,1H,2026-03-12 17:00:00,2026-03-12,17:00:00,43660,43845,43660,43705,8,DIRECTA
MINI6F,15M,2026-03-12 17:00:00,2026-03-12,17:00:00,43660,43700,43660,43700,3,DIRECTA
MINI6F,5M,2026-03-12 17:00:00,2026-03-12,17:00:00,43660,43680,43660,43680,2,DIRECTA
MINI6F,5M,2026-03-12 17:05:00,2026-03-12,17:05:00,43700,43700,43700,43700,1,DIRECTA
MINI6F,15M,2026-03-12 17:15:00,2026-03-12,17:15:00,43720,43845,43720,43845,3,DIRECTA
MINI6F,5M,2026-03-12 17:15:00,2026-03-12,17:15:00,43720,43720,43720,43720,1,DIRECTA
MINI6F,5M,2026-03-12 17:20:00,2026-03-12,17:20:00,43800,43845,43800,43845,2,DIRECTA
MINI6F,15M,2026-03-12 17:30:00,2026-03-12,17:30:00,43800,43800,43800,43800,1,DIRECTA
MINI6F,5M,2026-03-12 17:30:00,2026-03-12,17:30:00,43800,43800,43800,43800,1,DIRECTA
MINI6F,15M,2026-03-12 17:45:00,2026-03-12,17:45:00,43705,43705,43705,43705,1,DIRECTA
MINI6F,5M,2026-03-12 17:45:00,2026-03-12,17:45:00,43705,43705,43705,43705,1,DIRECTA
MINI6F,1H,2026-03-12 18:00:00,2026-03-12,18:00:00,43735,43840,43735,43840,2,DIRECTA
MINI6F,15M,2026-03-12 18:00:00,2026-03-12,18:00:00,43735,43735,43735,43735,1,DIRECTA
MINI6F,5M,2026-03-12 18:00:00,2026-03-12,18:00:00,43735,43735,43735,43735,1,DIRECTA
MINI6F,15M,2026-03-12 18:30:00,2026-03-12,18:30:00,43840,43840,43840,43840,1,DIRECTA
MINI6F,5M,2026-03-12 18:40:00,2026-03-12,18:40:00,43840,43840,43840,43840,1,DIRECTA
MINI6F,1H,2026-03-12 20:00:00,2026-03-12,20:00:00,43700,43700,43700,43700,1,DIRECTA
MINI6F,15M,2026-03-12 20:00:00,2026-03-12,20:00:00,43700,43700,43700,43700,1,DIRECTA
MINI6F,5M,2026-03-12 20:10:00,2026-03-12,20:10:00,43700,43700,43700,43700,1,DIRECTA
MINI6F,D,2026-03-13 08:00:00,2026-03-13,08:00:00,43695,44040,43200,43593,54,DIRECTA
MINI6F,1H,2026-03-13 08:00:00,2026-03-13,08:00:00,43695,43695,43695,43695,1,DIRECTA
MINI6F,15M,2026-03-13 08:30:00,2026-03-13,08:30:00,43695,43695,43695,43695,1,DIRECTA
MINI6F,5M,2026-03-13 08:40:00,2026-03-13,08:40:00,43695,43695,43695,43695,1,DIRECTA
MINI6F,1H,2026-03-13 09:00:00,2026-03-13,09:00:00,43210,43505,43200,43445,6,DIRECTA
MINI6F,15M,2026-03-13 09:15:00,2026-03-13,09:15:00,43210,43210,43200,43200,2,DIRECTA
MINI6F,5M,2026-03-13 09:15:00,2026-03-13,09:15:00,43210,43210,43200,43200,2,DIRECTA
MINI6F,15M,2026-03-13 09:45:00,2026-03-13,09:45:00,43500,43505,43445,43445,4,DIRECTA
MINI6F,5M,2026-03-13 09:45:00,2026-03-13,09:45:00,43500,43505,43500,43505,2,DIRECTA
MINI6F,5M,2026-03-13 09:50:00,2026-03-13,09:50:00,43445,43445,43445,43445,1,DIRECTA
MINI6F,5M,2026-03-13 09:55:00,2026-03-13,09:55:00,43445,43445,43445,43445,1,DIRECTA
MINI6F,1H,2026-03-13 10:00:00,2026-03-13,10:00:00,43575,43575,43575,43575,1,DIRECTA
MINI6F,15M,2026-03-13 10:15:00,2026-03-13,10:15:00,43575,43575,43575,43575,1,DIRECTA
MINI6F,5M,2026-03-13 10:25:00,2026-03-13,10:25:00,43575,43575,43575,43575,1,DIRECTA
MINI6F,1H,2026-03-13 11:00:00,2026-03-13,11:00:00,43640,43715,43640,43715,13,DIRECTA
MINI6F,15M,2026-03-13 11:00:00,2026-03-13,11:00:00,43640,43715,43640,43715,7,DIRECTA
MINI6F,5M,2026-03-13 11:00:00,2026-03-13,11:00:00,43640,43640,43640,43640,1,DIRECTA
MINI6F,5M,2026-03-13 11:10:00,2026-03-13,11:10:00,43700,43715,43700,43715,6,DIRECTA
MINI6F,15M,2026-03-13 11:15:00,2026-03-13,11:15:00,43715,43715,43715,43715,6,DIRECTA
MINI6F,5M,2026-03-13 11:25:00,2026-03-13,11:25:00,43715,43715,43715,43715,6,DIRECTA
MINI6F,1H,2026-03-13 12:00:00,2026-03-13,12:00:00,43800,43830,43800,43830,6,DIRECTA
MINI6F,15M,2026-03-13 12:00:00,2026-03-13,12:00:00,43800,43800,43800,43800,5,DIRECTA
MINI6F,5M,2026-03-13 12:00:00,2026-03-13,12:00:00,43800,43800,43800,43800,5,DIRECTA
MINI6F,15M,2026-03-13 12:15:00,2026-03-13,12:15:00,43830,43830,43830,43830,1,DIRECTA
MINI6F,5M,2026-03-13 12:25:00,2026-03-13,12:25:00,43830,43830,43830,43830,1,DIRECTA
MINI6F,1H,2026-03-13 13:00:00,2026-03-13,13:00:00,44000,44040,43865,43865,6,DIRECTA
MINI6F,15M,2026-03-13 13:45:00,2026-03-13,13:45:00,44000,44040,43865,43865,6,DIRECTA
MINI6F,5M,2026-03-13 13:45:00,2026-03-13,13:45:00,44000,44040,44000,44040,4,DIRECTA
MINI6F,5M,2026-03-13 13:55:00,2026-03-13,13:55:00,43985,43985,43865,43865,2,DIRECTA
MINI6F,1H,2026-03-13 15:00:00,2026-03-13,15:00:00,43960,43960,43955,43955,2,DIRECTA
MINI6F,15M,2026-03-13 15:00:00,2026-03-13,15:00:00,43960,43960,43955,43955,2,DIRECTA
MINI6F,5M,2026-03-13 15:00:00,2026-03-13,15:00:00,43960,43960,43955,43955,2,DIRECTA
MINI6F,1H,2026-03-13 16:00:00,2026-03-13,16:00:00,43695,43725,43555,43555,10,DIRECTA
MINI6F,15M,2026-03-13 16:00:00,2026-03-13,16:00:00,43695,43700,43695,43700,4,DIRECTA
MINI6F,5M,2026-03-13 16:05:00,2026-03-13,16:05:00,43695,43700,43695,43700,4,DIRECTA
MINI6F,15M,2026-03-13 16:15:00,2026-03-13,16:15:00,43670,43670,43670,43670,1,DIRECTA
MINI6F,5M,2026-03-13 16:25:00,2026-03-13,16:25:00,43670,43670,43670,43670,1,DIRECTA
MINI6F,15M,2026-03-13 16:30:00,2026-03-13,16:30:00,43700,43725,43700,43725,2,DIRECTA
MINI6F,5M,2026-03-13 16:30:00,2026-03-13,16:30:00,43700,43725,43700,43725,2,DIRECTA
MINI6F,15M,2026-03-13 16:45:00,2026-03-13,16:45:00,43605,43605,43555,43555,3,DIRECTA
MINI6F,5M,2026-03-13 16:50:00,2026-03-13,16:50:00,43605,43605,43600,43600,2,DIRECTA
MINI6F,5M,2026-03-13 16:55:00,2026-03-13,16:55:00,43555,43555,43555,43555,1,DIRECTA
MINI6F,1H,2026-03-13 17:00:00,2026-03-13,17:00:00,43575,43870,43575,43630,5,DIRECTA
MINI6F,15M,2026-03-13 17:00:00,2026-03-13,17:00:00,43575,43615,43575,43615,2,DIRECTA
MINI6F,5M,2026-03-13 17:00:00,2026-03-13,17:00:00,43575,43575,43575,43575,1,DIRECTA
MINI6F,5M,2026-03-13 17:05:00,2026-03-13,17:05:00,43615,43615,43615,43615,1,DIRECTA
MINI6F,15M,2026-03-13 17:15:00,2026-03-13,17:15:00,43620,43620,43620,43620,1,DIRECTA
MINI6F,5M,2026-03-13 17:20:00,2026-03-13,17:20:00,43620,43620,43620,43620,1,DIRECTA
MINI6F,15M,2026-03-13 17:30:00,2026-03-13,17:30:00,43870,43870,43630,43630,2,DIRECTA
MINI6F,5M,2026-03-13 17:35:00,2026-03-13,17:35:00,43870,43870,43630,43630,2,DIRECTA
MINI6F,1H,2026-03-13 18:00:00,2026-03-13,18:00:00,43500,43500,43500,43500,1,DIRECTA
MINI6F,15M,2026-03-13 18:45:00,2026-03-13,18:45:00,43500,43500,43500,43500,1,DIRECTA
MINI6F,5M,2026-03-13 18:45:00,2026-03-13,18:45:00,43500,43500,43500,43500,1,DIRECTA
MINI6F,1H,2026-03-13 21:00:00,2026-03-13,21:00:00,43480,43480,43460,43460,3,DIRECTA
MINI6F,15M,2026-03-13 21:45:00,2026-03-13,21:45:00,43480,43480,43460,43460,3,DIRECTA
MINI6F,5M,2026-03-13 21:50:00,2026-03-13,21:50:00,43480,43480,43480,43480,2,DIRECTA
MINI6F,5M,2026-03-13 21:55:00,2026-03-13,21:55:00,43460,43460,43460,43460,1,DIRECTA
MINI6F,W,2026-03-16 08:00:00,2026-03-16,08:00:00,43755,44725,41475,42095,21693,AGG_FROM_D
MINI6F,D,2026-03-16 08:00:00,2026-03-16,08:00:00,43755,43880,43125,43617,191,DIRECTA
MINI6F,1H,2026-03-16 08:00:00,2026-03-16,08:00:00,43755,43755,43555,43555,5,DIRECTA
MINI6F,15M,2026-03-16 08:00:00,2026-03-16,08:00:00,43755,43755,43755,43755,1,DIRECTA
MINI6F,5M,2026-03-16 08:05:00,2026-03-16,08:05:00,43755,43755,43755,43755,1,DIRECTA
MINI6F,15M,2026-03-16 08:15:00,2026-03-16,08:15:00,43700,43700,43700,43700,1,DIRECTA
MINI6F,5M,2026-03-16 08:15:00,2026-03-16,08:15:00,43700,43700,43700,43700,1,DIRECTA
MINI6F,15M,2026-03-16 08:30:00,2026-03-16,08:30:00,43595,43595,43555,43555,3,DIRECTA
MINI6F,5M,2026-03-16 08:30:00,2026-03-16,08:30:00,43595,43595,43555,43555,3,DIRECTA
MINI6F,1H,2026-03-16 09:00:00,2026-03-16,09:00:00,43430,43625,43335,43360,20,DIRECTA
MINI6F,15M,2026-03-16 09:00:00,2026-03-16,09:00:00,43430,43625,43430,43605,5,DIRECTA
MINI6F,5M,2026-03-16 09:00:00,2026-03-16,09:00:00,43430,43535,43430,43535,2,DIRECTA
MINI6F,5M,2026-03-16 09:05:00,2026-03-16,09:05:00,43620,43625,43620,43625,2,DIRECTA
MINI6F,5M,2026-03-16 09:10:00,2026-03-16,09:10:00,43605,43605,43605,43605,1,DIRECTA
MINI6F,15M,2026-03-16 09:15:00,2026-03-16,09:15:00,43500,43515,43420,43515,5,DIRECTA
MINI6F,5M,2026-03-16 09:15:00,2026-03-16,09:15:00,43500,43500,43450,43450,3,DIRECTA
MINI6F,5M,2026-03-16 09:20:00,2026-03-16,09:20:00,43420,43515,43420,43515,2,DIRECTA
MINI6F,15M,2026-03-16 09:30:00,2026-03-16,09:30:00,43400,43425,43350,43350,8,DIRECTA
MINI6F,5M,2026-03-16 09:30:00,2026-03-16,09:30:00,43400,43400,43370,43370,2,DIRECTA
MINI6F,5M,2026-03-16 09:35:00,2026-03-16,09:35:00,43425,43425,43420,43420,4,DIRECTA
MINI6F,5M,2026-03-16 09:40:00,2026-03-16,09:40:00,43355,43355,43350,43350,2,DIRECTA
MINI6F,15M,2026-03-16 09:45:00,2026-03-16,09:45:00,43335,43360,43335,43360,2,DIRECTA
MINI6F,5M,2026-03-16 09:45:00,2026-03-16,09:45:00,43335,43335,43335,43335,1,DIRECTA
MINI6F,5M,2026-03-16 09:50:00,2026-03-16,09:50:00,43360,43360,43360,43360,1,DIRECTA
MINI6F,1H,2026-03-16 10:00:00,2026-03-16,10:00:00,43360,43360,43125,43225,11,DIRECTA
MINI6F,15M,2026-03-16 10:00:00,2026-03-16,10:00:00,43360,43360,43210,43210,5,DIRECTA
MINI6F,5M,2026-03-16 10:00:00,2026-03-16,10:00:00,43360,43360,43360,43360,1,DIRECTA
MINI6F,5M,2026-03-16 10:05:00,2026-03-16,10:05:00,43250,43250,43210,43210,4,DIRECTA
MINI6F,15M,2026-03-16 10:30:00,2026-03-16,10:30:00,43135,43140,43125,43125,4,DIRECTA
MINI6F,5M,2026-03-16 10:30:00,2026-03-16,10:30:00,43135,43140,43125,43125,4,DIRECTA
MINI6F,15M,2026-03-16 10:45:00,2026-03-16,10:45:00,43240,43240,43225,43225,2,DIRECTA
MINI6F,5M,2026-03-16 10:45:00,2026-03-16,10:45:00,43240,43240,43240,43240,1,DIRECTA
MINI6F,5M,2026-03-16 10:50:00,2026-03-16,10:50:00,43225,43225,43225,43225,1,DIRECTA
MINI6F,1H,2026-03-16 11:00:00,2026-03-16,11:00:00,43200,43415,43200,43320,21,DIRECTA
MINI6F,15M,2026-03-16 11:15:00,2026-03-16,11:15:00,43200,43400,43200,43325,11,DIRECTA
MINI6F,5M,2026-03-16 11:15:00,2026-03-16,11:15:00,43200,43200,43200,43200,1,DIRECTA
MINI6F,5M,2026-03-16 11:20:00,2026-03-16,11:20:00,43285,43290,43230,43280,7,DIRECTA
MINI6F,5M,2026-03-16 11:25:00,2026-03-16,11:25:00,43400,43400,43325,43325,3,DIRECTA
MINI6F,15M,2026-03-16 11:30:00,2026-03-16,11:30:00,43265,43350,43265,43350,5,DIRECTA
MINI6F,5M,2026-03-16 11:30:00,2026-03-16,11:30:00,43265,43265,43265,43265,1,DIRECTA
MINI6F,5M,2026-03-16 11:35:00,2026-03-16,11:35:00,43300,43300,43300,43300,2,DIRECTA
MINI6F,5M,2026-03-16 11:40:00,2026-03-16,11:40:00,43345,43350,43345,43350,2,DIRECTA
MINI6F,15M,2026-03-16 11:45:00,2026-03-16,11:45:00,43370,43415,43320,43320,5,DIRECTA
MINI6F,5M,2026-03-16 11:45:00,2026-03-16,11:45:00,43370,43370,43370,43370,1,DIRECTA
MINI6F,5M,2026-03-16 11:50:00,2026-03-16,11:50:00,43415,43415,43410,43410,3,DIRECTA
MINI6F,5M,2026-03-16 11:55:00,2026-03-16,11:55:00,43320,43320,43320,43320,1,DIRECTA
MINI6F,1H,2026-03-16 12:00:00,2026-03-16,12:00:00,43515,43525,43345,43525,10,DIRECTA
MINI6F,15M,2026-03-16 12:00:00,2026-03-16,12:00:00,43515,43515,43345,43480,4,DIRECTA
MINI6F,5M,2026-03-16 12:05:00,2026-03-16,12:05:00,43515,43515,43345,43345,2,DIRECTA
MINI6F,5M,2026-03-16 12:10:00,2026-03-16,12:10:00,43505,43505,43480,43480,2,DIRECTA
MINI6F,15M,2026-03-16 12:15:00,2026-03-16,12:15:00,43510,43510,43495,43495,3,DIRECTA
MINI6F,5M,2026-03-16 12:15:00,2026-03-16,12:15:00,43510,43510,43510,43510,1,DIRECTA
MINI6F,5M,2026-03-16 12:20:00,2026-03-16,12:20:00,43495,43495,43495,43495,2,DIRECTA
MINI6F,15M,2026-03-16 12:30:00,2026-03-16,12:30:00,43500,43525,43500,43525,3,DIRECTA
MINI6F,5M,2026-03-16 12:35:00,2026-03-16,12:35:00,43500,43500,43500,43500,1,DIRECTA
MINI6F,5M,2026-03-16 12:40:00,2026-03-16,12:40:00,43525,43525,43525,43525,2,DIRECTA
MINI6F,1H,2026-03-16 13:00:00,2026-03-16,13:00:00,43545,43755,43480,43635,14,DIRECTA
MINI6F,15M,2026-03-16 13:00:00,2026-03-16,13:00:00,43545,43550,43545,43550,2,DIRECTA
MINI6F,5M,2026-03-16 13:00:00,2026-03-16,13:00:00,43545,43550,43545,43550,2,DIRECTA
MINI6F,15M,2026-03-16 13:15:00,2026-03-16,13:15:00,43570,43650,43480,43480,5,DIRECTA
MINI6F,5M,2026-03-16 13:20:00,2026-03-16,13:20:00,43570,43585,43570,43585,2,DIRECTA
MINI6F,5M,2026-03-16 13:25:00,2026-03-16,13:25:00,43645,43650,43480,43480,3,DIRECTA
MINI6F,15M,2026-03-16 13:30:00,2026-03-16,13:30:00,43650,43670,43650,43670,2,DIRECTA
MINI6F,5M,2026-03-16 13:40:00,2026-03-16,13:40:00,43650,43670,43650,43670,2,DIRECTA
MINI6F,15M,2026-03-16 13:45:00,2026-03-16,13:45:00,43660,43755,43635,43635,5,DIRECTA
MINI6F,5M,2026-03-16 13:45:00,2026-03-16,13:45:00,43660,43755,43655,43755,4,DIRECTA
MINI6F,5M,2026-03-16 13:50:00,2026-03-16,13:50:00,43635,43635,43635,43635,1,DIRECTA
MINI6F,1H,2026-03-16 14:00:00,2026-03-16,14:00:00,43640,43860,43640,43765,14,DIRECTA
MINI6F,15M,2026-03-16 14:15:00,2026-03-16,14:15:00,43640,43645,43640,43645,2,DIRECTA
MINI6F,5M,2026-03-16 14:20:00,2026-03-16,14:20:00,43640,43640,43640,43640,1,DIRECTA
MINI6F,5M,2026-03-16 14:25:00,2026-03-16,14:25:00,43645,43645,43645,43645,1,DIRECTA
MINI6F,15M,2026-03-16 14:30:00,2026-03-16,14:30:00,43645,43785,43645,43785,7,DIRECTA
MINI6F,5M,2026-03-16 14:35:00,2026-03-16,14:35:00,43645,43735,43645,43735,2,DIRECTA
MINI6F,5M,2026-03-16 14:40:00,2026-03-16,14:40:00,43770,43785,43770,43785,5,DIRECTA
MINI6F,15M,2026-03-16 14:45:00,2026-03-16,14:45:00,43765,43860,43765,43765,5,DIRECTA
MINI6F,5M,2026-03-16 14:45:00,2026-03-16,14:45:00,43765,43765,43765,43765,2,DIRECTA
MINI6F,5M,2026-03-16 14:50:00,2026-03-16,14:50:00,43765,43765,43765,43765,1,DIRECTA
MINI6F,5M,2026-03-16 14:55:00,2026-03-16,14:55:00,43860,43860,43765,43765,2,DIRECTA
MINI6F,1H,2026-03-16 15:00:00,2026-03-16,15:00:00,43800,43800,43740,43740,15,DIRECTA
MINI6F,15M,2026-03-16 15:00:00,2026-03-16,15:00:00,43800,43800,43800,43800,1,DIRECTA
MINI6F,5M,2026-03-16 15:05:00,2026-03-16,15:05:00,43800,43800,43800,43800,1,DIRECTA
MINI6F,15M,2026-03-16 15:15:00,2026-03-16,15:15:00,43800,43800,43800,43800,10,DIRECTA
MINI6F,5M,2026-03-16 15:15:00,2026-03-16,15:15:00,43800,43800,43800,43800,10,DIRECTA
MINI6F,15M,2026-03-16 15:45:00,2026-03-16,15:45:00,43795,43795,43740,43740,4,DIRECTA
MINI6F,5M,2026-03-16 15:50:00,2026-03-16,15:50:00,43795,43795,43740,43740,4,DIRECTA
MINI6F,1H,2026-03-16 16:00:00,2026-03-16,16:00:00,43800,43880,43700,43755,42,DIRECTA
MINI6F,15M,2026-03-16 16:00:00,2026-03-16,16:00:00,43800,43800,43800,43800,1,DIRECTA
MINI6F,5M,2026-03-16 16:10:00,2026-03-16,16:10:00,43800,43800,43800,43800,1,DIRECTA
MINI6F,15M,2026-03-16 16:30:00,2026-03-16,16:30:00,43860,43880,43860,43865,22,DIRECTA
MINI6F,5M,2026-03-16 16:35:00,2026-03-16,16:35:00,43860,43880,43860,43865,22,DIRECTA
MINI6F,15M,2026-03-16 16:45:00,2026-03-16,16:45:00,43800,43800,43700,43755,19,DIRECTA
MINI6F,5M,2026-03-16 16:50:00,2026-03-16,16:50:00,43800,43800,43700,43755,17,DIRECTA
MINI6F,5M,2026-03-16 16:55:00,2026-03-16,16:55:00,43800,43800,43755,43755,2,DIRECTA
MINI6F,1H,2026-03-16 17:00:00,2026-03-16,17:00:00,43685,43750,43625,43625,19,DIRECTA
MINI6F,15M,2026-03-16 17:00:00,2026-03-16,17:00:00,43685,43750,43680,43700,14,DIRECTA
MINI6F,5M,2026-03-16 17:00:00,2026-03-16,17:00:00,43685,43690,43680,43690,3,DIRECTA
MINI6F,5M,2026-03-16 17:05:00,2026-03-16,17:05:00,43730,43745,43700,43700,5,DIRECTA
MINI6F,5M,2026-03-16 17:10:00,2026-03-16,17:10:00,43750,43750,43700,43700,6,DIRECTA
MINI6F,15M,2026-03-16 17:15:00,2026-03-16,17:15:00,43705,43725,43625,43625,5,DIRECTA
MINI6F,5M,2026-03-16 17:15:00,2026-03-16,17:15:00,43705,43725,43705,43725,2,DIRECTA
MINI6F,5M,2026-03-16 17:20:00,2026-03-16,17:20:00,43715,43715,43625,43625,3,DIRECTA
MINI6F,1H,2026-03-16 18:00:00,2026-03-16,18:00:00,43700,43740,43650,43650,6,DIRECTA
MINI6F,15M,2026-03-16 18:00:00,2026-03-16,18:00:00,43700,43700,43685,43685,2,DIRECTA
MINI6F,5M,2026-03-16 18:00:00,2026-03-16,18:00:00,43700,43700,43685,43685,2,DIRECTA
MINI6F,15M,2026-03-16 18:15:00,2026-03-16,18:15:00,43720,43740,43720,43730,3,DIRECTA
MINI6F,5M,2026-03-16 18:25:00,2026-03-16,18:25:00,43720,43740,43720,43730,3,DIRECTA
MINI6F,15M,2026-03-16 18:45:00,2026-03-16,18:45:00,43650,43650,43650,43650,1,DIRECTA
MINI6F,5M,2026-03-16 18:45:00,2026-03-16,18:45:00,43650,43650,43650,43650,1,DIRECTA
MINI6F,1H,2026-03-16 19:00:00,2026-03-16,19:00:00,43715,43750,43715,43745,7,DIRECTA
MINI6F,15M,2026-03-16 19:00:00,2026-03-16,19:00:00,43715,43740,43715,43740,4,DIRECTA
MINI6F,5M,2026-03-16 19:05:00,2026-03-16,19:05:00,43715,43740,43715,43740,4,DIRECTA
MINI6F,15M,2026-03-16 19:15:00,2026-03-16,19:15:00,43750,43750,43750,43750,1,DIRECTA
MINI6F,5M,2026-03-16 19:20:00,2026-03-16,19:20:00,43750,43750,43750,43750,1,DIRECTA
MINI6F,15M,2026-03-16 19:30:00,2026-03-16,19:30:00,43740,43745,43740,43745,2,DIRECTA
MINI6F,5M,2026-03-16 19:30:00,2026-03-16,19:30:00,43740,43745,43740,43745,2,DIRECTA
MINI6F,1H,2026-03-16 20:00:00,2026-03-16,20:00:00,43825,43835,43730,43730,5,DIRECTA
MINI6F,15M,2026-03-16 20:00:00,2026-03-16,20:00:00,43825,43835,43825,43825,4,DIRECTA
MINI6F,5M,2026-03-16 20:05:00,2026-03-16,20:05:00,43825,43830,43825,43830,2,DIRECTA
MINI6F,5M,2026-03-16 20:10:00,2026-03-16,20:10:00,43835,43835,43825,43825,2,DIRECTA
MINI6F,15M,2026-03-16 20:30:00,2026-03-16,20:30:00,43730,43730,43730,43730,1,DIRECTA
MINI6F,5M,2026-03-16 20:40:00,2026-03-16,20:40:00,43730,43730,43730,43730,1,DIRECTA
MINI6F,1H,2026-03-16 21:00:00,2026-03-16,21:00:00,43755,43755,43740,43740,2,DIRECTA
MINI6F,15M,2026-03-16 21:15:00,2026-03-16,21:15:00,43755,43755,43740,43740,2,DIRECTA
MINI6F,5M,2026-03-16 21:20:00,2026-03-16,21:20:00,43755,43755,43740,43740,2,DIRECTA
MINI6F,D,2026-03-17 08:00:00,2026-03-17,08:00:00,43745,44405,43425,44156,392,DIRECTA
MINI6F,1H,2026-03-17 08:00:00,2026-03-17,08:00:00,43745,43745,43425,43485,17,DIRECTA
MINI6F,15M,2026-03-17 08:00:00,2026-03-17,08:00:00,43745,43745,43745,43745,1,DIRECTA
MINI6F,5M,2026-03-17 08:05:00,2026-03-17,08:05:00,43745,43745,43745,43745,1,DIRECTA
MINI6F,15M,2026-03-17 08:15:00,2026-03-17,08:15:00,43425,43475,43425,43470,7,DIRECTA
MINI6F,5M,2026-03-17 08:15:00,2026-03-17,08:15:00,43425,43425,43425,43425,1,DIRECTA
MINI6F,5M,2026-03-17 08:20:00,2026-03-17,08:20:00,43475,43475,43475,43475,5,DIRECTA
MINI6F,5M,2026-03-17 08:25:00,2026-03-17,08:25:00,43470,43470,43470,43470,1,DIRECTA
MINI6F,15M,2026-03-17 08:30:00,2026-03-17,08:30:00,43455,43495,43455,43495,2,DIRECTA
MINI6F,5M,2026-03-17 08:30:00,2026-03-17,08:30:00,43455,43455,43455,43455,1,DIRECTA
MINI6F,5M,2026-03-17 08:40:00,2026-03-17,08:40:00,43495,43495,43495,43495,1,DIRECTA
MINI6F,15M,2026-03-17 08:45:00,2026-03-17,08:45:00,43470,43485,43430,43485,7,DIRECTA
MINI6F,5M,2026-03-17 08:45:00,2026-03-17,08:45:00,43470,43470,43470,43470,1,DIRECTA
MINI6F,5M,2026-03-17 08:50:00,2026-03-17,08:50:00,43460,43460,43430,43430,4,DIRECTA
MINI6F,5M,2026-03-17 08:55:00,2026-03-17,08:55:00,43485,43485,43485,43485,2,DIRECTA
MINI6F,1H,2026-03-17 09:00:00,2026-03-17,09:00:00,43545,43710,43530,43545,30,DIRECTA
MINI6F,15M,2026-03-17 09:00:00,2026-03-17,09:00:00,43545,43600,43530,43600,14,DIRECTA
MINI6F,5M,2026-03-17 09:00:00,2026-03-17,09:00:00,43545,43600,43530,43580,10,DIRECTA
MINI6F,5M,2026-03-17 09:05:00,2026-03-17,09:05:00,43600,43600,43600,43600,4,DIRECTA
MINI6F,15M,2026-03-17 09:15:00,2026-03-17,09:15:00,43530,43675,43530,43675,3,DIRECTA
MINI6F,5M,2026-03-17 09:15:00,2026-03-17,09:15:00,43530,43530,43530,43530,1,DIRECTA
MINI6F,5M,2026-03-17 09:20:00,2026-03-17,09:20:00,43670,43675,43670,43675,2,DIRECTA
MINI6F,15M,2026-03-17 09:30:00,2026-03-17,09:30:00,43675,43700,43675,43700,5,DIRECTA
MINI6F,5M,2026-03-17 09:30:00,2026-03-17,09:30:00,43675,43675,43675,43675,1,DIRECTA
MINI6F,5M,2026-03-17 09:35:00,2026-03-17,09:35:00,43675,43675,43675,43675,1,DIRECTA
MINI6F,5M,2026-03-17 09:40:00,2026-03-17,09:40:00,43695,43700,43695,43700,3,DIRECTA
MINI6F,15M,2026-03-17 09:45:00,2026-03-17,09:45:00,43690,43710,43545,43545,8,DIRECTA
MINI6F,5M,2026-03-17 09:45:00,2026-03-17,09:45:00,43690,43710,43690,43710,4,DIRECTA
MINI6F,5M,2026-03-17 09:50:00,2026-03-17,09:50:00,43630,43635,43545,43545,4,DIRECTA
MINI6F,1H,2026-03-17 10:00:00,2026-03-17,10:00:00,43725,43995,43710,43980,45,DIRECTA
MINI6F,15M,2026-03-17 10:00:00,2026-03-17,10:00:00,43725,43725,43710,43715,3,DIRECTA
MINI6F,5M,2026-03-17 10:00:00,2026-03-17,10:00:00,43725,43725,43725,43725,1,DIRECTA
MINI6F,5M,2026-03-17 10:05:00,2026-03-17,10:05:00,43710,43715,43710,43715,2,DIRECTA
MINI6F,15M,2026-03-17 10:15:00,2026-03-17,10:15:00,43770,43870,43770,43870,16,DIRECTA
MINI6F,5M,2026-03-17 10:15:00,2026-03-17,10:15:00,43770,43785,43770,43785,7,DIRECTA
MINI6F,5M,2026-03-17 10:25:00,2026-03-17,10:25:00,43845,43870,43845,43870,9,DIRECTA
MINI6F,15M,2026-03-17 10:30:00,2026-03-17,10:30:00,43875,43965,43875,43965,17,DIRECTA
MINI6F,5M,2026-03-17 10:30:00,2026-03-17,10:30:00,43875,43920,43875,43900,5,DIRECTA
MINI6F,5M,2026-03-17 10:40:00,2026-03-17,10:40:00,43900,43965,43900,43965,12,DIRECTA
MINI6F,15M,2026-03-17 10:45:00,2026-03-17,10:45:00,43970,43995,43970,43980,9,DIRECTA
MINI6F,5M,2026-03-17 10:45:00,2026-03-17,10:45:00,43970,43995,43970,43995,3,DIRECTA
MINI6F,5M,2026-03-17 10:55:00,2026-03-17,10:55:00,43980,43980,43980,43980,6,DIRECTA
MINI6F,1H,2026-03-17 11:00:00,2026-03-17,11:00:00,43980,43980,43860,43970,14,DIRECTA
MINI6F,15M,2026-03-17 11:00:00,2026-03-17,11:00:00,43980,43980,43945,43960,8,DIRECTA
MINI6F,5M,2026-03-17 11:00:00,2026-03-17,11:00:00,43980,43980,43950,43950,6,DIRECTA
MINI6F,5M,2026-03-17 11:05:00,2026-03-17,11:05:00,43945,43960,43945,43960,2,DIRECTA
MINI6F,15M,2026-03-17 11:15:00,2026-03-17,11:15:00,43880,43880,43860,43860,2,DIRECTA
MINI6F,5M,2026-03-17 11:25:00,2026-03-17,11:25:00,43880,43880,43860,43860,2,DIRECTA
MINI6F,15M,2026-03-17 11:30:00,2026-03-17,11:30:00,43860,43950,43860,43950,3,DIRECTA
MINI6F,5M,2026-03-17 11:30:00,2026-03-17,11:30:00,43860,43950,43860,43950,3,DIRECTA
MINI6F,15M,2026-03-17 11:45:00,2026-03-17,11:45:00,43970,43970,43970,43970,1,DIRECTA
MINI6F,5M,2026-03-17 11:45:00,2026-03-17,11:45:00,43970,43970,43970,43970,1,DIRECTA
MINI6F,1H,2026-03-17 12:00:00,2026-03-17,12:00:00,43970,44080,43930,44080,53,DIRECTA
MINI6F,15M,2026-03-17 12:00:00,2026-03-17,12:00:00,43970,43985,43970,43985,2,DIRECTA
MINI6F,5M,2026-03-17 12:00:00,2026-03-17,12:00:00,43970,43985,43970,43985,2,DIRECTA
MINI6F,15M,2026-03-17 12:15:00,2026-03-17,12:15:00,43930,44010,43930,44010,18,DIRECTA
MINI6F,5M,2026-03-17 12:15:00,2026-03-17,12:15:00,43930,44000,43930,44000,10,DIRECTA
MINI6F,5M,2026-03-17 12:20:00,2026-03-17,12:20:00,43990,44010,43990,44010,8,DIRECTA
MINI6F,15M,2026-03-17 12:30:00,2026-03-17,12:30:00,43985,44060,43980,44060,27,DIRECTA
MINI6F,5M,2026-03-17 12:30:00,2026-03-17,12:30:00,43985,43985,43980,43980,11,DIRECTA
MINI6F,5M,2026-03-17 12:40:00,2026-03-17,12:40:00,44045,44060,44040,44060,16,DIRECTA
MINI6F,15M,2026-03-17 12:45:00,2026-03-17,12:45:00,44070,44080,44070,44080,6,DIRECTA
MINI6F,5M,2026-03-17 12:45:00,2026-03-17,12:45:00,44070,44070,44070,44070,3,DIRECTA
MINI6F,5M,2026-03-17 12:50:00,2026-03-17,12:50:00,44070,44080,44070,44080,3,DIRECTA
MINI6F,1H,2026-03-17 13:00:00,2026-03-17,13:00:00,44150,44265,44100,44165,40,DIRECTA
MINI6F,15M,2026-03-17 13:00:00,2026-03-17,13:00:00,44150,44170,44100,44140,8,DIRECTA
MINI6F,5M,2026-03-17 13:05:00,2026-03-17,13:05:00,44150,44170,44150,44170,2,DIRECTA
MINI6F,5M,2026-03-17 13:10:00,2026-03-17,13:10:00,44100,44140,44100,44140,6,DIRECTA
MINI6F,15M,2026-03-17 13:15:00,2026-03-17,13:15:00,44125,44265,44120,44265,29,DIRECTA
MINI6F,5M,2026-03-17 13:20:00,2026-03-17,13:20:00,44125,44145,44120,44145,3,DIRECTA
MINI6F,5M,2026-03-17 13:25:00,2026-03-17,13:25:00,44170,44265,44170,44265,26,DIRECTA
MINI6F,15M,2026-03-17 13:30:00,2026-03-17,13:30:00,44200,44200,44200,44200,2,DIRECTA
MINI6F,5M,2026-03-17 13:35:00,2026-03-17,13:35:00,44200,44200,44200,44200,2,DIRECTA
MINI6F,15M,2026-03-17 13:45:00,2026-03-17,13:45:00,44165,44165,44165,44165,1,DIRECTA
MINI6F,5M,2026-03-17 13:55:00,2026-03-17,13:55:00,44165,44165,44165,44165,1,DIRECTA
MINI6F,1H,2026-03-17 14:00:00,2026-03-17,14:00:00,44200,44400,44200,44200,82,DIRECTA
MINI6F,15M,2026-03-17 14:00:00,2026-03-17,14:00:00,44200,44300,44200,44280,9,DIRECTA
MINI6F,5M,2026-03-17 14:00:00,2026-03-17,14:00:00,44200,44205,44200,44205,4,DIRECTA
MINI6F,5M,2026-03-17 14:10:00,2026-03-17,14:10:00,44260,44300,44260,44280,5,DIRECTA
MINI6F,15M,2026-03-17 14:15:00,2026-03-17,14:15:00,44300,44345,44300,44345,17,DIRECTA
MINI6F,5M,2026-03-17 14:15:00,2026-03-17,14:15:00,44300,44305,44300,44300,12,DIRECTA
MINI6F,5M,2026-03-17 14:20:00,2026-03-17,14:20:00,44325,44325,44325,44325,1,DIRECTA
MINI6F,5M,2026-03-17 14:25:00,2026-03-17,14:25:00,44315,44345,44315,44345,4,DIRECTA
MINI6F,15M,2026-03-17 14:30:00,2026-03-17,14:30:00,44315,44400,44315,44385,38,DIRECTA
MINI6F,5M,2026-03-17 14:30:00,2026-03-17,14:30:00,44315,44345,44315,44345,9,DIRECTA
MINI6F,5M,2026-03-17 14:35:00,2026-03-17,14:35:00,44355,44390,44355,44390,12,DIRECTA
MINI6F,5M,2026-03-17 14:40:00,2026-03-17,14:40:00,44395,44400,44385,44385,17,DIRECTA
MINI6F,15M,2026-03-17 14:45:00,2026-03-17,14:45:00,44350,44400,44200,44200,18,DIRECTA
MINI6F,5M,2026-03-17 14:45:00,2026-03-17,14:45:00,44350,44400,44350,44400,9,DIRECTA
MINI6F,5M,2026-03-17 14:50:00,2026-03-17,14:50:00,44365,44365,44365,44365,1,DIRECTA
MINI6F,5M,2026-03-17 14:55:00,2026-03-17,14:55:00,44375,44380,44200,44200,8,DIRECTA
MINI6F,1H,2026-03-17 15:00:00,2026-03-17,15:00:00,44340,44405,44320,44375,35,DIRECTA
MINI6F,15M,2026-03-17 15:00:00,2026-03-17,15:00:00,44340,44400,44340,44360,12,DIRECTA
MINI6F,5M,2026-03-17 15:00:00,2026-03-17,15:00:00,44340,44355,44340,44355,5,DIRECTA
MINI6F,5M,2026-03-17 15:05:00,2026-03-17,15:05:00,44380,44400,44380,44400,5,DIRECTA
MINI6F,5M,2026-03-17 15:10:00,2026-03-17,15:10:00,44375,44375,44360,44360,2,DIRECTA
MINI6F,15M,2026-03-17 15:15:00,2026-03-17,15:15:00,44340,44340,44340,44340,1,DIRECTA
MINI6F,5M,2026-03-17 15:15:00,2026-03-17,15:15:00,44340,44340,44340,44340,1,DIRECTA
MINI6F,15M,2026-03-17 15:30:00,2026-03-17,15:30:00,44350,44400,44320,44400,11,DIRECTA
MINI6F,5M,2026-03-17 15:30:00,2026-03-17,15:30:00,44350,44370,44320,44370,5,DIRECTA
MINI6F,5M,2026-03-17 15:40:00,2026-03-17,15:40:00,44395,44400,44395,44400,6,DIRECTA
MINI6F,15M,2026-03-17 15:45:00,2026-03-17,15:45:00,44400,44405,44375,44375,11,DIRECTA
MINI6F,5M,2026-03-17 15:45:00,2026-03-17,15:45:00,44400,44405,44400,44405,10,DIRECTA
MINI6F,5M,2026-03-17 15:50:00,2026-03-17,15:50:00,44375,44375,44375,44375,1,DIRECTA
MINI6F,1H,2026-03-17 16:00:00,2026-03-17,16:00:00,44390,44390,44190,44210,41,DIRECTA
MINI6F,15M,2026-03-17 16:00:00,2026-03-17,16:00:00,44390,44390,44290,44290,14,DIRECTA
MINI6F,5M,2026-03-17 16:00:00,2026-03-17,16:00:00,44390,44390,44360,44360,11,DIRECTA
MINI6F,5M,2026-03-17 16:05:00,2026-03-17,16:05:00,44340,44340,44340,44340,1,DIRECTA
MINI6F,5M,2026-03-17 16:10:00,2026-03-17,16:10:00,44290,44290,44290,44290,2,DIRECTA
MINI6F,15M,2026-03-17 16:15:00,2026-03-17,16:15:00,44265,44275,44225,44275,9,DIRECTA
MINI6F,5M,2026-03-17 16:15:00,2026-03-17,16:15:00,44265,44265,44225,44225,5,DIRECTA
MINI6F,5M,2026-03-17 16:20:00,2026-03-17,16:20:00,44260,44275,44245,44275,4,DIRECTA
MINI6F,15M,2026-03-17 16:30:00,2026-03-17,16:30:00,44205,44285,44190,44285,9,DIRECTA
MINI6F,5M,2026-03-17 16:30:00,2026-03-17,16:30:00,44205,44205,44200,44200,2,DIRECTA
MINI6F,5M,2026-03-17 16:35:00,2026-03-17,16:35:00,44240,44240,44190,44190,2,DIRECTA
MINI6F,5M,2026-03-17 16:40:00,2026-03-17,16:40:00,44210,44285,44210,44285,5,DIRECTA
MINI6F,15M,2026-03-17 16:45:00,2026-03-17,16:45:00,44225,44250,44195,44210,9,DIRECTA
MINI6F,5M,2026-03-17 16:45:00,2026-03-17,16:45:00,44225,44250,44225,44235,6,DIRECTA
MINI6F,5M,2026-03-17 16:50:00,2026-03-17,16:50:00,44235,44235,44235,44235,1,DIRECTA
MINI6F,5M,2026-03-17 16:55:00,2026-03-17,16:55:00,44195,44210,44195,44210,2,DIRECTA
MINI6F,1H,2026-03-17 17:00:00,2026-03-17,17:00:00,44150,44185,44060,44060,11,DIRECTA
MINI6F,15M,2026-03-17 17:00:00,2026-03-17,17:00:00,44150,44185,44140,44185,7,DIRECTA
MINI6F,5M,2026-03-17 17:00:00,2026-03-17,17:00:00,44150,44150,44150,44150,1,DIRECTA
MINI6F,5M,2026-03-17 17:05:00,2026-03-17,17:05:00,44140,44170,44140,44170,5,DIRECTA
MINI6F,5M,2026-03-17 17:10:00,2026-03-17,17:10:00,44185,44185,44185,44185,1,DIRECTA
MINI6F,15M,2026-03-17 17:15:00,2026-03-17,17:15:00,44180,44180,44180,44180,1,DIRECTA
MINI6F,5M,2026-03-17 17:20:00,2026-03-17,17:20:00,44180,44180,44180,44180,1,DIRECTA
MINI6F,15M,2026-03-17 17:30:00,2026-03-17,17:30:00,44100,44100,44060,44060,3,DIRECTA
MINI6F,5M,2026-03-17 17:30:00,2026-03-17,17:30:00,44100,44100,44060,44060,3,DIRECTA
MINI6F,1H,2026-03-17 18:00:00,2026-03-17,18:00:00,44150,44210,44150,44195,8,DIRECTA
MINI6F,15M,2026-03-17 18:00:00,2026-03-17,18:00:00,44150,44165,44150,44165,5,DIRECTA
MINI6F,5M,2026-03-17 18:00:00,2026-03-17,18:00:00,44150,44150,44150,44150,3,DIRECTA
MINI6F,5M,2026-03-17 18:05:00,2026-03-17,18:05:00,44165,44165,44165,44165,1,DIRECTA
MINI6F,5M,2026-03-17 18:10:00,2026-03-17,18:10:00,44165,44165,44165,44165,1,DIRECTA
MINI6F,15M,2026-03-17 18:15:00,2026-03-17,18:15:00,44210,44210,44210,44210,1,DIRECTA
MINI6F,5M,2026-03-17 18:25:00,2026-03-17,18:25:00,44210,44210,44210,44210,1,DIRECTA
MINI6F,15M,2026-03-17 18:45:00,2026-03-17,18:45:00,44150,44195,44150,44195,2,DIRECTA
MINI6F,5M,2026-03-17 18:45:00,2026-03-17,18:45:00,44150,44150,44150,44150,1,DIRECTA
MINI6F,5M,2026-03-17 18:50:00,2026-03-17,18:50:00,44195,44195,44195,44195,1,DIRECTA
MINI6F,1H,2026-03-17 19:00:00,2026-03-17,19:00:00,44195,44195,44195,44195,1,DIRECTA
MINI6F,15M,2026-03-17 19:15:00,2026-03-17,19:15:00,44195,44195,44195,44195,1,DIRECTA
MINI6F,5M,2026-03-17 19:20:00,2026-03-17,19:20:00,44195,44195,44195,44195,1,DIRECTA
MINI6F,1H,2026-03-17 20:00:00,2026-03-17,20:00:00,44160,44160,44160,44160,1,DIRECTA
MINI6F,15M,2026-03-17 20:45:00,2026-03-17,20:45:00,44160,44160,44160,44160,1,DIRECTA
MINI6F,5M,2026-03-17 20:45:00,2026-03-17,20:45:00,44160,44160,44160,44160,1,DIRECTA
MINI6F,1H,2026-03-17 21:00:00,2026-03-17,21:00:00,44180,44205,44155,44190,14,DIRECTA
MINI6F,15M,2026-03-17 21:00:00,2026-03-17,21:00:00,44180,44180,44170,44180,3,DIRECTA
MINI6F,5M,2026-03-17 21:00:00,2026-03-17,21:00:00,44180,44180,44170,44170,2,DIRECTA
MINI6F,5M,2026-03-17 21:10:00,2026-03-17,21:10:00,44180,44180,44180,44180,1,DIRECTA
MINI6F,15M,2026-03-17 21:15:00,2026-03-17,21:15:00,44180,44180,44180,44180,2,DIRECTA
MINI6F,5M,2026-03-17 21:15:00,2026-03-17,21:15:00,44180,44180,44180,44180,1,DIRECTA
MINI6F,5M,2026-03-17 21:20:00,2026-03-17,21:20:00,44180,44180,44180,44180,1,DIRECTA
MINI6F,15M,2026-03-17 21:30:00,2026-03-17,21:30:00,44155,44200,44155,44200,3,DIRECTA
MINI6F,5M,2026-03-17 21:30:00,2026-03-17,21:30:00,44155,44155,44155,44155,1,DIRECTA
MINI6F,5M,2026-03-17 21:35:00,2026-03-17,21:35:00,44170,44200,44170,44200,2,DIRECTA
MINI6F,15M,2026-03-17 21:45:00,2026-03-17,21:45:00,44180,44205,44180,44190,6,DIRECTA
MINI6F,5M,2026-03-17 21:50:00,2026-03-17,21:50:00,44180,44180,44180,44180,1,DIRECTA
MINI6F,5M,2026-03-17 21:55:00,2026-03-17,21:55:00,44205,44205,44180,44190,5,DIRECTA
MINI6F,D,2026-03-18 08:00:00,2026-03-18,08:00:00,44530,44725,43425,44003,1047,DIRECTA
MINI6F,1H,2026-03-18 08:00:00,2026-03-18,08:00:00,44530,44725,44410,44410,55,DIRECTA
MINI6F,15M,2026-03-18 08:00:00,2026-03-18,08:00:00,44530,44725,44500,44500,37,DIRECTA
MINI6F,5M,2026-03-18 08:00:00,2026-03-18,08:00:00,44530,44725,44530,44555,20,DIRECTA
MINI6F,5M,2026-03-18 08:05:00,2026-03-18,08:05:00,44560,44560,44540,44540,12,DIRECTA
MINI6F,5M,2026-03-18 08:10:00,2026-03-18,08:10:00,44530,44530,44500,44500,5,DIRECTA
MINI6F,15M,2026-03-18 08:15:00,2026-03-18,08:15:00,44495,44545,44455,44490,12,DIRECTA
MINI6F,5M,2026-03-18 08:15:00,2026-03-18,08:15:00,44495,44495,44455,44455,6,DIRECTA
MINI6F,5M,2026-03-18 08:20:00,2026-03-18,08:20:00,44515,44545,44510,44510,5,DIRECTA
MINI6F,5M,2026-03-18 08:25:00,2026-03-18,08:25:00,44490,44490,44490,44490,1,DIRECTA
MINI6F,15M,2026-03-18 08:30:00,2026-03-18,08:30:00,44500,44500,44465,44465,3,DIRECTA
MINI6F,5M,2026-03-18 08:30:00,2026-03-18,08:30:00,44500,44500,44500,44500,2,DIRECTA
MINI6F,5M,2026-03-18 08:35:00,2026-03-18,08:35:00,44465,44465,44465,44465,1,DIRECTA
MINI6F,15M,2026-03-18 08:45:00,2026-03-18,08:45:00,44430,44430,44410,44410,3,DIRECTA
MINI6F,5M,2026-03-18 08:45:00,2026-03-18,08:45:00,44430,44430,44430,44430,1,DIRECTA
MINI6F,5M,2026-03-18 08:55:00,2026-03-18,08:55:00,44430,44430,44410,44410,2,DIRECTA
MINI6F,1H,2026-03-18 09:00:00,2026-03-18,09:00:00,44410,44535,44315,44535,76,DIRECTA
MINI6F,15M,2026-03-18 09:00:00,2026-03-18,09:00:00,44410,44455,44365,44450,23,DIRECTA
MINI6F,5M,2026-03-18 09:00:00,2026-03-18,09:00:00,44410,44415,44365,44365,8,DIRECTA
MINI6F,5M,2026-03-18 09:05:00,2026-03-18,09:05:00,44430,44455,44430,44440,9,DIRECTA
MINI6F,5M,2026-03-18 09:10:00,2026-03-18,09:10:00,44440,44450,44440,44450,6,DIRECTA
MINI6F,15M,2026-03-18 09:15:00,2026-03-18,09:15:00,44380,44420,44345,44355,12,DIRECTA
MINI6F,5M,2026-03-18 09:15:00,2026-03-18,09:15:00,44380,44380,44380,44380,1,DIRECTA
MINI6F,5M,2026-03-18 09:20:00,2026-03-18,09:20:00,44420,44420,44370,44370,9,DIRECTA
MINI6F,5M,2026-03-18 09:25:00,2026-03-18,09:25:00,44345,44355,44345,44355,2,DIRECTA
MINI6F,15M,2026-03-18 09:30:00,2026-03-18,09:30:00,44315,44400,44315,44385,8,DIRECTA
MINI6F,5M,2026-03-18 09:30:00,2026-03-18,09:30:00,44315,44315,44315,44315,1,DIRECTA
MINI6F,5M,2026-03-18 09:35:00,2026-03-18,09:35:00,44345,44350,44340,44340,5,DIRECTA
MINI6F,5M,2026-03-18 09:40:00,2026-03-18,09:40:00,44400,44400,44385,44385,2,DIRECTA
MINI6F,15M,2026-03-18 09:45:00,2026-03-18,09:45:00,44390,44535,44385,44535,33,DIRECTA
MINI6F,5M,2026-03-18 09:45:00,2026-03-18,09:45:00,44390,44475,44385,44425,18,DIRECTA
MINI6F,5M,2026-03-18 09:50:00,2026-03-18,09:50:00,44500,44525,44495,44525,11,DIRECTA
MINI6F,5M,2026-03-18 09:55:00,2026-03-18,09:55:00,44515,44535,44515,44535,4,DIRECTA
MINI6F,1H,2026-03-18 10:00:00,2026-03-18,10:00:00,44535,44615,44495,44580,51,DIRECTA
MINI6F,15M,2026-03-18 10:00:00,2026-03-18,10:00:00,44535,44550,44495,44515,16,DIRECTA
MINI6F,5M,2026-03-18 10:00:00,2026-03-18,10:00:00,44535,44550,44500,44530,9,DIRECTA
MINI6F,5M,2026-03-18 10:05:00,2026-03-18,10:05:00,44540,44550,44540,44550,3,DIRECTA
MINI6F,5M,2026-03-18 10:10:00,2026-03-18,10:10:00,44530,44540,44495,44515,4,DIRECTA
MINI6F,15M,2026-03-18 10:15:00,2026-03-18,10:15:00,44510,44545,44510,44525,12,DIRECTA
MINI6F,5M,2026-03-18 10:15:00,2026-03-18,10:15:00,44510,44525,44510,44525,3,DIRECTA
MINI6F,5M,2026-03-18 10:20:00,2026-03-18,10:20:00,44525,44545,44520,44520,6,DIRECTA
MINI6F,5M,2026-03-18 10:25:00,2026-03-18,10:25:00,44520,44525,44520,44525,3,DIRECTA
MINI6F,15M,2026-03-18 10:30:00,2026-03-18,10:30:00,44525,44570,44525,44545,8,DIRECTA
MINI6F,5M,2026-03-18 10:30:00,2026-03-18,10:30:00,44525,44570,44525,44570,6,DIRECTA
MINI6F,5M,2026-03-18 10:40:00,2026-03-18,10:40:00,44545,44545,44545,44545,2,DIRECTA
MINI6F,15M,2026-03-18 10:45:00,2026-03-18,10:45:00,44600,44615,44580,44580,15,DIRECTA
MINI6F,5M,2026-03-18 10:45:00,2026-03-18,10:45:00,44600,44610,44600,44610,2,DIRECTA
MINI6F,5M,2026-03-18 10:50:00,2026-03-18,10:50:00,44615,44615,44605,44605,5,DIRECTA
MINI6F,5M,2026-03-18 10:55:00,2026-03-18,10:55:00,44605,44610,44580,44580,8,DIRECTA
MINI6F,1H,2026-03-18 11:00:00,2026-03-18,11:00:00,44580,44650,44565,44580,47,DIRECTA
MINI6F,15M,2026-03-18 11:00:00,2026-03-18,11:00:00,44580,44640,44580,44605,9,DIRECTA
MINI6F,5M,2026-03-18 11:00:00,2026-03-18,11:00:00,44580,44580,44580,44580,2,DIRECTA
MINI6F,5M,2026-03-18 11:05:00,2026-03-18,11:05:00,44625,44640,44625,44640,2,DIRECTA
MINI6F,5M,2026-03-18 11:10:00,2026-03-18,11:10:00,44620,44630,44600,44605,5,DIRECTA
MINI6F,15M,2026-03-18 11:15:00,2026-03-18,11:15:00,44600,44630,44600,44615,8,DIRECTA
MINI6F,5M,2026-03-18 11:15:00,2026-03-18,11:15:00,44600,44605,44600,44600,4,DIRECTA
MINI6F,5M,2026-03-18 11:20:00,2026-03-18,11:20:00,44625,44625,44625,44625,1,DIRECTA
MINI6F,5M,2026-03-18 11:25:00,2026-03-18,11:25:00,44620,44630,44615,44615,3,DIRECTA
MINI6F,15M,2026-03-18 11:30:00,2026-03-18,11:30:00,44600,44650,44600,44625,11,DIRECTA
MINI6F,5M,2026-03-18 11:30:00,2026-03-18,11:30:00,44600,44650,44600,44600,9,DIRECTA
MINI6F,5M,2026-03-18 11:35:00,2026-03-18,11:35:00,44635,44635,44625,44625,2,DIRECTA
MINI6F,15M,2026-03-18 11:45:00,2026-03-18,11:45:00,44630,44630,44565,44580,19,DIRECTA
MINI6F,5M,2026-03-18 11:45:00,2026-03-18,11:45:00,44630,44630,44620,44620,8,DIRECTA
MINI6F,5M,2026-03-18 11:55:00,2026-03-18,11:55:00,44580,44595,44565,44580,11,DIRECTA
MINI6F,1H,2026-03-18 12:00:00,2026-03-18,12:00:00,44575,44670,44465,44490,41,DIRECTA
MINI6F,15M,2026-03-18 12:00:00,2026-03-18,12:00:00,44575,44640,44575,44640,5,DIRECTA
MINI6F,5M,2026-03-18 12:00:00,2026-03-18,12:00:00,44575,44585,44575,44585,2,DIRECTA
MINI6F,5M,2026-03-18 12:10:00,2026-03-18,12:10:00,44640,44640,44640,44640,3,DIRECTA
MINI6F,15M,2026-03-18 12:15:00,2026-03-18,12:15:00,44645,44670,44475,44475,17,DIRECTA
MINI6F,5M,2026-03-18 12:15:00,2026-03-18,12:15:00,44645,44660,44645,44660,6,DIRECTA
MINI6F,5M,2026-03-18 12:20:00,2026-03-18,12:20:00,44665,44670,44665,44670,4,DIRECTA
MINI6F,5M,2026-03-18 12:25:00,2026-03-18,12:25:00,44665,44665,44475,44475,7,DIRECTA
MINI6F,15M,2026-03-18 12:30:00,2026-03-18,12:30:00,44475,44555,44465,44555,15,DIRECTA
MINI6F,5M,2026-03-18 12:30:00,2026-03-18,12:30:00,44475,44550,44465,44535,12,DIRECTA
MINI6F,5M,2026-03-18 12:35:00,2026-03-18,12:35:00,44465,44465,44465,44465,1,DIRECTA
MINI6F,5M,2026-03-18 12:40:00,2026-03-18,12:40:00,44475,44555,44475,44555,2,DIRECTA
MINI6F,15M,2026-03-18 12:45:00,2026-03-18,12:45:00,44525,44535,44490,44490,4,DIRECTA
MINI6F,5M,2026-03-18 12:50:00,2026-03-18,12:50:00,44525,44535,44490,44490,4,DIRECTA
MINI6F,1H,2026-03-18 13:00:00,2026-03-18,13:00:00,44485,44505,44005,44005,171,DIRECTA
MINI6F,15M,2026-03-18 13:00:00,2026-03-18,13:00:00,44485,44505,44365,44365,41,DIRECTA
MINI6F,5M,2026-03-18 13:00:00,2026-03-18,13:00:00,44485,44505,44410,44410,16,DIRECTA
MINI6F,5M,2026-03-18 13:05:00,2026-03-18,13:05:00,44430,44430,44385,44385,20,DIRECTA
MINI6F,5M,2026-03-18 13:10:00,2026-03-18,13:10:00,44400,44400,44365,44365,5,DIRECTA
MINI6F,15M,2026-03-18 13:15:00,2026-03-18,13:15:00,44390,44400,44215,44330,39,DIRECTA
MINI6F,5M,2026-03-18 13:15:00,2026-03-18,13:15:00,44390,44400,44250,44250,28,DIRECTA
MINI6F,5M,2026-03-18 13:20:00,2026-03-18,13:20:00,44215,44260,44215,44260,4,DIRECTA
MINI6F,5M,2026-03-18 13:25:00,2026-03-18,13:25:00,44325,44335,44305,44330,7,DIRECTA
MINI6F,15M,2026-03-18 13:30:00,2026-03-18,13:30:00,44260,44305,44085,44110,34,DIRECTA
MINI6F,5M,2026-03-18 13:30:00,2026-03-18,13:30:00,44260,44280,44215,44215,7,DIRECTA
MINI6F,5M,2026-03-18 13:35:00,2026-03-18,13:35:00,44260,44260,44220,44220,2,DIRECTA
MINI6F,5M,2026-03-18 13:40:00,2026-03-18,13:40:00,44270,44305,44085,44110,25,DIRECTA
MINI6F,15M,2026-03-18 13:45:00,2026-03-18,13:45:00,44100,44125,44005,44005,57,DIRECTA
MINI6F,5M,2026-03-18 13:45:00,2026-03-18,13:45:00,44100,44125,44045,44080,27,DIRECTA
MINI6F,5M,2026-03-18 13:50:00,2026-03-18,13:50:00,44050,44110,44020,44020,13,DIRECTA
MINI6F,5M,2026-03-18 13:55:00,2026-03-18,13:55:00,44050,44090,44005,44005,17,DIRECTA
MINI6F,1H,2026-03-18 14:00:00,2026-03-18,14:00:00,44030,44185,43935,44085,173,DIRECTA
MINI6F,15M,2026-03-18 14:00:00,2026-03-18,14:00:00,44030,44040,43950,43990,54,DIRECTA
MINI6F,5M,2026-03-18 14:00:00,2026-03-18,14:00:00,44030,44040,43950,44010,35,DIRECTA
MINI6F,5M,2026-03-18 14:05:00,2026-03-18,14:05:00,44040,44040,43980,44030,7,DIRECTA
MINI6F,5M,2026-03-18 14:10:00,2026-03-18,14:10:00,43995,44035,43990,43990,12,DIRECTA
MINI6F,15M,2026-03-18 14:15:00,2026-03-18,14:15:00,43990,44170,43935,44150,60,DIRECTA
MINI6F,5M,2026-03-18 14:15:00,2026-03-18,14:15:00,43990,44025,43935,44015,17,DIRECTA
MINI6F,5M,2026-03-18 14:20:00,2026-03-18,14:20:00,44055,44100,44050,44050,28,DIRECTA
MINI6F,5M,2026-03-18 14:25:00,2026-03-18,14:25:00,44075,44170,44075,44150,15,DIRECTA
MINI6F,15M,2026-03-18 14:30:00,2026-03-18,14:30:00,44145,44185,44085,44100,34,DIRECTA
MINI6F,5M,2026-03-18 14:30:00,2026-03-18,14:30:00,44145,44185,44115,44150,12,DIRECTA
MINI6F,5M,2026-03-18 14:35:00,2026-03-18,14:35:00,44125,44155,44125,44155,2,DIRECTA
MINI6F,5M,2026-03-18 14:40:00,2026-03-18,14:40:00,44150,44150,44085,44100,20,DIRECTA
MINI6F,15M,2026-03-18 14:45:00,2026-03-18,14:45:00,44075,44125,44025,44085,25,DIRECTA
MINI6F,5M,2026-03-18 14:45:00,2026-03-18,14:45:00,44075,44125,44055,44055,9,DIRECTA
MINI6F,5M,2026-03-18 14:50:00,2026-03-18,14:50:00,44050,44075,44025,44065,12,DIRECTA
MINI6F,5M,2026-03-18 14:55:00,2026-03-18,14:55:00,44055,44085,44045,44085,4,DIRECTA
MINI6F,1H,2026-03-18 15:00:00,2026-03-18,15:00:00,44080,44120,43795,43925,138,DIRECTA
MINI6F,15M,2026-03-18 15:00:00,2026-03-18,15:00:00,44080,44120,44005,44005,38,DIRECTA
MINI6F,5M,2026-03-18 15:00:00,2026-03-18,15:00:00,44080,44100,44035,44070,19,DIRECTA
MINI6F,5M,2026-03-18 15:05:00,2026-03-18,15:05:00,44080,44120,44080,44110,12,DIRECTA
MINI6F,5M,2026-03-18 15:10:00,2026-03-18,15:10:00,44045,44045,44005,44005,7,DIRECTA
MINI6F,15M,2026-03-18 15:15:00,2026-03-18,15:15:00,44025,44030,43890,43915,29,DIRECTA
MINI6F,5M,2026-03-18 15:15:00,2026-03-18,15:15:00,44025,44030,43980,43980,15,DIRECTA
MINI6F,5M,2026-03-18 15:20:00,2026-03-18,15:20:00,43970,44005,43970,43995,6,DIRECTA
MINI6F,5M,2026-03-18 15:25:00,2026-03-18,15:25:00,43990,43990,43890,43915,8,DIRECTA
MINI6F,15M,2026-03-18 15:30:00,2026-03-18,15:30:00,43920,43940,43830,43840,41,DIRECTA
MINI6F,5M,2026-03-18 15:30:00,2026-03-18,15:30:00,43920,43940,43890,43890,18,DIRECTA
MINI6F,5M,2026-03-18 15:35:00,2026-03-18,15:35:00,43900,43915,43865,43865,14,DIRECTA
MINI6F,5M,2026-03-18 15:40:00,2026-03-18,15:40:00,43850,43860,43830,43840,9,DIRECTA
MINI6F,15M,2026-03-18 15:45:00,2026-03-18,15:45:00,43840,43925,43795,43925,30,DIRECTA
MINI6F,5M,2026-03-18 15:45:00,2026-03-18,15:45:00,43840,43860,43835,43860,7,DIRECTA
MINI6F,5M,2026-03-18 15:50:00,2026-03-18,15:50:00,43805,43815,43795,43810,9,DIRECTA
MINI6F,5M,2026-03-18 15:55:00,2026-03-18,15:55:00,43815,43925,43810,43925,14,DIRECTA
MINI6F,1H,2026-03-18 16:00:00,2026-03-18,16:00:00,43930,44050,43925,43950,82,DIRECTA
MINI6F,15M,2026-03-18 16:00:00,2026-03-18,16:00:00,43930,44050,43930,44030,36,DIRECTA
MINI6F,5M,2026-03-18 16:00:00,2026-03-18,16:00:00,43930,43965,43930,43960,20,DIRECTA
MINI6F,5M,2026-03-18 16:05:00,2026-03-18,16:05:00,43980,44050,43980,44050,6,DIRECTA
MINI6F,5M,2026-03-18 16:10:00,2026-03-18,16:10:00,44035,44035,44020,44030,10,DIRECTA
MINI6F,15M,2026-03-18 16:15:00,2026-03-18,16:15:00,44035,44040,43925,44025,19,DIRECTA
MINI6F,5M,2026-03-18 16:15:00,2026-03-18,16:15:00,44035,44040,44000,44000,3,DIRECTA
MINI6F,5M,2026-03-18 16:20:00,2026-03-18,16:20:00,43930,43965,43925,43965,10,DIRECTA
MINI6F,5M,2026-03-18 16:25:00,2026-03-18,16:25:00,44015,44040,44015,44025,6,DIRECTA
MINI6F,15M,2026-03-18 16:30:00,2026-03-18,16:30:00,43990,44030,43990,43990,19,DIRECTA
MINI6F,5M,2026-03-18 16:30:00,2026-03-18,16:30:00,43990,44015,43990,44015,2,DIRECTA
MINI6F,5M,2026-03-18 16:35:00,2026-03-18,16:35:00,44020,44030,44010,44020,14,DIRECTA
MINI6F,5M,2026-03-18 16:40:00,2026-03-18,16:40:00,44025,44025,43990,43990,3,DIRECTA
MINI6F,15M,2026-03-18 16:45:00,2026-03-18,16:45:00,43970,43990,43950,43950,8,DIRECTA
MINI6F,5M,2026-03-18 16:45:00,2026-03-18,16:45:00,43970,43990,43970,43990,3,DIRECTA
MINI6F,5M,2026-03-18 16:55:00,2026-03-18,16:55:00,43990,43990,43950,43950,5,DIRECTA
MINI6F,1H,2026-03-18 17:00:00,2026-03-18,17:00:00,43970,44075,43925,43995,54,DIRECTA
MINI6F,15M,2026-03-18 17:00:00,2026-03-18,17:00:00,43970,43990,43925,43990,20,DIRECTA
MINI6F,5M,2026-03-18 17:00:00,2026-03-18,17:00:00,43970,43975,43925,43925,15,DIRECTA
MINI6F,5M,2026-03-18 17:05:00,2026-03-18,17:05:00,43950,43960,43950,43960,2,DIRECTA
MINI6F,5M,2026-03-18 17:10:00,2026-03-18,17:10:00,43960,43990,43960,43990,3,DIRECTA
MINI6F,15M,2026-03-18 17:15:00,2026-03-18,17:15:00,43970,44075,43955,44075,17,DIRECTA
MINI6F,5M,2026-03-18 17:15:00,2026-03-18,17:15:00,43970,43990,43955,43990,3,DIRECTA
MINI6F,5M,2026-03-18 17:20:00,2026-03-18,17:20:00,44025,44055,44025,44055,3,DIRECTA
MINI6F,5M,2026-03-18 17:25:00,2026-03-18,17:25:00,44065,44075,44060,44075,11,DIRECTA
MINI6F,15M,2026-03-18 17:30:00,2026-03-18,17:30:00,44040,44070,44000,44005,11,DIRECTA
MINI6F,5M,2026-03-18 17:30:00,2026-03-18,17:30:00,44040,44070,44000,44070,8,DIRECTA
MINI6F,5M,2026-03-18 17:35:00,2026-03-18,17:35:00,44005,44005,44000,44005,3,DIRECTA
MINI6F,15M,2026-03-18 17:45:00,2026-03-18,17:45:00,43980,43995,43980,43995,6,DIRECTA
MINI6F,5M,2026-03-18 17:45:00,2026-03-18,17:45:00,43980,43995,43980,43995,5,DIRECTA
MINI6F,5M,2026-03-18 17:50:00,2026-03-18,17:50:00,43995,43995,43995,43995,1,DIRECTA
MINI6F,1H,2026-03-18 18:00:00,2026-03-18,18:00:00,44000,44070,43970,44015,26,DIRECTA
MINI6F,15M,2026-03-18 18:00:00,2026-03-18,18:00:00,44000,44000,43980,43980,6,DIRECTA
MINI6F,5M,2026-03-18 18:00:00,2026-03-18,18:00:00,44000,44000,44000,44000,1,DIRECTA
MINI6F,5M,2026-03-18 18:05:00,2026-03-18,18:05:00,43995,43995,43995,43995,1,DIRECTA
MINI6F,5M,2026-03-18 18:10:00,2026-03-18,18:10:00,43990,43990,43980,43980,4,DIRECTA
MINI6F,15M,2026-03-18 18:15:00,2026-03-18,18:15:00,43985,44005,43970,44000,10,DIRECTA
MINI6F,5M,2026-03-18 18:15:00,2026-03-18,18:15:00,43985,43990,43985,43990,4,DIRECTA
MINI6F,5M,2026-03-18 18:20:00,2026-03-18,18:20:00,44005,44005,44000,44000,2,DIRECTA
MINI6F,5M,2026-03-18 18:25:00,2026-03-18,18:25:00,44000,44000,43970,44000,4,DIRECTA
MINI6F,15M,2026-03-18 18:30:00,2026-03-18,18:30:00,44040,44040,44040,44040,1,DIRECTA
MINI6F,5M,2026-03-18 18:35:00,2026-03-18,18:35:00,44040,44040,44040,44040,1,DIRECTA
MINI6F,15M,2026-03-18 18:45:00,2026-03-18,18:45:00,44025,44070,44010,44015,9,DIRECTA
MINI6F,5M,2026-03-18 18:45:00,2026-03-18,18:45:00,44025,44070,44025,44070,4,DIRECTA
MINI6F,5M,2026-03-18 18:55:00,2026-03-18,18:55:00,44055,44055,44010,44015,5,DIRECTA
MINI6F,1H,2026-03-18 19:00:00,2026-03-18,19:00:00,44075,44080,43900,43935,42,DIRECTA
MINI6F,15M,2026-03-18 19:00:00,2026-03-18,19:00:00,44075,44080,43950,44070,10,DIRECTA
MINI6F,5M,2026-03-18 19:00:00,2026-03-18,19:00:00,44075,44080,44075,44080,2,DIRECTA
MINI6F,5M,2026-03-18 19:05:00,2026-03-18,19:05:00,44010,44010,43950,44010,6,DIRECTA
MINI6F,5M,2026-03-18 19:10:00,2026-03-18,19:10:00,44065,44070,44065,44070,2,DIRECTA
MINI6F,15M,2026-03-18 19:15:00,2026-03-18,19:15:00,44010,44015,43950,44000,12,DIRECTA
MINI6F,5M,2026-03-18 19:15:00,2026-03-18,19:15:00,44010,44010,43950,44000,8,DIRECTA
MINI6F,5M,2026-03-18 19:25:00,2026-03-18,19:25:00,44015,44015,44000,44000,4,DIRECTA
MINI6F,15M,2026-03-18 19:30:00,2026-03-18,19:30:00,43915,44060,43900,44060,14,DIRECTA
MINI6F,5M,2026-03-18 19:30:00,2026-03-18,19:30:00,43915,43915,43915,43915,1,DIRECTA
MINI6F,5M,2026-03-18 19:35:00,2026-03-18,19:35:00,43915,43990,43905,43905,4,DIRECTA
MINI6F,5M,2026-03-18 19:40:00,2026-03-18,19:40:00,43900,44060,43900,44060,9,DIRECTA
MINI6F,15M,2026-03-18 19:45:00,2026-03-18,19:45:00,43915,43935,43900,43935,6,DIRECTA
MINI6F,5M,2026-03-18 19:45:00,2026-03-18,19:45:00,43915,43935,43900,43935,6,DIRECTA
MINI6F,1H,2026-03-18 20:00:00,2026-03-18,20:00:00,43805,43830,43515,43610,47,DIRECTA
MINI6F,15M,2026-03-18 20:00:00,2026-03-18,20:00:00,43805,43830,43805,43830,2,DIRECTA
MINI6F,5M,2026-03-18 20:00:00,2026-03-18,20:00:00,43805,43805,43805,43805,1,DIRECTA
MINI6F,5M,2026-03-18 20:10:00,2026-03-18,20:10:00,43830,43830,43830,43830,1,DIRECTA
MINI6F,15M,2026-03-18 20:15:00,2026-03-18,20:15:00,43810,43810,43690,43690,18,DIRECTA
MINI6F,5M,2026-03-18 20:15:00,2026-03-18,20:15:00,43810,43810,43800,43800,2,DIRECTA
MINI6F,5M,2026-03-18 20:20:00,2026-03-18,20:20:00,43765,43770,43715,43730,11,DIRECTA
MINI6F,5M,2026-03-18 20:25:00,2026-03-18,20:25:00,43710,43710,43690,43690,5,DIRECTA
MINI6F,15M,2026-03-18 20:30:00,2026-03-18,20:30:00,43685,43685,43515,43585,22,DIRECTA
MINI6F,5M,2026-03-18 20:30:00,2026-03-18,20:30:00,43685,43685,43685,43685,1,DIRECTA
MINI6F,5M,2026-03-18 20:35:00,2026-03-18,20:35:00,43665,43670,43515,43635,11,DIRECTA
MINI6F,5M,2026-03-18 20:40:00,2026-03-18,20:40:00,43640,43660,43585,43585,10,DIRECTA
MINI6F,15M,2026-03-18 20:45:00,2026-03-18,20:45:00,43595,43610,43590,43610,5,DIRECTA
MINI6F,5M,2026-03-18 20:45:00,2026-03-18,20:45:00,43595,43595,43590,43590,2,DIRECTA
MINI6F,5M,2026-03-18 20:50:00,2026-03-18,20:50:00,43605,43605,43605,43605,1,DIRECTA
MINI6F,5M,2026-03-18 20:55:00,2026-03-18,20:55:00,43610,43610,43610,43610,2,DIRECTA
MINI6F,1H,2026-03-18 21:00:00,2026-03-18,21:00:00,43600,43600,43425,43470,44,DIRECTA
MINI6F,15M,2026-03-18 21:00:00,2026-03-18,21:00:00,43600,43600,43585,43585,7,DIRECTA
MINI6F,5M,2026-03-18 21:05:00,2026-03-18,21:05:00,43600,43600,43595,43595,4,DIRECTA
MINI6F,5M,2026-03-18 21:10:00,2026-03-18,21:10:00,43595,43595,43585,43585,3,DIRECTA
MINI6F,15M,2026-03-18 21:15:00,2026-03-18,21:15:00,43570,43570,43430,43465,19,DIRECTA
MINI6F,5M,2026-03-18 21:15:00,2026-03-18,21:15:00,43570,43570,43550,43550,4,DIRECTA
MINI6F,5M,2026-03-18 21:20:00,2026-03-18,21:20:00,43530,43535,43525,43535,6,DIRECTA
MINI6F,5M,2026-03-18 21:25:00,2026-03-18,21:25:00,43520,43520,43430,43465,9,DIRECTA
MINI6F,15M,2026-03-18 21:30:00,2026-03-18,21:30:00,43475,43475,43440,43450,7,DIRECTA
MINI6F,5M,2026-03-18 21:30:00,2026-03-18,21:30:00,43475,43475,43475,43475,1,DIRECTA
MINI6F,5M,2026-03-18 21:35:00,2026-03-18,21:35:00,43440,43450,43440,43450,6,DIRECTA
MINI6F,15M,2026-03-18 21:45:00,2026-03-18,21:45:00,43475,43480,43425,43470,11,DIRECTA
MINI6F,5M,2026-03-18 21:45:00,2026-03-18,21:45:00,43475,43480,43475,43480,3,DIRECTA
MINI6F,5M,2026-03-18 21:50:00,2026-03-18,21:50:00,43465,43465,43465,43465,1,DIRECTA
MINI6F,5M,2026-03-18 21:55:00,2026-03-18,21:55:00,43450,43480,43425,43470,7,DIRECTA
MINI6F,D,2026-03-19 08:00:00,2026-03-19,08:00:00,43170,43710,42660,42961,3913,DIRECTA
MINI6F,1H,2026-03-19 08:00:00,2026-03-19,08:00:00,43350,43710,43220,43280,73,DIRECTA
MINI6F,15M,2026-03-19 08:00:00,2026-03-19,08:00:00,43350,43710,43220,43310,41,DIRECTA
MINI6F,5M,2026-03-19 08:00:00,2026-03-19,08:00:00,43350,43710,43220,43300,32,DIRECTA
MINI6F,5M,2026-03-19 08:05:00,2026-03-19,08:05:00,43285,43370,43285,43370,3,DIRECTA
MINI6F,5M,2026-03-19 08:10:00,2026-03-19,08:10:00,43335,43335,43310,43310,6,DIRECTA
MINI6F,15M,2026-03-19 08:15:00,2026-03-19,08:15:00,43380,43470,43380,43455,7,DIRECTA
MINI6F,5M,2026-03-19 08:15:00,2026-03-19,08:15:00,43380,43430,43380,43430,2,DIRECTA
MINI6F,5M,2026-03-19 08:20:00,2026-03-19,08:20:00,43435,43435,43435,43435,2,DIRECTA
MINI6F,5M,2026-03-19 08:25:00,2026-03-19,08:25:00,43470,43470,43455,43455,3,DIRECTA
MINI6F,15M,2026-03-19 08:30:00,2026-03-19,08:30:00,43405,43445,43320,43320,15,DIRECTA
MINI6F,5M,2026-03-19 08:30:00,2026-03-19,08:30:00,43405,43405,43385,43385,4,DIRECTA
MINI6F,5M,2026-03-19 08:35:00,2026-03-19,08:35:00,43400,43445,43400,43400,7,DIRECTA
MINI6F,5M,2026-03-19 08:40:00,2026-03-19,08:40:00,43380,43380,43320,43320,4,DIRECTA
MINI6F,15M,2026-03-19 08:45:00,2026-03-19,08:45:00,43335,43335,43255,43280,10,DIRECTA
MINI6F,5M,2026-03-19 08:45:00,2026-03-19,08:45:00,43335,43335,43330,43330,2,DIRECTA
MINI6F,5M,2026-03-19 08:50:00,2026-03-19,08:50:00,43330,43330,43330,43330,1,DIRECTA
MINI6F,5M,2026-03-19 08:55:00,2026-03-19,08:55:00,43320,43320,43255,43280,7,DIRECTA
MINI6F,1H,2026-03-19 09:00:00,2026-03-19,09:00:00,43360,43490,43050,43145,341,DIRECTA
MINI6F,15M,2026-03-19 09:00:00,2026-03-19,09:00:00,43360,43490,43360,43440,75,DIRECTA
MINI6F,5M,2026-03-19 09:00:00,2026-03-19,09:00:00,43360,43485,43360,43400,24,DIRECTA
MINI6F,5M,2026-03-19 09:05:00,2026-03-19,09:05:00,43410,43460,43400,43450,25,DIRECTA
MINI6F,5M,2026-03-19 09:10:00,2026-03-19,09:10:00,43435,43490,43425,43440,26,DIRECTA
MINI6F,15M,2026-03-19 09:15:00,2026-03-19,09:15:00,43465,43475,43185,43210,87,DIRECTA
MINI6F,5M,2026-03-19 09:15:00,2026-03-19,09:15:00,43465,43475,43355,43355,18,DIRECTA
MINI6F,5M,2026-03-19 09:20:00,2026-03-19,09:20:00,43375,43415,43320,43325,25,DIRECTA
MINI6F,5M,2026-03-19 09:25:00,2026-03-19,09:25:00,43310,43310,43185,43210,44,DIRECTA
MINI6F,15M,2026-03-19 09:30:00,2026-03-19,09:30:00,43205,43290,43060,43060,100,DIRECTA
MINI6F,5M,2026-03-19 09:30:00,2026-03-19,09:30:00,43205,43290,43195,43200,42,DIRECTA
MINI6F,5M,2026-03-19 09:35:00,2026-03-19,09:35:00,43215,43230,43150,43180,16,DIRECTA
MINI6F,5M,2026-03-19 09:40:00,2026-03-19,09:40:00,43185,43215,43060,43060,42,DIRECTA
MINI6F,15M,2026-03-19 09:45:00,2026-03-19,09:45:00,43055,43220,43050,43145,79,DIRECTA
MINI6F,5M,2026-03-19 09:45:00,2026-03-19,09:45:00,43055,43150,43050,43140,25,DIRECTA
MINI6F,5M,2026-03-19 09:50:00,2026-03-19,09:50:00,43145,43220,43095,43190,45,DIRECTA
MINI6F,5M,2026-03-19 09:55:00,2026-03-19,09:55:00,43190,43190,43135,43145,9,DIRECTA
MINI6F,1H,2026-03-19 10:00:00,2026-03-19,10:00:00,43155,43305,42950,43250,418,DIRECTA
MINI6F,15M,2026-03-19 10:00:00,2026-03-19,10:00:00,43155,43275,43155,43275,97,DIRECTA
MINI6F,5M,2026-03-19 10:00:00,2026-03-19,10:00:00,43155,43260,43155,43250,39,DIRECTA
MINI6F,5M,2026-03-19 10:05:00,2026-03-19,10:05:00,43265,43275,43225,43225,37,DIRECTA
MINI6F,5M,2026-03-19 10:10:00,2026-03-19,10:10:00,43230,43275,43205,43275,21,DIRECTA
MINI6F,15M,2026-03-19 10:15:00,2026-03-19,10:15:00,43275,43305,43005,43040,124,DIRECTA
MINI6F,5M,2026-03-19 10:15:00,2026-03-19,10:15:00,43275,43290,43245,43255,18,DIRECTA
MINI6F,5M,2026-03-19 10:20:00,2026-03-19,10:20:00,43240,43305,43205,43205,21,DIRECTA
MINI6F,5M,2026-03-19 10:25:00,2026-03-19,10:25:00,43225,43225,43005,43040,85,DIRECTA
MINI6F,15M,2026-03-19 10:30:00,2026-03-19,10:30:00,43050,43130,42950,43085,108,DIRECTA
MINI6F,5M,2026-03-19 10:30:00,2026-03-19,10:30:00,43050,43130,43050,43050,25,DIRECTA
MINI6F,5M,2026-03-19 10:35:00,2026-03-19,10:35:00,43035,43075,42950,43055,49,DIRECTA
MINI6F,5M,2026-03-19 10:40:00,2026-03-19,10:40:00,43050,43110,43050,43085,34,DIRECTA
MINI6F,15M,2026-03-19 10:45:00,2026-03-19,10:45:00,43090,43275,43060,43250,89,DIRECTA
MINI6F,5M,2026-03-19 10:45:00,2026-03-19,10:45:00,43090,43195,43060,43195,37,DIRECTA
MINI6F,5M,2026-03-19 10:50:00,2026-03-19,10:50:00,43190,43240,43190,43225,25,DIRECTA
MINI6F,5M,2026-03-19 10:55:00,2026-03-19,10:55:00,43235,43275,43235,43250,27,DIRECTA
MINI6F,1H,2026-03-19 11:00:00,2026-03-19,11:00:00,43245,43245,42975,42990,271,DIRECTA
MINI6F,15M,2026-03-19 11:00:00,2026-03-19,11:00:00,43245,43245,43035,43035,60,DIRECTA
MINI6F,5M,2026-03-19 11:00:00,2026-03-19,11:00:00,43245,43245,43125,43140,26,DIRECTA
MINI6F,5M,2026-03-19 11:05:00,2026-03-19,11:05:00,43120,43125,43085,43085,21,DIRECTA
MINI6F,5M,2026-03-19 11:10:00,2026-03-19,11:10:00,43085,43135,43035,43035,13,DIRECTA
MINI6F,15M,2026-03-19 11:15:00,2026-03-19,11:15:00,43045,43060,43000,43040,85,DIRECTA
MINI6F,5M,2026-03-19 11:15:00,2026-03-19,11:15:00,43045,43060,43015,43050,18,DIRECTA
MINI6F,5M,2026-03-19 11:20:00,2026-03-19,11:20:00,43030,43030,43000,43000,23,DIRECTA
MINI6F,5M,2026-03-19 11:25:00,2026-03-19,11:25:00,43010,43060,43010,43040,44,DIRECTA
MINI6F,15M,2026-03-19 11:30:00,2026-03-19,11:30:00,43045,43100,42975,43010,79,DIRECTA
MINI6F,5M,2026-03-19 11:30:00,2026-03-19,11:30:00,43045,43100,43045,43100,27,DIRECTA
MINI6F,5M,2026-03-19 11:35:00,2026-03-19,11:35:00,43080,43080,43030,43030,23,DIRECTA
MINI6F,5M,2026-03-19 11:40:00,2026-03-19,11:40:00,43020,43025,42975,43010,29,DIRECTA
MINI6F,15M,2026-03-19 11:45:00,2026-03-19,11:45:00,43035,43070,42990,42990,47,DIRECTA
MINI6F,5M,2026-03-19 11:45:00,2026-03-19,11:45:00,43035,43050,43025,43050,9,DIRECTA
MINI6F,5M,2026-03-19 11:50:00,2026-03-19,11:50:00,43045,43070,42990,43025,23,DIRECTA
MINI6F,5M,2026-03-19 11:55:00,2026-03-19,11:55:00,43020,43025,42990,42990,15,DIRECTA
MINI6F,1H,2026-03-19 12:00:00,2026-03-19,12:00:00,43005,43035,42855,43010,311,DIRECTA
MINI6F,15M,2026-03-19 12:00:00,2026-03-19,12:00:00,43005,43035,42910,42965,66,DIRECTA
MINI6F,5M,2026-03-19 12:00:00,2026-03-19,12:00:00,43005,43035,42965,42970,23,DIRECTA
MINI6F,5M,2026-03-19 12:05:00,2026-03-19,12:05:00,42960,42960,42925,42925,26,DIRECTA
MINI6F,5M,2026-03-19 12:10:00,2026-03-19,12:10:00,42915,42975,42910,42965,17,DIRECTA
MINI6F,15M,2026-03-19 12:15:00,2026-03-19,12:15:00,42970,43000,42855,42925,75,DIRECTA
MINI6F,5M,2026-03-19 12:15:00,2026-03-19,12:15:00,42970,43000,42940,42945,18,DIRECTA
MINI6F,5M,2026-03-19 12:20:00,2026-03-19,12:20:00,42935,42935,42870,42880,36,DIRECTA
MINI6F,5M,2026-03-19 12:25:00,2026-03-19,12:25:00,42885,42925,42855,42925,21,DIRECTA
MINI6F,15M,2026-03-19 12:30:00,2026-03-19,12:30:00,42935,42950,42875,42885,47,DIRECTA
MINI6F,5M,2026-03-19 12:30:00,2026-03-19,12:30:00,42935,42950,42910,42910,16,DIRECTA
MINI6F,5M,2026-03-19 12:35:00,2026-03-19,12:35:00,42900,42915,42875,42875,16,DIRECTA
MINI6F,5M,2026-03-19 12:40:00,2026-03-19,12:40:00,42875,42895,42875,42885,15,DIRECTA
MINI6F,15M,2026-03-19 12:45:00,2026-03-19,12:45:00,42880,43025,42870,43010,123,DIRECTA
MINI6F,5M,2026-03-19 12:45:00,2026-03-19,12:45:00,42880,42915,42870,42900,16,DIRECTA
MINI6F,5M,2026-03-19 12:50:00,2026-03-19,12:50:00,42900,43000,42895,42990,55,DIRECTA
MINI6F,5M,2026-03-19 12:55:00,2026-03-19,12:55:00,42980,43025,42955,43010,52,DIRECTA
MINI6F,1H,2026-03-19 13:00:00,2026-03-19,13:00:00,42970,43050,42780,42885,281,DIRECTA
MINI6F,15M,2026-03-19 13:00:00,2026-03-19,13:00:00,42970,43050,42900,42930,68,DIRECTA
MINI6F,5M,2026-03-19 13:00:00,2026-03-19,13:00:00,42970,42995,42900,42940,30,DIRECTA
MINI6F,5M,2026-03-19 13:05:00,2026-03-19,13:05:00,42925,43050,42925,42995,31,DIRECTA
MINI6F,5M,2026-03-19 13:10:00,2026-03-19,13:10:00,42980,42980,42930,42930,7,DIRECTA
MINI6F,15M,2026-03-19 13:15:00,2026-03-19,13:15:00,42935,42950,42805,42815,72,DIRECTA
MINI6F,5M,2026-03-19 13:15:00,2026-03-19,13:15:00,42935,42950,42890,42895,39,DIRECTA
MINI6F,5M,2026-03-19 13:20:00,2026-03-19,13:20:00,42880,42900,42860,42860,14,DIRECTA
MINI6F,5M,2026-03-19 13:25:00,2026-03-19,13:25:00,42865,42865,42805,42815,19,DIRECTA
MINI6F,15M,2026-03-19 13:30:00,2026-03-19,13:30:00,42815,42910,42780,42905,73,DIRECTA
MINI6F,5M,2026-03-19 13:30:00,2026-03-19,13:30:00,42815,42830,42790,42805,29,DIRECTA
MINI6F,5M,2026-03-19 13:35:00,2026-03-19,13:35:00,42810,42845,42795,42800,14,DIRECTA
MINI6F,5M,2026-03-19 13:40:00,2026-03-19,13:40:00,42790,42910,42780,42905,30,DIRECTA
MINI6F,15M,2026-03-19 13:45:00,2026-03-19,13:45:00,42915,42920,42790,42885,68,DIRECTA
MINI6F,5M,2026-03-19 13:45:00,2026-03-19,13:45:00,42915,42920,42830,42835,31,DIRECTA
MINI6F,5M,2026-03-19 13:50:00,2026-03-19,13:50:00,42840,42870,42790,42870,18,DIRECTA
MINI6F,5M,2026-03-19 13:55:00,2026-03-19,13:55:00,42865,42910,42865,42885,19,DIRECTA
MINI6F,1H,2026-03-19 14:00:00,2026-03-19,14:00:00,42885,43000,42660,42940,575,DIRECTA
MINI6F,15M,2026-03-19 14:00:00,2026-03-19,14:00:00,42885,42885,42740,42755,85,DIRECTA
MINI6F,5M,2026-03-19 14:00:00,2026-03-19,14:00:00,42885,42885,42825,42825,33,DIRECTA
MINI6F,5M,2026-03-19 14:05:00,2026-03-19,14:05:00,42820,42830,42790,42800,20,DIRECTA
MINI6F,5M,2026-03-19 14:10:00,2026-03-19,14:10:00,42800,42800,42740,42755,32,DIRECTA
MINI6F,15M,2026-03-19 14:15:00,2026-03-19,14:15:00,42750,42905,42695,42715,170,DIRECTA
MINI6F,5M,2026-03-19 14:15:00,2026-03-19,14:15:00,42750,42870,42695,42865,65,DIRECTA
MINI6F,5M,2026-03-19 14:20:00,2026-03-19,14:20:00,42880,42905,42720,42720,71,DIRECTA
MINI6F,5M,2026-03-19 14:25:00,2026-03-19,14:25:00,42740,42745,42695,42715,34,DIRECTA
MINI6F,15M,2026-03-19 14:30:00,2026-03-19,14:30:00,42730,42805,42660,42795,139,DIRECTA
MINI6F,5M,2026-03-19 14:30:00,2026-03-19,14:30:00,42730,42760,42700,42700,49,DIRECTA
MINI6F,5M,2026-03-19 14:35:00,2026-03-19,14:35:00,42720,42755,42660,42740,47,DIRECTA
MINI6F,5M,2026-03-19 14:40:00,2026-03-19,14:40:00,42765,42805,42740,42795,43,DIRECTA
MINI6F,15M,2026-03-19 14:45:00,2026-03-19,14:45:00,42790,43000,42765,42940,181,DIRECTA
MINI6F,5M,2026-03-19 14:45:00,2026-03-19,14:45:00,42790,42830,42765,42830,37,DIRECTA
MINI6F,5M,2026-03-19 14:50:00,2026-03-19,14:50:00,42835,42965,42835,42965,94,DIRECTA
MINI6F,5M,2026-03-19 14:55:00,2026-03-19,14:55:00,42970,43000,42940,42940,50,DIRECTA
MINI6F,1H,2026-03-19 15:00:00,2026-03-19,15:00:00,43000,43035,42795,42910,451,DIRECTA
MINI6F,15M,2026-03-19 15:00:00,2026-03-19,15:00:00,43000,43035,42950,42990,139,DIRECTA
MINI6F,5M,2026-03-19 15:00:00,2026-03-19,15:00:00,43000,43030,42960,42990,53,DIRECTA
MINI6F,5M,2026-03-19 15:05:00,2026-03-19,15:05:00,42985,43025,42950,42970,43,DIRECTA
MINI6F,5M,2026-03-19 15:10:00,2026-03-19,15:10:00,42980,43035,42980,42990,43,DIRECTA
MINI6F,15M,2026-03-19 15:15:00,2026-03-19,15:15:00,43005,43005,42795,42820,133,DIRECTA
MINI6F,5M,2026-03-19 15:15:00,2026-03-19,15:15:00,43005,43005,42890,42905,59,DIRECTA
MINI6F,5M,2026-03-19 15:20:00,2026-03-19,15:20:00,42895,42910,42800,42815,49,DIRECTA
MINI6F,5M,2026-03-19 15:25:00,2026-03-19,15:25:00,42830,42845,42795,42820,25,DIRECTA
MINI6F,15M,2026-03-19 15:30:00,2026-03-19,15:30:00,42835,43005,42835,42970,143,DIRECTA
MINI6F,5M,2026-03-19 15:30:00,2026-03-19,15:30:00,42835,42950,42835,42950,58,DIRECTA
MINI6F,5M,2026-03-19 15:35:00,2026-03-19,15:35:00,42945,43005,42915,42940,63,DIRECTA
MINI6F,5M,2026-03-19 15:40:00,2026-03-19,15:40:00,42945,42975,42945,42970,22,DIRECTA
MINI6F,15M,2026-03-19 15:45:00,2026-03-19,15:45:00,42975,42975,42910,42910,36,DIRECTA
MINI6F,5M,2026-03-19 15:45:00,2026-03-19,15:45:00,42975,42975,42910,42935,14,DIRECTA
MINI6F,5M,2026-03-19 15:50:00,2026-03-19,15:50:00,42940,42975,42925,42940,8,DIRECTA
MINI6F,5M,2026-03-19 15:55:00,2026-03-19,15:55:00,42935,42940,42910,42910,14,DIRECTA
MINI6F,1H,2026-03-19 16:00:00,2026-03-19,16:00:00,42915,43075,42875,43015,382,DIRECTA
MINI6F,15M,2026-03-19 16:00:00,2026-03-19,16:00:00,42915,43040,42900,43015,125,DIRECTA
MINI6F,5M,2026-03-19 16:00:00,2026-03-19,16:00:00,42915,42985,42900,42985,35,DIRECTA
MINI6F,5M,2026-03-19 16:05:00,2026-03-19,16:05:00,42970,43040,42960,43020,64,DIRECTA
MINI6F,5M,2026-03-19 16:10:00,2026-03-19,16:10:00,42995,43030,42980,43015,26,DIRECTA
MINI6F,15M,2026-03-19 16:15:00,2026-03-19,16:15:00,43010,43075,42920,42955,83,DIRECTA
MINI6F,5M,2026-03-19 16:15:00,2026-03-19,16:15:00,43010,43075,42990,42990,51,DIRECTA
MINI6F,5M,2026-03-19 16:20:00,2026-03-19,16:20:00,43000,43000,42960,42975,20,DIRECTA
MINI6F,5M,2026-03-19 16:25:00,2026-03-19,16:25:00,42970,42970,42920,42955,12,DIRECTA
MINI6F,15M,2026-03-19 16:30:00,2026-03-19,16:30:00,42950,42955,42880,42925,103,DIRECTA
MINI6F,5M,2026-03-19 16:30:00,2026-03-19,16:30:00,42950,42950,42880,42880,37,DIRECTA
MINI6F,5M,2026-03-19 16:35:00,2026-03-19,16:35:00,42885,42915,42885,42915,10,DIRECTA
MINI6F,5M,2026-03-19 16:40:00,2026-03-19,16:40:00,42915,42955,42880,42925,56,DIRECTA
MINI6F,15M,2026-03-19 16:45:00,2026-03-19,16:45:00,42900,43020,42875,43015,71,DIRECTA
MINI6F,5M,2026-03-19 16:45:00,2026-03-19,16:45:00,42900,42940,42875,42940,31,DIRECTA
MINI6F,5M,2026-03-19 16:50:00,2026-03-19,16:50:00,42945,42975,42915,42970,23,DIRECTA
MINI6F,5M,2026-03-19 16:55:00,2026-03-19,16:55:00,42940,43020,42940,43015,17,DIRECTA
MINI6F,1H,2026-03-19 17:00:00,2026-03-19,17:00:00,42995,43090,42830,42855,318,DIRECTA
MINI6F,15M,2026-03-19 17:00:00,2026-03-19,17:00:00,42995,43090,42950,42985,109,DIRECTA
MINI6F,5M,2026-03-19 17:00:00,2026-03-19,17:00:00,42995,43085,42980,43065,40,DIRECTA
MINI6F,5M,2026-03-19 17:05:00,2026-03-19,17:05:00,43065,43090,43030,43050,40,DIRECTA
MINI6F,5M,2026-03-19 17:10:00,2026-03-19,17:10:00,43025,43045,42950,42985,29,DIRECTA
MINI6F,15M,2026-03-19 17:15:00,2026-03-19,17:15:00,42985,43005,42930,42950,39,DIRECTA
MINI6F,5M,2026-03-19 17:15:00,2026-03-19,17:15:00,42985,43005,42945,42980,14,DIRECTA
MINI6F,5M,2026-03-19 17:20:00,2026-03-19,17:20:00,42965,42965,42940,42960,7,DIRECTA
MINI6F,5M,2026-03-19 17:25:00,2026-03-19,17:25:00,42975,42980,42930,42950,18,DIRECTA
MINI6F,15M,2026-03-19 17:30:00,2026-03-19,17:30:00,42960,42990,42900,42935,132,DIRECTA
MINI6F,5M,2026-03-19 17:30:00,2026-03-19,17:30:00,42960,42990,42925,42955,99,DIRECTA
MINI6F,5M,2026-03-19 17:35:00,2026-03-19,17:35:00,42935,42940,42900,42940,23,DIRECTA
MINI6F,5M,2026-03-19 17:40:00,2026-03-19,17:40:00,42935,42975,42930,42935,10,DIRECTA
MINI6F,15M,2026-03-19 17:45:00,2026-03-19,17:45:00,42925,42970,42830,42855,38,DIRECTA
MINI6F,5M,2026-03-19 17:45:00,2026-03-19,17:45:00,42925,42970,42915,42915,13,DIRECTA
MINI6F,5M,2026-03-19 17:50:00,2026-03-19,17:50:00,42920,42920,42830,42875,22,DIRECTA
MINI6F,5M,2026-03-19 17:55:00,2026-03-19,17:55:00,42895,42900,42855,42855,3,DIRECTA
MINI6F,1H,2026-03-19 18:00:00,2026-03-19,18:00:00,42860,42930,42760,42860,135,DIRECTA
MINI6F,15M,2026-03-19 18:00:00,2026-03-19,18:00:00,42860,42895,42760,42760,43,DIRECTA
MINI6F,5M,2026-03-19 18:00:00,2026-03-19,18:00:00,42860,42865,42850,42850,15,DIRECTA
MINI6F,5M,2026-03-19 18:05:00,2026-03-19,18:05:00,42895,42895,42800,42835,17,DIRECTA
MINI6F,5M,2026-03-19 18:10:00,2026-03-19,18:10:00,42805,42805,42760,42760,11,DIRECTA
MINI6F,15M,2026-03-19 18:15:00,2026-03-19,18:15:00,42825,42920,42805,42920,27,DIRECTA
MINI6F,5M,2026-03-19 18:15:00,2026-03-19,18:15:00,42825,42835,42805,42805,4,DIRECTA
MINI6F,5M,2026-03-19 18:20:00,2026-03-19,18:20:00,42815,42905,42815,42885,18,DIRECTA
MINI6F,5M,2026-03-19 18:25:00,2026-03-19,18:25:00,42920,42920,42900,42920,5,DIRECTA
MINI6F,15M,2026-03-19 18:30:00,2026-03-19,18:30:00,42925,42930,42870,42870,33,DIRECTA
MINI6F,5M,2026-03-19 18:30:00,2026-03-19,18:30:00,42925,42930,42890,42890,16,DIRECTA
MINI6F,5M,2026-03-19 18:35:00,2026-03-19,18:35:00,42900,42910,42900,42910,12,DIRECTA
MINI6F,5M,2026-03-19 18:40:00,2026-03-19,18:40:00,42875,42875,42870,42870,5,DIRECTA
MINI6F,15M,2026-03-19 18:45:00,2026-03-19,18:45:00,42850,42880,42850,42860,32,DIRECTA
MINI6F,5M,2026-03-19 18:45:00,2026-03-19,18:45:00,42850,42870,42850,42870,7,DIRECTA
MINI6F,5M,2026-03-19 18:50:00,2026-03-19,18:50:00,42850,42880,42850,42880,24,DIRECTA
MINI6F,5M,2026-03-19 18:55:00,2026-03-19,18:55:00,42860,42860,42860,42860,1,DIRECTA
MINI6F,1H,2026-03-19 19:00:00,2026-03-19,19:00:00,42855,42950,42835,42935,87,DIRECTA
MINI6F,15M,2026-03-19 19:00:00,2026-03-19,19:00:00,42855,42920,42835,42920,28,DIRECTA
MINI6F,5M,2026-03-19 19:00:00,2026-03-19,19:00:00,42855,42855,42840,42840,5,DIRECTA
MINI6F,5M,2026-03-19 19:05:00,2026-03-19,19:05:00,42835,42875,42835,42850,5,DIRECTA
MINI6F,5M,2026-03-19 19:10:00,2026-03-19,19:10:00,42870,42920,42870,42920,18,DIRECTA
MINI6F,15M,2026-03-19 19:15:00,2026-03-19,19:15:00,42925,42945,42905,42920,25,DIRECTA
MINI6F,5M,2026-03-19 19:15:00,2026-03-19,19:15:00,42925,42945,42915,42920,16,DIRECTA
MINI6F,5M,2026-03-19 19:20:00,2026-03-19,19:20:00,42925,42925,42915,42915,6,DIRECTA
MINI6F,5M,2026-03-19 19:25:00,2026-03-19,19:25:00,42905,42920,42905,42920,3,DIRECTA
MINI6F,15M,2026-03-19 19:30:00,2026-03-19,19:30:00,42905,42905,42855,42860,16,DIRECTA
MINI6F,5M,2026-03-19 19:30:00,2026-03-19,19:30:00,42905,42905,42875,42875,9,DIRECTA
MINI6F,5M,2026-03-19 19:35:00,2026-03-19,19:35:00,42865,42875,42855,42870,6,DIRECTA
MINI6F,5M,2026-03-19 19:40:00,2026-03-19,19:40:00,42860,42860,42860,42860,1,DIRECTA
MINI6F,15M,2026-03-19 19:45:00,2026-03-19,19:45:00,42860,42950,42855,42935,18,DIRECTA
MINI6F,5M,2026-03-19 19:45:00,2026-03-19,19:45:00,42860,42870,42855,42860,10,DIRECTA
MINI6F,5M,2026-03-19 19:50:00,2026-03-19,19:50:00,42885,42885,42885,42885,1,DIRECTA
MINI6F,5M,2026-03-19 19:55:00,2026-03-19,19:55:00,42905,42950,42905,42935,7,DIRECTA
MINI6F,1H,2026-03-19 20:00:00,2026-03-19,20:00:00,42990,43350,42990,43225,182,DIRECTA
MINI6F,15M,2026-03-19 20:00:00,2026-03-19,20:00:00,42990,43320,42990,43275,98,DIRECTA
MINI6F,5M,2026-03-19 20:00:00,2026-03-19,20:00:00,42990,43160,42990,43160,58,DIRECTA
MINI6F,5M,2026-03-19 20:05:00,2026-03-19,20:05:00,43160,43300,43150,43300,12,DIRECTA
MINI6F,5M,2026-03-19 20:10:00,2026-03-19,20:10:00,43250,43320,43195,43275,28,DIRECTA
MINI6F,15M,2026-03-19 20:15:00,2026-03-19,20:15:00,43290,43350,43155,43190,41,DIRECTA
MINI6F,5M,2026-03-19 20:15:00,2026-03-19,20:15:00,43290,43350,43290,43300,19,DIRECTA
MINI6F,5M,2026-03-19 20:20:00,2026-03-19,20:20:00,43305,43305,43230,43230,8,DIRECTA
MINI6F,5M,2026-03-19 20:25:00,2026-03-19,20:25:00,43210,43220,43155,43190,14,DIRECTA
MINI6F,15M,2026-03-19 20:30:00,2026-03-19,20:30:00,43155,43230,43135,43230,27,DIRECTA
MINI6F,5M,2026-03-19 20:30:00,2026-03-19,20:30:00,43155,43155,43150,43150,5,DIRECTA
MINI6F,5M,2026-03-19 20:35:00,2026-03-19,20:35:00,43135,43210,43135,43205,17,DIRECTA
MINI6F,5M,2026-03-19 20:40:00,2026-03-19,20:40:00,43220,43230,43165,43230,5,DIRECTA
MINI6F,15M,2026-03-19 20:45:00,2026-03-19,20:45:00,43285,43285,43220,43225,16,DIRECTA
MINI6F,5M,2026-03-19 20:45:00,2026-03-19,20:45:00,43285,43285,43240,43240,2,DIRECTA
MINI6F,5M,2026-03-19 20:50:00,2026-03-19,20:50:00,43230,43280,43220,43240,10,DIRECTA
MINI6F,5M,2026-03-19 20:55:00,2026-03-19,20:55:00,43255,43260,43225,43225,4,DIRECTA
MINI6F,1H,2026-03-19 21:00:00,2026-03-19,21:00:00,43225,43280,43080,43080,88,DIRECTA
MINI6F,15M,2026-03-19 21:00:00,2026-03-19,21:00:00,43225,43245,43225,43240,17,DIRECTA
MINI6F,5M,2026-03-19 21:00:00,2026-03-19,21:00:00,43225,43245,43225,43240,9,DIRECTA
MINI6F,5M,2026-03-19 21:05:00,2026-03-19,21:05:00,43230,43240,43230,43240,2,DIRECTA
MINI6F,5M,2026-03-19 21:10:00,2026-03-19,21:10:00,43230,43240,43230,43240,6,DIRECTA
MINI6F,15M,2026-03-19 21:15:00,2026-03-19,21:15:00,43245,43275,43230,43270,22,DIRECTA
MINI6F,5M,2026-03-19 21:15:00,2026-03-19,21:15:00,43245,43275,43230,43270,17,DIRECTA
MINI6F,5M,2026-03-19 21:20:00,2026-03-19,21:20:00,43270,43270,43265,43265,4,DIRECTA
MINI6F,5M,2026-03-19 21:25:00,2026-03-19,21:25:00,43270,43270,43270,43270,1,DIRECTA
MINI6F,15M,2026-03-19 21:30:00,2026-03-19,21:30:00,43280,43280,43180,43225,29,DIRECTA
MINI6F,5M,2026-03-19 21:30:00,2026-03-19,21:30:00,43280,43280,43230,43230,11,DIRECTA
MINI6F,5M,2026-03-19 21:35:00,2026-03-19,21:35:00,43235,43250,43190,43190,13,DIRECTA
MINI6F,5M,2026-03-19 21:40:00,2026-03-19,21:40:00,43250,43250,43180,43225,5,DIRECTA
MINI6F,15M,2026-03-19 21:45:00,2026-03-19,21:45:00,43200,43225,43080,43080,20,DIRECTA
MINI6F,5M,2026-03-19 21:45:00,2026-03-19,21:45:00,43200,43200,43200,43200,1,DIRECTA
MINI6F,5M,2026-03-19 21:50:00,2026-03-19,21:50:00,43200,43225,43080,43080,19,DIRECTA
MINI6F,D,2026-03-20 08:00:00,2026-03-20,08:00:00,43095,43650,41475,42095,16150,DIRECTA
MINI6F,1H,2026-03-20 08:00:00,2026-03-20,08:00:00,43095,43450,43080,43280,640,DIRECTA
MINI6F,15M,2026-03-20 08:00:00,2026-03-20,08:00:00,43095,43240,43080,43180,87,DIRECTA
MINI6F,5M,2026-03-20 08:00:00,2026-03-20,08:00:00,43095,43240,43080,43150,50,DIRECTA
MINI6F,5M,2026-03-20 08:05:00,2026-03-20,08:05:00,43155,43190,43145,43180,26,DIRECTA
MINI6F,5M,2026-03-20 08:10:00,2026-03-20,08:10:00,43195,43195,43150,43180,11,DIRECTA
MINI6F,15M,2026-03-20 08:15:00,2026-03-20,08:15:00,43190,43365,43190,43335,136,DIRECTA
MINI6F,5M,2026-03-20 08:15:00,2026-03-20,08:15:00,43190,43280,43190,43275,57,DIRECTA
MINI6F,5M,2026-03-20 08:20:00,2026-03-20,08:20:00,43270,43365,43260,43295,48,DIRECTA
MINI6F,5M,2026-03-20 08:25:00,2026-03-20,08:25:00,43300,43355,43300,43335,31,DIRECTA
MINI6F,15M,2026-03-20 08:30:00,2026-03-20,08:30:00,43350,43430,43345,43405,120,DIRECTA
MINI6F,5M,2026-03-20 08:30:00,2026-03-20,08:30:00,43350,43390,43345,43390,35,DIRECTA
MINI6F,5M,2026-03-20 08:35:00,2026-03-20,08:35:00,43385,43420,43375,43390,49,DIRECTA
MINI6F,5M,2026-03-20 08:40:00,2026-03-20,08:40:00,43385,43430,43385,43405,36,DIRECTA
MINI6F,15M,2026-03-20 08:45:00,2026-03-20,08:45:00,43420,43450,43215,43280,297,DIRECTA
MINI6F,5M,2026-03-20 08:45:00,2026-03-20,08:45:00,43420,43450,43370,43405,36,DIRECTA
MINI6F,5M,2026-03-20 08:50:00,2026-03-20,08:50:00,43400,43410,43350,43400,33,DIRECTA
MINI6F,5M,2026-03-20 08:55:00,2026-03-20,08:55:00,43385,43385,43215,43280,228,DIRECTA
MINI6F,1H,2026-03-20 09:00:00,2026-03-20,09:00:00,43285,43650,43245,43340,1831,DIRECTA
MINI6F,15M,2026-03-20 09:00:00,2026-03-20,09:00:00,43285,43505,43245,43505,586,DIRECTA
MINI6F,5M,2026-03-20 09:00:00,2026-03-20,09:00:00,43285,43365,43245,43360,330,DIRECTA
MINI6F,5M,2026-03-20 09:05:00,2026-03-20,09:05:00,43350,43445,43325,43430,113,DIRECTA
MINI6F,5M,2026-03-20 09:10:00,2026-03-20,09:10:00,43435,43505,43395,43505,143,DIRECTA
MINI6F,15M,2026-03-20 09:15:00,2026-03-20,09:15:00,43500,43595,43450,43545,380,DIRECTA
MINI6F,5M,2026-03-20 09:15:00,2026-03-20,09:15:00,43500,43535,43485,43485,131,DIRECTA
MINI6F,5M,2026-03-20 09:20:00,2026-03-20,09:20:00,43485,43550,43450,43550,114,DIRECTA
MINI6F,5M,2026-03-20 09:25:00,2026-03-20,09:25:00,43535,43595,43535,43545,135,DIRECTA
MINI6F,15M,2026-03-20 09:30:00,2026-03-20,09:30:00,43535,43650,43375,43390,506,DIRECTA
MINI6F,5M,2026-03-20 09:30:00,2026-03-20,09:30:00,43535,43645,43510,43645,213,DIRECTA
MINI6F,5M,2026-03-20 09:35:00,2026-03-20,09:35:00,43650,43650,43520,43530,126,DIRECTA
MINI6F,5M,2026-03-20 09:40:00,2026-03-20,09:40:00,43520,43530,43375,43390,167,DIRECTA
MINI6F,15M,2026-03-20 09:45:00,2026-03-20,09:45:00,43380,43470,43330,43340,359,DIRECTA
MINI6F,5M,2026-03-20 09:45:00,2026-03-20,09:45:00,43380,43455,43345,43455,149,DIRECTA
MINI6F,5M,2026-03-20 09:50:00,2026-03-20,09:50:00,43450,43470,43380,43400,87,DIRECTA
MINI6F,5M,2026-03-20 09:55:00,2026-03-20,09:55:00,43390,43390,43330,43340,123,DIRECTA
MINI6F,1H,2026-03-20 10:00:00,2026-03-20,10:00:00,43325,43415,42960,43025,1937,DIRECTA
MINI6F,15M,2026-03-20 10:00:00,2026-03-20,10:00:00,43325,43415,43260,43270,377,DIRECTA
MINI6F,5M,2026-03-20 10:00:00,2026-03-20,10:00:00,43325,43385,43320,43340,130,DIRECTA
MINI6F,5M,2026-03-20 10:05:00,2026-03-20,10:05:00,43330,43400,43260,43400,118,DIRECTA
MINI6F,5M,2026-03-20 10:10:00,2026-03-20,10:10:00,43395,43415,43270,43270,129,DIRECTA
MINI6F,15M,2026-03-20 10:15:00,2026-03-20,10:15:00,43265,43265,43165,43200,305,DIRECTA
MINI6F,5M,2026-03-20 10:15:00,2026-03-20,10:15:00,43265,43265,43175,43190,110,DIRECTA
MINI6F,5M,2026-03-20 10:20:00,2026-03-20,10:20:00,43185,43215,43165,43195,89,DIRECTA
MINI6F,5M,2026-03-20 10:25:00,2026-03-20,10:25:00,43195,43235,43185,43200,106,DIRECTA
MINI6F,15M,2026-03-20 10:30:00,2026-03-20,10:30:00,43215,43330,43115,43180,417,DIRECTA
MINI6F,5M,2026-03-20 10:30:00,2026-03-20,10:30:00,43215,43330,43195,43285,134,DIRECTA
MINI6F,5M,2026-03-20 10:35:00,2026-03-20,10:35:00,43285,43285,43240,43255,108,DIRECTA
MINI6F,5M,2026-03-20 10:40:00,2026-03-20,10:40:00,43255,43255,43115,43180,175,DIRECTA
MINI6F,15M,2026-03-20 10:45:00,2026-03-20,10:45:00,43175,43180,42960,43025,838,DIRECTA
MINI6F,5M,2026-03-20 10:45:00,2026-03-20,10:45:00,43175,43180,43045,43050,408,DIRECTA
MINI6F,5M,2026-03-20 10:50:00,2026-03-20,10:50:00,43055,43105,42980,42980,248,DIRECTA
MINI6F,5M,2026-03-20 10:55:00,2026-03-20,10:55:00,42985,43030,42960,43025,182,DIRECTA
MINI6F,1H,2026-03-20 11:00:00,2026-03-20,11:00:00,43020,43140,42780,42970,1828,DIRECTA
MINI6F,15M,2026-03-20 11:00:00,2026-03-20,11:00:00,43020,43050,42845,42900,518,DIRECTA
MINI6F,5M,2026-03-20 11:00:00,2026-03-20,11:00:00,43020,43050,42940,42950,168,DIRECTA
MINI6F,5M,2026-03-20 11:05:00,2026-03-20,11:05:00,42950,42975,42855,42875,182,DIRECTA
MINI6F,5M,2026-03-20 11:10:00,2026-03-20,11:10:00,42870,42940,42845,42900,168,DIRECTA
MINI6F,15M,2026-03-20 11:15:00,2026-03-20,11:15:00,42895,42930,42780,42915,409,DIRECTA
MINI6F,5M,2026-03-20 11:15:00,2026-03-20,11:15:00,42895,42910,42815,42815,126,DIRECTA
MINI6F,5M,2026-03-20 11:20:00,2026-03-20,11:20:00,42810,42855,42780,42835,154,DIRECTA
MINI6F,5M,2026-03-20 11:25:00,2026-03-20,11:25:00,42840,42930,42840,42915,129,DIRECTA
MINI6F,15M,2026-03-20 11:30:00,2026-03-20,11:30:00,42915,43140,42915,43055,375,DIRECTA
MINI6F,5M,2026-03-20 11:30:00,2026-03-20,11:30:00,42915,43005,42915,42980,118,DIRECTA
MINI6F,5M,2026-03-20 11:35:00,2026-03-20,11:35:00,42985,43130,42985,43130,134,DIRECTA
MINI6F,5M,2026-03-20 11:40:00,2026-03-20,11:40:00,43130,43140,43035,43055,123,DIRECTA
MINI6F,15M,2026-03-20 11:45:00,2026-03-20,11:45:00,43060,43060,42890,42970,526,DIRECTA
MINI6F,5M,2026-03-20 11:45:00,2026-03-20,11:45:00,43060,43060,42995,43025,111,DIRECTA
MINI6F,5M,2026-03-20 11:50:00,2026-03-20,11:50:00,43030,43030,42895,42910,225,DIRECTA
MINI6F,5M,2026-03-20 11:55:00,2026-03-20,11:55:00,42895,42980,42890,42970,190,DIRECTA
MINI6F,1H,2026-03-20 12:00:00,2026-03-20,12:00:00,42960,43225,42955,43150,1139,DIRECTA
MINI6F,15M,2026-03-20 12:00:00,2026-03-20,12:00:00,42960,43210,42955,43140,459,DIRECTA
MINI6F,5M,2026-03-20 12:00:00,2026-03-20,12:00:00,42960,43110,42955,43095,141,DIRECTA
MINI6F,5M,2026-03-20 12:05:00,2026-03-20,12:05:00,43095,43205,43095,43195,179,DIRECTA
MINI6F,5M,2026-03-20 12:10:00,2026-03-20,12:10:00,43190,43210,43140,43140,139,DIRECTA
MINI6F,15M,2026-03-20 12:15:00,2026-03-20,12:15:00,43130,43225,43065,43100,291,DIRECTA
MINI6F,5M,2026-03-20 12:15:00,2026-03-20,12:15:00,43130,43175,43105,43140,120,DIRECTA
MINI6F,5M,2026-03-20 12:20:00,2026-03-20,12:20:00,43145,43225,43145,43180,76,DIRECTA
MINI6F,5M,2026-03-20 12:25:00,2026-03-20,12:25:00,43160,43165,43065,43100,95,DIRECTA
MINI6F,15M,2026-03-20 12:30:00,2026-03-20,12:30:00,43105,43175,43065,43145,192,DIRECTA
MINI6F,5M,2026-03-20 12:30:00,2026-03-20,12:30:00,43105,43175,43105,43170,78,DIRECTA
MINI6F,5M,2026-03-20 12:35:00,2026-03-20,12:35:00,43160,43175,43065,43095,66,DIRECTA
MINI6F,5M,2026-03-20 12:40:00,2026-03-20,12:40:00,43100,43155,43100,43145,48,DIRECTA
MINI6F,15M,2026-03-20 12:45:00,2026-03-20,12:45:00,43145,43170,43065,43150,197,DIRECTA
MINI6F,5M,2026-03-20 12:45:00,2026-03-20,12:45:00,43145,43150,43070,43095,53,DIRECTA
MINI6F,5M,2026-03-20 12:50:00,2026-03-20,12:50:00,43095,43110,43065,43110,86,DIRECTA
MINI6F,5M,2026-03-20 12:55:00,2026-03-20,12:55:00,43115,43170,43115,43150,58,DIRECTA
MINI6F,1H,2026-03-20 13:00:00,2026-03-20,13:00:00,43150,43205,43035,43075,859,DIRECTA
MINI6F,15M,2026-03-20 13:00:00,2026-03-20,13:00:00,43150,43205,43065,43155,194,DIRECTA
MINI6F,5M,2026-03-20 13:00:00,2026-03-20,13:00:00,43150,43170,43065,43075,94,DIRECTA
MINI6F,5M,2026-03-20 13:05:00,2026-03-20,13:05:00,43080,43195,43080,43195,55,DIRECTA
MINI6F,5M,2026-03-20 13:10:00,2026-03-20,13:10:00,43195,43205,43150,43155,45,DIRECTA
MINI6F,15M,2026-03-20 13:15:00,2026-03-20,13:15:00,43140,43150,43045,43135,219,DIRECTA
MINI6F,5M,2026-03-20 13:15:00,2026-03-20,13:15:00,43140,43140,43070,43130,74,DIRECTA
MINI6F,5M,2026-03-20 13:20:00,2026-03-20,13:20:00,43125,43150,43105,43105,83,DIRECTA
MINI6F,5M,2026-03-20 13:25:00,2026-03-20,13:25:00,43110,43135,43045,43135,62,DIRECTA
MINI6F,15M,2026-03-20 13:30:00,2026-03-20,13:30:00,43130,43170,43035,43115,226,DIRECTA
MINI6F,5M,2026-03-20 13:30:00,2026-03-20,13:30:00,43130,43140,43060,43110,63,DIRECTA
MINI6F,5M,2026-03-20 13:35:00,2026-03-20,13:35:00,43115,43170,43075,43075,109,DIRECTA
MINI6F,5M,2026-03-20 13:40:00,2026-03-20,13:40:00,43080,43115,43035,43115,54,DIRECTA
MINI6F,15M,2026-03-20 13:45:00,2026-03-20,13:45:00,43115,43165,43075,43075,220,DIRECTA
MINI6F,5M,2026-03-20 13:45:00,2026-03-20,13:45:00,43115,43165,43075,43110,83,DIRECTA
MINI6F,5M,2026-03-20 13:50:00,2026-03-20,13:50:00,43120,43155,43105,43105,80,DIRECTA
MINI6F,5M,2026-03-20 13:55:00,2026-03-20,13:55:00,43100,43110,43075,43075,57,DIRECTA
MINI6F,1H,2026-03-20 14:00:00,2026-03-20,14:00:00,43090,43120,42745,42765,915,DIRECTA
MINI6F,15M,2026-03-20 14:00:00,2026-03-20,14:00:00,43090,43120,43005,43045,155,DIRECTA
MINI6F,5M,2026-03-20 14:00:00,2026-03-20,14:00:00,43090,43120,43070,43075,40,DIRECTA
MINI6F,5M,2026-03-20 14:05:00,2026-03-20,14:05:00,43065,43065,43020,43040,48,DIRECTA
MINI6F,5M,2026-03-20 14:10:00,2026-03-20,14:10:00,43050,43060,43005,43045,67,DIRECTA
MINI6F,15M,2026-03-20 14:15:00,2026-03-20,14:15:00,43045,43075,42980,42995,127,DIRECTA
MINI6F,5M,2026-03-20 14:15:00,2026-03-20,14:15:00,43045,43065,43010,43020,44,DIRECTA
MINI6F,5M,2026-03-20 14:20:00,2026-03-20,14:20:00,43035,43075,43025,43050,31,DIRECTA
MINI6F,5M,2026-03-20 14:25:00,2026-03-20,14:25:00,43045,43050,42980,42995,52,DIRECTA
MINI6F,15M,2026-03-20 14:30:00,2026-03-20,14:30:00,42990,43010,42875,42990,247,DIRECTA
MINI6F,5M,2026-03-20 14:30:00,2026-03-20,14:30:00,42990,43010,42875,42895,121,DIRECTA
MINI6F,5M,2026-03-20 14:35:00,2026-03-20,14:35:00,42890,42940,42875,42905,59,DIRECTA
MINI6F,5M,2026-03-20 14:40:00,2026-03-20,14:40:00,42900,42990,42895,42990,67,DIRECTA
MINI6F,15M,2026-03-20 14:45:00,2026-03-20,14:45:00,43000,43020,42745,42765,386,DIRECTA
MINI6F,5M,2026-03-20 14:45:00,2026-03-20,14:45:00,43000,43020,42920,42920,132,DIRECTA
MINI6F,5M,2026-03-20 14:50:00,2026-03-20,14:50:00,42915,42920,42805,42860,128,DIRECTA
MINI6F,5M,2026-03-20 14:55:00,2026-03-20,14:55:00,42870,42900,42745,42765,126,DIRECTA
MINI6F,1H,2026-03-20 15:00:00,2026-03-20,15:00:00,42765,42765,42135,42220,2137,DIRECTA
MINI6F,15M,2026-03-20 15:00:00,2026-03-20,15:00:00,42765,42765,42510,42510,477,DIRECTA
MINI6F,5M,2026-03-20 15:00:00,2026-03-20,15:00:00,42765,42765,42670,42695,171,DIRECTA
MINI6F,5M,2026-03-20 15:05:00,2026-03-20,15:05:00,42695,42730,42610,42645,144,DIRECTA
MINI6F,5M,2026-03-20 15:10:00,2026-03-20,15:10:00,42645,42675,42510,42510,162,DIRECTA
MINI6F,15M,2026-03-20 15:15:00,2026-03-20,15:15:00,42520,42540,42335,42335,563,DIRECTA
MINI6F,5M,2026-03-20 15:15:00,2026-03-20,15:15:00,42520,42540,42435,42445,225,DIRECTA
MINI6F,5M,2026-03-20 15:20:00,2026-03-20,15:20:00,42435,42485,42395,42415,155,DIRECTA
MINI6F,5M,2026-03-20 15:25:00,2026-03-20,15:25:00,42405,42435,42335,42335,183,DIRECTA
MINI6F,15M,2026-03-20 15:30:00,2026-03-20,15:30:00,42345,42500,42305,42320,449,DIRECTA
MINI6F,5M,2026-03-20 15:30:00,2026-03-20,15:30:00,42345,42470,42345,42465,162,DIRECTA
MINI6F,5M,2026-03-20 15:35:00,2026-03-20,15:35:00,42470,42500,42310,42345,157,DIRECTA
MINI6F,5M,2026-03-20 15:40:00,2026-03-20,15:40:00,42335,42405,42305,42320,130,DIRECTA
MINI6F,15M,2026-03-20 15:45:00,2026-03-20,15:45:00,42315,42360,42135,42220,648,DIRECTA
MINI6F,5M,2026-03-20 15:45:00,2026-03-20,15:45:00,42315,42360,42275,42325,231,DIRECTA
MINI6F,5M,2026-03-20 15:50:00,2026-03-20,15:50:00,42320,42335,42135,42165,258,DIRECTA
MINI6F,5M,2026-03-20 15:55:00,2026-03-20,15:55:00,42170,42245,42150,42220,159,DIRECTA
MINI6F,1H,2026-03-20 16:00:00,2026-03-20,16:00:00,42220,42335,42040,42180,1792,DIRECTA
MINI6F,15M,2026-03-20 16:00:00,2026-03-20,16:00:00,42220,42335,42165,42265,508,DIRECTA
MINI6F,5M,2026-03-20 16:00:00,2026-03-20,16:00:00,42220,42335,42170,42190,278,DIRECTA
MINI6F,5M,2026-03-20 16:05:00,2026-03-20,16:05:00,42190,42225,42165,42215,89,DIRECTA
MINI6F,5M,2026-03-20 16:10:00,2026-03-20,16:10:00,42200,42295,42200,42265,141,DIRECTA
MINI6F,15M,2026-03-20 16:15:00,2026-03-20,16:15:00,42260,42315,42040,42110,621,DIRECTA
MINI6F,5M,2026-03-20 16:15:00,2026-03-20,16:15:00,42260,42275,42165,42165,84,DIRECTA
MINI6F,5M,2026-03-20 16:20:00,2026-03-20,16:20:00,42170,42315,42100,42155,363,DIRECTA
MINI6F,5M,2026-03-20 16:25:00,2026-03-20,16:25:00,42160,42175,42040,42110,174,DIRECTA
MINI6F,15M,2026-03-20 16:30:00,2026-03-20,16:30:00,42105,42250,42105,42170,395,DIRECTA
MINI6F,5M,2026-03-20 16:30:00,2026-03-20,16:30:00,42105,42250,42105,42220,184,DIRECTA
MINI6F,5M,2026-03-20 16:35:00,2026-03-20,16:35:00,42220,42245,42165,42215,117,DIRECTA
MINI6F,5M,2026-03-20 16:40:00,2026-03-20,16:40:00,42195,42215,42140,42170,94,DIRECTA
MINI6F,15M,2026-03-20 16:45:00,2026-03-20,16:45:00,42170,42255,42130,42180,268,DIRECTA
MINI6F,5M,2026-03-20 16:45:00,2026-03-20,16:45:00,42170,42205,42130,42195,69,DIRECTA
MINI6F,5M,2026-03-20 16:50:00,2026-03-20,16:50:00,42180,42255,42155,42220,106,DIRECTA
MINI6F,5M,2026-03-20 16:55:00,2026-03-20,16:55:00,42215,42215,42160,42180,93,DIRECTA
MINI6F,1H,2026-03-20 17:00:00,2026-03-20,17:00:00,42175,42280,41940,42040,1499,DIRECTA
MINI6F,15M,2026-03-20 17:00:00,2026-03-20,17:00:00,42175,42280,42130,42185,261,DIRECTA
MINI6F,5M,2026-03-20 17:00:00,2026-03-20,17:00:00,42175,42280,42165,42275,81,DIRECTA
MINI6F,5M,2026-03-20 17:05:00,2026-03-20,17:05:00,42260,42265,42130,42160,105,DIRECTA
MINI6F,5M,2026-03-20 17:10:00,2026-03-20,17:10:00,42150,42235,42145,42185,75,DIRECTA
MINI6F,15M,2026-03-20 17:15:00,2026-03-20,17:15:00,42190,42265,42145,42185,281,DIRECTA
MINI6F,5M,2026-03-20 17:15:00,2026-03-20,17:15:00,42190,42230,42145,42225,63,DIRECTA
MINI6F,5M,2026-03-20 17:20:00,2026-03-20,17:20:00,42225,42265,42195,42200,72,DIRECTA
MINI6F,5M,2026-03-20 17:25:00,2026-03-20,17:25:00,42200,42205,42155,42185,146,DIRECTA
MINI6F,15M,2026-03-20 17:30:00,2026-03-20,17:30:00,42180,42190,42040,42045,704,DIRECTA
MINI6F,5M,2026-03-20 17:30:00,2026-03-20,17:30:00,42180,42190,42045,42115,484,DIRECTA
MINI6F,5M,2026-03-20 17:35:00,2026-03-20,17:35:00,42110,42150,42050,42080,166,DIRECTA
MINI6F,5M,2026-03-20 17:40:00,2026-03-20,17:40:00,42070,42070,42040,42045,54,DIRECTA
MINI6F,15M,2026-03-20 17:45:00,2026-03-20,17:45:00,42035,42095,41940,42040,253,DIRECTA
MINI6F,5M,2026-03-20 17:45:00,2026-03-20,17:45:00,42035,42050,42000,42025,98,DIRECTA
MINI6F,5M,2026-03-20 17:50:00,2026-03-20,17:50:00,42030,42055,41940,42055,110,DIRECTA
MINI6F,5M,2026-03-20 17:55:00,2026-03-20,17:55:00,42050,42095,42040,42040,45,DIRECTA
MINI6F,1H,2026-03-20 18:00:00,2026-03-20,18:00:00,42065,42120,41915,42030,512,DIRECTA
MINI6F,15M,2026-03-20 18:00:00,2026-03-20,18:00:00,42065,42120,41980,42030,237,DIRECTA
MINI6F,5M,2026-03-20 18:00:00,2026-03-20,18:00:00,42065,42085,42050,42080,24,DIRECTA
MINI6F,5M,2026-03-20 18:05:00,2026-03-20,18:05:00,42080,42120,41980,42085,190,DIRECTA
MINI6F,5M,2026-03-20 18:10:00,2026-03-20,18:10:00,42095,42110,42030,42030,23,DIRECTA
MINI6F,15M,2026-03-20 18:15:00,2026-03-20,18:15:00,42050,42100,42010,42025,85,DIRECTA
MINI6F,5M,2026-03-20 18:15:00,2026-03-20,18:15:00,42050,42070,42030,42035,20,DIRECTA
MINI6F,5M,2026-03-20 18:20:00,2026-03-20,18:20:00,42035,42100,42025,42075,26,DIRECTA
MINI6F,5M,2026-03-20 18:25:00,2026-03-20,18:25:00,42070,42070,42010,42025,39,DIRECTA
MINI6F,15M,2026-03-20 18:30:00,2026-03-20,18:30:00,42025,42050,41915,41975,115,DIRECTA
MINI6F,5M,2026-03-20 18:30:00,2026-03-20,18:30:00,42025,42050,41950,41965,38,DIRECTA
MINI6F,5M,2026-03-20 18:35:00,2026-03-20,18:35:00,41965,41985,41915,41980,47,DIRECTA
MINI6F,5M,2026-03-20 18:40:00,2026-03-20,18:40:00,41975,42010,41975,41975,30,DIRECTA
MINI6F,15M,2026-03-20 18:45:00,2026-03-20,18:45:00,41995,42040,41970,42030,75,DIRECTA
MINI6F,5M,2026-03-20 18:45:00,2026-03-20,18:45:00,41995,42010,41980,42000,20,DIRECTA
MINI6F,5M,2026-03-20 18:50:00,2026-03-20,18:50:00,41975,42015,41970,42015,34,DIRECTA
MINI6F,5M,2026-03-20 18:55:00,2026-03-20,18:55:00,42020,42040,42020,42030,21,DIRECTA
MINI6F,1H,2026-03-20 19:00:00,2026-03-20,19:00:00,42045,42050,41475,41750,527,DIRECTA
MINI6F,15M,2026-03-20 19:00:00,2026-03-20,19:00:00,42045,42050,41950,41950,56,DIRECTA
MINI6F,5M,2026-03-20 19:00:00,2026-03-20,19:00:00,42045,42050,41970,41970,23,DIRECTA
MINI6F,5M,2026-03-20 19:05:00,2026-03-20,19:05:00,41970,42010,41965,41985,22,DIRECTA
MINI6F,5M,2026-03-20 19:10:00,2026-03-20,19:10:00,41960,41970,41950,41950,11,DIRECTA
MINI6F,15M,2026-03-20 19:15:00,2026-03-20,19:15:00,41960,41960,41475,41795,334,DIRECTA
MINI6F,5M,2026-03-20 19:15:00,2026-03-20,19:15:00,41960,41960,41925,41935,22,DIRECTA
MINI6F,5M,2026-03-20 19:20:00,2026-03-20,19:20:00,41955,41955,41475,41720,281,DIRECTA
MINI6F,5M,2026-03-20 19:25:00,2026-03-20,19:25:00,41750,41810,41750,41795,31,DIRECTA
MINI6F,15M,2026-03-20 19:30:00,2026-03-20,19:30:00,41810,41815,41725,41740,91,DIRECTA
MINI6F,5M,2026-03-20 19:30:00,2026-03-20,19:30:00,41810,41815,41755,41755,33,DIRECTA
MINI6F,5M,2026-03-20 19:35:00,2026-03-20,19:35:00,41755,41755,41725,41755,24,DIRECTA
MINI6F,5M,2026-03-20 19:40:00,2026-03-20,19:40:00,41750,41775,41730,41740,34,DIRECTA
MINI6F,15M,2026-03-20 19:45:00,2026-03-20,19:45:00,41740,41765,41725,41750,46,DIRECTA
MINI6F,5M,2026-03-20 19:45:00,2026-03-20,19:45:00,41740,41760,41730,41750,13,DIRECTA
MINI6F,5M,2026-03-20 19:50:00,2026-03-20,19:50:00,41730,41765,41725,41755,17,DIRECTA
MINI6F,5M,2026-03-20 19:55:00,2026-03-20,19:55:00,41745,41750,41725,41750,16,DIRECTA
MINI6F,1H,2026-03-20 20:00:00,2026-03-20,20:00:00,41760,41870,41645,41850,253,DIRECTA
MINI6F,15M,2026-03-20 20:00:00,2026-03-20,20:00:00,41760,41785,41720,41780,56,DIRECTA
MINI6F,5M,2026-03-20 20:00:00,2026-03-20,20:00:00,41760,41785,41745,41745,19,DIRECTA
MINI6F,5M,2026-03-20 20:05:00,2026-03-20,20:05:00,41750,41780,41720,41780,17,DIRECTA
MINI6F,5M,2026-03-20 20:10:00,2026-03-20,20:10:00,41775,41780,41755,41780,20,DIRECTA
MINI6F,15M,2026-03-20 20:15:00,2026-03-20,20:15:00,41765,41790,41695,41735,51,DIRECTA
MINI6F,5M,2026-03-20 20:15:00,2026-03-20,20:15:00,41765,41790,41765,41785,15,DIRECTA
MINI6F,5M,2026-03-20 20:20:00,2026-03-20,20:20:00,41765,41765,41705,41705,10,DIRECTA
MINI6F,5M,2026-03-20 20:25:00,2026-03-20,20:25:00,41700,41740,41695,41735,26,DIRECTA
MINI6F,15M,2026-03-20 20:30:00,2026-03-20,20:30:00,41735,41760,41645,41760,43,DIRECTA
MINI6F,5M,2026-03-20 20:30:00,2026-03-20,20:30:00,41735,41745,41695,41695,8,DIRECTA
MINI6F,5M,2026-03-20 20:35:00,2026-03-20,20:35:00,41700,41700,41645,41675,14,DIRECTA
MINI6F,5M,2026-03-20 20:40:00,2026-03-20,20:40:00,41695,41760,41690,41760,21,DIRECTA
MINI6F,15M,2026-03-20 20:45:00,2026-03-20,20:45:00,41745,41870,41710,41850,103,DIRECTA
MINI6F,5M,2026-03-20 20:45:00,2026-03-20,20:45:00,41745,41755,41710,41710,18,DIRECTA
MINI6F,5M,2026-03-20 20:50:00,2026-03-20,20:50:00,41730,41825,41730,41825,34,DIRECTA
MINI6F,5M,2026-03-20 20:55:00,2026-03-20,20:55:00,41815,41870,41815,41850,51,DIRECTA
MINI6F,1H,2026-03-20 21:00:00,2026-03-20,21:00:00,41870,41950,41695,41720,281,DIRECTA
MINI6F,15M,2026-03-20 21:00:00,2026-03-20,21:00:00,41870,41940,41870,41935,39,DIRECTA
MINI6F,5M,2026-03-20 21:00:00,2026-03-20,21:00:00,41870,41940,41870,41925,27,DIRECTA
MINI6F,5M,2026-03-20 21:05:00,2026-03-20,21:05:00,41925,41935,41920,41920,6,DIRECTA
MINI6F,5M,2026-03-20 21:10:00,2026-03-20,21:10:00,41940,41940,41935,41935,6,DIRECTA
MINI6F,15M,2026-03-20 21:15:00,2026-03-20,21:15:00,41935,41935,41865,41875,36,DIRECTA
MINI6F,5M,2026-03-20 21:15:00,2026-03-20,21:15:00,41935,41935,41935,41935,2,DIRECTA
MINI6F,5M,2026-03-20 21:20:00,2026-03-20,21:20:00,41925,41925,41920,41920,2,DIRECTA
MINI6F,5M,2026-03-20 21:25:00,2026-03-20,21:25:00,41930,41930,41865,41875,32,DIRECTA
MINI6F,15M,2026-03-20 21:30:00,2026-03-20,21:30:00,41875,41950,41720,41750,124,DIRECTA
MINI6F,5M,2026-03-20 21:30:00,2026-03-20,21:30:00,41875,41900,41835,41835,42,DIRECTA
MINI6F,5M,2026-03-20 21:35:00,2026-03-20,21:35:00,41875,41950,41720,41810,67,DIRECTA
MINI6F,5M,2026-03-20 21:40:00,2026-03-20,21:40:00,41850,41890,41740,41750,15,DIRECTA
MINI6F,15M,2026-03-20 21:45:00,2026-03-20,21:45:00,41775,41900,41695,41720,82,DIRECTA
MINI6F,5M,2026-03-20 21:45:00,2026-03-20,21:45:00,41775,41820,41695,41760,34,DIRECTA
MINI6F,5M,2026-03-20 21:50:00,2026-03-20,21:50:00,41760,41900,41760,41900,31,DIRECTA
MINI6F,5M,2026-03-20 21:55:00,2026-03-20,21:55:00,41840,41840,41720,41720,17,DIRECTA
MINI6F,W,2026-03-23 08:00:00,2026-03-23,08:00:00,41300,43535,40900,42655,71862,AGG_FROM_D
MINI6F,D,2026-03-23 08:00:00,2026-03-23,08:00:00,41300,43305,40900,42488,27398,DIRECTA
MINI6F,1H,2026-03-23 08:00:00,2026-03-23,08:00:00,41300,41535,40965,41340,945,DIRECTA
MINI6F,15M,2026-03-23 08:00:00,2026-03-23,08:00:00,41300,41525,40965,41510,392,DIRECTA
MINI6F,5M,2026-03-23 08:00:00,2026-03-23,08:00:00,41300,41380,40965,41380,277,DIRECTA
MINI6F,5M,2026-03-23 08:05:00,2026-03-23,08:05:00,41380,41445,41375,41410,69,DIRECTA
MINI6F,5M,2026-03-23 08:10:00,2026-03-23,08:10:00,41420,41525,41420,41510,46,DIRECTA
MINI6F,15M,2026-03-23 08:15:00,2026-03-23,08:15:00,41510,41535,41350,41420,170,DIRECTA
MINI6F,5M,2026-03-23 08:15:00,2026-03-23,08:15:00,41510,41535,41480,41515,39,DIRECTA
MINI6F,5M,2026-03-23 08:20:00,2026-03-23,08:20:00,41505,41510,41380,41400,63,DIRECTA
MINI6F,5M,2026-03-23 08:25:00,2026-03-23,08:25:00,41380,41425,41350,41420,68,DIRECTA
MINI6F,15M,2026-03-23 08:30:00,2026-03-23,08:30:00,41430,41490,41370,41435,163,DIRECTA
MINI6F,5M,2026-03-23 08:30:00,2026-03-23,08:30:00,41430,41490,41405,41430,87,DIRECTA
MINI6F,5M,2026-03-23 08:35:00,2026-03-23,08:35:00,41415,41475,41400,41435,55,DIRECTA
MINI6F,5M,2026-03-23 08:40:00,2026-03-23,08:40:00,41385,41435,41370,41435,21,DIRECTA
MINI6F,15M,2026-03-23 08:45:00,2026-03-23,08:45:00,41450,41490,41290,41340,220,DIRECTA
MINI6F,5M,2026-03-23 08:45:00,2026-03-23,08:45:00,41450,41490,41430,41450,34,DIRECTA
MINI6F,5M,2026-03-23 08:50:00,2026-03-23,08:50:00,41440,41465,41355,41370,49,DIRECTA
MINI6F,5M,2026-03-23 08:55:00,2026-03-23,08:55:00,41360,41405,41290,41340,137,DIRECTA
MINI6F,1H,2026-03-23 09:00:00,2026-03-23,09:00:00,41335,41480,41220,41265,3512,DIRECTA
MINI6F,15M,2026-03-23 09:00:00,2026-03-23,09:00:00,41335,41480,41280,41405,1629,DIRECTA
MINI6F,5M,2026-03-23 09:00:00,2026-03-23,09:00:00,41335,41480,41280,41385,968,DIRECTA
MINI6F,5M,2026-03-23 09:05:00,2026-03-23,09:05:00,41380,41430,41310,41320,282,DIRECTA
MINI6F,5M,2026-03-23 09:10:00,2026-03-23,09:10:00,41320,41425,41280,41405,379,DIRECTA
MINI6F,15M,2026-03-23 09:15:00,2026-03-23,09:15:00,41405,41420,41240,41290,672,DIRECTA
MINI6F,5M,2026-03-23 09:15:00,2026-03-23,09:15:00,41405,41415,41240,41360,301,DIRECTA
MINI6F,5M,2026-03-23 09:20:00,2026-03-23,09:20:00,41360,41420,41310,41330,218,DIRECTA
MINI6F,5M,2026-03-23 09:25:00,2026-03-23,09:25:00,41325,41385,41285,41290,153,DIRECTA
MINI6F,15M,2026-03-23 09:30:00,2026-03-23,09:30:00,41295,41470,41220,41250,739,DIRECTA
MINI6F,5M,2026-03-23 09:30:00,2026-03-23,09:30:00,41295,41470,41290,41400,245,DIRECTA
MINI6F,5M,2026-03-23 09:35:00,2026-03-23,09:35:00,41405,41405,41300,41340,191,DIRECTA
MINI6F,5M,2026-03-23 09:40:00,2026-03-23,09:40:00,41350,41395,41220,41250,303,DIRECTA
MINI6F,15M,2026-03-23 09:45:00,2026-03-23,09:45:00,41250,41395,41225,41265,472,DIRECTA
MINI6F,5M,2026-03-23 09:45:00,2026-03-23,09:45:00,41250,41395,41230,41320,149,DIRECTA
MINI6F,5M,2026-03-23 09:50:00,2026-03-23,09:50:00,41300,41350,41265,41325,191,DIRECTA
MINI6F,5M,2026-03-23 09:55:00,2026-03-23,09:55:00,41330,41330,41225,41265,132,DIRECTA
MINI6F,1H,2026-03-23 10:00:00,2026-03-23,10:00:00,41245,41260,40900,41040,2374,DIRECTA
MINI6F,15M,2026-03-23 10:00:00,2026-03-23,10:00:00,41245,41255,41100,41125,620,DIRECTA
MINI6F,5M,2026-03-23 10:00:00,2026-03-23,10:00:00,41245,41250,41125,41135,253,DIRECTA
MINI6F,5M,2026-03-23 10:05:00,2026-03-23,10:05:00,41130,41255,41120,41195,206,DIRECTA
MINI6F,5M,2026-03-23 10:10:00,2026-03-23,10:10:00,41195,41210,41100,41125,161,DIRECTA
MINI6F,15M,2026-03-23 10:15:00,2026-03-23,10:15:00,41125,41260,41030,41145,684,DIRECTA
MINI6F,5M,2026-03-23 10:15:00,2026-03-23,10:15:00,41125,41230,41110,41160,282,DIRECTA
MINI6F,5M,2026-03-23 10:20:00,2026-03-23,10:20:00,41180,41260,41060,41060,167,DIRECTA
MINI6F,5M,2026-03-23 10:25:00,2026-03-23,10:25:00,41065,41145,41030,41145,235,DIRECTA
MINI6F,15M,2026-03-23 10:30:00,2026-03-23,10:30:00,41140,41155,40900,41020,621,DIRECTA
MINI6F,5M,2026-03-23 10:30:00,2026-03-23,10:30:00,41140,41155,40960,40965,238,DIRECTA
MINI6F,5M,2026-03-23 10:35:00,2026-03-23,10:35:00,40960,41040,40900,41000,204,DIRECTA
MINI6F,5M,2026-03-23 10:40:00,2026-03-23,10:40:00,41000,41040,40980,41020,179,DIRECTA
MINI6F,15M,2026-03-23 10:45:00,2026-03-23,10:45:00,41015,41170,41000,41040,449,DIRECTA
MINI6F,5M,2026-03-23 10:45:00,2026-03-23,10:45:00,41015,41160,41015,41115,164,DIRECTA
MINI6F,5M,2026-03-23 10:50:00,2026-03-23,10:50:00,41120,41170,41030,41035,150,DIRECTA
MINI6F,5M,2026-03-23 10:55:00,2026-03-23,10:55:00,41030,41055,41000,41040,135,DIRECTA
MINI6F,1H,2026-03-23 11:00:00,2026-03-23,11:00:00,41040,41130,40905,41025,1409,DIRECTA
MINI6F,15M,2026-03-23 11:00:00,2026-03-23,11:00:00,41040,41130,40995,41015,371,DIRECTA
MINI6F,5M,2026-03-23 11:00:00,2026-03-23,11:00:00,41040,41065,40995,41045,133,DIRECTA
MINI6F,5M,2026-03-23 11:05:00,2026-03-23,11:05:00,41055,41130,41025,41130,183,DIRECTA
MINI6F,5M,2026-03-23 11:10:00,2026-03-23,11:10:00,41085,41120,41015,41015,55,DIRECTA
MINI6F,15M,2026-03-23 11:15:00,2026-03-23,11:15:00,41000,41060,40965,40975,262,DIRECTA
MINI6F,5M,2026-03-23 11:15:00,2026-03-23,11:15:00,41000,41060,40970,41010,110,DIRECTA
MINI6F,5M,2026-03-23 11:20:00,2026-03-23,11:20:00,41015,41020,40965,40995,93,DIRECTA
MINI6F,5M,2026-03-23 11:25:00,2026-03-23,11:25:00,41000,41020,40975,40975,59,DIRECTA
MINI6F,15M,2026-03-23 11:30:00,2026-03-23,11:30:00,40985,41115,40960,40990,272,DIRECTA
MINI6F,5M,2026-03-23 11:30:00,2026-03-23,11:30:00,40985,41070,40970,41070,86,DIRECTA
MINI6F,5M,2026-03-23 11:35:00,2026-03-23,11:35:00,41065,41115,40995,41000,73,DIRECTA
MINI6F,5M,2026-03-23 11:40:00,2026-03-23,11:40:00,40990,41010,40960,40990,113,DIRECTA
MINI6F,15M,2026-03-23 11:45:00,2026-03-23,11:45:00,40990,41095,40905,41025,504,DIRECTA
MINI6F,5M,2026-03-23 11:45:00,2026-03-23,11:45:00,40990,40990,40905,40920,94,DIRECTA
MINI6F,5M,2026-03-23 11:50:00,2026-03-23,11:50:00,40920,41095,40920,41005,341,DIRECTA
MINI6F,5M,2026-03-23 11:55:00,2026-03-23,11:55:00,41010,41030,40965,41025,69,DIRECTA
MINI6F,1H,2026-03-23 12:00:00,2026-03-23,12:00:00,41030,43200,41030,42455,4793,DIRECTA
MINI6F,15M,2026-03-23 12:00:00,2026-03-23,12:00:00,41030,43105,41030,43000,1186,DIRECTA
MINI6F,5M,2026-03-23 12:00:00,2026-03-23,12:00:00,41030,41120,41030,41115,213,DIRECTA
MINI6F,5M,2026-03-23 12:05:00,2026-03-23,12:05:00,41110,42750,41105,42405,627,DIRECTA
MINI6F,5M,2026-03-23 12:10:00,2026-03-23,12:10:00,42645,43105,42425,43000,346,DIRECTA
MINI6F,15M,2026-03-23 12:15:00,2026-03-23,12:15:00,43030,43200,42430,42750,972,DIRECTA
MINI6F,5M,2026-03-23 12:15:00,2026-03-23,12:15:00,43030,43200,42685,42810,292,DIRECTA
MINI6F,5M,2026-03-23 12:20:00,2026-03-23,12:20:00,42825,42900,42430,42580,414,DIRECTA
MINI6F,5M,2026-03-23 12:25:00,2026-03-23,12:25:00,42530,42790,42500,42750,266,DIRECTA
MINI6F,15M,2026-03-23 12:30:00,2026-03-23,12:30:00,42740,42955,42530,42565,997,DIRECTA
MINI6F,5M,2026-03-23 12:30:00,2026-03-23,12:30:00,42740,42940,42740,42915,359,DIRECTA
MINI6F,5M,2026-03-23 12:35:00,2026-03-23,12:35:00,42920,42955,42675,42715,364,DIRECTA
MINI6F,5M,2026-03-23 12:40:00,2026-03-23,12:40:00,42705,42720,42530,42565,274,DIRECTA
MINI6F,15M,2026-03-23 12:45:00,2026-03-23,12:45:00,42575,42670,42390,42455,1638,DIRECTA
MINI6F,5M,2026-03-23 12:45:00,2026-03-23,12:45:00,42575,42655,42450,42645,302,DIRECTA
MINI6F,5M,2026-03-23 12:50:00,2026-03-23,12:50:00,42630,42670,42390,42660,613,DIRECTA
MINI6F,5M,2026-03-23 12:55:00,2026-03-23,12:55:00,42665,42665,42390,42455,723,DIRECTA
MINI6F,1H,2026-03-23 13:00:00,2026-03-23,13:00:00,42445,43000,42330,42920,2607,DIRECTA
MINI6F,15M,2026-03-23 13:00:00,2026-03-23,13:00:00,42445,42645,42330,42360,1091,DIRECTA
MINI6F,5M,2026-03-23 13:00:00,2026-03-23,13:00:00,42445,42540,42330,42505,591,DIRECTA
MINI6F,5M,2026-03-23 13:05:00,2026-03-23,13:05:00,42495,42605,42340,42605,276,DIRECTA
MINI6F,5M,2026-03-23 13:10:00,2026-03-23,13:10:00,42615,42645,42360,42360,224,DIRECTA
MINI6F,15M,2026-03-23 13:15:00,2026-03-23,13:15:00,42360,42840,42355,42835,555,DIRECTA
MINI6F,5M,2026-03-23 13:15:00,2026-03-23,13:15:00,42360,42670,42355,42665,194,DIRECTA
MINI6F,5M,2026-03-23 13:20:00,2026-03-23,13:20:00,42650,42785,42615,42770,264,DIRECTA
MINI6F,5M,2026-03-23 13:25:00,2026-03-23,13:25:00,42755,42840,42755,42835,97,DIRECTA
MINI6F,15M,2026-03-23 13:30:00,2026-03-23,13:30:00,42805,42960,42545,42955,569,DIRECTA
MINI6F,5M,2026-03-23 13:30:00,2026-03-23,13:30:00,42805,42810,42545,42575,144,DIRECTA
MINI6F,5M,2026-03-23 13:35:00,2026-03-23,13:35:00,42590,42690,42555,42580,77,DIRECTA
MINI6F,5M,2026-03-23 13:40:00,2026-03-23,13:40:00,42610,42960,42585,42955,348,DIRECTA
MINI6F,15M,2026-03-23 13:45:00,2026-03-23,13:45:00,42945,43000,42865,42920,392,DIRECTA
MINI6F,5M,2026-03-23 13:45:00,2026-03-23,13:45:00,42945,42995,42865,42930,144,DIRECTA
MINI6F,5M,2026-03-23 13:50:00,2026-03-23,13:50:00,42940,43000,42905,42935,144,DIRECTA
MINI6F,5M,2026-03-23 13:55:00,2026-03-23,13:55:00,42945,42985,42905,42920,104,DIRECTA
MINI6F,1H,2026-03-23 14:00:00,2026-03-23,14:00:00,42930,43005,42595,42910,2321,DIRECTA
MINI6F,15M,2026-03-23 14:00:00,2026-03-23,14:00:00,42930,43005,42810,42825,507,DIRECTA
MINI6F,5M,2026-03-23 14:00:00,2026-03-23,14:00:00,42930,43005,42885,42925,205,DIRECTA
MINI6F,5M,2026-03-23 14:05:00,2026-03-23,14:05:00,42925,42935,42830,42910,119,DIRECTA
MINI6F,5M,2026-03-23 14:10:00,2026-03-23,14:10:00,42895,42925,42810,42825,183,DIRECTA
MINI6F,15M,2026-03-23 14:15:00,2026-03-23,14:15:00,42825,42860,42650,42660,301,DIRECTA
MINI6F,5M,2026-03-23 14:15:00,2026-03-23,14:15:00,42825,42860,42765,42765,99,DIRECTA
MINI6F,5M,2026-03-23 14:20:00,2026-03-23,14:20:00,42770,42775,42660,42710,132,DIRECTA
MINI6F,5M,2026-03-23 14:25:00,2026-03-23,14:25:00,42690,42710,42650,42660,70,DIRECTA
MINI6F,15M,2026-03-23 14:30:00,2026-03-23,14:30:00,42650,42985,42595,42805,926,DIRECTA
MINI6F,5M,2026-03-23 14:30:00,2026-03-23,14:30:00,42650,42680,42605,42625,231,DIRECTA
MINI6F,5M,2026-03-23 14:35:00,2026-03-23,14:35:00,42640,42760,42595,42755,180,DIRECTA
MINI6F,5M,2026-03-23 14:40:00,2026-03-23,14:40:00,42765,42985,42705,42805,515,DIRECTA
MINI6F,15M,2026-03-23 14:45:00,2026-03-23,14:45:00,42800,42930,42790,42910,587,DIRECTA
MINI6F,5M,2026-03-23 14:45:00,2026-03-23,14:45:00,42800,42895,42790,42850,303,DIRECTA
MINI6F,5M,2026-03-23 14:50:00,2026-03-23,14:50:00,42855,42930,42795,42910,165,DIRECTA
MINI6F,5M,2026-03-23 14:55:00,2026-03-23,14:55:00,42895,42910,42805,42910,119,DIRECTA
MINI6F,1H,2026-03-23 15:00:00,2026-03-23,15:00:00,42920,43200,42875,43120,2401,DIRECTA
MINI6F,15M,2026-03-23 15:00:00,2026-03-23,15:00:00,42920,43045,42875,42915,654,DIRECTA
MINI6F,5M,2026-03-23 15:00:00,2026-03-23,15:00:00,42920,43045,42900,42950,253,DIRECTA
MINI6F,5M,2026-03-23 15:05:00,2026-03-23,15:05:00,42960,42985,42875,42915,222,DIRECTA
MINI6F,5M,2026-03-23 15:10:00,2026-03-23,15:10:00,42910,42970,42885,42915,179,DIRECTA
MINI6F,15M,2026-03-23 15:15:00,2026-03-23,15:15:00,42925,43175,42920,43055,852,DIRECTA
MINI6F,5M,2026-03-23 15:15:00,2026-03-23,15:15:00,42925,43055,42920,43045,212,DIRECTA
MINI6F,5M,2026-03-23 15:20:00,2026-03-23,15:20:00,43045,43175,43025,43120,272,DIRECTA
MINI6F,5M,2026-03-23 15:25:00,2026-03-23,15:25:00,43120,43120,43015,43055,368,DIRECTA
MINI6F,15M,2026-03-23 15:30:00,2026-03-23,15:30:00,43040,43055,42885,43015,512,DIRECTA
MINI6F,5M,2026-03-23 15:30:00,2026-03-23,15:30:00,43040,43055,43010,43050,124,DIRECTA
MINI6F,5M,2026-03-23 15:35:00,2026-03-23,15:35:00,43035,43045,42885,42930,229,DIRECTA
MINI6F,5M,2026-03-23 15:40:00,2026-03-23,15:40:00,42925,43040,42920,43015,159,DIRECTA
MINI6F,15M,2026-03-23 15:45:00,2026-03-23,15:45:00,42990,43200,42965,43120,383,DIRECTA
MINI6F,5M,2026-03-23 15:45:00,2026-03-23,15:45:00,42990,43140,42965,43140,174,DIRECTA
MINI6F,5M,2026-03-23 15:50:00,2026-03-23,15:50:00,43140,43200,43085,43155,131,DIRECTA
MINI6F,5M,2026-03-23 15:55:00,2026-03-23,15:55:00,43165,43165,43115,43120,78,DIRECTA
MINI6F,1H,2026-03-23 16:00:00,2026-03-23,16:00:00,43130,43305,42530,42550,2427,DIRECTA
MINI6F,15M,2026-03-23 16:00:00,2026-03-23,16:00:00,43130,43305,43115,43235,501,DIRECTA
MINI6F,5M,2026-03-23 16:00:00,2026-03-23,16:00:00,43130,43255,43115,43250,188,DIRECTA
MINI6F,5M,2026-03-23 16:05:00,2026-03-23,16:05:00,43250,43290,43225,43265,181,DIRECTA
MINI6F,5M,2026-03-23 16:10:00,2026-03-23,16:10:00,43270,43305,43235,43235,132,DIRECTA
MINI6F,15M,2026-03-23 16:15:00,2026-03-23,16:15:00,43230,43255,43060,43075,558,DIRECTA
MINI6F,5M,2026-03-23 16:15:00,2026-03-23,16:15:00,43230,43255,43135,43155,235,DIRECTA
MINI6F,5M,2026-03-23 16:20:00,2026-03-23,16:20:00,43150,43200,43110,43180,132,DIRECTA
MINI6F,5M,2026-03-23 16:25:00,2026-03-23,16:25:00,43165,43200,43060,43075,191,DIRECTA
MINI6F,15M,2026-03-23 16:30:00,2026-03-23,16:30:00,43090,43110,42850,42885,469,DIRECTA
MINI6F,5M,2026-03-23 16:30:00,2026-03-23,16:30:00,43090,43110,43030,43045,158,DIRECTA
MINI6F,5M,2026-03-23 16:35:00,2026-03-23,16:35:00,43050,43055,42940,42945,180,DIRECTA
MINI6F,5M,2026-03-23 16:40:00,2026-03-23,16:40:00,42935,42955,42850,42885,131,DIRECTA
MINI6F,15M,2026-03-23 16:45:00,2026-03-23,16:45:00,42875,42940,42530,42550,899,DIRECTA
MINI6F,5M,2026-03-23 16:45:00,2026-03-23,16:45:00,42875,42940,42845,42930,153,DIRECTA
MINI6F,5M,2026-03-23 16:50:00,2026-03-23,16:50:00,42915,42930,42710,42710,422,DIRECTA
MINI6F,5M,2026-03-23 16:55:00,2026-03-23,16:55:00,42715,42720,42530,42550,324,DIRECTA
MINI6F,1H,2026-03-23 17:00:00,2026-03-23,17:00:00,42530,42685,42385,42575,2295,DIRECTA
MINI6F,15M,2026-03-23 17:00:00,2026-03-23,17:00:00,42530,42675,42515,42665,610,DIRECTA
MINI6F,5M,2026-03-23 17:00:00,2026-03-23,17:00:00,42530,42640,42525,42580,261,DIRECTA
MINI6F,5M,2026-03-23 17:05:00,2026-03-23,17:05:00,42580,42630,42515,42600,190,DIRECTA
MINI6F,5M,2026-03-23 17:10:00,2026-03-23,17:10:00,42590,42675,42565,42665,159,DIRECTA
MINI6F,15M,2026-03-23 17:15:00,2026-03-23,17:15:00,42650,42685,42470,42470,444,DIRECTA
MINI6F,5M,2026-03-23 17:15:00,2026-03-23,17:15:00,42650,42685,42565,42565,126,DIRECTA
MINI6F,5M,2026-03-23 17:20:00,2026-03-23,17:20:00,42560,42575,42515,42555,154,DIRECTA
MINI6F,5M,2026-03-23 17:25:00,2026-03-23,17:25:00,42550,42600,42470,42470,164,DIRECTA
MINI6F,15M,2026-03-23 17:30:00,2026-03-23,17:30:00,42470,42570,42385,42565,923,DIRECTA
MINI6F,5M,2026-03-23 17:30:00,2026-03-23,17:30:00,42470,42505,42385,42445,550,DIRECTA
MINI6F,5M,2026-03-23 17:35:00,2026-03-23,17:35:00,42450,42555,42445,42505,262,DIRECTA
MINI6F,5M,2026-03-23 17:40:00,2026-03-23,17:40:00,42510,42570,42485,42565,111,DIRECTA
MINI6F,15M,2026-03-23 17:45:00,2026-03-23,17:45:00,42570,42645,42530,42575,318,DIRECTA
MINI6F,5M,2026-03-23 17:45:00,2026-03-23,17:45:00,42570,42620,42530,42620,129,DIRECTA
MINI6F,5M,2026-03-23 17:50:00,2026-03-23,17:50:00,42615,42645,42530,42610,107,DIRECTA
MINI6F,5M,2026-03-23 17:55:00,2026-03-23,17:55:00,42610,42620,42545,42575,82,DIRECTA
MINI6F,1H,2026-03-23 18:00:00,2026-03-23,18:00:00,42570,42965,42525,42880,878,DIRECTA
MINI6F,15M,2026-03-23 18:00:00,2026-03-23,18:00:00,42570,42665,42525,42615,213,DIRECTA
MINI6F,5M,2026-03-23 18:00:00,2026-03-23,18:00:00,42570,42625,42540,42540,71,DIRECTA
MINI6F,5M,2026-03-23 18:05:00,2026-03-23,18:05:00,42530,42645,42525,42635,70,DIRECTA
MINI6F,5M,2026-03-23 18:10:00,2026-03-23,18:10:00,42630,42665,42615,42615,72,DIRECTA
MINI6F,15M,2026-03-23 18:15:00,2026-03-23,18:15:00,42615,42735,42580,42730,201,DIRECTA
MINI6F,5M,2026-03-23 18:15:00,2026-03-23,18:15:00,42615,42655,42580,42645,34,DIRECTA
MINI6F,5M,2026-03-23 18:20:00,2026-03-23,18:20:00,42645,42670,42610,42655,85,DIRECTA
MINI6F,5M,2026-03-23 18:25:00,2026-03-23,18:25:00,42660,42735,42660,42730,82,DIRECTA
MINI6F,15M,2026-03-23 18:30:00,2026-03-23,18:30:00,42725,42965,42725,42855,341,DIRECTA
MINI6F,5M,2026-03-23 18:30:00,2026-03-23,18:30:00,42725,42860,42725,42860,102,DIRECTA
MINI6F,5M,2026-03-23 18:35:00,2026-03-23,18:35:00,42870,42965,42865,42950,175,DIRECTA
MINI6F,5M,2026-03-23 18:40:00,2026-03-23,18:40:00,42935,42940,42830,42855,64,DIRECTA
MINI6F,15M,2026-03-23 18:45:00,2026-03-23,18:45:00,42850,42890,42795,42880,123,DIRECTA
MINI6F,5M,2026-03-23 18:45:00,2026-03-23,18:45:00,42850,42850,42795,42805,87,DIRECTA
MINI6F,5M,2026-03-23 18:50:00,2026-03-23,18:50:00,42815,42850,42805,42850,15,DIRECTA
MINI6F,5M,2026-03-23 18:55:00,2026-03-23,18:55:00,42845,42890,42845,42880,21,DIRECTA
MINI6F,1H,2026-03-23 19:00:00,2026-03-23,19:00:00,42875,43070,42770,42995,694,DIRECTA
MINI6F,15M,2026-03-23 19:00:00,2026-03-23,19:00:00,42875,42900,42770,42870,201,DIRECTA
MINI6F,5M,2026-03-23 19:00:00,2026-03-23,19:00:00,42875,42900,42845,42895,44,DIRECTA
MINI6F,5M,2026-03-23 19:05:00,2026-03-23,19:05:00,42885,42885,42770,42835,107,DIRECTA
MINI6F,5M,2026-03-23 19:10:00,2026-03-23,19:10:00,42850,42895,42825,42870,50,DIRECTA
MINI6F,15M,2026-03-23 19:15:00,2026-03-23,19:15:00,42865,42900,42830,42880,126,DIRECTA
MINI6F,5M,2026-03-23 19:15:00,2026-03-23,19:15:00,42865,42875,42830,42845,56,DIRECTA
MINI6F,5M,2026-03-23 19:20:00,2026-03-23,19:20:00,42845,42870,42835,42870,29,DIRECTA
MINI6F,5M,2026-03-23 19:25:00,2026-03-23,19:25:00,42880,42900,42865,42880,41,DIRECTA
MINI6F,15M,2026-03-23 19:30:00,2026-03-23,19:30:00,42890,43070,42890,43025,291,DIRECTA
MINI6F,5M,2026-03-23 19:30:00,2026-03-23,19:30:00,42890,43010,42890,43005,75,DIRECTA
MINI6F,5M,2026-03-23 19:35:00,2026-03-23,19:35:00,43005,43070,42990,43005,169,DIRECTA
MINI6F,5M,2026-03-23 19:40:00,2026-03-23,19:40:00,43005,43030,42970,43025,47,DIRECTA
MINI6F,15M,2026-03-23 19:45:00,2026-03-23,19:45:00,43020,43060,42995,42995,76,DIRECTA
MINI6F,5M,2026-03-23 19:45:00,2026-03-23,19:45:00,43020,43060,43020,43045,41,DIRECTA
MINI6F,5M,2026-03-23 19:50:00,2026-03-23,19:50:00,43045,43055,43005,43010,19,DIRECTA
MINI6F,5M,2026-03-23 19:55:00,2026-03-23,19:55:00,43025,43025,42995,42995,16,DIRECTA
MINI6F,1H,2026-03-23 20:00:00,2026-03-23,20:00:00,42985,42985,42745,42760,601,DIRECTA
MINI6F,15M,2026-03-23 20:00:00,2026-03-23,20:00:00,42985,42985,42935,42955,68,DIRECTA
MINI6F,5M,2026-03-23 20:00:00,2026-03-23,20:00:00,42985,42985,42950,42955,29,DIRECTA
MINI6F,5M,2026-03-23 20:05:00,2026-03-23,20:05:00,42950,42975,42935,42975,22,DIRECTA
MINI6F,5M,2026-03-23 20:10:00,2026-03-23,20:10:00,42945,42955,42940,42955,17,DIRECTA
MINI6F,15M,2026-03-23 20:15:00,2026-03-23,20:15:00,42960,42960,42810,42835,216,DIRECTA
MINI6F,5M,2026-03-23 20:15:00,2026-03-23,20:15:00,42960,42960,42880,42890,87,DIRECTA
MINI6F,5M,2026-03-23 20:20:00,2026-03-23,20:20:00,42880,42880,42830,42840,30,DIRECTA
MINI6F,5M,2026-03-23 20:25:00,2026-03-23,20:25:00,42835,42875,42810,42835,99,DIRECTA
MINI6F,15M,2026-03-23 20:30:00,2026-03-23,20:30:00,42855,42890,42835,42870,127,DIRECTA
MINI6F,5M,2026-03-23 20:30:00,2026-03-23,20:30:00,42855,42870,42840,42845,43,DIRECTA
MINI6F,5M,2026-03-23 20:35:00,2026-03-23,20:35:00,42870,42880,42835,42870,27,DIRECTA
MINI6F,5M,2026-03-23 20:40:00,2026-03-23,20:40:00,42880,42890,42845,42870,57,DIRECTA
MINI6F,15M,2026-03-23 20:45:00,2026-03-23,20:45:00,42870,42935,42745,42760,190,DIRECTA
MINI6F,5M,2026-03-23 20:45:00,2026-03-23,20:45:00,42870,42935,42870,42895,63,DIRECTA
MINI6F,5M,2026-03-23 20:50:00,2026-03-23,20:50:00,42890,42890,42785,42790,46,DIRECTA
MINI6F,5M,2026-03-23 20:55:00,2026-03-23,20:55:00,42800,42800,42745,42760,81,DIRECTA
MINI6F,1H,2026-03-23 21:00:00,2026-03-23,21:00:00,42740,42840,42710,42840,141,DIRECTA
MINI6F,15M,2026-03-23 21:00:00,2026-03-23,21:00:00,42740,42770,42710,42755,36,DIRECTA
MINI6F,5M,2026-03-23 21:00:00,2026-03-23,21:00:00,42740,42745,42710,42725,27,DIRECTA
MINI6F,5M,2026-03-23 21:05:00,2026-03-23,21:05:00,42740,42765,42730,42755,5,DIRECTA
MINI6F,5M,2026-03-23 21:10:00,2026-03-23,21:10:00,42770,42770,42755,42755,4,DIRECTA
MINI6F,15M,2026-03-23 21:15:00,2026-03-23,21:15:00,42755,42780,42740,42775,25,DIRECTA
MINI6F,5M,2026-03-23 21:15:00,2026-03-23,21:15:00,42755,42775,42755,42755,9,DIRECTA
MINI6F,5M,2026-03-23 21:20:00,2026-03-23,21:20:00,42740,42750,42740,42750,3,DIRECTA
MINI6F,5M,2026-03-23 21:25:00,2026-03-23,21:25:00,42765,42780,42760,42775,13,DIRECTA
MINI6F,15M,2026-03-23 21:30:00,2026-03-23,21:30:00,42765,42825,42745,42825,59,DIRECTA
MINI6F,5M,2026-03-23 21:30:00,2026-03-23,21:30:00,42765,42785,42745,42760,39,DIRECTA
MINI6F,5M,2026-03-23 21:35:00,2026-03-23,21:35:00,42765,42810,42765,42805,15,DIRECTA
MINI6F,5M,2026-03-23 21:40:00,2026-03-23,21:40:00,42805,42825,42800,42825,5,DIRECTA
MINI6F,15M,2026-03-23 21:45:00,2026-03-23,21:45:00,42825,42840,42805,42840,21,DIRECTA
MINI6F,5M,2026-03-23 21:45:00,2026-03-23,21:45:00,42825,42825,42825,42825,3,DIRECTA
MINI6F,5M,2026-03-23 21:50:00,2026-03-23,21:50:00,42830,42830,42825,42825,4,DIRECTA
MINI6F,5M,2026-03-23 21:55:00,2026-03-23,21:55:00,42805,42840,42805,42840,14,DIRECTA
MINI6F,D,2026-03-24 08:00:00,2026-03-24,08:00:00,42425,43095,42060,42660,13022,DIRECTA
MINI6F,1H,2026-03-24 08:00:00,2026-03-24,08:00:00,42425,42700,42405,42585,440,DIRECTA
MINI6F,15M,2026-03-24 08:00:00,2026-03-24,08:00:00,42425,42650,42405,42635,198,DIRECTA
MINI6F,5M,2026-03-24 08:00:00,2026-03-24,08:00:00,42425,42575,42405,42485,121,DIRECTA
MINI6F,5M,2026-03-24 08:05:00,2026-03-24,08:05:00,42500,42585,42500,42560,35,DIRECTA
MINI6F,5M,2026-03-24 08:10:00,2026-03-24,08:10:00,42575,42650,42575,42635,42,DIRECTA
MINI6F,15M,2026-03-24 08:15:00,2026-03-24,08:15:00,42640,42700,42610,42635,74,DIRECTA
MINI6F,5M,2026-03-24 08:15:00,2026-03-24,08:15:00,42640,42675,42635,42670,30,DIRECTA
MINI6F,5M,2026-03-24 08:20:00,2026-03-24,08:20:00,42665,42700,42640,42645,24,DIRECTA
MINI6F,5M,2026-03-24 08:25:00,2026-03-24,08:25:00,42630,42635,42610,42635,20,DIRECTA
MINI6F,15M,2026-03-24 08:30:00,2026-03-24,08:30:00,42645,42650,42550,42600,71,DIRECTA
MINI6F,5M,2026-03-24 08:30:00,2026-03-24,08:30:00,42645,42650,42560,42560,29,DIRECTA
MINI6F,5M,2026-03-24 08:35:00,2026-03-24,08:35:00,42570,42605,42550,42580,36,DIRECTA
MINI6F,5M,2026-03-24 08:40:00,2026-03-24,08:40:00,42590,42600,42575,42600,6,DIRECTA
MINI6F,15M,2026-03-24 08:45:00,2026-03-24,08:45:00,42590,42640,42535,42585,97,DIRECTA
MINI6F,5M,2026-03-24 08:45:00,2026-03-24,08:45:00,42590,42590,42535,42570,19,DIRECTA
MINI6F,5M,2026-03-24 08:50:00,2026-03-24,08:50:00,42555,42610,42550,42570,26,DIRECTA
MINI6F,5M,2026-03-24 08:55:00,2026-03-24,08:55:00,42570,42640,42570,42585,52,DIRECTA
MINI6F,1H,2026-03-24 09:00:00,2026-03-24,09:00:00,42600,42700,42170,42220,2490,DIRECTA
MINI6F,15M,2026-03-24 09:00:00,2026-03-24,09:00:00,42600,42700,42485,42585,758,DIRECTA
MINI6F,5M,2026-03-24 09:00:00,2026-03-24,09:00:00,42600,42645,42485,42635,416,DIRECTA
MINI6F,5M,2026-03-24 09:05:00,2026-03-24,09:05:00,42645,42700,42540,42615,215,DIRECTA
MINI6F,5M,2026-03-24 09:10:00,2026-03-24,09:10:00,42620,42640,42555,42585,127,DIRECTA
MINI6F,15M,2026-03-24 09:15:00,2026-03-24,09:15:00,42590,42670,42325,42365,647,DIRECTA
MINI6F,5M,2026-03-24 09:15:00,2026-03-24,09:15:00,42590,42670,42395,42395,226,DIRECTA
MINI6F,5M,2026-03-24 09:20:00,2026-03-24,09:20:00,42405,42475,42325,42390,218,DIRECTA
MINI6F,5M,2026-03-24 09:25:00,2026-03-24,09:25:00,42380,42400,42330,42365,203,DIRECTA
MINI6F,15M,2026-03-24 09:30:00,2026-03-24,09:30:00,42360,42445,42270,42295,520,DIRECTA
MINI6F,5M,2026-03-24 09:30:00,2026-03-24,09:30:00,42360,42405,42295,42300,184,DIRECTA
MINI6F,5M,2026-03-24 09:35:00,2026-03-24,09:35:00,42305,42445,42300,42365,178,DIRECTA
MINI6F,5M,2026-03-24 09:40:00,2026-03-24,09:40:00,42355,42425,42270,42295,158,DIRECTA
MINI6F,15M,2026-03-24 09:45:00,2026-03-24,09:45:00,42290,42400,42170,42220,565,DIRECTA
MINI6F,5M,2026-03-24 09:45:00,2026-03-24,09:45:00,42290,42400,42270,42270,125,DIRECTA
MINI6F,5M,2026-03-24 09:50:00,2026-03-24,09:50:00,42280,42300,42170,42250,324,DIRECTA
MINI6F,5M,2026-03-24 09:55:00,2026-03-24,09:55:00,42280,42305,42185,42220,116,DIRECTA
MINI6F,1H,2026-03-24 10:00:00,2026-03-24,10:00:00,42225,42535,42075,42500,1057,DIRECTA
MINI6F,15M,2026-03-24 10:00:00,2026-03-24,10:00:00,42225,42335,42105,42105,258,DIRECTA
MINI6F,5M,2026-03-24 10:00:00,2026-03-24,10:00:00,42225,42325,42170,42310,96,DIRECTA
MINI6F,5M,2026-03-24 10:05:00,2026-03-24,10:05:00,42325,42335,42170,42185,67,DIRECTA
MINI6F,5M,2026-03-24 10:10:00,2026-03-24,10:10:00,42190,42270,42105,42105,95,DIRECTA
MINI6F,15M,2026-03-24 10:15:00,2026-03-24,10:15:00,42110,42325,42075,42300,324,DIRECTA
MINI6F,5M,2026-03-24 10:15:00,2026-03-24,10:15:00,42110,42225,42075,42175,140,DIRECTA
MINI6F,5M,2026-03-24 10:20:00,2026-03-24,10:20:00,42175,42210,42120,42210,52,DIRECTA
MINI6F,5M,2026-03-24 10:25:00,2026-03-24,10:25:00,42210,42325,42185,42300,132,DIRECTA
MINI6F,15M,2026-03-24 10:30:00,2026-03-24,10:30:00,42290,42345,42200,42330,167,DIRECTA
MINI6F,5M,2026-03-24 10:30:00,2026-03-24,10:30:00,42290,42310,42240,42255,78,DIRECTA
MINI6F,5M,2026-03-24 10:35:00,2026-03-24,10:35:00,42260,42270,42200,42220,43,DIRECTA
MINI6F,5M,2026-03-24 10:40:00,2026-03-24,10:40:00,42235,42345,42235,42330,46,DIRECTA
MINI6F,15M,2026-03-24 10:45:00,2026-03-24,10:45:00,42315,42535,42270,42500,308,DIRECTA
MINI6F,5M,2026-03-24 10:45:00,2026-03-24,10:45:00,42315,42360,42285,42290,57,DIRECTA
MINI6F,5M,2026-03-24 10:50:00,2026-03-24,10:50:00,42305,42425,42270,42420,65,DIRECTA
MINI6F,5M,2026-03-24 10:55:00,2026-03-24,10:55:00,42430,42535,42425,42500,186,DIRECTA
MINI6F,1H,2026-03-24 11:00:00,2026-03-24,11:00:00,42500,42605,42370,42560,971,DIRECTA
MINI6F,15M,2026-03-24 11:00:00,2026-03-24,11:00:00,42500,42545,42370,42500,297,DIRECTA
MINI6F,5M,2026-03-24 11:00:00,2026-03-24,11:00:00,42500,42505,42370,42455,119,DIRECTA
MINI6F,5M,2026-03-24 11:05:00,2026-03-24,11:05:00,42460,42535,42460,42525,70,DIRECTA
MINI6F,5M,2026-03-24 11:10:00,2026-03-24,11:10:00,42530,42545,42480,42500,108,DIRECTA
MINI6F,15M,2026-03-24 11:15:00,2026-03-24,11:15:00,42495,42535,42425,42440,193,DIRECTA
MINI6F,5M,2026-03-24 11:15:00,2026-03-24,11:15:00,42495,42535,42480,42500,53,DIRECTA
MINI6F,5M,2026-03-24 11:20:00,2026-03-24,11:20:00,42500,42515,42465,42475,69,DIRECTA
MINI6F,5M,2026-03-24 11:25:00,2026-03-24,11:25:00,42480,42495,42425,42440,71,DIRECTA
MINI6F,15M,2026-03-24 11:30:00,2026-03-24,11:30:00,42430,42590,42410,42570,280,DIRECTA
MINI6F,5M,2026-03-24 11:30:00,2026-03-24,11:30:00,42430,42480,42410,42430,82,DIRECTA
MINI6F,5M,2026-03-24 11:35:00,2026-03-24,11:35:00,42435,42555,42430,42550,78,DIRECTA
MINI6F,5M,2026-03-24 11:40:00,2026-03-24,11:40:00,42565,42590,42515,42570,120,DIRECTA
MINI6F,15M,2026-03-24 11:45:00,2026-03-24,11:45:00,42575,42605,42475,42560,201,DIRECTA
MINI6F,5M,2026-03-24 11:45:00,2026-03-24,11:45:00,42575,42605,42475,42490,128,DIRECTA
MINI6F,5M,2026-03-24 11:50:00,2026-03-24,11:50:00,42500,42560,42495,42550,42,DIRECTA
MINI6F,5M,2026-03-24 11:55:00,2026-03-24,11:55:00,42540,42560,42530,42560,31,DIRECTA
MINI6F,1H,2026-03-24 12:00:00,2026-03-24,12:00:00,42565,42695,42420,42660,843,DIRECTA
MINI6F,15M,2026-03-24 12:00:00,2026-03-24,12:00:00,42565,42665,42500,42645,262,DIRECTA
MINI6F,5M,2026-03-24 12:00:00,2026-03-24,12:00:00,42565,42590,42500,42590,136,DIRECTA
MINI6F,5M,2026-03-24 12:05:00,2026-03-24,12:05:00,42580,42655,42580,42640,79,DIRECTA
MINI6F,5M,2026-03-24 12:10:00,2026-03-24,12:10:00,42630,42665,42630,42645,47,DIRECTA
MINI6F,15M,2026-03-24 12:15:00,2026-03-24,12:15:00,42630,42630,42535,42590,127,DIRECTA
MINI6F,5M,2026-03-24 12:15:00,2026-03-24,12:15:00,42630,42630,42535,42605,68,DIRECTA
MINI6F,5M,2026-03-24 12:20:00,2026-03-24,12:20:00,42615,42615,42575,42605,30,DIRECTA
MINI6F,5M,2026-03-24 12:25:00,2026-03-24,12:25:00,42590,42600,42560,42590,29,DIRECTA
MINI6F,15M,2026-03-24 12:30:00,2026-03-24,12:30:00,42590,42615,42560,42565,120,DIRECTA
MINI6F,5M,2026-03-24 12:30:00,2026-03-24,12:30:00,42590,42590,42560,42585,36,DIRECTA
MINI6F,5M,2026-03-24 12:35:00,2026-03-24,12:35:00,42610,42610,42565,42595,52,DIRECTA
MINI6F,5M,2026-03-24 12:40:00,2026-03-24,12:40:00,42600,42615,42565,42565,32,DIRECTA
MINI6F,15M,2026-03-24 12:45:00,2026-03-24,12:45:00,42565,42695,42420,42660,334,DIRECTA
MINI6F,5M,2026-03-24 12:45:00,2026-03-24,12:45:00,42565,42695,42565,42685,68,DIRECTA
MINI6F,5M,2026-03-24 12:50:00,2026-03-24,12:50:00,42680,42680,42420,42515,215,DIRECTA
MINI6F,5M,2026-03-24 12:55:00,2026-03-24,12:55:00,42550,42670,42545,42660,51,DIRECTA
MINI6F,1H,2026-03-24 13:00:00,2026-03-24,13:00:00,42665,42675,42245,42265,492,DIRECTA
MINI6F,15M,2026-03-24 13:00:00,2026-03-24,13:00:00,42665,42675,42470,42535,79,DIRECTA
MINI6F,5M,2026-03-24 13:00:00,2026-03-24,13:00:00,42665,42675,42575,42580,30,DIRECTA
MINI6F,5M,2026-03-24 13:05:00,2026-03-24,13:05:00,42555,42555,42520,42520,20,DIRECTA
MINI6F,5M,2026-03-24 13:10:00,2026-03-24,13:10:00,42525,42555,42470,42535,29,DIRECTA
MINI6F,15M,2026-03-24 13:15:00,2026-03-24,13:15:00,42535,42595,42510,42540,88,DIRECTA
MINI6F,5M,2026-03-24 13:15:00,2026-03-24,13:15:00,42535,42550,42510,42540,30,DIRECTA
MINI6F,5M,2026-03-24 13:20:00,2026-03-24,13:20:00,42530,42570,42510,42570,15,DIRECTA
MINI6F,5M,2026-03-24 13:25:00,2026-03-24,13:25:00,42560,42595,42535,42540,43,DIRECTA
MINI6F,15M,2026-03-24 13:30:00,2026-03-24,13:30:00,42540,42540,42280,42290,185,DIRECTA
MINI6F,5M,2026-03-24 13:30:00,2026-03-24,13:30:00,42540,42540,42375,42405,69,DIRECTA
MINI6F,5M,2026-03-24 13:35:00,2026-03-24,13:35:00,42405,42420,42320,42320,58,DIRECTA
MINI6F,5M,2026-03-24 13:40:00,2026-03-24,13:40:00,42320,42345,42280,42290,58,DIRECTA
MINI6F,15M,2026-03-24 13:45:00,2026-03-24,13:45:00,42300,42345,42245,42265,140,DIRECTA
MINI6F,5M,2026-03-24 13:45:00,2026-03-24,13:45:00,42300,42330,42265,42280,48,DIRECTA
MINI6F,5M,2026-03-24 13:50:00,2026-03-24,13:50:00,42285,42345,42260,42310,62,DIRECTA
MINI6F,5M,2026-03-24 13:55:00,2026-03-24,13:55:00,42305,42305,42245,42265,30,DIRECTA
MINI6F,1H,2026-03-24 14:00:00,2026-03-24,14:00:00,42265,42325,42060,42250,1195,DIRECTA
MINI6F,15M,2026-03-24 14:00:00,2026-03-24,14:00:00,42265,42325,42130,42260,221,DIRECTA
MINI6F,5M,2026-03-24 14:00:00,2026-03-24,14:00:00,42265,42315,42260,42310,27,DIRECTA
MINI6F,5M,2026-03-24 14:05:00,2026-03-24,14:05:00,42310,42325,42130,42175,148,DIRECTA
MINI6F,5M,2026-03-24 14:10:00,2026-03-24,14:10:00,42175,42275,42175,42260,46,DIRECTA
MINI6F,15M,2026-03-24 14:15:00,2026-03-24,14:15:00,42270,42285,42115,42190,233,DIRECTA
MINI6F,5M,2026-03-24 14:15:00,2026-03-24,14:15:00,42270,42285,42205,42210,51,DIRECTA
MINI6F,5M,2026-03-24 14:20:00,2026-03-24,14:20:00,42195,42250,42185,42185,55,DIRECTA
MINI6F,5M,2026-03-24 14:25:00,2026-03-24,14:25:00,42180,42235,42115,42190,127,DIRECTA
MINI6F,15M,2026-03-24 14:30:00,2026-03-24,14:30:00,42170,42300,42150,42160,484,DIRECTA
MINI6F,5M,2026-03-24 14:30:00,2026-03-24,14:30:00,42170,42245,42150,42235,145,DIRECTA
MINI6F,5M,2026-03-24 14:35:00,2026-03-24,14:35:00,42240,42300,42195,42250,207,DIRECTA
MINI6F,5M,2026-03-24 14:40:00,2026-03-24,14:40:00,42240,42275,42150,42160,132,DIRECTA
MINI6F,15M,2026-03-24 14:45:00,2026-03-24,14:45:00,42150,42255,42060,42250,257,DIRECTA
MINI6F,5M,2026-03-24 14:45:00,2026-03-24,14:45:00,42150,42185,42080,42095,84,DIRECTA
MINI6F,5M,2026-03-24 14:50:00,2026-03-24,14:50:00,42100,42145,42060,42105,102,DIRECTA
MINI6F,5M,2026-03-24 14:55:00,2026-03-24,14:55:00,42110,42255,42110,42250,71,DIRECTA
MINI6F,1H,2026-03-24 15:00:00,2026-03-24,15:00:00,42250,42670,42200,42570,1944,DIRECTA
MINI6F,15M,2026-03-24 15:00:00,2026-03-24,15:00:00,42250,42365,42200,42285,286,DIRECTA
MINI6F,5M,2026-03-24 15:00:00,2026-03-24,15:00:00,42250,42310,42245,42270,90,DIRECTA
MINI6F,5M,2026-03-24 15:05:00,2026-03-24,15:05:00,42250,42345,42200,42340,116,DIRECTA
MINI6F,5M,2026-03-24 15:10:00,2026-03-24,15:10:00,42350,42365,42215,42285,80,DIRECTA
MINI6F,15M,2026-03-24 15:15:00,2026-03-24,15:15:00,42275,42345,42245,42305,174,DIRECTA
MINI6F,5M,2026-03-24 15:15:00,2026-03-24,15:15:00,42275,42315,42245,42310,52,DIRECTA
MINI6F,5M,2026-03-24 15:20:00,2026-03-24,15:20:00,42295,42340,42260,42305,48,DIRECTA
MINI6F,5M,2026-03-24 15:25:00,2026-03-24,15:25:00,42300,42345,42255,42305,74,DIRECTA
MINI6F,15M,2026-03-24 15:30:00,2026-03-24,15:30:00,42315,42450,42315,42425,288,DIRECTA
MINI6F,5M,2026-03-24 15:30:00,2026-03-24,15:30:00,42315,42445,42315,42445,113,DIRECTA
MINI6F,5M,2026-03-24 15:35:00,2026-03-24,15:35:00,42445,42450,42330,42365,111,DIRECTA
MINI6F,5M,2026-03-24 15:40:00,2026-03-24,15:40:00,42355,42425,42330,42425,64,DIRECTA
MINI6F,15M,2026-03-24 15:45:00,2026-03-24,15:45:00,42430,42670,42320,42570,1196,DIRECTA
MINI6F,5M,2026-03-24 15:45:00,2026-03-24,15:45:00,42430,42490,42375,42375,109,DIRECTA
MINI6F,5M,2026-03-24 15:50:00,2026-03-24,15:50:00,42370,42645,42320,42585,703,DIRECTA
MINI6F,5M,2026-03-24 15:55:00,2026-03-24,15:55:00,42575,42670,42485,42570,384,DIRECTA
MINI6F,1H,2026-03-24 16:00:00,2026-03-24,16:00:00,42580,42750,42550,42550,1212,DIRECTA
MINI6F,15M,2026-03-24 16:00:00,2026-03-24,16:00:00,42580,42655,42560,42635,359,DIRECTA
MINI6F,5M,2026-03-24 16:00:00,2026-03-24,16:00:00,42580,42655,42570,42595,196,DIRECTA
MINI6F,5M,2026-03-24 16:05:00,2026-03-24,16:05:00,42585,42625,42575,42610,78,DIRECTA
MINI6F,5M,2026-03-24 16:10:00,2026-03-24,16:10:00,42585,42635,42560,42635,85,DIRECTA
MINI6F,15M,2026-03-24 16:15:00,2026-03-24,16:15:00,42620,42750,42610,42665,297,DIRECTA
MINI6F,5M,2026-03-24 16:15:00,2026-03-24,16:15:00,42620,42680,42620,42645,105,DIRECTA
MINI6F,5M,2026-03-24 16:20:00,2026-03-24,16:20:00,42635,42710,42610,42700,101,DIRECTA
MINI6F,5M,2026-03-24 16:25:00,2026-03-24,16:25:00,42715,42750,42660,42665,91,DIRECTA
MINI6F,15M,2026-03-24 16:30:00,2026-03-24,16:30:00,42660,42720,42620,42680,220,DIRECTA
MINI6F,5M,2026-03-24 16:30:00,2026-03-24,16:30:00,42660,42680,42620,42655,91,DIRECTA
MINI6F,5M,2026-03-24 16:35:00,2026-03-24,16:35:00,42685,42720,42680,42700,53,DIRECTA
MINI6F,5M,2026-03-24 16:40:00,2026-03-24,16:40:00,42695,42700,42665,42680,76,DIRECTA
MINI6F,15M,2026-03-24 16:45:00,2026-03-24,16:45:00,42680,42745,42550,42550,336,DIRECTA
MINI6F,5M,2026-03-24 16:45:00,2026-03-24,16:45:00,42680,42740,42665,42715,38,DIRECTA
MINI6F,5M,2026-03-24 16:50:00,2026-03-24,16:50:00,42720,42745,42710,42710,64,DIRECTA
MINI6F,5M,2026-03-24 16:55:00,2026-03-24,16:55:00,42690,42695,42550,42550,234,DIRECTA
MINI6F,1H,2026-03-24 17:00:00,2026-03-24,17:00:00,42545,42715,42495,42560,851,DIRECTA
MINI6F,15M,2026-03-24 17:00:00,2026-03-24,17:00:00,42545,42590,42495,42550,239,DIRECTA
MINI6F,5M,2026-03-24 17:00:00,2026-03-24,17:00:00,42545,42560,42500,42510,131,DIRECTA
MINI6F,5M,2026-03-24 17:05:00,2026-03-24,17:05:00,42515,42565,42495,42565,75,DIRECTA
MINI6F,5M,2026-03-24 17:10:00,2026-03-24,17:10:00,42565,42590,42520,42550,33,DIRECTA
MINI6F,15M,2026-03-24 17:15:00,2026-03-24,17:15:00,42570,42705,42570,42705,241,DIRECTA
MINI6F,5M,2026-03-24 17:15:00,2026-03-24,17:15:00,42570,42660,42570,42660,69,DIRECTA
MINI6F,5M,2026-03-24 17:20:00,2026-03-24,17:20:00,42665,42685,42630,42660,80,DIRECTA
MINI6F,5M,2026-03-24 17:25:00,2026-03-24,17:25:00,42665,42705,42650,42705,92,DIRECTA
MINI6F,15M,2026-03-24 17:30:00,2026-03-24,17:30:00,42705,42715,42500,42600,246,DIRECTA
MINI6F,5M,2026-03-24 17:30:00,2026-03-24,17:30:00,42705,42715,42660,42665,109,DIRECTA
MINI6F,5M,2026-03-24 17:35:00,2026-03-24,17:35:00,42660,42670,42505,42505,96,DIRECTA
MINI6F,5M,2026-03-24 17:40:00,2026-03-24,17:40:00,42500,42600,42500,42600,41,DIRECTA
MINI6F,15M,2026-03-24 17:45:00,2026-03-24,17:45:00,42615,42650,42525,42560,125,DIRECTA
MINI6F,5M,2026-03-24 17:45:00,2026-03-24,17:45:00,42615,42650,42570,42570,35,DIRECTA
MINI6F,5M,2026-03-24 17:50:00,2026-03-24,17:50:00,42580,42610,42565,42565,23,DIRECTA
MINI6F,5M,2026-03-24 17:55:00,2026-03-24,17:55:00,42570,42585,42525,42560,67,DIRECTA
MINI6F,1H,2026-03-24 18:00:00,2026-03-24,18:00:00,42560,42565,42310,42500,585,DIRECTA
MINI6F,15M,2026-03-24 18:00:00,2026-03-24,18:00:00,42560,42565,42310,42360,183,DIRECTA
MINI6F,5M,2026-03-24 18:00:00,2026-03-24,18:00:00,42560,42565,42430,42430,39,DIRECTA
MINI6F,5M,2026-03-24 18:05:00,2026-03-24,18:05:00,42425,42425,42330,42355,100,DIRECTA
MINI6F,5M,2026-03-24 18:10:00,2026-03-24,18:10:00,42350,42385,42310,42360,44,DIRECTA
MINI6F,15M,2026-03-24 18:15:00,2026-03-24,18:15:00,42360,42415,42340,42410,80,DIRECTA
MINI6F,5M,2026-03-24 18:15:00,2026-03-24,18:15:00,42360,42375,42340,42355,30,DIRECTA
MINI6F,5M,2026-03-24 18:20:00,2026-03-24,18:20:00,42350,42405,42350,42385,32,DIRECTA
MINI6F,5M,2026-03-24 18:25:00,2026-03-24,18:25:00,42380,42415,42380,42410,18,DIRECTA
MINI6F,15M,2026-03-24 18:30:00,2026-03-24,18:30:00,42415,42445,42340,42345,82,DIRECTA
MINI6F,5M,2026-03-24 18:30:00,2026-03-24,18:30:00,42415,42445,42370,42370,34,DIRECTA
MINI6F,5M,2026-03-24 18:35:00,2026-03-24,18:35:00,42370,42420,42370,42420,20,DIRECTA
MINI6F,5M,2026-03-24 18:40:00,2026-03-24,18:40:00,42430,42445,42340,42345,28,DIRECTA
MINI6F,15M,2026-03-24 18:45:00,2026-03-24,18:45:00,42360,42520,42355,42500,240,DIRECTA
MINI6F,5M,2026-03-24 18:45:00,2026-03-24,18:45:00,42360,42385,42355,42385,9,DIRECTA
MINI6F,5M,2026-03-24 18:50:00,2026-03-24,18:50:00,42370,42430,42365,42390,37,DIRECTA
MINI6F,5M,2026-03-24 18:55:00,2026-03-24,18:55:00,42385,42520,42385,42500,194,DIRECTA
MINI6F,1H,2026-03-24 19:00:00,2026-03-24,19:00:00,42510,42690,42435,42565,456,DIRECTA
MINI6F,15M,2026-03-24 19:00:00,2026-03-24,19:00:00,42510,42560,42480,42490,74,DIRECTA
MINI6F,5M,2026-03-24 19:00:00,2026-03-24,19:00:00,42510,42560,42485,42520,42,DIRECTA
MINI6F,5M,2026-03-24 19:05:00,2026-03-24,19:05:00,42510,42525,42480,42480,22,DIRECTA
MINI6F,5M,2026-03-24 19:10:00,2026-03-24,19:10:00,42490,42500,42480,42490,10,DIRECTA
MINI6F,15M,2026-03-24 19:15:00,2026-03-24,19:15:00,42465,42540,42435,42510,125,DIRECTA
MINI6F,5M,2026-03-24 19:15:00,2026-03-24,19:15:00,42465,42500,42435,42470,74,DIRECTA
MINI6F,5M,2026-03-24 19:20:00,2026-03-24,19:20:00,42480,42495,42465,42480,16,DIRECTA
MINI6F,5M,2026-03-24 19:25:00,2026-03-24,19:25:00,42500,42540,42500,42510,35,DIRECTA
MINI6F,15M,2026-03-24 19:30:00,2026-03-24,19:30:00,42510,42690,42500,42600,182,DIRECTA
MINI6F,5M,2026-03-24 19:30:00,2026-03-24,19:30:00,42510,42595,42500,42575,39,DIRECTA
MINI6F,5M,2026-03-24 19:35:00,2026-03-24,19:35:00,42570,42690,42570,42690,82,DIRECTA
MINI6F,5M,2026-03-24 19:40:00,2026-03-24,19:40:00,42690,42690,42585,42600,61,DIRECTA
MINI6F,15M,2026-03-24 19:45:00,2026-03-24,19:45:00,42600,42630,42545,42565,75,DIRECTA
MINI6F,5M,2026-03-24 19:45:00,2026-03-24,19:45:00,42600,42605,42575,42580,30,DIRECTA
MINI6F,5M,2026-03-24 19:50:00,2026-03-24,19:50:00,42575,42630,42575,42600,24,DIRECTA
MINI6F,5M,2026-03-24 19:55:00,2026-03-24,19:55:00,42585,42585,42545,42565,21,DIRECTA
MINI6F,1H,2026-03-24 20:00:00,2026-03-24,20:00:00,42570,42660,42485,42485,133,DIRECTA
MINI6F,15M,2026-03-24 20:00:00,2026-03-24,20:00:00,42570,42660,42565,42650,49,DIRECTA
MINI6F,5M,2026-03-24 20:00:00,2026-03-24,20:00:00,42570,42625,42565,42615,20,DIRECTA
MINI6F,5M,2026-03-24 20:05:00,2026-03-24,20:05:00,42595,42645,42595,42640,12,DIRECTA
MINI6F,5M,2026-03-24 20:10:00,2026-03-24,20:10:00,42640,42660,42640,42650,17,DIRECTA
MINI6F,15M,2026-03-24 20:15:00,2026-03-24,20:15:00,42660,42660,42580,42580,18,DIRECTA
MINI6F,5M,2026-03-24 20:15:00,2026-03-24,20:15:00,42660,42660,42635,42640,6,DIRECTA
MINI6F,5M,2026-03-24 20:20:00,2026-03-24,20:20:00,42630,42630,42630,42630,1,DIRECTA
MINI6F,5M,2026-03-24 20:25:00,2026-03-24,20:25:00,42625,42625,42580,42580,11,DIRECTA
MINI6F,15M,2026-03-24 20:30:00,2026-03-24,20:30:00,42560,42580,42540,42560,32,DIRECTA
MINI6F,5M,2026-03-24 20:30:00,2026-03-24,20:30:00,42560,42580,42550,42575,6,DIRECTA
MINI6F,5M,2026-03-24 20:35:00,2026-03-24,20:35:00,42550,42550,42540,42540,7,DIRECTA
MINI6F,5M,2026-03-24 20:40:00,2026-03-24,20:40:00,42550,42565,42545,42560,19,DIRECTA
MINI6F,15M,2026-03-24 20:45:00,2026-03-24,20:45:00,42545,42545,42485,42485,34,DIRECTA
MINI6F,5M,2026-03-24 20:45:00,2026-03-24,20:45:00,42545,42545,42520,42525,10,DIRECTA
MINI6F,5M,2026-03-24 20:50:00,2026-03-24,20:50:00,42530,42530,42505,42515,9,DIRECTA
MINI6F,5M,2026-03-24 20:55:00,2026-03-24,20:55:00,42500,42505,42485,42485,15,DIRECTA
MINI6F,1H,2026-03-24 21:00:00,2026-03-24,21:00:00,42505,43095,42485,42985,353,DIRECTA
MINI6F,15M,2026-03-24 21:00:00,2026-03-24,21:00:00,42505,42515,42485,42500,12,DIRECTA
MINI6F,5M,2026-03-24 21:00:00,2026-03-24,21:00:00,42505,42515,42505,42515,4,DIRECTA
MINI6F,5M,2026-03-24 21:05:00,2026-03-24,21:05:00,42505,42505,42485,42505,4,DIRECTA
MINI6F,5M,2026-03-24 21:10:00,2026-03-24,21:10:00,42500,42500,42495,42500,4,DIRECTA
MINI6F,15M,2026-03-24 21:15:00,2026-03-24,21:15:00,42500,43025,42490,42835,172,DIRECTA
MINI6F,5M,2026-03-24 21:15:00,2026-03-24,21:15:00,42500,42560,42490,42525,21,DIRECTA
MINI6F,5M,2026-03-24 21:20:00,2026-03-24,21:20:00,42540,42910,42540,42910,81,DIRECTA
MINI6F,5M,2026-03-24 21:25:00,2026-03-24,21:25:00,42920,43025,42800,42835,70,DIRECTA
MINI6F,15M,2026-03-24 21:30:00,2026-03-24,21:30:00,42880,43095,42870,42960,120,DIRECTA
MINI6F,5M,2026-03-24 21:30:00,2026-03-24,21:30:00,42880,42945,42870,42910,40,DIRECTA
MINI6F,5M,2026-03-24 21:35:00,2026-03-24,21:35:00,42935,43095,42935,43080,54,DIRECTA
MINI6F,5M,2026-03-24 21:40:00,2026-03-24,21:40:00,43015,43035,42880,42960,26,DIRECTA
MINI6F,15M,2026-03-24 21:45:00,2026-03-24,21:45:00,42960,43030,42880,42985,49,DIRECTA
MINI6F,5M,2026-03-24 21:45:00,2026-03-24,21:45:00,42960,42960,42880,42890,12,DIRECTA
MINI6F,5M,2026-03-24 21:50:00,2026-03-24,21:50:00,42935,42975,42930,42950,17,DIRECTA
MINI6F,5M,2026-03-24 21:55:00,2026-03-24,21:55:00,42960,43030,42950,42985,20,DIRECTA
MINI6F,D,2026-03-25 08:00:00,2026-03-25,08:00:00,42995,43535,42940,43285,11415,DIRECTA
MINI6F,1H,2026-03-25 08:00:00,2026-03-25,08:00:00,42995,43180,42940,43175,425,DIRECTA
MINI6F,15M,2026-03-25 08:00:00,2026-03-25,08:00:00,42995,43020,42960,43010,91,DIRECTA
MINI6F,5M,2026-03-25 08:00:00,2026-03-25,08:00:00,42995,43010,42970,42980,59,DIRECTA
MINI6F,5M,2026-03-25 08:05:00,2026-03-25,08:05:00,42980,43000,42960,42970,19,DIRECTA
MINI6F,5M,2026-03-25 08:10:00,2026-03-25,08:10:00,42975,43020,42970,43010,13,DIRECTA
MINI6F,15M,2026-03-25 08:15:00,2026-03-25,08:15:00,42990,43045,42940,42960,66,DIRECTA
MINI6F,5M,2026-03-25 08:15:00,2026-03-25,08:15:00,42990,43035,42990,43030,17,DIRECTA
MINI6F,5M,2026-03-25 08:20:00,2026-03-25,08:20:00,43035,43045,42955,42960,36,DIRECTA
MINI6F,5M,2026-03-25 08:25:00,2026-03-25,08:25:00,42945,42970,42940,42960,13,DIRECTA
MINI6F,15M,2026-03-25 08:30:00,2026-03-25,08:30:00,42975,43065,42960,43050,50,DIRECTA
MINI6F,5M,2026-03-25 08:30:00,2026-03-25,08:30:00,42975,43010,42975,42995,12,DIRECTA
MINI6F,5M,2026-03-25 08:35:00,2026-03-25,08:35:00,42990,42990,42960,42970,13,DIRECTA
MINI6F,5M,2026-03-25 08:40:00,2026-03-25,08:40:00,42995,43065,42995,43050,25,DIRECTA
MINI6F,15M,2026-03-25 08:45:00,2026-03-25,08:45:00,43050,43180,43040,43175,218,DIRECTA
MINI6F,5M,2026-03-25 08:45:00,2026-03-25,08:45:00,43050,43135,43040,43135,43,DIRECTA
MINI6F,5M,2026-03-25 08:50:00,2026-03-25,08:50:00,43135,43145,43100,43100,60,DIRECTA
MINI6F,5M,2026-03-25 08:55:00,2026-03-25,08:55:00,43110,43180,43075,43175,115,DIRECTA
MINI6F,1H,2026-03-25 09:00:00,2026-03-25,09:00:00,43175,43450,43035,43325,2462,DIRECTA
MINI6F,15M,2026-03-25 09:00:00,2026-03-25,09:00:00,43175,43285,43035,43265,849,DIRECTA
MINI6F,5M,2026-03-25 09:00:00,2026-03-25,09:00:00,43175,43240,43035,43205,510,DIRECTA
MINI6F,5M,2026-03-25 09:05:00,2026-03-25,09:05:00,43205,43285,43200,43215,184,DIRECTA
MINI6F,5M,2026-03-25 09:10:00,2026-03-25,09:10:00,43240,43285,43225,43265,155,DIRECTA
MINI6F,15M,2026-03-25 09:15:00,2026-03-25,09:15:00,43260,43420,43255,43365,487,DIRECTA
MINI6F,5M,2026-03-25 09:15:00,2026-03-25,09:15:00,43260,43395,43255,43385,218,DIRECTA
MINI6F,5M,2026-03-25 09:20:00,2026-03-25,09:20:00,43380,43420,43340,43390,142,DIRECTA
MINI6F,5M,2026-03-25 09:25:00,2026-03-25,09:25:00,43390,43400,43355,43365,127,DIRECTA
MINI6F,15M,2026-03-25 09:30:00,2026-03-25,09:30:00,43375,43450,43270,43385,726,DIRECTA
MINI6F,5M,2026-03-25 09:30:00,2026-03-25,09:30:00,43375,43450,43360,43415,175,DIRECTA
MINI6F,5M,2026-03-25 09:35:00,2026-03-25,09:35:00,43405,43415,43270,43335,362,DIRECTA
MINI6F,5M,2026-03-25 09:40:00,2026-03-25,09:40:00,43350,43410,43350,43385,189,DIRECTA
MINI6F,15M,2026-03-25 09:45:00,2026-03-25,09:45:00,43380,43440,43265,43325,400,DIRECTA
MINI6F,5M,2026-03-25 09:45:00,2026-03-25,09:45:00,43380,43440,43345,43365,158,DIRECTA
MINI6F,5M,2026-03-25 09:50:00,2026-03-25,09:50:00,43370,43380,43265,43270,167,DIRECTA
MINI6F,5M,2026-03-25 09:55:00,2026-03-25,09:55:00,43270,43330,43265,43325,75,DIRECTA
MINI6F,1H,2026-03-25 10:00:00,2026-03-25,10:00:00,43315,43400,43175,43285,1145,DIRECTA
MINI6F,15M,2026-03-25 10:00:00,2026-03-25,10:00:00,43315,43400,43275,43380,181,DIRECTA
MINI6F,5M,2026-03-25 10:00:00,2026-03-25,10:00:00,43315,43375,43275,43360,68,DIRECTA
MINI6F,5M,2026-03-25 10:05:00,2026-03-25,10:05:00,43370,43400,43360,43375,62,DIRECTA
MINI6F,5M,2026-03-25 10:10:00,2026-03-25,10:10:00,43370,43400,43355,43380,51,DIRECTA
MINI6F,15M,2026-03-25 10:15:00,2026-03-25,10:15:00,43375,43390,43220,43260,202,DIRECTA
MINI6F,5M,2026-03-25 10:15:00,2026-03-25,10:15:00,43375,43390,43360,43390,38,DIRECTA
MINI6F,5M,2026-03-25 10:20:00,2026-03-25,10:20:00,43380,43380,43295,43295,57,DIRECTA
MINI6F,5M,2026-03-25 10:25:00,2026-03-25,10:25:00,43300,43300,43220,43260,107,DIRECTA
MINI6F,15M,2026-03-25 10:30:00,2026-03-25,10:30:00,43260,43335,43250,43250,245,DIRECTA
MINI6F,5M,2026-03-25 10:30:00,2026-03-25,10:30:00,43260,43335,43260,43310,133,DIRECTA
MINI6F,5M,2026-03-25 10:35:00,2026-03-25,10:35:00,43315,43335,43270,43290,53,DIRECTA
MINI6F,5M,2026-03-25 10:40:00,2026-03-25,10:40:00,43300,43315,43250,43250,59,DIRECTA
MINI6F,15M,2026-03-25 10:45:00,2026-03-25,10:45:00,43245,43330,43175,43285,517,DIRECTA
MINI6F,5M,2026-03-25 10:45:00,2026-03-25,10:45:00,43245,43255,43175,43200,110,DIRECTA
MINI6F,5M,2026-03-25 10:50:00,2026-03-25,10:50:00,43190,43255,43185,43225,124,DIRECTA
MINI6F,5M,2026-03-25 10:55:00,2026-03-25,10:55:00,43245,43330,43215,43285,283,DIRECTA
MINI6F,1H,2026-03-25 11:00:00,2026-03-25,11:00:00,43310,43385,43275,43360,553,DIRECTA
MINI6F,15M,2026-03-25 11:00:00,2026-03-25,11:00:00,43310,43360,43285,43330,206,DIRECTA
MINI6F,5M,2026-03-25 11:00:00,2026-03-25,11:00:00,43310,43360,43285,43335,119,DIRECTA
MINI6F,5M,2026-03-25 11:05:00,2026-03-25,11:05:00,43345,43345,43295,43320,60,DIRECTA
MINI6F,5M,2026-03-25 11:10:00,2026-03-25,11:10:00,43325,43330,43300,43330,27,DIRECTA
MINI6F,15M,2026-03-25 11:15:00,2026-03-25,11:15:00,43310,43345,43275,43310,96,DIRECTA
MINI6F,5M,2026-03-25 11:15:00,2026-03-25,11:15:00,43310,43345,43305,43330,33,DIRECTA
MINI6F,5M,2026-03-25 11:20:00,2026-03-25,11:20:00,43330,43345,43275,43295,38,DIRECTA
MINI6F,5M,2026-03-25 11:25:00,2026-03-25,11:25:00,43295,43325,43290,43310,25,DIRECTA
MINI6F,15M,2026-03-25 11:30:00,2026-03-25,11:30:00,43310,43385,43300,43300,136,DIRECTA
MINI6F,5M,2026-03-25 11:30:00,2026-03-25,11:30:00,43310,43330,43300,43330,23,DIRECTA
MINI6F,5M,2026-03-25 11:35:00,2026-03-25,11:35:00,43335,43385,43335,43360,69,DIRECTA
MINI6F,5M,2026-03-25 11:40:00,2026-03-25,11:40:00,43355,43375,43300,43300,44,DIRECTA
MINI6F,15M,2026-03-25 11:45:00,2026-03-25,11:45:00,43290,43385,43280,43360,115,DIRECTA
MINI6F,5M,2026-03-25 11:45:00,2026-03-25,11:45:00,43290,43350,43280,43340,43,DIRECTA
MINI6F,5M,2026-03-25 11:50:00,2026-03-25,11:50:00,43345,43385,43340,43380,50,DIRECTA
MINI6F,5M,2026-03-25 11:55:00,2026-03-25,11:55:00,43380,43380,43355,43360,22,DIRECTA
MINI6F,1H,2026-03-25 12:00:00,2026-03-25,12:00:00,43360,43485,43315,43465,847,DIRECTA
MINI6F,15M,2026-03-25 12:00:00,2026-03-25,12:00:00,43360,43435,43355,43415,93,DIRECTA
MINI6F,5M,2026-03-25 12:00:00,2026-03-25,12:00:00,43360,43410,43355,43410,31,DIRECTA
MINI6F,5M,2026-03-25 12:05:00,2026-03-25,12:05:00,43410,43435,43405,43425,30,DIRECTA
MINI6F,5M,2026-03-25 12:10:00,2026-03-25,12:10:00,43425,43425,43390,43415,32,DIRECTA
MINI6F,15M,2026-03-25 12:15:00,2026-03-25,12:15:00,43415,43460,43385,43410,144,DIRECTA
MINI6F,5M,2026-03-25 12:15:00,2026-03-25,12:15:00,43415,43415,43385,43390,19,DIRECTA
MINI6F,5M,2026-03-25 12:20:00,2026-03-25,12:20:00,43390,43455,43385,43450,34,DIRECTA
MINI6F,5M,2026-03-25 12:25:00,2026-03-25,12:25:00,43445,43460,43405,43410,91,DIRECTA
MINI6F,15M,2026-03-25 12:30:00,2026-03-25,12:30:00,43420,43480,43420,43470,112,DIRECTA
MINI6F,5M,2026-03-25 12:30:00,2026-03-25,12:30:00,43420,43450,43420,43435,22,DIRECTA
MINI6F,5M,2026-03-25 12:35:00,2026-03-25,12:35:00,43440,43480,43440,43470,53,DIRECTA
MINI6F,5M,2026-03-25 12:40:00,2026-03-25,12:40:00,43470,43470,43435,43470,37,DIRECTA
MINI6F,15M,2026-03-25 12:45:00,2026-03-25,12:45:00,43470,43485,43315,43465,498,DIRECTA
MINI6F,5M,2026-03-25 12:45:00,2026-03-25,12:45:00,43470,43485,43315,43355,390,DIRECTA
MINI6F,5M,2026-03-25 12:50:00,2026-03-25,12:50:00,43365,43425,43325,43400,70,DIRECTA
MINI6F,5M,2026-03-25 12:55:00,2026-03-25,12:55:00,43400,43465,43395,43465,38,DIRECTA
MINI6F,1H,2026-03-25 13:00:00,2026-03-25,13:00:00,43480,43535,43135,43340,1293,DIRECTA
MINI6F,15M,2026-03-25 13:00:00,2026-03-25,13:00:00,43480,43535,43450,43505,235,DIRECTA
MINI6F,5M,2026-03-25 13:00:00,2026-03-25,13:00:00,43480,43505,43455,43455,79,DIRECTA
MINI6F,5M,2026-03-25 13:05:00,2026-03-25,13:05:00,43460,43535,43450,43500,80,DIRECTA
MINI6F,5M,2026-03-25 13:10:00,2026-03-25,13:10:00,43500,43510,43450,43505,76,DIRECTA
MINI6F,15M,2026-03-25 13:15:00,2026-03-25,13:15:00,43505,43510,43205,43250,671,DIRECTA
MINI6F,5M,2026-03-25 13:15:00,2026-03-25,13:15:00,43505,43510,43310,43320,268,DIRECTA
MINI6F,5M,2026-03-25 13:20:00,2026-03-25,13:20:00,43315,43360,43205,43270,309,DIRECTA
MINI6F,5M,2026-03-25 13:25:00,2026-03-25,13:25:00,43275,43330,43230,43250,94,DIRECTA
MINI6F,15M,2026-03-25 13:30:00,2026-03-25,13:30:00,43240,43325,43135,43275,266,DIRECTA
MINI6F,5M,2026-03-25 13:30:00,2026-03-25,13:30:00,43240,43240,43135,43190,133,DIRECTA
MINI6F,5M,2026-03-25 13:35:00,2026-03-25,13:35:00,43195,43315,43195,43315,85,DIRECTA
MINI6F,5M,2026-03-25 13:40:00,2026-03-25,13:40:00,43320,43325,43275,43275,48,DIRECTA
MINI6F,15M,2026-03-25 13:45:00,2026-03-25,13:45:00,43275,43380,43255,43340,121,DIRECTA
MINI6F,5M,2026-03-25 13:45:00,2026-03-25,13:45:00,43275,43330,43255,43300,37,DIRECTA
MINI6F,5M,2026-03-25 13:50:00,2026-03-25,13:50:00,43305,43345,43305,43345,26,DIRECTA
MINI6F,5M,2026-03-25 13:55:00,2026-03-25,13:55:00,43340,43380,43340,43340,58,DIRECTA
MINI6F,1H,2026-03-25 14:00:00,2026-03-25,14:00:00,43350,43450,43215,43255,815,DIRECTA
MINI6F,15M,2026-03-25 14:00:00,2026-03-25,14:00:00,43350,43435,43290,43350,248,DIRECTA
MINI6F,5M,2026-03-25 14:00:00,2026-03-25,14:00:00,43350,43435,43290,43425,196,DIRECTA
MINI6F,5M,2026-03-25 14:05:00,2026-03-25,14:05:00,43425,43435,43395,43395,19,DIRECTA
MINI6F,5M,2026-03-25 14:10:00,2026-03-25,14:10:00,43390,43415,43335,43350,33,DIRECTA
MINI6F,15M,2026-03-25 14:15:00,2026-03-25,14:15:00,43355,43390,43340,43355,55,DIRECTA
MINI6F,5M,2026-03-25 14:15:00,2026-03-25,14:15:00,43355,43370,43340,43370,18,DIRECTA
MINI6F,5M,2026-03-25 14:20:00,2026-03-25,14:20:00,43385,43385,43360,43380,19,DIRECTA
MINI6F,5M,2026-03-25 14:25:00,2026-03-25,14:25:00,43385,43390,43355,43355,18,DIRECTA
MINI6F,15M,2026-03-25 14:30:00,2026-03-25,14:30:00,43365,43450,43340,43345,212,DIRECTA
MINI6F,5M,2026-03-25 14:30:00,2026-03-25,14:30:00,43365,43410,43350,43365,69,DIRECTA
MINI6F,5M,2026-03-25 14:35:00,2026-03-25,14:35:00,43370,43450,43355,43390,83,DIRECTA
MINI6F,5M,2026-03-25 14:40:00,2026-03-25,14:40:00,43385,43430,43340,43345,60,DIRECTA
MINI6F,15M,2026-03-25 14:45:00,2026-03-25,14:45:00,43360,43375,43215,43255,300,DIRECTA
MINI6F,5M,2026-03-25 14:45:00,2026-03-25,14:45:00,43360,43375,43310,43310,89,DIRECTA
MINI6F,5M,2026-03-25 14:50:00,2026-03-25,14:50:00,43305,43315,43225,43225,103,DIRECTA
MINI6F,5M,2026-03-25 14:55:00,2026-03-25,14:55:00,43220,43320,43215,43255,108,DIRECTA
MINI6F,1H,2026-03-25 15:00:00,2026-03-25,15:00:00,43245,43440,43170,43310,1211,DIRECTA
MINI6F,15M,2026-03-25 15:00:00,2026-03-25,15:00:00,43245,43395,43170,43380,290,DIRECTA
MINI6F,5M,2026-03-25 15:00:00,2026-03-25,15:00:00,43245,43265,43170,43235,122,DIRECTA
MINI6F,5M,2026-03-25 15:05:00,2026-03-25,15:05:00,43215,43275,43200,43275,44,DIRECTA
MINI6F,5M,2026-03-25 15:10:00,2026-03-25,15:10:00,43265,43395,43255,43380,124,DIRECTA
MINI6F,15M,2026-03-25 15:15:00,2026-03-25,15:15:00,43380,43440,43320,43350,421,DIRECTA
MINI6F,5M,2026-03-25 15:15:00,2026-03-25,15:15:00,43380,43415,43370,43380,65,DIRECTA
MINI6F,5M,2026-03-25 15:20:00,2026-03-25,15:20:00,43380,43430,43320,43320,123,DIRECTA
MINI6F,5M,2026-03-25 15:25:00,2026-03-25,15:25:00,43335,43440,43330,43350,233,DIRECTA
MINI6F,15M,2026-03-25 15:30:00,2026-03-25,15:30:00,43355,43405,43295,43330,276,DIRECTA
MINI6F,5M,2026-03-25 15:30:00,2026-03-25,15:30:00,43355,43400,43295,43380,121,DIRECTA
MINI6F,5M,2026-03-25 15:35:00,2026-03-25,15:35:00,43400,43405,43295,43315,69,DIRECTA
MINI6F,5M,2026-03-25 15:40:00,2026-03-25,15:40:00,43305,43355,43295,43330,86,DIRECTA
MINI6F,15M,2026-03-25 15:45:00,2026-03-25,15:45:00,43325,43425,43310,43310,224,DIRECTA
MINI6F,5M,2026-03-25 15:45:00,2026-03-25,15:45:00,43325,43405,43325,43405,83,DIRECTA
MINI6F,5M,2026-03-25 15:50:00,2026-03-25,15:50:00,43405,43425,43390,43395,92,DIRECTA
MINI6F,5M,2026-03-25 15:55:00,2026-03-25,15:55:00,43395,43400,43310,43310,49,DIRECTA
MINI6F,1H,2026-03-25 16:00:00,2026-03-25,16:00:00,43325,43360,43030,43210,1116,DIRECTA
MINI6F,15M,2026-03-25 16:00:00,2026-03-25,16:00:00,43325,43360,43150,43150,264,DIRECTA
MINI6F,5M,2026-03-25 16:00:00,2026-03-25,16:00:00,43325,43360,43300,43340,63,DIRECTA
MINI6F,5M,2026-03-25 16:05:00,2026-03-25,16:05:00,43335,43335,43205,43205,77,DIRECTA
MINI6F,5M,2026-03-25 16:10:00,2026-03-25,16:10:00,43210,43240,43150,43150,124,DIRECTA
MINI6F,15M,2026-03-25 16:15:00,2026-03-25,16:15:00,43145,43290,43030,43285,520,DIRECTA
MINI6F,5M,2026-03-25 16:15:00,2026-03-25,16:15:00,43145,43195,43030,43090,292,DIRECTA
MINI6F,5M,2026-03-25 16:20:00,2026-03-25,16:20:00,43095,43290,43095,43265,164,DIRECTA
MINI6F,5M,2026-03-25 16:25:00,2026-03-25,16:25:00,43250,43285,43225,43285,64,DIRECTA
MINI6F,15M,2026-03-25 16:30:00,2026-03-25,16:30:00,43295,43315,43195,43275,164,DIRECTA
MINI6F,5M,2026-03-25 16:30:00,2026-03-25,16:30:00,43295,43315,43280,43305,68,DIRECTA
MINI6F,5M,2026-03-25 16:35:00,2026-03-25,16:35:00,43295,43295,43195,43205,48,DIRECTA
MINI6F,5M,2026-03-25 16:40:00,2026-03-25,16:40:00,43210,43275,43200,43275,48,DIRECTA
MINI6F,15M,2026-03-25 16:45:00,2026-03-25,16:45:00,43265,43275,43175,43210,168,DIRECTA
MINI6F,5M,2026-03-25 16:45:00,2026-03-25,16:45:00,43265,43275,43220,43235,47,DIRECTA
MINI6F,5M,2026-03-25 16:50:00,2026-03-25,16:50:00,43240,43250,43200,43220,43,DIRECTA
MINI6F,5M,2026-03-25 16:55:00,2026-03-25,16:55:00,43225,43255,43175,43210,78,DIRECTA
MINI6F,1H,2026-03-25 17:00:00,2026-03-25,17:00:00,43205,43365,43130,43335,797,DIRECTA
MINI6F,15M,2026-03-25 17:00:00,2026-03-25,17:00:00,43205,43220,43160,43200,117,DIRECTA
MINI6F,5M,2026-03-25 17:00:00,2026-03-25,17:00:00,43205,43220,43180,43205,51,DIRECTA
MINI6F,5M,2026-03-25 17:05:00,2026-03-25,17:05:00,43195,43210,43165,43210,32,DIRECTA
MINI6F,5M,2026-03-25 17:10:00,2026-03-25,17:10:00,43185,43205,43160,43200,34,DIRECTA
MINI6F,15M,2026-03-25 17:15:00,2026-03-25,17:15:00,43195,43290,43130,43280,293,DIRECTA
MINI6F,5M,2026-03-25 17:15:00,2026-03-25,17:15:00,43195,43195,43150,43165,32,DIRECTA
MINI6F,5M,2026-03-25 17:20:00,2026-03-25,17:20:00,43165,43225,43130,43220,82,DIRECTA
MINI6F,5M,2026-03-25 17:25:00,2026-03-25,17:25:00,43230,43290,43190,43280,179,DIRECTA
MINI6F,15M,2026-03-25 17:30:00,2026-03-25,17:30:00,43290,43365,43265,43340,315,DIRECTA
MINI6F,5M,2026-03-25 17:30:00,2026-03-25,17:30:00,43290,43335,43265,43290,177,DIRECTA
MINI6F,5M,2026-03-25 17:35:00,2026-03-25,17:35:00,43300,43340,43285,43340,87,DIRECTA
MINI6F,5M,2026-03-25 17:40:00,2026-03-25,17:40:00,43345,43365,43335,43340,51,DIRECTA
MINI6F,15M,2026-03-25 17:45:00,2026-03-25,17:45:00,43340,43360,43295,43335,72,DIRECTA
MINI6F,5M,2026-03-25 17:45:00,2026-03-25,17:45:00,43340,43360,43315,43325,31,DIRECTA
MINI6F,5M,2026-03-25 17:50:00,2026-03-25,17:50:00,43330,43350,43295,43350,31,DIRECTA
MINI6F,5M,2026-03-25 17:55:00,2026-03-25,17:55:00,43355,43355,43330,43335,10,DIRECTA
MINI6F,1H,2026-03-25 18:00:00,2026-03-25,18:00:00,43340,43440,43300,43330,361,DIRECTA
MINI6F,15M,2026-03-25 18:00:00,2026-03-25,18:00:00,43340,43380,43300,43350,84,DIRECTA
MINI6F,5M,2026-03-25 18:00:00,2026-03-25,18:00:00,43340,43380,43320,43335,48,DIRECTA
MINI6F,5M,2026-03-25 18:05:00,2026-03-25,18:05:00,43320,43325,43310,43315,18,DIRECTA
MINI6F,5M,2026-03-25 18:10:00,2026-03-25,18:10:00,43315,43350,43300,43350,18,DIRECTA
MINI6F,15M,2026-03-25 18:15:00,2026-03-25,18:15:00,43325,43370,43300,43345,52,DIRECTA
MINI6F,5M,2026-03-25 18:15:00,2026-03-25,18:15:00,43325,43340,43300,43320,21,DIRECTA
MINI6F,5M,2026-03-25 18:20:00,2026-03-25,18:20:00,43320,43355,43320,43320,19,DIRECTA
MINI6F,5M,2026-03-25 18:25:00,2026-03-25,18:25:00,43350,43370,43345,43345,12,DIRECTA
MINI6F,15M,2026-03-25 18:30:00,2026-03-25,18:30:00,43340,43440,43335,43400,91,DIRECTA
MINI6F,5M,2026-03-25 18:30:00,2026-03-25,18:30:00,43340,43380,43335,43380,20,DIRECTA
MINI6F,5M,2026-03-25 18:35:00,2026-03-25,18:35:00,43390,43410,43390,43410,29,DIRECTA
MINI6F,5M,2026-03-25 18:40:00,2026-03-25,18:40:00,43405,43440,43390,43400,42,DIRECTA
MINI6F,15M,2026-03-25 18:45:00,2026-03-25,18:45:00,43390,43405,43315,43330,134,DIRECTA
MINI6F,5M,2026-03-25 18:45:00,2026-03-25,18:45:00,43390,43405,43365,43375,20,DIRECTA
MINI6F,5M,2026-03-25 18:50:00,2026-03-25,18:50:00,43370,43395,43315,43315,43,DIRECTA
MINI6F,5M,2026-03-25 18:55:00,2026-03-25,18:55:00,43315,43380,43315,43330,71,DIRECTA
MINI6F,1H,2026-03-25 19:00:00,2026-03-25,19:00:00,43315,43360,43200,43270,213,DIRECTA
MINI6F,15M,2026-03-25 19:00:00,2026-03-25,19:00:00,43315,43345,43305,43320,36,DIRECTA
MINI6F,5M,2026-03-25 19:00:00,2026-03-25,19:00:00,43315,43335,43305,43325,16,DIRECTA
MINI6F,5M,2026-03-25 19:05:00,2026-03-25,19:05:00,43330,43345,43325,43325,11,DIRECTA
MINI6F,5M,2026-03-25 19:10:00,2026-03-25,19:10:00,43325,43330,43315,43320,9,DIRECTA
MINI6F,15M,2026-03-25 19:15:00,2026-03-25,19:15:00,43330,43360,43320,43325,40,DIRECTA
MINI6F,5M,2026-03-25 19:15:00,2026-03-25,19:15:00,43330,43360,43320,43320,35,DIRECTA
MINI6F,5M,2026-03-25 19:20:00,2026-03-25,19:20:00,43325,43335,43325,43330,4,DIRECTA
MINI6F,5M,2026-03-25 19:25:00,2026-03-25,19:25:00,43325,43325,43325,43325,1,DIRECTA
MINI6F,15M,2026-03-25 19:30:00,2026-03-25,19:30:00,43325,43335,43310,43310,6,DIRECTA
MINI6F,5M,2026-03-25 19:30:00,2026-03-25,19:30:00,43325,43335,43325,43335,2,DIRECTA
MINI6F,5M,2026-03-25 19:35:00,2026-03-25,19:35:00,43330,43330,43325,43330,3,DIRECTA
MINI6F,5M,2026-03-25 19:40:00,2026-03-25,19:40:00,43310,43310,43310,43310,1,DIRECTA
MINI6F,15M,2026-03-25 19:45:00,2026-03-25,19:45:00,43305,43320,43200,43270,131,DIRECTA
MINI6F,5M,2026-03-25 19:45:00,2026-03-25,19:45:00,43305,43320,43300,43310,17,DIRECTA
MINI6F,5M,2026-03-25 19:50:00,2026-03-25,19:50:00,43315,43320,43300,43300,21,DIRECTA
MINI6F,5M,2026-03-25 19:55:00,2026-03-25,19:55:00,43300,43300,43200,43270,93,DIRECTA
MINI6F,1H,2026-03-25 20:00:00,2026-03-25,20:00:00,43275,43345,43230,43265,103,DIRECTA
MINI6F,15M,2026-03-25 20:00:00,2026-03-25,20:00:00,43275,43300,43230,43300,38,DIRECTA
MINI6F,5M,2026-03-25 20:00:00,2026-03-25,20:00:00,43275,43275,43230,43260,28,DIRECTA
MINI6F,5M,2026-03-25 20:05:00,2026-03-25,20:05:00,43265,43270,43255,43270,5,DIRECTA
MINI6F,5M,2026-03-25 20:10:00,2026-03-25,20:10:00,43270,43300,43270,43300,5,DIRECTA
MINI6F,15M,2026-03-25 20:15:00,2026-03-25,20:15:00,43305,43345,43305,43315,27,DIRECTA
MINI6F,5M,2026-03-25 20:15:00,2026-03-25,20:15:00,43305,43330,43305,43330,8,DIRECTA
MINI6F,5M,2026-03-25 20:20:00,2026-03-25,20:20:00,43330,43345,43330,43345,3,DIRECTA
MINI6F,5M,2026-03-25 20:25:00,2026-03-25,20:25:00,43340,43340,43315,43315,16,DIRECTA
MINI6F,15M,2026-03-25 20:30:00,2026-03-25,20:30:00,43310,43310,43260,43265,28,DIRECTA
MINI6F,5M,2026-03-25 20:30:00,2026-03-25,20:30:00,43310,43310,43270,43270,11,DIRECTA
MINI6F,5M,2026-03-25 20:35:00,2026-03-25,20:35:00,43290,43290,43260,43270,11,DIRECTA
MINI6F,5M,2026-03-25 20:40:00,2026-03-25,20:40:00,43280,43285,43265,43265,6,DIRECTA
MINI6F,15M,2026-03-25 20:45:00,2026-03-25,20:45:00,43265,43295,43260,43265,10,DIRECTA
MINI6F,5M,2026-03-25 20:45:00,2026-03-25,20:45:00,43265,43265,43265,43265,1,DIRECTA
MINI6F,5M,2026-03-25 20:50:00,2026-03-25,20:50:00,43270,43295,43270,43270,7,DIRECTA
MINI6F,5M,2026-03-25 20:55:00,2026-03-25,20:55:00,43260,43265,43260,43265,2,DIRECTA
MINI6F,1H,2026-03-25 21:00:00,2026-03-25,21:00:00,43280,43315,43250,43265,74,DIRECTA
MINI6F,15M,2026-03-25 21:00:00,2026-03-25,21:00:00,43280,43295,43280,43295,4,DIRECTA
MINI6F,5M,2026-03-25 21:05:00,2026-03-25,21:05:00,43280,43280,43280,43280,3,DIRECTA
MINI6F,5M,2026-03-25 21:10:00,2026-03-25,21:10:00,43295,43295,43295,43295,1,DIRECTA
MINI6F,15M,2026-03-25 21:15:00,2026-03-25,21:15:00,43295,43315,43255,43255,27,DIRECTA
MINI6F,5M,2026-03-25 21:15:00,2026-03-25,21:15:00,43295,43315,43290,43310,13,DIRECTA
MINI6F,5M,2026-03-25 21:20:00,2026-03-25,21:20:00,43305,43305,43300,43300,4,DIRECTA
MINI6F,5M,2026-03-25 21:25:00,2026-03-25,21:25:00,43285,43285,43255,43255,10,DIRECTA
MINI6F,15M,2026-03-25 21:30:00,2026-03-25,21:30:00,43270,43280,43260,43270,25,DIRECTA
MINI6F,5M,2026-03-25 21:30:00,2026-03-25,21:30:00,43270,43280,43265,43265,16,DIRECTA
MINI6F,5M,2026-03-25 21:35:00,2026-03-25,21:35:00,43280,43280,43265,43265,3,DIRECTA
MINI6F,5M,2026-03-25 21:40:00,2026-03-25,21:40:00,43260,43270,43260,43270,6,DIRECTA
MINI6F,15M,2026-03-25 21:45:00,2026-03-25,21:45:00,43265,43295,43250,43265,18,DIRECTA
MINI6F,5M,2026-03-25 21:45:00,2026-03-25,21:45:00,43265,43270,43265,43270,2,DIRECTA
MINI6F,5M,2026-03-25 21:50:00,2026-03-25,21:50:00,43255,43255,43250,43250,5,DIRECTA
MINI6F,5M,2026-03-25 21:55:00,2026-03-25,21:55:00,43260,43295,43260,43265,11,DIRECTA
MINI6F,D,2026-03-26 08:00:00,2026-03-26,08:00:00,43055,43195,42640,42978,10235,DIRECTA
MINI6F,1H,2026-03-26 08:00:00,2026-03-26,08:00:00,43055,43090,42920,43010,447,DIRECTA
MINI6F,15M,2026-03-26 08:00:00,2026-03-26,08:00:00,43055,43090,42975,42990,203,DIRECTA
MINI6F,5M,2026-03-26 08:00:00,2026-03-26,08:00:00,43055,43090,43035,43050,113,DIRECTA
MINI6F,5M,2026-03-26 08:05:00,2026-03-26,08:05:00,43050,43050,42975,43000,74,DIRECTA
MINI6F,5M,2026-03-26 08:10:00,2026-03-26,08:10:00,43000,43015,42990,42990,16,DIRECTA
MINI6F,15M,2026-03-26 08:15:00,2026-03-26,08:15:00,42985,43035,42925,43000,74,DIRECTA
MINI6F,5M,2026-03-26 08:15:00,2026-03-26,08:15:00,42985,42985,42960,42980,7,DIRECTA
MINI6F,5M,2026-03-26 08:20:00,2026-03-26,08:20:00,42985,43035,42925,43030,49,DIRECTA
MINI6F,5M,2026-03-26 08:25:00,2026-03-26,08:25:00,43035,43035,42995,43000,18,DIRECTA
MINI6F,15M,2026-03-26 08:30:00,2026-03-26,08:30:00,42990,42990,42920,42930,87,DIRECTA
MINI6F,5M,2026-03-26 08:30:00,2026-03-26,08:30:00,42990,42990,42930,42940,40,DIRECTA
MINI6F,5M,2026-03-26 08:35:00,2026-03-26,08:35:00,42950,42975,42920,42975,29,DIRECTA
MINI6F,5M,2026-03-26 08:40:00,2026-03-26,08:40:00,42980,42980,42930,42930,18,DIRECTA
MINI6F,15M,2026-03-26 08:45:00,2026-03-26,08:45:00,42970,43050,42965,43010,83,DIRECTA
MINI6F,5M,2026-03-26 08:45:00,2026-03-26,08:45:00,42970,42995,42965,42995,13,DIRECTA
MINI6F,5M,2026-03-26 08:50:00,2026-03-26,08:50:00,42995,43000,42970,42985,17,DIRECTA
MINI6F,5M,2026-03-26 08:55:00,2026-03-26,08:55:00,42990,43050,42980,43010,53,DIRECTA
MINI6F,1H,2026-03-26 09:00:00,2026-03-26,09:00:00,43000,43090,42860,42935,1447,DIRECTA
MINI6F,15M,2026-03-26 09:00:00,2026-03-26,09:00:00,43000,43090,42910,42925,621,DIRECTA
MINI6F,5M,2026-03-26 09:00:00,2026-03-26,09:00:00,43000,43065,42960,43065,361,DIRECTA
MINI6F,5M,2026-03-26 09:05:00,2026-03-26,09:05:00,43055,43090,43010,43020,121,DIRECTA
MINI6F,5M,2026-03-26 09:10:00,2026-03-26,09:10:00,43015,43040,42910,42925,139,DIRECTA
MINI6F,15M,2026-03-26 09:15:00,2026-03-26,09:15:00,42930,43060,42925,42945,289,DIRECTA
MINI6F,5M,2026-03-26 09:15:00,2026-03-26,09:15:00,42930,43030,42925,42965,105,DIRECTA
MINI6F,5M,2026-03-26 09:20:00,2026-03-26,09:20:00,42955,43045,42955,43025,77,DIRECTA
MINI6F,5M,2026-03-26 09:25:00,2026-03-26,09:25:00,43025,43060,42935,42945,107,DIRECTA
MINI6F,15M,2026-03-26 09:30:00,2026-03-26,09:30:00,42945,43030,42900,42905,274,DIRECTA
MINI6F,5M,2026-03-26 09:30:00,2026-03-26,09:30:00,42945,43030,42940,42975,92,DIRECTA
MINI6F,5M,2026-03-26 09:35:00,2026-03-26,09:35:00,42995,43020,42945,42975,76,DIRECTA
MINI6F,5M,2026-03-26 09:40:00,2026-03-26,09:40:00,42965,42990,42900,42905,106,DIRECTA
MINI6F,15M,2026-03-26 09:45:00,2026-03-26,09:45:00,42900,42975,42860,42935,263,DIRECTA
MINI6F,5M,2026-03-26 09:45:00,2026-03-26,09:45:00,42900,42925,42860,42865,96,DIRECTA
MINI6F,5M,2026-03-26 09:50:00,2026-03-26,09:50:00,42865,42940,42865,42905,87,DIRECTA
MINI6F,5M,2026-03-26 09:55:00,2026-03-26,09:55:00,42900,42975,42895,42935,80,DIRECTA
MINI6F,1H,2026-03-26 10:00:00,2026-03-26,10:00:00,42945,42945,42640,42765,1281,DIRECTA
MINI6F,15M,2026-03-26 10:00:00,2026-03-26,10:00:00,42945,42945,42815,42840,363,DIRECTA
MINI6F,5M,2026-03-26 10:00:00,2026-03-26,10:00:00,42945,42945,42815,42880,197,DIRECTA
MINI6F,5M,2026-03-26 10:05:00,2026-03-26,10:05:00,42875,42925,42845,42885,77,DIRECTA
MINI6F,5M,2026-03-26 10:10:00,2026-03-26,10:10:00,42890,42945,42840,42840,89,DIRECTA
MINI6F,15M,2026-03-26 10:15:00,2026-03-26,10:15:00,42840,42850,42720,42740,267,DIRECTA
MINI6F,5M,2026-03-26 10:15:00,2026-03-26,10:15:00,42840,42850,42805,42815,82,DIRECTA
MINI6F,5M,2026-03-26 10:20:00,2026-03-26,10:20:00,42815,42830,42780,42780,82,DIRECTA
MINI6F,5M,2026-03-26 10:25:00,2026-03-26,10:25:00,42770,42790,42720,42740,103,DIRECTA
MINI6F,15M,2026-03-26 10:30:00,2026-03-26,10:30:00,42730,42730,42640,42680,470,DIRECTA
MINI6F,5M,2026-03-26 10:30:00,2026-03-26,10:30:00,42730,42730,42665,42675,202,DIRECTA
MINI6F,5M,2026-03-26 10:35:00,2026-03-26,10:35:00,42665,42690,42640,42660,158,DIRECTA
MINI6F,5M,2026-03-26 10:40:00,2026-03-26,10:40:00,42670,42700,42655,42680,110,DIRECTA
MINI6F,15M,2026-03-26 10:45:00,2026-03-26,10:45:00,42680,42785,42665,42765,181,DIRECTA
MINI6F,5M,2026-03-26 10:45:00,2026-03-26,10:45:00,42680,42710,42665,42680,44,DIRECTA
MINI6F,5M,2026-03-26 10:50:00,2026-03-26,10:50:00,42690,42750,42690,42740,74,DIRECTA
MINI6F,5M,2026-03-26 10:55:00,2026-03-26,10:55:00,42750,42785,42745,42765,63,DIRECTA
MINI6F,1H,2026-03-26 11:00:00,2026-03-26,11:00:00,42765,42960,42710,42890,816,DIRECTA
MINI6F,15M,2026-03-26 11:00:00,2026-03-26,11:00:00,42765,42860,42710,42860,175,DIRECTA
MINI6F,5M,2026-03-26 11:00:00,2026-03-26,11:00:00,42765,42770,42710,42760,40,DIRECTA
MINI6F,5M,2026-03-26 11:05:00,2026-03-26,11:05:00,42770,42835,42770,42800,75,DIRECTA
MINI6F,5M,2026-03-26 11:10:00,2026-03-26,11:10:00,42800,42860,42800,42860,60,DIRECTA
MINI6F,15M,2026-03-26 11:15:00,2026-03-26,11:15:00,42850,42915,42815,42905,203,DIRECTA
MINI6F,5M,2026-03-26 11:15:00,2026-03-26,11:15:00,42850,42890,42815,42815,95,DIRECTA
MINI6F,5M,2026-03-26 11:20:00,2026-03-26,11:20:00,42820,42870,42815,42865,35,DIRECTA
MINI6F,5M,2026-03-26 11:25:00,2026-03-26,11:25:00,42860,42915,42860,42905,73,DIRECTA
MINI6F,15M,2026-03-26 11:30:00,2026-03-26,11:30:00,42910,42960,42860,42860,289,DIRECTA
MINI6F,5M,2026-03-26 11:30:00,2026-03-26,11:30:00,42910,42960,42900,42950,75,DIRECTA
MINI6F,5M,2026-03-26 11:35:00,2026-03-26,11:35:00,42950,42950,42885,42885,118,DIRECTA
MINI6F,5M,2026-03-26 11:40:00,2026-03-26,11:40:00,42885,42920,42860,42860,96,DIRECTA
MINI6F,15M,2026-03-26 11:45:00,2026-03-26,11:45:00,42855,42895,42850,42890,149,DIRECTA
MINI6F,5M,2026-03-26 11:45:00,2026-03-26,11:45:00,42855,42885,42850,42860,49,DIRECTA
MINI6F,5M,2026-03-26 11:50:00,2026-03-26,11:50:00,42865,42895,42855,42855,43,DIRECTA
MINI6F,5M,2026-03-26 11:55:00,2026-03-26,11:55:00,42855,42895,42855,42890,57,DIRECTA
MINI6F,1H,2026-03-26 12:00:00,2026-03-26,12:00:00,42890,42945,42730,42730,565,DIRECTA
MINI6F,15M,2026-03-26 12:00:00,2026-03-26,12:00:00,42890,42945,42835,42870,146,DIRECTA
MINI6F,5M,2026-03-26 12:00:00,2026-03-26,12:00:00,42890,42890,42835,42870,64,DIRECTA
MINI6F,5M,2026-03-26 12:05:00,2026-03-26,12:05:00,42880,42930,42865,42930,42,DIRECTA
MINI6F,5M,2026-03-26 12:10:00,2026-03-26,12:10:00,42935,42945,42870,42870,40,DIRECTA
MINI6F,15M,2026-03-26 12:15:00,2026-03-26,12:15:00,42865,42910,42795,42855,102,DIRECTA
MINI6F,5M,2026-03-26 12:15:00,2026-03-26,12:15:00,42865,42900,42855,42895,27,DIRECTA
MINI6F,5M,2026-03-26 12:20:00,2026-03-26,12:20:00,42910,42910,42860,42870,17,DIRECTA
MINI6F,5M,2026-03-26 12:25:00,2026-03-26,12:25:00,42865,42865,42795,42855,58,DIRECTA
MINI6F,15M,2026-03-26 12:30:00,2026-03-26,12:30:00,42850,42860,42790,42800,121,DIRECTA
MINI6F,5M,2026-03-26 12:30:00,2026-03-26,12:30:00,42850,42860,42800,42835,46,DIRECTA
MINI6F,5M,2026-03-26 12:35:00,2026-03-26,12:35:00,42850,42855,42815,42825,38,DIRECTA
MINI6F,5M,2026-03-26 12:40:00,2026-03-26,12:40:00,42835,42845,42790,42800,37,DIRECTA
MINI6F,15M,2026-03-26 12:45:00,2026-03-26,12:45:00,42795,42820,42730,42730,196,DIRECTA
MINI6F,5M,2026-03-26 12:45:00,2026-03-26,12:45:00,42795,42820,42795,42800,47,DIRECTA
MINI6F,5M,2026-03-26 12:50:00,2026-03-26,12:50:00,42800,42820,42760,42815,79,DIRECTA
MINI6F,5M,2026-03-26 12:55:00,2026-03-26,12:55:00,42805,42805,42730,42730,70,DIRECTA
MINI6F,1H,2026-03-26 13:00:00,2026-03-26,13:00:00,42735,42865,42700,42790,540,DIRECTA
MINI6F,15M,2026-03-26 13:00:00,2026-03-26,13:00:00,42735,42865,42700,42845,226,DIRECTA
MINI6F,5M,2026-03-26 13:00:00,2026-03-26,13:00:00,42735,42740,42700,42735,90,DIRECTA
MINI6F,5M,2026-03-26 13:05:00,2026-03-26,13:05:00,42740,42845,42740,42815,66,DIRECTA
MINI6F,5M,2026-03-26 13:10:00,2026-03-26,13:10:00,42810,42865,42800,42845,70,DIRECTA
MINI6F,15M,2026-03-26 13:15:00,2026-03-26,13:15:00,42840,42855,42805,42815,96,DIRECTA
MINI6F,5M,2026-03-26 13:15:00,2026-03-26,13:15:00,42840,42855,42805,42820,26,DIRECTA
MINI6F,5M,2026-03-26 13:20:00,2026-03-26,13:20:00,42810,42840,42805,42815,28,DIRECTA
MINI6F,5M,2026-03-26 13:25:00,2026-03-26,13:25:00,42820,42835,42810,42815,42,DIRECTA
MINI6F,15M,2026-03-26 13:30:00,2026-03-26,13:30:00,42805,42805,42700,42710,165,DIRECTA
MINI6F,5M,2026-03-26 13:30:00,2026-03-26,13:30:00,42805,42805,42725,42725,77,DIRECTA
MINI6F,5M,2026-03-26 13:35:00,2026-03-26,13:35:00,42720,42775,42700,42775,57,DIRECTA
MINI6F,5M,2026-03-26 13:40:00,2026-03-26,13:40:00,42775,42780,42710,42710,31,DIRECTA
MINI6F,15M,2026-03-26 13:45:00,2026-03-26,13:45:00,42725,42790,42725,42790,53,DIRECTA
MINI6F,5M,2026-03-26 13:45:00,2026-03-26,13:45:00,42725,42785,42725,42760,17,DIRECTA
MINI6F,5M,2026-03-26 13:50:00,2026-03-26,13:50:00,42765,42770,42735,42755,8,DIRECTA
MINI6F,5M,2026-03-26 13:55:00,2026-03-26,13:55:00,42760,42790,42760,42790,28,DIRECTA
MINI6F,1H,2026-03-26 14:00:00,2026-03-26,14:00:00,42790,43045,42730,43040,1066,DIRECTA
MINI6F,15M,2026-03-26 14:00:00,2026-03-26,14:00:00,42790,42815,42730,42775,168,DIRECTA
MINI6F,5M,2026-03-26 14:00:00,2026-03-26,14:00:00,42790,42815,42770,42780,74,DIRECTA
MINI6F,5M,2026-03-26 14:05:00,2026-03-26,14:05:00,42770,42780,42740,42740,28,DIRECTA
MINI6F,5M,2026-03-26 14:10:00,2026-03-26,14:10:00,42740,42795,42730,42775,66,DIRECTA
MINI6F,15M,2026-03-26 14:15:00,2026-03-26,14:15:00,42775,42815,42765,42810,79,DIRECTA
MINI6F,5M,2026-03-26 14:15:00,2026-03-26,14:15:00,42775,42815,42765,42775,34,DIRECTA
MINI6F,5M,2026-03-26 14:20:00,2026-03-26,14:20:00,42795,42810,42770,42770,30,DIRECTA
MINI6F,5M,2026-03-26 14:25:00,2026-03-26,14:25:00,42775,42810,42775,42810,15,DIRECTA
MINI6F,15M,2026-03-26 14:30:00,2026-03-26,14:30:00,42800,42965,42785,42965,230,DIRECTA
MINI6F,5M,2026-03-26 14:30:00,2026-03-26,14:30:00,42800,42835,42785,42815,58,DIRECTA
MINI6F,5M,2026-03-26 14:35:00,2026-03-26,14:35:00,42815,42855,42795,42825,53,DIRECTA
MINI6F,5M,2026-03-26 14:40:00,2026-03-26,14:40:00,42820,42965,42810,42965,119,DIRECTA
MINI6F,15M,2026-03-26 14:45:00,2026-03-26,14:45:00,42960,43045,42915,43040,589,DIRECTA
MINI6F,5M,2026-03-26 14:45:00,2026-03-26,14:45:00,42960,43045,42950,42985,266,DIRECTA
MINI6F,5M,2026-03-26 14:50:00,2026-03-26,14:50:00,42985,43030,42940,43020,147,DIRECTA
MINI6F,5M,2026-03-26 14:55:00,2026-03-26,14:55:00,43015,43040,42915,43040,176,DIRECTA
MINI6F,1H,2026-03-26 15:00:00,2026-03-26,15:00:00,43045,43195,42915,43010,1302,DIRECTA
MINI6F,15M,2026-03-26 15:00:00,2026-03-26,15:00:00,43045,43050,42940,43050,312,DIRECTA
MINI6F,5M,2026-03-26 15:00:00,2026-03-26,15:00:00,43045,43045,42985,43000,153,DIRECTA
MINI6F,5M,2026-03-26 15:05:00,2026-03-26,15:05:00,43005,43025,42960,43000,91,DIRECTA
MINI6F,5M,2026-03-26 15:10:00,2026-03-26,15:10:00,42985,43050,42940,43050,68,DIRECTA
MINI6F,15M,2026-03-26 15:15:00,2026-03-26,15:15:00,43050,43085,43020,43050,168,DIRECTA
MINI6F,5M,2026-03-26 15:15:00,2026-03-26,15:15:00,43050,43075,43025,43030,72,DIRECTA
MINI6F,5M,2026-03-26 15:20:00,2026-03-26,15:20:00,43030,43085,43020,43055,58,DIRECTA
MINI6F,5M,2026-03-26 15:25:00,2026-03-26,15:25:00,43050,43065,43035,43050,38,DIRECTA
MINI6F,15M,2026-03-26 15:30:00,2026-03-26,15:30:00,43050,43195,43005,43035,461,DIRECTA
MINI6F,5M,2026-03-26 15:30:00,2026-03-26,15:30:00,43050,43140,43050,43140,98,DIRECTA
MINI6F,5M,2026-03-26 15:35:00,2026-03-26,15:35:00,43135,43140,43095,43130,54,DIRECTA
MINI6F,5M,2026-03-26 15:40:00,2026-03-26,15:40:00,43140,43195,43005,43035,309,DIRECTA
MINI6F,15M,2026-03-26 15:45:00,2026-03-26,15:45:00,43020,43065,42915,43010,361,DIRECTA
MINI6F,5M,2026-03-26 15:45:00,2026-03-26,15:45:00,43020,43065,43000,43030,137,DIRECTA
MINI6F,5M,2026-03-26 15:50:00,2026-03-26,15:50:00,43035,43060,42945,42945,97,DIRECTA
MINI6F,5M,2026-03-26 15:55:00,2026-03-26,15:55:00,42940,43030,42915,43010,127,DIRECTA
MINI6F,1H,2026-03-26 16:00:00,2026-03-26,16:00:00,43010,43050,42870,43005,776,DIRECTA
MINI6F,15M,2026-03-26 16:00:00,2026-03-26,16:00:00,43010,43050,42985,43015,207,DIRECTA
MINI6F,5M,2026-03-26 16:00:00,2026-03-26,16:00:00,43010,43025,42985,43000,35,DIRECTA
MINI6F,5M,2026-03-26 16:05:00,2026-03-26,16:05:00,42995,43050,42985,43005,142,DIRECTA
MINI6F,5M,2026-03-26 16:10:00,2026-03-26,16:10:00,43005,43030,42995,43015,30,DIRECTA
MINI6F,15M,2026-03-26 16:15:00,2026-03-26,16:15:00,43010,43010,42920,42960,135,DIRECTA
MINI6F,5M,2026-03-26 16:15:00,2026-03-26,16:15:00,43010,43010,42920,42935,63,DIRECTA
MINI6F,5M,2026-03-26 16:20:00,2026-03-26,16:20:00,42940,42975,42930,42950,35,DIRECTA
MINI6F,5M,2026-03-26 16:25:00,2026-03-26,16:25:00,42950,42980,42935,42960,37,DIRECTA
MINI6F,15M,2026-03-26 16:30:00,2026-03-26,16:30:00,42950,42955,42870,42890,170,DIRECTA
MINI6F,5M,2026-03-26 16:30:00,2026-03-26,16:30:00,42950,42955,42910,42925,53,DIRECTA
MINI6F,5M,2026-03-26 16:35:00,2026-03-26,16:35:00,42910,42925,42895,42910,69,DIRECTA
MINI6F,5M,2026-03-26 16:40:00,2026-03-26,16:40:00,42910,42920,42870,42890,48,DIRECTA
MINI6F,15M,2026-03-26 16:45:00,2026-03-26,16:45:00,42900,43025,42885,43005,264,DIRECTA
MINI6F,5M,2026-03-26 16:45:00,2026-03-26,16:45:00,42900,42970,42885,42935,155,DIRECTA
MINI6F,5M,2026-03-26 16:50:00,2026-03-26,16:50:00,42945,43025,42945,42985,68,DIRECTA
MINI6F,5M,2026-03-26 16:55:00,2026-03-26,16:55:00,42990,43005,42945,43005,41,DIRECTA
MINI6F,1H,2026-03-26 17:00:00,2026-03-26,17:00:00,42990,43070,42850,42925,788,DIRECTA
MINI6F,15M,2026-03-26 17:00:00,2026-03-26,17:00:00,42990,43070,42985,42995,129,DIRECTA
MINI6F,5M,2026-03-26 17:00:00,2026-03-26,17:00:00,42990,43025,42990,43000,37,DIRECTA
MINI6F,5M,2026-03-26 17:05:00,2026-03-26,17:05:00,43010,43070,43005,43050,62,DIRECTA
MINI6F,5M,2026-03-26 17:10:00,2026-03-26,17:10:00,43050,43050,42985,42995,30,DIRECTA
MINI6F,15M,2026-03-26 17:15:00,2026-03-26,17:15:00,42985,42990,42850,42910,312,DIRECTA
MINI6F,5M,2026-03-26 17:15:00,2026-03-26,17:15:00,42985,42990,42900,42930,176,DIRECTA
MINI6F,5M,2026-03-26 17:20:00,2026-03-26,17:20:00,42940,42940,42850,42895,52,DIRECTA
MINI6F,5M,2026-03-26 17:25:00,2026-03-26,17:25:00,42900,42915,42855,42910,84,DIRECTA
MINI6F,15M,2026-03-26 17:30:00,2026-03-26,17:30:00,42915,42990,42860,42965,267,DIRECTA
MINI6F,5M,2026-03-26 17:30:00,2026-03-26,17:30:00,42915,42990,42860,42975,189,DIRECTA
MINI6F,5M,2026-03-26 17:35:00,2026-03-26,17:35:00,42975,42980,42930,42940,55,DIRECTA
MINI6F,5M,2026-03-26 17:40:00,2026-03-26,17:40:00,42935,42970,42930,42965,23,DIRECTA
MINI6F,15M,2026-03-26 17:45:00,2026-03-26,17:45:00,42960,42975,42910,42925,80,DIRECTA
MINI6F,5M,2026-03-26 17:45:00,2026-03-26,17:45:00,42960,42975,42910,42920,55,DIRECTA
MINI6F,5M,2026-03-26 17:50:00,2026-03-26,17:50:00,42915,42930,42910,42930,17,DIRECTA
MINI6F,5M,2026-03-26 17:55:00,2026-03-26,17:55:00,42925,42925,42910,42925,8,DIRECTA
MINI6F,1H,2026-03-26 18:00:00,2026-03-26,18:00:00,42925,42970,42810,42815,277,DIRECTA
MINI6F,15M,2026-03-26 18:00:00,2026-03-26,18:00:00,42925,42970,42925,42945,62,DIRECTA
MINI6F,5M,2026-03-26 18:00:00,2026-03-26,18:00:00,42925,42970,42925,42945,39,DIRECTA
MINI6F,5M,2026-03-26 18:05:00,2026-03-26,18:05:00,42960,42965,42950,42960,8,DIRECTA
MINI6F,5M,2026-03-26 18:10:00,2026-03-26,18:10:00,42950,42955,42945,42945,15,DIRECTA
MINI6F,15M,2026-03-26 18:15:00,2026-03-26,18:15:00,42925,42940,42850,42885,93,DIRECTA
MINI6F,5M,2026-03-26 18:15:00,2026-03-26,18:15:00,42925,42940,42920,42925,15,DIRECTA
MINI6F,5M,2026-03-26 18:20:00,2026-03-26,18:20:00,42915,42915,42870,42875,20,DIRECTA
MINI6F,5M,2026-03-26 18:25:00,2026-03-26,18:25:00,42875,42885,42850,42885,58,DIRECTA
MINI6F,15M,2026-03-26 18:30:00,2026-03-26,18:30:00,42895,42920,42850,42850,54,DIRECTA
MINI6F,5M,2026-03-26 18:30:00,2026-03-26,18:30:00,42895,42915,42875,42915,13,DIRECTA
MINI6F,5M,2026-03-26 18:35:00,2026-03-26,18:35:00,42920,42920,42875,42875,14,DIRECTA
MINI6F,5M,2026-03-26 18:40:00,2026-03-26,18:40:00,42875,42875,42850,42850,27,DIRECTA
MINI6F,15M,2026-03-26 18:45:00,2026-03-26,18:45:00,42850,42855,42810,42815,68,DIRECTA
MINI6F,5M,2026-03-26 18:45:00,2026-03-26,18:45:00,42850,42855,42840,42840,22,DIRECTA
MINI6F,5M,2026-03-26 18:50:00,2026-03-26,18:50:00,42835,42840,42810,42825,31,DIRECTA
MINI6F,5M,2026-03-26 18:55:00,2026-03-26,18:55:00,42820,42825,42810,42815,15,DIRECTA
MINI6F,1H,2026-03-26 19:00:00,2026-03-26,19:00:00,42830,42895,42820,42870,98,DIRECTA
MINI6F,15M,2026-03-26 19:00:00,2026-03-26,19:00:00,42830,42860,42830,42840,31,DIRECTA
MINI6F,5M,2026-03-26 19:00:00,2026-03-26,19:00:00,42830,42850,42830,42845,10,DIRECTA
MINI6F,5M,2026-03-26 19:05:00,2026-03-26,19:05:00,42860,42860,42845,42860,12,DIRECTA
MINI6F,5M,2026-03-26 19:10:00,2026-03-26,19:10:00,42840,42850,42835,42840,9,DIRECTA
MINI6F,15M,2026-03-26 19:15:00,2026-03-26,19:15:00,42840,42840,42820,42820,13,DIRECTA
MINI6F,5M,2026-03-26 19:15:00,2026-03-26,19:15:00,42840,42840,42835,42835,4,DIRECTA
MINI6F,5M,2026-03-26 19:20:00,2026-03-26,19:20:00,42830,42830,42830,42830,4,DIRECTA
MINI6F,5M,2026-03-26 19:25:00,2026-03-26,19:25:00,42840,42840,42820,42820,5,DIRECTA
MINI6F,15M,2026-03-26 19:30:00,2026-03-26,19:30:00,42830,42895,42830,42875,34,DIRECTA
MINI6F,5M,2026-03-26 19:30:00,2026-03-26,19:30:00,42830,42880,42830,42880,23,DIRECTA
MINI6F,5M,2026-03-26 19:35:00,2026-03-26,19:35:00,42875,42895,42875,42885,9,DIRECTA
MINI6F,5M,2026-03-26 19:40:00,2026-03-26,19:40:00,42890,42890,42875,42875,2,DIRECTA
MINI6F,15M,2026-03-26 19:45:00,2026-03-26,19:45:00,42880,42885,42845,42870,20,DIRECTA
MINI6F,5M,2026-03-26 19:45:00,2026-03-26,19:45:00,42880,42880,42880,42880,1,DIRECTA
MINI6F,5M,2026-03-26 19:50:00,2026-03-26,19:50:00,42885,42885,42870,42870,5,DIRECTA
MINI6F,5M,2026-03-26 19:55:00,2026-03-26,19:55:00,42855,42870,42845,42870,14,DIRECTA
MINI6F,1H,2026-03-26 20:00:00,2026-03-26,20:00:00,42880,42880,42690,42705,204,DIRECTA
MINI6F,15M,2026-03-26 20:00:00,2026-03-26,20:00:00,42880,42880,42745,42765,64,DIRECTA
MINI6F,5M,2026-03-26 20:00:00,2026-03-26,20:00:00,42880,42880,42835,42835,9,DIRECTA
MINI6F,5M,2026-03-26 20:05:00,2026-03-26,20:05:00,42830,42835,42810,42820,20,DIRECTA
MINI6F,5M,2026-03-26 20:10:00,2026-03-26,20:10:00,42805,42805,42745,42765,35,DIRECTA
MINI6F,15M,2026-03-26 20:15:00,2026-03-26,20:15:00,42775,42800,42755,42780,38,DIRECTA
MINI6F,5M,2026-03-26 20:15:00,2026-03-26,20:15:00,42775,42800,42775,42800,11,DIRECTA
MINI6F,5M,2026-03-26 20:20:00,2026-03-26,20:20:00,42780,42780,42765,42765,10,DIRECTA
MINI6F,5M,2026-03-26 20:25:00,2026-03-26,20:25:00,42765,42780,42755,42780,17,DIRECTA
MINI6F,15M,2026-03-26 20:30:00,2026-03-26,20:30:00,42780,42780,42720,42735,33,DIRECTA
MINI6F,5M,2026-03-26 20:30:00,2026-03-26,20:30:00,42780,42780,42720,42725,23,DIRECTA
MINI6F,5M,2026-03-26 20:35:00,2026-03-26,20:35:00,42740,42770,42740,42755,7,DIRECTA
MINI6F,5M,2026-03-26 20:40:00,2026-03-26,20:40:00,42765,42765,42735,42735,3,DIRECTA
MINI6F,15M,2026-03-26 20:45:00,2026-03-26,20:45:00,42725,42745,42690,42705,69,DIRECTA
MINI6F,5M,2026-03-26 20:45:00,2026-03-26,20:45:00,42725,42745,42725,42745,19,DIRECTA
MINI6F,5M,2026-03-26 20:50:00,2026-03-26,20:50:00,42735,42735,42700,42710,24,DIRECTA
MINI6F,5M,2026-03-26 20:55:00,2026-03-26,20:55:00,42710,42730,42690,42705,26,DIRECTA
MINI6F,1H,2026-03-26 21:00:00,2026-03-26,21:00:00,42720,43170,42710,42835,628,DIRECTA
MINI6F,15M,2026-03-26 21:00:00,2026-03-26,21:00:00,42720,43170,42710,42915,314,DIRECTA
MINI6F,5M,2026-03-26 21:00:00,2026-03-26,21:00:00,42720,42755,42710,42710,29,DIRECTA
MINI6F,5M,2026-03-26 21:05:00,2026-03-26,21:05:00,42715,42745,42715,42745,3,DIRECTA
MINI6F,5M,2026-03-26 21:10:00,2026-03-26,21:10:00,42750,43170,42750,42915,282,DIRECTA
MINI6F,15M,2026-03-26 21:15:00,2026-03-26,21:15:00,42910,43000,42810,42865,163,DIRECTA
MINI6F,5M,2026-03-26 21:15:00,2026-03-26,21:15:00,42910,43000,42875,42905,75,DIRECTA
MINI6F,5M,2026-03-26 21:20:00,2026-03-26,21:20:00,42895,42920,42880,42890,20,DIRECTA
MINI6F,5M,2026-03-26 21:25:00,2026-03-26,21:25:00,42870,42870,42810,42865,68,DIRECTA
MINI6F,15M,2026-03-26 21:30:00,2026-03-26,21:30:00,42875,42960,42870,42955,58,DIRECTA
MINI6F,5M,2026-03-26 21:30:00,2026-03-26,21:30:00,42875,42925,42870,42910,35,DIRECTA
MINI6F,5M,2026-03-26 21:35:00,2026-03-26,21:35:00,42915,42920,42905,42920,6,DIRECTA
MINI6F,5M,2026-03-26 21:40:00,2026-03-26,21:40:00,42915,42960,42915,42955,17,DIRECTA
MINI6F,15M,2026-03-26 21:45:00,2026-03-26,21:45:00,42940,42965,42830,42835,93,DIRECTA
MINI6F,5M,2026-03-26 21:45:00,2026-03-26,21:45:00,42940,42965,42895,42915,33,DIRECTA
MINI6F,5M,2026-03-26 21:50:00,2026-03-26,21:50:00,42910,42920,42875,42875,23,DIRECTA
MINI6F,5M,2026-03-26 21:55:00,2026-03-26,21:55:00,42895,42895,42830,42835,37,DIRECTA
MINI6F,D,2026-03-27 08:00:00,2026-03-27,08:00:00,42985,43160,42255,42655,9792,DIRECTA
MINI6F,1H,2026-03-27 08:00:00,2026-03-27,08:00:00,42985,43105,42975,43070,320,DIRECTA
MINI6F,15M,2026-03-27 08:00:00,2026-03-27,08:00:00,42985,43105,42985,43085,107,DIRECTA
MINI6F,5M,2026-03-27 08:00:00,2026-03-27,08:00:00,42985,43065,42985,43060,59,DIRECTA
MINI6F,5M,2026-03-27 08:05:00,2026-03-27,08:05:00,43070,43080,43040,43060,21,DIRECTA
MINI6F,5M,2026-03-27 08:10:00,2026-03-27,08:10:00,43075,43105,43075,43085,27,DIRECTA
MINI6F,15M,2026-03-27 08:15:00,2026-03-27,08:15:00,43060,43060,43005,43005,41,DIRECTA
MINI6F,5M,2026-03-27 08:15:00,2026-03-27,08:15:00,43060,43060,43050,43060,6,DIRECTA
MINI6F,5M,2026-03-27 08:20:00,2026-03-27,08:20:00,43060,43060,43030,43040,9,DIRECTA
MINI6F,5M,2026-03-27 08:25:00,2026-03-27,08:25:00,43055,43055,43005,43005,26,DIRECTA
MINI6F,15M,2026-03-27 08:30:00,2026-03-27,08:30:00,43020,43045,42975,43025,84,DIRECTA
MINI6F,5M,2026-03-27 08:30:00,2026-03-27,08:30:00,43020,43030,42990,43000,27,DIRECTA
MINI6F,5M,2026-03-27 08:35:00,2026-03-27,08:35:00,43000,43045,43000,43000,17,DIRECTA
MINI6F,5M,2026-03-27 08:40:00,2026-03-27,08:40:00,43010,43025,42975,43025,40,DIRECTA
MINI6F,15M,2026-03-27 08:45:00,2026-03-27,08:45:00,43025,43095,43020,43070,88,DIRECTA
MINI6F,5M,2026-03-27 08:45:00,2026-03-27,08:45:00,43025,43065,43025,43065,27,DIRECTA
MINI6F,5M,2026-03-27 08:50:00,2026-03-27,08:50:00,43065,43070,43020,43020,25,DIRECTA
MINI6F,5M,2026-03-27 08:55:00,2026-03-27,08:55:00,43045,43095,43045,43070,36,DIRECTA
MINI6F,1H,2026-03-27 09:00:00,2026-03-27,09:00:00,43100,43160,42615,42665,1892,DIRECTA
MINI6F,15M,2026-03-27 09:00:00,2026-03-27,09:00:00,43100,43160,42950,43020,552,DIRECTA
MINI6F,5M,2026-03-27 09:00:00,2026-03-27,09:00:00,43100,43160,42965,42975,315,DIRECTA
MINI6F,5M,2026-03-27 09:05:00,2026-03-27,09:05:00,42970,43020,42950,43005,128,DIRECTA
MINI6F,5M,2026-03-27 09:10:00,2026-03-27,09:10:00,43005,43050,42965,43020,109,DIRECTA
MINI6F,15M,2026-03-27 09:15:00,2026-03-27,09:15:00,43030,43040,42805,42840,436,DIRECTA
MINI6F,5M,2026-03-27 09:15:00,2026-03-27,09:15:00,43030,43040,42920,42930,150,DIRECTA
MINI6F,5M,2026-03-27 09:20:00,2026-03-27,09:20:00,42920,42985,42905,42920,104,DIRECTA
MINI6F,5M,2026-03-27 09:25:00,2026-03-27,09:25:00,42925,42940,42805,42840,182,DIRECTA
MINI6F,15M,2026-03-27 09:30:00,2026-03-27,09:30:00,42830,42860,42655,42730,438,DIRECTA
MINI6F,5M,2026-03-27 09:30:00,2026-03-27,09:30:00,42830,42860,42790,42815,150,DIRECTA
MINI6F,5M,2026-03-27 09:35:00,2026-03-27,09:35:00,42820,42835,42655,42670,129,DIRECTA
MINI6F,5M,2026-03-27 09:40:00,2026-03-27,09:40:00,42675,42730,42660,42730,159,DIRECTA
MINI6F,15M,2026-03-27 09:45:00,2026-03-27,09:45:00,42735,42760,42615,42665,466,DIRECTA
MINI6F,5M,2026-03-27 09:45:00,2026-03-27,09:45:00,42735,42760,42635,42685,204,DIRECTA
MINI6F,5M,2026-03-27 09:50:00,2026-03-27,09:50:00,42680,42735,42615,42690,150,DIRECTA
MINI6F,5M,2026-03-27 09:55:00,2026-03-27,09:55:00,42695,42695,42645,42665,112,DIRECTA
MINI6F,1H,2026-03-27 10:00:00,2026-03-27,10:00:00,42665,42685,42445,42470,1290,DIRECTA
MINI6F,15M,2026-03-27 10:00:00,2026-03-27,10:00:00,42665,42680,42460,42530,538,DIRECTA
MINI6F,5M,2026-03-27 10:00:00,2026-03-27,10:00:00,42665,42680,42555,42560,156,DIRECTA
MINI6F,5M,2026-03-27 10:05:00,2026-03-27,10:05:00,42565,42590,42460,42490,204,DIRECTA
MINI6F,5M,2026-03-27 10:10:00,2026-03-27,10:10:00,42475,42575,42475,42530,178,DIRECTA
MINI6F,15M,2026-03-27 10:15:00,2026-03-27,10:15:00,42525,42685,42520,42640,293,DIRECTA
MINI6F,5M,2026-03-27 10:15:00,2026-03-27,10:15:00,42525,42600,42520,42580,103,DIRECTA
MINI6F,5M,2026-03-27 10:20:00,2026-03-27,10:20:00,42580,42625,42570,42585,100,DIRECTA
MINI6F,5M,2026-03-27 10:25:00,2026-03-27,10:25:00,42590,42685,42590,42640,90,DIRECTA
MINI6F,15M,2026-03-27 10:30:00,2026-03-27,10:30:00,42650,42665,42515,42555,247,DIRECTA
MINI6F,5M,2026-03-27 10:30:00,2026-03-27,10:30:00,42650,42665,42590,42610,74,DIRECTA
MINI6F,5M,2026-03-27 10:35:00,2026-03-27,10:35:00,42610,42620,42525,42550,74,DIRECTA
MINI6F,5M,2026-03-27 10:40:00,2026-03-27,10:40:00,42555,42565,42515,42555,99,DIRECTA
MINI6F,15M,2026-03-27 10:45:00,2026-03-27,10:45:00,42520,42525,42445,42470,212,DIRECTA
MINI6F,5M,2026-03-27 10:45:00,2026-03-27,10:45:00,42520,42525,42480,42480,74,DIRECTA
MINI6F,5M,2026-03-27 10:50:00,2026-03-27,10:50:00,42490,42515,42470,42470,65,DIRECTA
MINI6F,5M,2026-03-27 10:55:00,2026-03-27,10:55:00,42465,42510,42445,42470,73,DIRECTA
MINI6F,1H,2026-03-27 11:00:00,2026-03-27,11:00:00,42470,42610,42365,42375,736,DIRECTA
MINI6F,15M,2026-03-27 11:00:00,2026-03-27,11:00:00,42470,42595,42425,42505,227,DIRECTA
MINI6F,5M,2026-03-27 11:00:00,2026-03-27,11:00:00,42470,42495,42425,42470,88,DIRECTA
MINI6F,5M,2026-03-27 11:05:00,2026-03-27,11:05:00,42465,42595,42465,42550,98,DIRECTA
MINI6F,5M,2026-03-27 11:10:00,2026-03-27,11:10:00,42550,42550,42500,42505,41,DIRECTA
MINI6F,15M,2026-03-27 11:15:00,2026-03-27,11:15:00,42500,42610,42490,42570,113,DIRECTA
MINI6F,5M,2026-03-27 11:15:00,2026-03-27,11:15:00,42500,42535,42500,42520,28,DIRECTA
MINI6F,5M,2026-03-27 11:20:00,2026-03-27,11:20:00,42510,42540,42490,42530,27,DIRECTA
MINI6F,5M,2026-03-27 11:25:00,2026-03-27,11:25:00,42535,42610,42535,42570,58,DIRECTA
MINI6F,15M,2026-03-27 11:30:00,2026-03-27,11:30:00,42570,42600,42475,42495,180,DIRECTA
MINI6F,5M,2026-03-27 11:30:00,2026-03-27,11:30:00,42570,42600,42520,42575,46,DIRECTA
MINI6F,5M,2026-03-27 11:35:00,2026-03-27,11:35:00,42575,42575,42515,42520,61,DIRECTA
MINI6F,5M,2026-03-27 11:40:00,2026-03-27,11:40:00,42520,42525,42475,42495,73,DIRECTA
MINI6F,15M,2026-03-27 11:45:00,2026-03-27,11:45:00,42500,42500,42365,42375,216,DIRECTA
MINI6F,5M,2026-03-27 11:45:00,2026-03-27,11:45:00,42500,42500,42450,42465,48,DIRECTA
MINI6F,5M,2026-03-27 11:50:00,2026-03-27,11:50:00,42460,42465,42415,42415,60,DIRECTA
MINI6F,5M,2026-03-27 11:55:00,2026-03-27,11:55:00,42410,42410,42365,42375,108,DIRECTA
MINI6F,1H,2026-03-27 12:00:00,2026-03-27,12:00:00,42385,42550,42270,42480,792,DIRECTA
MINI6F,15M,2026-03-27 12:00:00,2026-03-27,12:00:00,42385,42385,42270,42300,265,DIRECTA
MINI6F,5M,2026-03-27 12:00:00,2026-03-27,12:00:00,42385,42385,42300,42320,128,DIRECTA
MINI6F,5M,2026-03-27 12:05:00,2026-03-27,12:05:00,42315,42335,42270,42285,78,DIRECTA
MINI6F,5M,2026-03-27 12:10:00,2026-03-27,12:10:00,42290,42335,42285,42300,59,DIRECTA
MINI6F,15M,2026-03-27 12:15:00,2026-03-27,12:15:00,42300,42420,42290,42420,200,DIRECTA
MINI6F,5M,2026-03-27 12:15:00,2026-03-27,12:15:00,42300,42335,42295,42300,92,DIRECTA
MINI6F,5M,2026-03-27 12:20:00,2026-03-27,12:20:00,42290,42375,42290,42375,50,DIRECTA
MINI6F,5M,2026-03-27 12:25:00,2026-03-27,12:25:00,42370,42420,42355,42420,58,DIRECTA
MINI6F,15M,2026-03-27 12:30:00,2026-03-27,12:30:00,42425,42515,42425,42505,155,DIRECTA
MINI6F,5M,2026-03-27 12:30:00,2026-03-27,12:30:00,42425,42475,42425,42475,61,DIRECTA
MINI6F,5M,2026-03-27 12:35:00,2026-03-27,12:35:00,42480,42505,42455,42480,63,DIRECTA
MINI6F,5M,2026-03-27 12:40:00,2026-03-27,12:40:00,42475,42515,42475,42505,31,DIRECTA
MINI6F,15M,2026-03-27 12:45:00,2026-03-27,12:45:00,42510,42550,42480,42480,172,DIRECTA
MINI6F,5M,2026-03-27 12:45:00,2026-03-27,12:45:00,42510,42515,42490,42495,44,DIRECTA
MINI6F,5M,2026-03-27 12:50:00,2026-03-27,12:50:00,42500,42510,42480,42510,45,DIRECTA
MINI6F,5M,2026-03-27 12:55:00,2026-03-27,12:55:00,42515,42550,42480,42480,83,DIRECTA
MINI6F,1H,2026-03-27 13:00:00,2026-03-27,13:00:00,42495,42635,42450,42570,641,DIRECTA
MINI6F,15M,2026-03-27 13:00:00,2026-03-27,13:00:00,42495,42515,42450,42500,114,DIRECTA
MINI6F,5M,2026-03-27 13:00:00,2026-03-27,13:00:00,42495,42500,42455,42500,47,DIRECTA
MINI6F,5M,2026-03-27 13:05:00,2026-03-27,13:05:00,42495,42495,42450,42460,29,DIRECTA
MINI6F,5M,2026-03-27 13:10:00,2026-03-27,13:10:00,42450,42515,42450,42500,38,DIRECTA
MINI6F,15M,2026-03-27 13:15:00,2026-03-27,13:15:00,42505,42560,42490,42535,123,DIRECTA
MINI6F,5M,2026-03-27 13:15:00,2026-03-27,13:15:00,42505,42560,42490,42535,63,DIRECTA
MINI6F,5M,2026-03-27 13:20:00,2026-03-27,13:20:00,42525,42530,42490,42530,34,DIRECTA
MINI6F,5M,2026-03-27 13:25:00,2026-03-27,13:25:00,42530,42545,42510,42535,26,DIRECTA
MINI6F,15M,2026-03-27 13:30:00,2026-03-27,13:30:00,42530,42620,42515,42590,164,DIRECTA
MINI6F,5M,2026-03-27 13:30:00,2026-03-27,13:30:00,42530,42550,42515,42525,56,DIRECTA
MINI6F,5M,2026-03-27 13:35:00,2026-03-27,13:35:00,42540,42590,42520,42590,45,DIRECTA
MINI6F,5M,2026-03-27 13:40:00,2026-03-27,13:40:00,42595,42620,42565,42590,63,DIRECTA
MINI6F,15M,2026-03-27 13:45:00,2026-03-27,13:45:00,42595,42635,42530,42570,240,DIRECTA
MINI6F,5M,2026-03-27 13:45:00,2026-03-27,13:45:00,42595,42610,42530,42535,96,DIRECTA
MINI6F,5M,2026-03-27 13:50:00,2026-03-27,13:50:00,42535,42635,42535,42610,94,DIRECTA
MINI6F,5M,2026-03-27 13:55:00,2026-03-27,13:55:00,42610,42615,42570,42570,50,DIRECTA
MINI6F,1H,2026-03-27 14:00:00,2026-03-27,14:00:00,42580,42650,42460,42495,784,DIRECTA
MINI6F,15M,2026-03-27 14:00:00,2026-03-27,14:00:00,42580,42580,42470,42480,186,DIRECTA
MINI6F,5M,2026-03-27 14:00:00,2026-03-27,14:00:00,42580,42580,42510,42555,81,DIRECTA
MINI6F,5M,2026-03-27 14:05:00,2026-03-27,14:05:00,42545,42545,42490,42495,59,DIRECTA
MINI6F,5M,2026-03-27 14:10:00,2026-03-27,14:10:00,42495,42510,42470,42480,46,DIRECTA
MINI6F,15M,2026-03-27 14:15:00,2026-03-27,14:15:00,42475,42610,42470,42570,114,DIRECTA
MINI6F,5M,2026-03-27 14:15:00,2026-03-27,14:15:00,42475,42525,42470,42520,21,DIRECTA
MINI6F,5M,2026-03-27 14:20:00,2026-03-27,14:20:00,42515,42580,42515,42580,60,DIRECTA
MINI6F,5M,2026-03-27 14:25:00,2026-03-27,14:25:00,42585,42610,42565,42570,33,DIRECTA
MINI6F,15M,2026-03-27 14:30:00,2026-03-27,14:30:00,42575,42610,42490,42600,200,DIRECTA
MINI6F,5M,2026-03-27 14:30:00,2026-03-27,14:30:00,42575,42610,42510,42525,81,DIRECTA
MINI6F,5M,2026-03-27 14:35:00,2026-03-27,14:35:00,42535,42555,42490,42555,60,DIRECTA
MINI6F,5M,2026-03-27 14:40:00,2026-03-27,14:40:00,42555,42610,42545,42600,59,DIRECTA
MINI6F,15M,2026-03-27 14:45:00,2026-03-27,14:45:00,42605,42650,42460,42495,284,DIRECTA
MINI6F,5M,2026-03-27 14:45:00,2026-03-27,14:45:00,42605,42650,42605,42615,127,DIRECTA
MINI6F,5M,2026-03-27 14:50:00,2026-03-27,14:50:00,42615,42620,42510,42510,59,DIRECTA
MINI6F,5M,2026-03-27 14:55:00,2026-03-27,14:55:00,42505,42505,42460,42495,98,DIRECTA
MINI6F,1H,2026-03-27 15:00:00,2026-03-27,15:00:00,42485,42650,42485,42575,725,DIRECTA
MINI6F,15M,2026-03-27 15:00:00,2026-03-27,15:00:00,42485,42590,42485,42570,155,DIRECTA
MINI6F,5M,2026-03-27 15:00:00,2026-03-27,15:00:00,42485,42555,42485,42515,75,DIRECTA
MINI6F,5M,2026-03-27 15:05:00,2026-03-27,15:05:00,42525,42590,42500,42510,45,DIRECTA
MINI6F,5M,2026-03-27 15:10:00,2026-03-27,15:10:00,42520,42570,42500,42570,35,DIRECTA
MINI6F,15M,2026-03-27 15:15:00,2026-03-27,15:15:00,42555,42650,42530,42565,203,DIRECTA
MINI6F,5M,2026-03-27 15:15:00,2026-03-27,15:15:00,42555,42650,42555,42620,68,DIRECTA
MINI6F,5M,2026-03-27 15:20:00,2026-03-27,15:20:00,42630,42645,42575,42575,95,DIRECTA
MINI6F,5M,2026-03-27 15:25:00,2026-03-27,15:25:00,42590,42600,42530,42565,40,DIRECTA
MINI6F,15M,2026-03-27 15:30:00,2026-03-27,15:30:00,42560,42650,42535,42545,198,DIRECTA
MINI6F,5M,2026-03-27 15:30:00,2026-03-27,15:30:00,42560,42645,42560,42645,60,DIRECTA
MINI6F,5M,2026-03-27 15:35:00,2026-03-27,15:35:00,42650,42650,42565,42590,81,DIRECTA
MINI6F,5M,2026-03-27 15:40:00,2026-03-27,15:40:00,42575,42590,42535,42545,57,DIRECTA
MINI6F,15M,2026-03-27 15:45:00,2026-03-27,15:45:00,42555,42620,42500,42575,169,DIRECTA
MINI6F,5M,2026-03-27 15:45:00,2026-03-27,15:45:00,42555,42590,42500,42585,92,DIRECTA
MINI6F,5M,2026-03-27 15:50:00,2026-03-27,15:50:00,42585,42620,42550,42550,59,DIRECTA
MINI6F,5M,2026-03-27 15:55:00,2026-03-27,15:55:00,42545,42585,42545,42575,18,DIRECTA
MINI6F,1H,2026-03-27 16:00:00,2026-03-27,16:00:00,42570,42820,42475,42665,1123,DIRECTA
MINI6F,15M,2026-03-27 16:00:00,2026-03-27,16:00:00,42570,42690,42550,42580,270,DIRECTA
MINI6F,5M,2026-03-27 16:00:00,2026-03-27,16:00:00,42570,42650,42550,42645,115,DIRECTA
MINI6F,5M,2026-03-27 16:05:00,2026-03-27,16:05:00,42640,42690,42600,42610,95,DIRECTA
MINI6F,5M,2026-03-27 16:10:00,2026-03-27,16:10:00,42615,42625,42555,42580,60,DIRECTA
MINI6F,15M,2026-03-27 16:15:00,2026-03-27,16:15:00,42575,42740,42475,42690,441,DIRECTA
MINI6F,5M,2026-03-27 16:15:00,2026-03-27,16:15:00,42575,42580,42475,42565,149,DIRECTA
MINI6F,5M,2026-03-27 16:20:00,2026-03-27,16:20:00,42570,42740,42550,42675,194,DIRECTA
MINI6F,5M,2026-03-27 16:25:00,2026-03-27,16:25:00,42685,42705,42660,42690,98,DIRECTA
MINI6F,15M,2026-03-27 16:30:00,2026-03-27,16:30:00,42695,42820,42695,42715,240,DIRECTA
MINI6F,5M,2026-03-27 16:30:00,2026-03-27,16:30:00,42695,42800,42695,42800,129,DIRECTA
MINI6F,5M,2026-03-27 16:35:00,2026-03-27,16:35:00,42800,42820,42730,42730,67,DIRECTA
MINI6F,5M,2026-03-27 16:40:00,2026-03-27,16:40:00,42740,42745,42705,42715,44,DIRECTA
MINI6F,15M,2026-03-27 16:45:00,2026-03-27,16:45:00,42720,42780,42660,42665,172,DIRECTA
MINI6F,5M,2026-03-27 16:45:00,2026-03-27,16:45:00,42720,42755,42720,42750,25,DIRECTA
MINI6F,5M,2026-03-27 16:50:00,2026-03-27,16:50:00,42745,42780,42695,42710,60,DIRECTA
MINI6F,5M,2026-03-27 16:55:00,2026-03-27,16:55:00,42705,42725,42660,42665,87,DIRECTA
MINI6F,1H,2026-03-27 17:00:00,2026-03-27,17:00:00,42670,42710,42555,42650,647,DIRECTA
MINI6F,15M,2026-03-27 17:00:00,2026-03-27,17:00:00,42670,42685,42555,42625,158,DIRECTA
MINI6F,5M,2026-03-27 17:00:00,2026-03-27,17:00:00,42670,42685,42645,42665,45,DIRECTA
MINI6F,5M,2026-03-27 17:05:00,2026-03-27,17:05:00,42655,42655,42570,42570,68,DIRECTA
MINI6F,5M,2026-03-27 17:10:00,2026-03-27,17:10:00,42570,42625,42555,42625,45,DIRECTA
MINI6F,15M,2026-03-27 17:15:00,2026-03-27,17:15:00,42635,42655,42585,42650,165,DIRECTA
MINI6F,5M,2026-03-27 17:15:00,2026-03-27,17:15:00,42635,42640,42600,42620,32,DIRECTA
MINI6F,5M,2026-03-27 17:20:00,2026-03-27,17:20:00,42630,42630,42585,42600,63,DIRECTA
MINI6F,5M,2026-03-27 17:25:00,2026-03-27,17:25:00,42595,42655,42595,42650,70,DIRECTA
MINI6F,15M,2026-03-27 17:30:00,2026-03-27,17:30:00,42660,42690,42590,42640,242,DIRECTA
MINI6F,5M,2026-03-27 17:30:00,2026-03-27,17:30:00,42660,42690,42625,42665,137,DIRECTA
MINI6F,5M,2026-03-27 17:35:00,2026-03-27,17:35:00,42665,42670,42590,42600,69,DIRECTA
MINI6F,5M,2026-03-27 17:40:00,2026-03-27,17:40:00,42600,42640,42590,42640,36,DIRECTA
MINI6F,15M,2026-03-27 17:45:00,2026-03-27,17:45:00,42630,42710,42625,42650,82,DIRECTA
MINI6F,5M,2026-03-27 17:45:00,2026-03-27,17:45:00,42630,42710,42625,42700,41,DIRECTA
MINI6F,5M,2026-03-27 17:50:00,2026-03-27,17:50:00,42695,42705,42665,42675,29,DIRECTA
MINI6F,5M,2026-03-27 17:55:00,2026-03-27,17:55:00,42670,42670,42650,42650,12,DIRECTA
MINI6F,1H,2026-03-27 18:00:00,2026-03-27,18:00:00,42640,42720,42485,42500,297,DIRECTA
MINI6F,15M,2026-03-27 18:00:00,2026-03-27,18:00:00,42640,42720,42610,42640,112,DIRECTA
MINI6F,5M,2026-03-27 18:00:00,2026-03-27,18:00:00,42640,42645,42615,42630,15,DIRECTA
MINI6F,5M,2026-03-27 18:05:00,2026-03-27,18:05:00,42635,42720,42610,42645,88,DIRECTA
MINI6F,5M,2026-03-27 18:10:00,2026-03-27,18:10:00,42640,42645,42635,42640,9,DIRECTA
MINI6F,15M,2026-03-27 18:15:00,2026-03-27,18:15:00,42630,42635,42520,42540,109,DIRECTA
MINI6F,5M,2026-03-27 18:15:00,2026-03-27,18:15:00,42630,42635,42605,42605,13,DIRECTA
MINI6F,5M,2026-03-27 18:20:00,2026-03-27,18:20:00,42600,42600,42575,42580,33,DIRECTA
MINI6F,5M,2026-03-27 18:25:00,2026-03-27,18:25:00,42575,42575,42520,42540,63,DIRECTA
MINI6F,15M,2026-03-27 18:30:00,2026-03-27,18:30:00,42545,42555,42500,42505,40,DIRECTA
MINI6F,5M,2026-03-27 18:30:00,2026-03-27,18:30:00,42545,42555,42545,42555,18,DIRECTA
MINI6F,5M,2026-03-27 18:35:00,2026-03-27,18:35:00,42545,42545,42545,42545,4,DIRECTA
MINI6F,5M,2026-03-27 18:40:00,2026-03-27,18:40:00,42540,42545,42500,42505,18,DIRECTA
MINI6F,15M,2026-03-27 18:45:00,2026-03-27,18:45:00,42525,42530,42485,42500,36,DIRECTA
MINI6F,5M,2026-03-27 18:45:00,2026-03-27,18:45:00,42525,42530,42520,42530,10,DIRECTA
MINI6F,5M,2026-03-27 18:50:00,2026-03-27,18:50:00,42530,42530,42505,42510,11,DIRECTA
MINI6F,5M,2026-03-27 18:55:00,2026-03-27,18:55:00,42515,42515,42485,42500,15,DIRECTA
MINI6F,1H,2026-03-27 19:00:00,2026-03-27,19:00:00,42500,42515,42415,42445,186,DIRECTA
MINI6F,15M,2026-03-27 19:00:00,2026-03-27,19:00:00,42500,42515,42430,42430,60,DIRECTA
MINI6F,5M,2026-03-27 19:00:00,2026-03-27,19:00:00,42500,42515,42475,42475,16,DIRECTA
MINI6F,5M,2026-03-27 19:05:00,2026-03-27,19:05:00,42485,42485,42465,42470,17,DIRECTA
MINI6F,5M,2026-03-27 19:10:00,2026-03-27,19:10:00,42470,42470,42430,42430,27,DIRECTA
MINI6F,15M,2026-03-27 19:15:00,2026-03-27,19:15:00,42445,42480,42415,42445,42,DIRECTA
MINI6F,5M,2026-03-27 19:15:00,2026-03-27,19:15:00,42445,42470,42415,42470,21,DIRECTA
MINI6F,5M,2026-03-27 19:20:00,2026-03-27,19:20:00,42470,42480,42445,42445,14,DIRECTA
MINI6F,5M,2026-03-27 19:25:00,2026-03-27,19:25:00,42455,42465,42445,42445,7,DIRECTA
MINI6F,15M,2026-03-27 19:30:00,2026-03-27,19:30:00,42445,42505,42430,42465,68,DIRECTA
MINI6F,5M,2026-03-27 19:30:00,2026-03-27,19:30:00,42445,42445,42440,42440,3,DIRECTA
MINI6F,5M,2026-03-27 19:35:00,2026-03-27,19:35:00,42435,42460,42435,42455,17,DIRECTA
MINI6F,5M,2026-03-27 19:40:00,2026-03-27,19:40:00,42465,42505,42430,42465,48,DIRECTA
MINI6F,15M,2026-03-27 19:45:00,2026-03-27,19:45:00,42465,42465,42435,42445,16,DIRECTA
MINI6F,5M,2026-03-27 19:45:00,2026-03-27,19:45:00,42465,42465,42450,42460,10,DIRECTA
MINI6F,5M,2026-03-27 19:50:00,2026-03-27,19:50:00,42440,42440,42435,42435,3,DIRECTA
MINI6F,5M,2026-03-27 19:55:00,2026-03-27,19:55:00,42435,42445,42435,42445,3,DIRECTA
MINI6F,1H,2026-03-27 20:00:00,2026-03-27,20:00:00,42450,42455,42325,42455,193,DIRECTA
MINI6F,15M,2026-03-27 20:00:00,2026-03-27,20:00:00,42450,42455,42405,42445,53,DIRECTA
MINI6F,5M,2026-03-27 20:00:00,2026-03-27,20:00:00,42450,42455,42420,42420,6,DIRECTA
MINI6F,5M,2026-03-27 20:05:00,2026-03-27,20:05:00,42425,42425,42405,42415,20,DIRECTA
MINI6F,5M,2026-03-27 20:10:00,2026-03-27,20:10:00,42410,42450,42405,42445,27,DIRECTA
MINI6F,15M,2026-03-27 20:15:00,2026-03-27,20:15:00,42440,42445,42405,42415,50,DIRECTA
MINI6F,5M,2026-03-27 20:15:00,2026-03-27,20:15:00,42440,42445,42435,42445,10,DIRECTA
MINI6F,5M,2026-03-27 20:20:00,2026-03-27,20:20:00,42440,42440,42420,42440,18,DIRECTA
MINI6F,5M,2026-03-27 20:25:00,2026-03-27,20:25:00,42425,42425,42405,42415,22,DIRECTA
MINI6F,15M,2026-03-27 20:30:00,2026-03-27,20:30:00,42425,42440,42330,42350,61,DIRECTA
MINI6F,5M,2026-03-27 20:30:00,2026-03-27,20:30:00,42425,42430,42415,42430,9,DIRECTA
MINI6F,5M,2026-03-27 20:35:00,2026-03-27,20:35:00,42440,42440,42380,42380,18,DIRECTA
MINI6F,5M,2026-03-27 20:40:00,2026-03-27,20:40:00,42375,42375,42330,42350,34,DIRECTA
MINI6F,15M,2026-03-27 20:45:00,2026-03-27,20:45:00,42340,42455,42325,42455,29,DIRECTA
MINI6F,5M,2026-03-27 20:45:00,2026-03-27,20:45:00,42340,42360,42325,42355,11,DIRECTA
MINI6F,5M,2026-03-27 20:50:00,2026-03-27,20:50:00,42360,42415,42350,42400,9,DIRECTA
MINI6F,5M,2026-03-27 20:55:00,2026-03-27,20:55:00,42410,42455,42410,42455,9,DIRECTA
MINI6F,1H,2026-03-27 21:00:00,2026-03-27,21:00:00,42420,42460,42255,42265,166,DIRECTA
MINI6F,15M,2026-03-27 21:00:00,2026-03-27,21:00:00,42420,42460,42400,42405,21,DIRECTA
MINI6F,5M,2026-03-27 21:00:00,2026-03-27,21:00:00,42420,42460,42405,42415,18,DIRECTA
MINI6F,5M,2026-03-27 21:05:00,2026-03-27,21:05:00,42415,42415,42415,42415,1,DIRECTA
MINI6F,5M,2026-03-27 21:10:00,2026-03-27,21:10:00,42400,42405,42400,42405,2,DIRECTA
MINI6F,15M,2026-03-27 21:15:00,2026-03-27,21:15:00,42410,42420,42345,42365,56,DIRECTA
MINI6F,5M,2026-03-27 21:15:00,2026-03-27,21:15:00,42410,42420,42385,42390,14,DIRECTA
MINI6F,5M,2026-03-27 21:20:00,2026-03-27,21:20:00,42375,42375,42345,42365,20,DIRECTA
MINI6F,5M,2026-03-27 21:25:00,2026-03-27,21:25:00,42380,42390,42360,42365,22,DIRECTA
MINI6F,15M,2026-03-27 21:30:00,2026-03-27,21:30:00,42380,42390,42345,42375,44,DIRECTA
MINI6F,5M,2026-03-27 21:30:00,2026-03-27,21:30:00,42380,42390,42345,42365,18,DIRECTA
MINI6F,5M,2026-03-27 21:35:00,2026-03-27,21:35:00,42350,42370,42345,42355,18,DIRECTA
MINI6F,5M,2026-03-27 21:40:00,2026-03-27,21:40:00,42360,42375,42360,42375,8,DIRECTA
MINI6F,15M,2026-03-27 21:45:00,2026-03-27,21:45:00,42380,42385,42255,42265,45,DIRECTA
MINI6F,5M,2026-03-27 21:45:00,2026-03-27,21:45:00,42380,42380,42365,42370,4,DIRECTA
MINI6F,5M,2026-03-27 21:50:00,2026-03-27,21:50:00,42375,42385,42370,42375,6,DIRECTA
MINI6F,5M,2026-03-27 21:55:00,2026-03-27,21:55:00,42375,42380,42255,42265,35,DIRECTA
MINI6F,W,2026-03-30 08:00:00,2026-03-30,08:00:00,42350,45215,42305,44881,41942,AGG_FROM_D
MINI6F,D,2026-03-30 08:00:00,2026-03-30,08:00:00,42350,43215,42305,43095,8437,DIRECTA
MINI6F,1H,2026-03-30 08:00:00,2026-03-30,08:00:00,42350,42625,42305,42570,365,DIRECTA
MINI6F,15M,2026-03-30 08:00:00,2026-03-30,08:00:00,42350,42475,42305,42445,109,DIRECTA
MINI6F,5M,2026-03-30 08:00:00,2026-03-30,08:00:00,42350,42455,42305,42435,70,DIRECTA
MINI6F,5M,2026-03-30 08:05:00,2026-03-30,08:05:00,42435,42475,42425,42455,22,DIRECTA
MINI6F,5M,2026-03-30 08:10:00,2026-03-30,08:10:00,42440,42450,42425,42445,17,DIRECTA
MINI6F,15M,2026-03-30 08:15:00,2026-03-30,08:15:00,42450,42505,42445,42495,66,DIRECTA
MINI6F,5M,2026-03-30 08:15:00,2026-03-30,08:15:00,42450,42505,42445,42490,38,DIRECTA
MINI6F,5M,2026-03-30 08:20:00,2026-03-30,08:20:00,42485,42490,42465,42465,8,DIRECTA
MINI6F,5M,2026-03-30 08:25:00,2026-03-30,08:25:00,42465,42500,42465,42495,20,DIRECTA
MINI6F,15M,2026-03-30 08:30:00,2026-03-30,08:30:00,42490,42535,42480,42530,54,DIRECTA
MINI6F,5M,2026-03-30 08:30:00,2026-03-30,08:30:00,42490,42505,42480,42490,12,DIRECTA
MINI6F,5M,2026-03-30 08:35:00,2026-03-30,08:35:00,42480,42510,42480,42490,18,DIRECTA
MINI6F,5M,2026-03-30 08:40:00,2026-03-30,08:40:00,42515,42535,42510,42530,24,DIRECTA
MINI6F,15M,2026-03-30 08:45:00,2026-03-30,08:45:00,42540,42625,42530,42570,136,DIRECTA
MINI6F,5M,2026-03-30 08:45:00,2026-03-30,08:45:00,42540,42585,42530,42585,60,DIRECTA
MINI6F,5M,2026-03-30 08:50:00,2026-03-30,08:50:00,42595,42625,42550,42550,39,DIRECTA
MINI6F,5M,2026-03-30 08:55:00,2026-03-30,08:55:00,42555,42580,42530,42570,37,DIRECTA
MINI6F,1H,2026-03-30 09:00:00,2026-03-30,09:00:00,42560,42705,42450,42700,1242,DIRECTA
MINI6F,15M,2026-03-30 09:00:00,2026-03-30,09:00:00,42560,42650,42450,42630,485,DIRECTA
MINI6F,5M,2026-03-30 09:00:00,2026-03-30,09:00:00,42560,42590,42450,42495,303,DIRECTA
MINI6F,5M,2026-03-30 09:05:00,2026-03-30,09:05:00,42505,42620,42485,42620,98,DIRECTA
MINI6F,5M,2026-03-30 09:10:00,2026-03-30,09:10:00,42620,42650,42590,42630,84,DIRECTA
MINI6F,15M,2026-03-30 09:15:00,2026-03-30,09:15:00,42625,42655,42535,42570,257,DIRECTA
MINI6F,5M,2026-03-30 09:15:00,2026-03-30,09:15:00,42625,42635,42570,42605,115,DIRECTA
MINI6F,5M,2026-03-30 09:20:00,2026-03-30,09:20:00,42600,42655,42585,42605,66,DIRECTA
MINI6F,5M,2026-03-30 09:25:00,2026-03-30,09:25:00,42605,42620,42535,42570,76,DIRECTA
MINI6F,15M,2026-03-30 09:30:00,2026-03-30,09:30:00,42580,42615,42525,42585,268,DIRECTA
MINI6F,5M,2026-03-30 09:30:00,2026-03-30,09:30:00,42580,42615,42525,42580,92,DIRECTA
MINI6F,5M,2026-03-30 09:35:00,2026-03-30,09:35:00,42590,42595,42540,42560,109,DIRECTA
MINI6F,5M,2026-03-30 09:40:00,2026-03-30,09:40:00,42545,42585,42525,42585,67,DIRECTA
MINI6F,15M,2026-03-30 09:45:00,2026-03-30,09:45:00,42580,42705,42540,42700,232,DIRECTA
MINI6F,5M,2026-03-30 09:45:00,2026-03-30,09:45:00,42580,42590,42540,42585,57,DIRECTA
MINI6F,5M,2026-03-30 09:50:00,2026-03-30,09:50:00,42590,42670,42585,42665,95,DIRECTA
MINI6F,5M,2026-03-30 09:55:00,2026-03-30,09:55:00,42660,42705,42660,42700,80,DIRECTA
MINI6F,1H,2026-03-30 10:00:00,2026-03-30,10:00:00,42685,42880,42640,42865,779,DIRECTA
MINI6F,15M,2026-03-30 10:00:00,2026-03-30,10:00:00,42685,42745,42640,42740,218,DIRECTA
MINI6F,5M,2026-03-30 10:00:00,2026-03-30,10:00:00,42685,42695,42650,42695,58,DIRECTA
MINI6F,5M,2026-03-30 10:05:00,2026-03-30,10:05:00,42690,42725,42640,42655,90,DIRECTA
MINI6F,5M,2026-03-30 10:10:00,2026-03-30,10:10:00,42655,42745,42655,42740,70,DIRECTA
MINI6F,15M,2026-03-30 10:15:00,2026-03-30,10:15:00,42730,42845,42725,42825,236,DIRECTA
MINI6F,5M,2026-03-30 10:15:00,2026-03-30,10:15:00,42730,42790,42725,42785,93,DIRECTA
MINI6F,5M,2026-03-30 10:20:00,2026-03-30,10:20:00,42780,42795,42745,42755,70,DIRECTA
MINI6F,5M,2026-03-30 10:25:00,2026-03-30,10:25:00,42765,42845,42750,42825,73,DIRECTA
MINI6F,15M,2026-03-30 10:30:00,2026-03-30,10:30:00,42810,42875,42805,42835,188,DIRECTA
MINI6F,5M,2026-03-30 10:30:00,2026-03-30,10:30:00,42810,42875,42805,42840,79,DIRECTA
MINI6F,5M,2026-03-30 10:35:00,2026-03-30,10:35:00,42830,42865,42815,42845,64,DIRECTA
MINI6F,5M,2026-03-30 10:40:00,2026-03-30,10:40:00,42845,42850,42815,42835,45,DIRECTA
MINI6F,15M,2026-03-30 10:45:00,2026-03-30,10:45:00,42830,42880,42810,42865,137,DIRECTA
MINI6F,5M,2026-03-30 10:45:00,2026-03-30,10:45:00,42830,42865,42810,42860,55,DIRECTA
MINI6F,5M,2026-03-30 10:50:00,2026-03-30,10:50:00,42855,42865,42845,42850,36,DIRECTA
MINI6F,5M,2026-03-30 10:55:00,2026-03-30,10:55:00,42855,42880,42840,42865,46,DIRECTA
MINI6F,1H,2026-03-30 11:00:00,2026-03-30,11:00:00,42875,42875,42620,42705,682,DIRECTA
MINI6F,15M,2026-03-30 11:00:00,2026-03-30,11:00:00,42875,42875,42775,42775,120,DIRECTA
MINI6F,5M,2026-03-30 11:00:00,2026-03-30,11:00:00,42875,42875,42830,42830,28,DIRECTA
MINI6F,5M,2026-03-30 11:05:00,2026-03-30,11:05:00,42830,42860,42800,42830,44,DIRECTA
MINI6F,5M,2026-03-30 11:10:00,2026-03-30,11:10:00,42820,42835,42775,42775,48,DIRECTA
MINI6F,15M,2026-03-30 11:15:00,2026-03-30,11:15:00,42770,42770,42695,42695,314,DIRECTA
MINI6F,5M,2026-03-30 11:15:00,2026-03-30,11:15:00,42770,42770,42695,42725,217,DIRECTA
MINI6F,5M,2026-03-30 11:20:00,2026-03-30,11:20:00,42720,42740,42695,42725,64,DIRECTA
MINI6F,5M,2026-03-30 11:25:00,2026-03-30,11:25:00,42725,42730,42695,42695,33,DIRECTA
MINI6F,15M,2026-03-30 11:30:00,2026-03-30,11:30:00,42695,42720,42635,42665,135,DIRECTA
MINI6F,5M,2026-03-30 11:30:00,2026-03-30,11:30:00,42695,42715,42655,42665,54,DIRECTA
MINI6F,5M,2026-03-30 11:35:00,2026-03-30,11:35:00,42665,42720,42635,42720,58,DIRECTA
MINI6F,5M,2026-03-30 11:40:00,2026-03-30,11:40:00,42715,42715,42665,42665,23,DIRECTA
MINI6F,15M,2026-03-30 11:45:00,2026-03-30,11:45:00,42670,42710,42620,42705,113,DIRECTA
MINI6F,5M,2026-03-30 11:45:00,2026-03-30,11:45:00,42670,42670,42635,42640,24,DIRECTA
MINI6F,5M,2026-03-30 11:50:00,2026-03-30,11:50:00,42630,42685,42620,42675,60,DIRECTA
MINI6F,5M,2026-03-30 11:55:00,2026-03-30,11:55:00,42670,42710,42660,42705,29,DIRECTA
MINI6F,1H,2026-03-30 12:00:00,2026-03-30,12:00:00,42710,42850,42670,42835,354,DIRECTA
MINI6F,15M,2026-03-30 12:00:00,2026-03-30,12:00:00,42710,42770,42670,42750,80,DIRECTA
MINI6F,5M,2026-03-30 12:00:00,2026-03-30,12:00:00,42710,42710,42670,42695,24,DIRECTA
MINI6F,5M,2026-03-30 12:05:00,2026-03-30,12:05:00,42685,42755,42685,42750,26,DIRECTA
MINI6F,5M,2026-03-30 12:10:00,2026-03-30,12:10:00,42745,42770,42725,42750,30,DIRECTA
MINI6F,15M,2026-03-30 12:15:00,2026-03-30,12:15:00,42760,42820,42755,42775,101,DIRECTA
MINI6F,5M,2026-03-30 12:15:00,2026-03-30,12:15:00,42760,42805,42755,42795,54,DIRECTA
MINI6F,5M,2026-03-30 12:20:00,2026-03-30,12:20:00,42790,42820,42790,42805,27,DIRECTA
MINI6F,5M,2026-03-30 12:25:00,2026-03-30,12:25:00,42815,42815,42775,42775,20,DIRECTA
MINI6F,15M,2026-03-30 12:30:00,2026-03-30,12:30:00,42775,42790,42750,42760,65,DIRECTA
MINI6F,5M,2026-03-30 12:30:00,2026-03-30,12:30:00,42775,42780,42750,42760,44,DIRECTA
MINI6F,5M,2026-03-30 12:35:00,2026-03-30,12:35:00,42770,42770,42750,42760,7,DIRECTA
MINI6F,5M,2026-03-30 12:40:00,2026-03-30,12:40:00,42760,42790,42755,42760,14,DIRECTA
MINI6F,15M,2026-03-30 12:45:00,2026-03-30,12:45:00,42770,42850,42770,42835,108,DIRECTA
MINI6F,5M,2026-03-30 12:45:00,2026-03-30,12:45:00,42770,42810,42770,42785,56,DIRECTA
MINI6F,5M,2026-03-30 12:50:00,2026-03-30,12:50:00,42785,42825,42785,42805,33,DIRECTA
MINI6F,5M,2026-03-30 12:55:00,2026-03-30,12:55:00,42820,42850,42820,42835,19,DIRECTA
MINI6F,1H,2026-03-30 13:00:00,2026-03-30,13:00:00,42855,43160,42845,42875,1528,DIRECTA
MINI6F,15M,2026-03-30 13:00:00,2026-03-30,13:00:00,42855,42925,42845,42880,162,DIRECTA
MINI6F,5M,2026-03-30 13:00:00,2026-03-30,13:00:00,42855,42900,42845,42885,95,DIRECTA
MINI6F,5M,2026-03-30 13:05:00,2026-03-30,13:05:00,42890,42925,42890,42920,40,DIRECTA
MINI6F,5M,2026-03-30 13:10:00,2026-03-30,13:10:00,42905,42915,42875,42880,27,DIRECTA
MINI6F,15M,2026-03-30 13:15:00,2026-03-30,13:15:00,42885,43160,42870,42985,1005,DIRECTA
MINI6F,5M,2026-03-30 13:15:00,2026-03-30,13:15:00,42885,42940,42870,42930,103,DIRECTA
MINI6F,5M,2026-03-30 13:20:00,2026-03-30,13:20:00,42925,42955,42900,42950,43,DIRECTA
MINI6F,5M,2026-03-30 13:25:00,2026-03-30,13:25:00,42945,43160,42905,42985,859,DIRECTA
MINI6F,15M,2026-03-30 13:30:00,2026-03-30,13:30:00,42985,43000,42885,42895,229,DIRECTA
MINI6F,5M,2026-03-30 13:30:00,2026-03-30,13:30:00,42985,43000,42890,42910,137,DIRECTA
MINI6F,5M,2026-03-30 13:35:00,2026-03-30,13:35:00,42925,42945,42905,42925,54,DIRECTA
MINI6F,5M,2026-03-30 13:40:00,2026-03-30,13:40:00,42920,42925,42885,42895,38,DIRECTA
MINI6F,15M,2026-03-30 13:45:00,2026-03-30,13:45:00,42895,42950,42850,42875,132,DIRECTA
MINI6F,5M,2026-03-30 13:45:00,2026-03-30,13:45:00,42895,42940,42895,42925,28,DIRECTA
MINI6F,5M,2026-03-30 13:50:00,2026-03-30,13:50:00,42930,42950,42870,42875,60,DIRECTA
MINI6F,5M,2026-03-30 13:55:00,2026-03-30,13:55:00,42890,42890,42850,42875,44,DIRECTA
MINI6F,1H,2026-03-30 14:00:00,2026-03-30,14:00:00,42890,43025,42845,42990,305,DIRECTA
MINI6F,15M,2026-03-30 14:00:00,2026-03-30,14:00:00,42890,42905,42845,42900,75,DIRECTA
MINI6F,5M,2026-03-30 14:00:00,2026-03-30,14:00:00,42890,42900,42845,42860,44,DIRECTA
MINI6F,5M,2026-03-30 14:05:00,2026-03-30,14:05:00,42855,42905,42855,42875,20,DIRECTA
MINI6F,5M,2026-03-30 14:10:00,2026-03-30,14:10:00,42875,42900,42865,42900,11,DIRECTA
MINI6F,15M,2026-03-30 14:15:00,2026-03-30,14:15:00,42890,42970,42885,42970,86,DIRECTA
MINI6F,5M,2026-03-30 14:15:00,2026-03-30,14:15:00,42890,42945,42885,42945,27,DIRECTA
MINI6F,5M,2026-03-30 14:20:00,2026-03-30,14:20:00,42945,42945,42915,42945,16,DIRECTA
MINI6F,5M,2026-03-30 14:25:00,2026-03-30,14:25:00,42945,42970,42940,42970,43,DIRECTA
MINI6F,15M,2026-03-30 14:30:00,2026-03-30,14:30:00,42970,43020,42955,43005,91,DIRECTA
MINI6F,5M,2026-03-30 14:30:00,2026-03-30,14:30:00,42970,43000,42955,42960,43,DIRECTA
MINI6F,5M,2026-03-30 14:35:00,2026-03-30,14:35:00,42955,42980,42955,42980,20,DIRECTA
MINI6F,5M,2026-03-30 14:40:00,2026-03-30,14:40:00,42975,43020,42970,43005,28,DIRECTA
MINI6F,15M,2026-03-30 14:45:00,2026-03-30,14:45:00,43010,43025,42975,42990,53,DIRECTA
MINI6F,5M,2026-03-30 14:45:00,2026-03-30,14:45:00,43010,43025,43005,43015,21,DIRECTA
MINI6F,5M,2026-03-30 14:50:00,2026-03-30,14:50:00,43015,43015,42975,42975,14,DIRECTA
MINI6F,5M,2026-03-30 14:55:00,2026-03-30,14:55:00,42980,42995,42975,42990,18,DIRECTA
MINI6F,1H,2026-03-30 15:00:00,2026-03-30,15:00:00,42995,43030,42845,42875,563,DIRECTA
MINI6F,15M,2026-03-30 15:00:00,2026-03-30,15:00:00,42995,43020,42925,42990,108,DIRECTA
MINI6F,5M,2026-03-30 15:00:00,2026-03-30,15:00:00,42995,43020,42985,42985,36,DIRECTA
MINI6F,5M,2026-03-30 15:05:00,2026-03-30,15:05:00,42990,42990,42925,42945,45,DIRECTA
MINI6F,5M,2026-03-30 15:10:00,2026-03-30,15:10:00,42950,42995,42950,42990,27,DIRECTA
MINI6F,15M,2026-03-30 15:15:00,2026-03-30,15:15:00,43000,43020,42970,42995,72,DIRECTA
MINI6F,5M,2026-03-30 15:15:00,2026-03-30,15:15:00,43000,43005,42970,42980,27,DIRECTA
MINI6F,5M,2026-03-30 15:20:00,2026-03-30,15:20:00,42975,43020,42975,43010,26,DIRECTA
MINI6F,5M,2026-03-30 15:25:00,2026-03-30,15:25:00,42995,43020,42995,42995,19,DIRECTA
MINI6F,15M,2026-03-30 15:30:00,2026-03-30,15:30:00,42990,43030,42935,42970,212,DIRECTA
MINI6F,5M,2026-03-30 15:30:00,2026-03-30,15:30:00,42990,43030,42965,42970,87,DIRECTA
MINI6F,5M,2026-03-30 15:35:00,2026-03-30,15:35:00,42975,42995,42950,42985,61,DIRECTA
MINI6F,5M,2026-03-30 15:40:00,2026-03-30,15:40:00,42970,42980,42935,42970,64,DIRECTA
MINI6F,15M,2026-03-30 15:45:00,2026-03-30,15:45:00,42970,42975,42845,42875,171,DIRECTA
MINI6F,5M,2026-03-30 15:45:00,2026-03-30,15:45:00,42970,42975,42905,42935,52,DIRECTA
MINI6F,5M,2026-03-30 15:50:00,2026-03-30,15:50:00,42930,42970,42900,42905,53,DIRECTA
MINI6F,5M,2026-03-30 15:55:00,2026-03-30,15:55:00,42910,42910,42845,42875,66,DIRECTA
MINI6F,1H,2026-03-30 16:00:00,2026-03-30,16:00:00,42885,43070,42875,43070,795,DIRECTA
MINI6F,15M,2026-03-30 16:00:00,2026-03-30,16:00:00,42885,42955,42875,42945,171,DIRECTA
MINI6F,5M,2026-03-30 16:00:00,2026-03-30,16:00:00,42885,42945,42885,42940,40,DIRECTA
MINI6F,5M,2026-03-30 16:05:00,2026-03-30,16:05:00,42935,42935,42875,42935,77,DIRECTA
MINI6F,5M,2026-03-30 16:10:00,2026-03-30,16:10:00,42945,42955,42920,42945,54,DIRECTA
MINI6F,15M,2026-03-30 16:15:00,2026-03-30,16:15:00,42930,42955,42885,42915,118,DIRECTA
MINI6F,5M,2026-03-30 16:15:00,2026-03-30,16:15:00,42930,42930,42885,42895,36,DIRECTA
MINI6F,5M,2026-03-30 16:20:00,2026-03-30,16:20:00,42915,42955,42915,42940,46,DIRECTA
MINI6F,5M,2026-03-30 16:25:00,2026-03-30,16:25:00,42945,42945,42890,42915,36,DIRECTA
MINI6F,15M,2026-03-30 16:30:00,2026-03-30,16:30:00,42910,43030,42900,42900,213,DIRECTA
MINI6F,5M,2026-03-30 16:30:00,2026-03-30,16:30:00,42910,42975,42910,42940,56,DIRECTA
MINI6F,5M,2026-03-30 16:35:00,2026-03-30,16:35:00,42965,43030,42920,43005,87,DIRECTA
MINI6F,5M,2026-03-30 16:40:00,2026-03-30,16:40:00,43020,43025,42900,42900,70,DIRECTA
MINI6F,15M,2026-03-30 16:45:00,2026-03-30,16:45:00,42890,43070,42875,43070,293,DIRECTA
MINI6F,5M,2026-03-30 16:45:00,2026-03-30,16:45:00,42890,42995,42875,42940,149,DIRECTA
MINI6F,5M,2026-03-30 16:50:00,2026-03-30,16:50:00,42950,43000,42930,42995,61,DIRECTA
MINI6F,5M,2026-03-30 16:55:00,2026-03-30,16:55:00,43000,43070,42995,43070,83,DIRECTA
MINI6F,1H,2026-03-30 17:00:00,2026-03-30,17:00:00,43075,43215,42945,43150,925,DIRECTA
MINI6F,15M,2026-03-30 17:00:00,2026-03-30,17:00:00,43075,43155,42960,42960,330,DIRECTA
MINI6F,5M,2026-03-30 17:00:00,2026-03-30,17:00:00,43075,43155,43075,43135,143,DIRECTA
MINI6F,5M,2026-03-30 17:05:00,2026-03-30,17:05:00,43145,43150,43005,43020,116,DIRECTA
MINI6F,5M,2026-03-30 17:10:00,2026-03-30,17:10:00,43025,43045,42960,42960,71,DIRECTA
MINI6F,15M,2026-03-30 17:15:00,2026-03-30,17:15:00,42970,43045,42945,43005,133,DIRECTA
MINI6F,5M,2026-03-30 17:15:00,2026-03-30,17:15:00,42970,42995,42945,42995,50,DIRECTA
MINI6F,5M,2026-03-30 17:20:00,2026-03-30,17:20:00,42995,43025,42985,43020,33,DIRECTA
MINI6F,5M,2026-03-30 17:25:00,2026-03-30,17:25:00,43025,43045,43000,43005,50,DIRECTA
MINI6F,15M,2026-03-30 17:30:00,2026-03-30,17:30:00,43015,43170,43000,43165,300,DIRECTA
MINI6F,5M,2026-03-30 17:30:00,2026-03-30,17:30:00,43015,43095,43000,43075,189,DIRECTA
MINI6F,5M,2026-03-30 17:35:00,2026-03-30,17:35:00,43080,43130,43080,43130,68,DIRECTA
MINI6F,5M,2026-03-30 17:40:00,2026-03-30,17:40:00,43130,43170,43115,43165,43,DIRECTA
MINI6F,15M,2026-03-30 17:45:00,2026-03-30,17:45:00,43160,43215,43135,43150,162,DIRECTA
MINI6F,5M,2026-03-30 17:45:00,2026-03-30,17:45:00,43160,43165,43140,43165,53,DIRECTA
MINI6F,5M,2026-03-30 17:50:00,2026-03-30,17:50:00,43170,43215,43170,43175,86,DIRECTA
MINI6F,5M,2026-03-30 17:55:00,2026-03-30,17:55:00,43170,43170,43135,43150,23,DIRECTA
MINI6F,1H,2026-03-30 18:00:00,2026-03-30,18:00:00,43140,43150,42970,42985,233,DIRECTA
MINI6F,15M,2026-03-30 18:00:00,2026-03-30,18:00:00,43140,43150,43045,43055,79,DIRECTA
MINI6F,5M,2026-03-30 18:00:00,2026-03-30,18:00:00,43140,43150,43080,43080,33,DIRECTA
MINI6F,5M,2026-03-30 18:05:00,2026-03-30,18:05:00,43085,43085,43045,43065,30,DIRECTA
MINI6F,5M,2026-03-30 18:10:00,2026-03-30,18:10:00,43070,43075,43055,43055,16,DIRECTA
MINI6F,15M,2026-03-30 18:15:00,2026-03-30,18:15:00,43050,43050,42985,42985,75,DIRECTA
MINI6F,5M,2026-03-30 18:15:00,2026-03-30,18:15:00,43050,43050,43015,43020,33,DIRECTA
MINI6F,5M,2026-03-30 18:20:00,2026-03-30,18:20:00,43035,43040,43005,43005,17,DIRECTA
MINI6F,5M,2026-03-30 18:25:00,2026-03-30,18:25:00,43005,43005,42985,42985,25,DIRECTA
MINI6F,15M,2026-03-30 18:30:00,2026-03-30,18:30:00,42980,43025,42970,42995,42,DIRECTA
MINI6F,5M,2026-03-30 18:30:00,2026-03-30,18:30:00,42980,43010,42970,43010,17,DIRECTA
MINI6F,5M,2026-03-30 18:35:00,2026-03-30,18:35:00,43010,43025,43010,43010,19,DIRECTA
MINI6F,5M,2026-03-30 18:40:00,2026-03-30,18:40:00,43000,43000,42990,42995,6,DIRECTA
MINI6F,15M,2026-03-30 18:45:00,2026-03-30,18:45:00,42990,42990,42970,42985,37,DIRECTA
MINI6F,5M,2026-03-30 18:45:00,2026-03-30,18:45:00,42990,42990,42975,42975,21,DIRECTA
MINI6F,5M,2026-03-30 18:50:00,2026-03-30,18:50:00,42990,42990,42975,42975,10,DIRECTA
MINI6F,5M,2026-03-30 18:55:00,2026-03-30,18:55:00,42970,42985,42970,42985,6,DIRECTA
MINI6F,1H,2026-03-30 19:00:00,2026-03-30,19:00:00,42985,43005,42815,42870,260,DIRECTA
MINI6F,15M,2026-03-30 19:00:00,2026-03-30,19:00:00,42985,43005,42935,42940,52,DIRECTA
MINI6F,5M,2026-03-30 19:00:00,2026-03-30,19:00:00,42985,43005,42970,42970,22,DIRECTA
MINI6F,5M,2026-03-30 19:05:00,2026-03-30,19:05:00,42970,42990,42970,42990,5,DIRECTA
MINI6F,5M,2026-03-30 19:10:00,2026-03-30,19:10:00,42975,42975,42935,42940,25,DIRECTA
MINI6F,15M,2026-03-30 19:15:00,2026-03-30,19:15:00,42940,42940,42860,42860,80,DIRECTA
MINI6F,5M,2026-03-30 19:15:00,2026-03-30,19:15:00,42940,42940,42895,42920,31,DIRECTA
MINI6F,5M,2026-03-30 19:20:00,2026-03-30,19:20:00,42915,42915,42865,42875,25,DIRECTA
MINI6F,5M,2026-03-30 19:25:00,2026-03-30,19:25:00,42875,42880,42860,42860,24,DIRECTA
MINI6F,15M,2026-03-30 19:30:00,2026-03-30,19:30:00,42860,42910,42815,42910,79,DIRECTA
MINI6F,5M,2026-03-30 19:30:00,2026-03-30,19:30:00,42860,42865,42830,42835,24,DIRECTA
MINI6F,5M,2026-03-30 19:35:00,2026-03-30,19:35:00,42840,42880,42815,42870,41,DIRECTA
MINI6F,5M,2026-03-30 19:40:00,2026-03-30,19:40:00,42875,42910,42865,42910,14,DIRECTA
MINI6F,15M,2026-03-30 19:45:00,2026-03-30,19:45:00,42910,42930,42860,42870,49,DIRECTA
MINI6F,5M,2026-03-30 19:45:00,2026-03-30,19:45:00,42910,42930,42885,42890,19,DIRECTA
MINI6F,5M,2026-03-30 19:50:00,2026-03-30,19:50:00,42880,42885,42875,42885,8,DIRECTA
MINI6F,5M,2026-03-30 19:55:00,2026-03-30,19:55:00,42875,42880,42860,42870,22,DIRECTA
MINI6F,1H,2026-03-30 20:00:00,2026-03-30,20:00:00,42880,42915,42790,42800,89,DIRECTA
MINI6F,15M,2026-03-30 20:00:00,2026-03-30,20:00:00,42880,42890,42855,42870,17,DIRECTA
MINI6F,5M,2026-03-30 20:00:00,2026-03-30,20:00:00,42880,42890,42880,42880,3,DIRECTA
MINI6F,5M,2026-03-30 20:05:00,2026-03-30,20:05:00,42880,42880,42855,42855,8,DIRECTA
MINI6F,5M,2026-03-30 20:10:00,2026-03-30,20:10:00,42865,42870,42865,42870,6,DIRECTA
MINI6F,15M,2026-03-30 20:15:00,2026-03-30,20:15:00,42890,42915,42850,42850,20,DIRECTA
MINI6F,5M,2026-03-30 20:15:00,2026-03-30,20:15:00,42890,42900,42890,42900,4,DIRECTA
MINI6F,5M,2026-03-30 20:20:00,2026-03-30,20:20:00,42915,42915,42905,42905,2,DIRECTA
MINI6F,5M,2026-03-30 20:25:00,2026-03-30,20:25:00,42865,42865,42850,42850,14,DIRECTA
MINI6F,15M,2026-03-30 20:30:00,2026-03-30,20:30:00,42855,42865,42825,42825,14,DIRECTA
MINI6F,5M,2026-03-30 20:30:00,2026-03-30,20:30:00,42855,42865,42855,42860,3,DIRECTA
MINI6F,5M,2026-03-30 20:35:00,2026-03-30,20:35:00,42850,42850,42850,42850,3,DIRECTA
MINI6F,5M,2026-03-30 20:40:00,2026-03-30,20:40:00,42855,42855,42825,42825,8,DIRECTA
MINI6F,15M,2026-03-30 20:45:00,2026-03-30,20:45:00,42850,42855,42790,42800,38,DIRECTA
MINI6F,5M,2026-03-30 20:45:00,2026-03-30,20:45:00,42850,42855,42835,42845,8,DIRECTA
MINI6F,5M,2026-03-30 20:50:00,2026-03-30,20:50:00,42840,42840,42810,42820,12,DIRECTA
MINI6F,5M,2026-03-30 20:55:00,2026-03-30,20:55:00,42820,42820,42790,42800,18,DIRECTA
MINI6F,1H,2026-03-30 21:00:00,2026-03-30,21:00:00,42800,42830,42650,42830,317,DIRECTA
MINI6F,15M,2026-03-30 21:00:00,2026-03-30,21:00:00,42800,42800,42650,42655,68,DIRECTA
MINI6F,5M,2026-03-30 21:00:00,2026-03-30,21:00:00,42800,42800,42780,42780,8,DIRECTA
MINI6F,5M,2026-03-30 21:05:00,2026-03-30,21:05:00,42770,42770,42710,42715,29,DIRECTA
MINI6F,5M,2026-03-30 21:10:00,2026-03-30,21:10:00,42705,42705,42650,42655,31,DIRECTA
MINI6F,15M,2026-03-30 21:15:00,2026-03-30,21:15:00,42665,42695,42650,42695,42,DIRECTA
MINI6F,5M,2026-03-30 21:15:00,2026-03-30,21:15:00,42665,42670,42660,42665,11,DIRECTA
MINI6F,5M,2026-03-30 21:20:00,2026-03-30,21:20:00,42655,42695,42650,42685,21,DIRECTA
MINI6F,5M,2026-03-30 21:25:00,2026-03-30,21:25:00,42680,42695,42675,42695,10,DIRECTA
MINI6F,15M,2026-03-30 21:30:00,2026-03-30,21:30:00,42700,42785,42700,42750,140,DIRECTA
MINI6F,5M,2026-03-30 21:30:00,2026-03-30,21:30:00,42700,42755,42700,42710,72,DIRECTA
MINI6F,5M,2026-03-30 21:35:00,2026-03-30,21:35:00,42725,42785,42715,42745,35,DIRECTA
MINI6F,5M,2026-03-30 21:40:00,2026-03-30,21:40:00,42755,42775,42750,42750,33,DIRECTA
MINI6F,15M,2026-03-30 21:45:00,2026-03-30,21:45:00,42750,42830,42735,42830,67,DIRECTA
MINI6F,5M,2026-03-30 21:45:00,2026-03-30,21:45:00,42750,42755,42745,42745,6,DIRECTA
MINI6F,5M,2026-03-30 21:50:00,2026-03-30,21:50:00,42740,42780,42735,42780,34,DIRECTA
MINI6F,5M,2026-03-30 21:55:00,2026-03-30,21:55:00,42800,42830,42800,42830,27,DIRECTA
MINI6F,D,2026-03-31 08:00:00,2026-03-31,08:00:00,43165,44635,42905,43576,13273,DIRECTA
MINI6F,1H,2026-03-31 08:00:00,2026-03-31,08:00:00,43165,43175,42970,43055,455,DIRECTA
MINI6F,15M,2026-03-31 08:00:00,2026-03-31,08:00:00,43165,43175,43020,43050,162,DIRECTA
MINI6F,5M,2026-03-31 08:00:00,2026-03-31,08:00:00,43165,43175,43100,43100,110,DIRECTA
MINI6F,5M,2026-03-31 08:05:00,2026-03-31,08:05:00,43095,43095,43025,43025,42,DIRECTA
MINI6F,5M,2026-03-31 08:10:00,2026-03-31,08:10:00,43020,43050,43020,43050,10,DIRECTA
MINI6F,15M,2026-03-31 08:15:00,2026-03-31,08:15:00,43070,43145,43060,43115,87,DIRECTA
MINI6F,5M,2026-03-31 08:15:00,2026-03-31,08:15:00,43070,43085,43060,43080,17,DIRECTA
MINI6F,5M,2026-03-31 08:20:00,2026-03-31,08:20:00,43090,43120,43075,43105,26,DIRECTA
MINI6F,5M,2026-03-31 08:25:00,2026-03-31,08:25:00,43115,43145,43100,43115,44,DIRECTA
MINI6F,15M,2026-03-31 08:30:00,2026-03-31,08:30:00,43085,43115,43015,43020,80,DIRECTA
MINI6F,5M,2026-03-31 08:30:00,2026-03-31,08:30:00,43085,43115,43020,43050,43,DIRECTA
MINI6F,5M,2026-03-31 08:35:00,2026-03-31,08:35:00,43040,43060,43020,43040,14,DIRECTA
MINI6F,5M,2026-03-31 08:40:00,2026-03-31,08:40:00,43040,43045,43015,43020,23,DIRECTA
MINI6F,15M,2026-03-31 08:45:00,2026-03-31,08:45:00,43035,43055,42970,43055,126,DIRECTA
MINI6F,5M,2026-03-31 08:45:00,2026-03-31,08:45:00,43035,43035,42970,42990,45,DIRECTA
MINI6F,5M,2026-03-31 08:50:00,2026-03-31,08:50:00,43005,43015,42995,43005,21,DIRECTA
MINI6F,5M,2026-03-31 08:55:00,2026-03-31,08:55:00,43015,43055,43015,43055,60,DIRECTA
MINI6F,1H,2026-03-31 09:00:00,2026-03-31,09:00:00,43045,43385,42905,43375,1729,DIRECTA
MINI6F,15M,2026-03-31 09:00:00,2026-03-31,09:00:00,43045,43165,42910,42925,696,DIRECTA
MINI6F,5M,2026-03-31 09:00:00,2026-03-31,09:00:00,43045,43120,42985,43105,382,DIRECTA
MINI6F,5M,2026-03-31 09:05:00,2026-03-31,09:05:00,43110,43165,43065,43075,131,DIRECTA
MINI6F,5M,2026-03-31 09:10:00,2026-03-31,09:10:00,43090,43105,42910,42925,183,DIRECTA
MINI6F,15M,2026-03-31 09:15:00,2026-03-31,09:15:00,42935,43020,42905,43020,298,DIRECTA
MINI6F,5M,2026-03-31 09:15:00,2026-03-31,09:15:00,42935,42995,42925,42940,109,DIRECTA
MINI6F,5M,2026-03-31 09:20:00,2026-03-31,09:20:00,42940,42995,42915,42930,84,DIRECTA
MINI6F,5M,2026-03-31 09:25:00,2026-03-31,09:25:00,42930,43020,42905,43020,105,DIRECTA
MINI6F,15M,2026-03-31 09:30:00,2026-03-31,09:30:00,43015,43230,43015,43230,337,DIRECTA
MINI6F,5M,2026-03-31 09:30:00,2026-03-31,09:30:00,43015,43135,43015,43135,111,DIRECTA
MINI6F,5M,2026-03-31 09:35:00,2026-03-31,09:35:00,43135,43200,43135,43195,135,DIRECTA
MINI6F,5M,2026-03-31 09:40:00,2026-03-31,09:40:00,43175,43230,43175,43230,91,DIRECTA
MINI6F,15M,2026-03-31 09:45:00,2026-03-31,09:45:00,43235,43385,43220,43375,398,DIRECTA
MINI6F,5M,2026-03-31 09:45:00,2026-03-31,09:45:00,43235,43300,43220,43265,182,DIRECTA
MINI6F,5M,2026-03-31 09:50:00,2026-03-31,09:50:00,43260,43315,43250,43310,63,DIRECTA
MINI6F,5M,2026-03-31 09:55:00,2026-03-31,09:55:00,43320,43385,43305,43375,153,DIRECTA
MINI6F,1H,2026-03-31 10:00:00,2026-03-31,10:00:00,43375,43475,43250,43285,1101,DIRECTA
MINI6F,15M,2026-03-31 10:00:00,2026-03-31,10:00:00,43375,43475,43340,43340,398,DIRECTA
MINI6F,5M,2026-03-31 10:00:00,2026-03-31,10:00:00,43375,43465,43345,43450,186,DIRECTA
MINI6F,5M,2026-03-31 10:05:00,2026-03-31,10:05:00,43450,43475,43410,43430,96,DIRECTA
MINI6F,5M,2026-03-31 10:10:00,2026-03-31,10:10:00,43430,43435,43340,43340,116,DIRECTA
MINI6F,15M,2026-03-31 10:15:00,2026-03-31,10:15:00,43340,43435,43320,43350,213,DIRECTA
MINI6F,5M,2026-03-31 10:15:00,2026-03-31,10:15:00,43340,43425,43340,43420,79,DIRECTA
MINI6F,5M,2026-03-31 10:20:00,2026-03-31,10:20:00,43425,43435,43345,43380,79,DIRECTA
MINI6F,5M,2026-03-31 10:25:00,2026-03-31,10:25:00,43375,43375,43320,43350,55,DIRECTA
MINI6F,15M,2026-03-31 10:30:00,2026-03-31,10:30:00,43335,43365,43275,43280,158,DIRECTA
MINI6F,5M,2026-03-31 10:30:00,2026-03-31,10:30:00,43335,43355,43315,43320,39,DIRECTA
MINI6F,5M,2026-03-31 10:35:00,2026-03-31,10:35:00,43330,43365,43300,43300,61,DIRECTA
MINI6F,5M,2026-03-31 10:40:00,2026-03-31,10:40:00,43300,43315,43275,43280,58,DIRECTA
MINI6F,15M,2026-03-31 10:45:00,2026-03-31,10:45:00,43290,43345,43250,43285,332,DIRECTA
MINI6F,5M,2026-03-31 10:45:00,2026-03-31,10:45:00,43290,43330,43255,43315,76,DIRECTA
MINI6F,5M,2026-03-31 10:50:00,2026-03-31,10:50:00,43320,43345,43250,43325,211,DIRECTA
MINI6F,5M,2026-03-31 10:55:00,2026-03-31,10:55:00,43320,43330,43285,43285,45,DIRECTA
MINI6F,1H,2026-03-31 11:00:00,2026-03-31,11:00:00,43290,43425,43275,43370,602,DIRECTA
MINI6F,15M,2026-03-31 11:00:00,2026-03-31,11:00:00,43290,43410,43290,43325,200,DIRECTA
MINI6F,5M,2026-03-31 11:00:00,2026-03-31,11:00:00,43290,43390,43290,43390,99,DIRECTA
MINI6F,5M,2026-03-31 11:05:00,2026-03-31,11:05:00,43390,43410,43345,43345,57,DIRECTA
MINI6F,5M,2026-03-31 11:10:00,2026-03-31,11:10:00,43350,43360,43325,43325,44,DIRECTA
MINI6F,15M,2026-03-31 11:15:00,2026-03-31,11:15:00,43350,43390,43300,43320,140,DIRECTA
MINI6F,5M,2026-03-31 11:15:00,2026-03-31,11:15:00,43350,43365,43300,43335,39,DIRECTA
MINI6F,5M,2026-03-31 11:20:00,2026-03-31,11:20:00,43345,43390,43340,43370,57,DIRECTA
MINI6F,5M,2026-03-31 11:25:00,2026-03-31,11:25:00,43365,43365,43310,43320,44,DIRECTA
MINI6F,15M,2026-03-31 11:30:00,2026-03-31,11:30:00,43320,43370,43275,43365,117,DIRECTA
MINI6F,5M,2026-03-31 11:30:00,2026-03-31,11:30:00,43320,43320,43275,43315,52,DIRECTA
MINI6F,5M,2026-03-31 11:35:00,2026-03-31,11:35:00,43305,43370,43305,43325,38,DIRECTA
MINI6F,5M,2026-03-31 11:40:00,2026-03-31,11:40:00,43330,43365,43330,43365,27,DIRECTA
MINI6F,15M,2026-03-31 11:45:00,2026-03-31,11:45:00,43360,43425,43315,43370,145,DIRECTA
MINI6F,5M,2026-03-31 11:45:00,2026-03-31,11:45:00,43360,43390,43335,43390,51,DIRECTA
MINI6F,5M,2026-03-31 11:50:00,2026-03-31,11:50:00,43390,43425,43350,43355,45,DIRECTA
MINI6F,5M,2026-03-31 11:55:00,2026-03-31,11:55:00,43330,43370,43315,43370,49,DIRECTA
MINI6F,1H,2026-03-31 12:00:00,2026-03-31,12:00:00,43370,43440,43160,43330,710,DIRECTA
MINI6F,15M,2026-03-31 12:00:00,2026-03-31,12:00:00,43370,43440,43365,43405,162,DIRECTA
MINI6F,5M,2026-03-31 12:00:00,2026-03-31,12:00:00,43370,43420,43365,43420,62,DIRECTA
MINI6F,5M,2026-03-31 12:05:00,2026-03-31,12:05:00,43420,43440,43405,43410,46,DIRECTA
MINI6F,5M,2026-03-31 12:10:00,2026-03-31,12:10:00,43405,43415,43390,43405,54,DIRECTA
MINI6F,15M,2026-03-31 12:15:00,2026-03-31,12:15:00,43400,43420,43380,43405,130,DIRECTA
MINI6F,5M,2026-03-31 12:15:00,2026-03-31,12:15:00,43400,43415,43380,43410,64,DIRECTA
MINI6F,5M,2026-03-31 12:20:00,2026-03-31,12:20:00,43410,43420,43385,43410,43,DIRECTA
MINI6F,5M,2026-03-31 12:25:00,2026-03-31,12:25:00,43395,43420,43390,43405,23,DIRECTA
MINI6F,15M,2026-03-31 12:30:00,2026-03-31,12:30:00,43385,43395,43160,43180,278,DIRECTA
MINI6F,5M,2026-03-31 12:30:00,2026-03-31,12:30:00,43385,43395,43300,43310,58,DIRECTA
MINI6F,5M,2026-03-31 12:35:00,2026-03-31,12:35:00,43315,43315,43200,43205,127,DIRECTA
MINI6F,5M,2026-03-31 12:40:00,2026-03-31,12:40:00,43200,43220,43160,43180,93,DIRECTA
MINI6F,15M,2026-03-31 12:45:00,2026-03-31,12:45:00,43180,43330,43160,43330,140,DIRECTA
MINI6F,5M,2026-03-31 12:45:00,2026-03-31,12:45:00,43180,43220,43160,43190,35,DIRECTA
MINI6F,5M,2026-03-31 12:50:00,2026-03-31,12:50:00,43190,43280,43185,43280,64,DIRECTA
MINI6F,5M,2026-03-31 12:55:00,2026-03-31,12:55:00,43275,43330,43275,43330,41,DIRECTA
MINI6F,1H,2026-03-31 13:00:00,2026-03-31,13:00:00,43330,43600,43265,43525,1808,DIRECTA
MINI6F,15M,2026-03-31 13:00:00,2026-03-31,13:00:00,43330,43600,43265,43405,799,DIRECTA
MINI6F,5M,2026-03-31 13:00:00,2026-03-31,13:00:00,43330,43360,43265,43360,62,DIRECTA
MINI6F,5M,2026-03-31 13:05:00,2026-03-31,13:05:00,43325,43325,43280,43305,23,DIRECTA
MINI6F,5M,2026-03-31 13:10:00,2026-03-31,13:10:00,43305,43600,43290,43405,714,DIRECTA
MINI6F,15M,2026-03-31 13:15:00,2026-03-31,13:15:00,43410,43550,43390,43460,509,DIRECTA
MINI6F,5M,2026-03-31 13:15:00,2026-03-31,13:15:00,43410,43535,43390,43515,281,DIRECTA
MINI6F,5M,2026-03-31 13:20:00,2026-03-31,13:20:00,43515,43535,43455,43500,160,DIRECTA
MINI6F,5M,2026-03-31 13:25:00,2026-03-31,13:25:00,43500,43550,43450,43460,68,DIRECTA
MINI6F,15M,2026-03-31 13:30:00,2026-03-31,13:30:00,43470,43535,43425,43520,216,DIRECTA
MINI6F,5M,2026-03-31 13:30:00,2026-03-31,13:30:00,43470,43505,43425,43490,65,DIRECTA
MINI6F,5M,2026-03-31 13:35:00,2026-03-31,13:35:00,43480,43535,43445,43535,99,DIRECTA
MINI6F,5M,2026-03-31 13:40:00,2026-03-31,13:40:00,43525,43535,43475,43520,52,DIRECTA
MINI6F,15M,2026-03-31 13:45:00,2026-03-31,13:45:00,43525,43525,43425,43525,284,DIRECTA
MINI6F,5M,2026-03-31 13:45:00,2026-03-31,13:45:00,43525,43525,43425,43470,141,DIRECTA
MINI6F,5M,2026-03-31 13:50:00,2026-03-31,13:50:00,43465,43480,43430,43455,108,DIRECTA
MINI6F,5M,2026-03-31 13:55:00,2026-03-31,13:55:00,43450,43525,43450,43525,35,DIRECTA
MINI6F,1H,2026-03-31 14:00:00,2026-03-31,14:00:00,43530,43670,43370,43575,1396,DIRECTA
MINI6F,15M,2026-03-31 14:00:00,2026-03-31,14:00:00,43530,43615,43405,43405,530,DIRECTA
MINI6F,5M,2026-03-31 14:00:00,2026-03-31,14:00:00,43530,43560,43510,43530,103,DIRECTA
MINI6F,5M,2026-03-31 14:05:00,2026-03-31,14:05:00,43530,43615,43505,43600,93,DIRECTA
MINI6F,5M,2026-03-31 14:10:00,2026-03-31,14:10:00,43585,43585,43405,43405,334,DIRECTA
MINI6F,15M,2026-03-31 14:15:00,2026-03-31,14:15:00,43400,43590,43370,43585,450,DIRECTA
MINI6F,5M,2026-03-31 14:15:00,2026-03-31,14:15:00,43400,43530,43370,43500,192,DIRECTA
MINI6F,5M,2026-03-31 14:20:00,2026-03-31,14:20:00,43495,43515,43455,43480,110,DIRECTA
MINI6F,5M,2026-03-31 14:25:00,2026-03-31,14:25:00,43485,43590,43485,43585,148,DIRECTA
MINI6F,15M,2026-03-31 14:30:00,2026-03-31,14:30:00,43585,43635,43555,43620,245,DIRECTA
MINI6F,5M,2026-03-31 14:30:00,2026-03-31,14:30:00,43585,43600,43560,43600,97,DIRECTA
MINI6F,5M,2026-03-31 14:35:00,2026-03-31,14:35:00,43605,43620,43555,43570,112,DIRECTA
MINI6F,5M,2026-03-31 14:40:00,2026-03-31,14:40:00,43570,43635,43560,43620,36,DIRECTA
MINI6F,15M,2026-03-31 14:45:00,2026-03-31,14:45:00,43625,43670,43555,43575,171,DIRECTA
MINI6F,5M,2026-03-31 14:45:00,2026-03-31,14:45:00,43625,43640,43595,43630,40,DIRECTA
MINI6F,5M,2026-03-31 14:50:00,2026-03-31,14:50:00,43625,43670,43620,43640,66,DIRECTA
MINI6F,5M,2026-03-31 14:55:00,2026-03-31,14:55:00,43630,43640,43555,43575,65,DIRECTA
MINI6F,1H,2026-03-31 15:00:00,2026-03-31,15:00:00,43580,43705,43425,43705,1114,DIRECTA
MINI6F,15M,2026-03-31 15:00:00,2026-03-31,15:00:00,43580,43610,43460,43490,221,DIRECTA
MINI6F,5M,2026-03-31 15:00:00,2026-03-31,15:00:00,43580,43610,43510,43510,85,DIRECTA
MINI6F,5M,2026-03-31 15:05:00,2026-03-31,15:05:00,43515,43560,43495,43560,63,DIRECTA
MINI6F,5M,2026-03-31 15:10:00,2026-03-31,15:10:00,43560,43565,43460,43490,73,DIRECTA
MINI6F,15M,2026-03-31 15:15:00,2026-03-31,15:15:00,43495,43595,43485,43550,154,DIRECTA
MINI6F,5M,2026-03-31 15:15:00,2026-03-31,15:15:00,43495,43555,43485,43555,27,DIRECTA
MINI6F,5M,2026-03-31 15:20:00,2026-03-31,15:20:00,43560,43595,43560,43560,69,DIRECTA
MINI6F,5M,2026-03-31 15:25:00,2026-03-31,15:25:00,43550,43550,43520,43550,58,DIRECTA
MINI6F,15M,2026-03-31 15:30:00,2026-03-31,15:30:00,43540,43560,43425,43490,348,DIRECTA
MINI6F,5M,2026-03-31 15:30:00,2026-03-31,15:30:00,43540,43560,43425,43515,171,DIRECTA
MINI6F,5M,2026-03-31 15:35:00,2026-03-31,15:35:00,43525,43530,43465,43505,80,DIRECTA
MINI6F,5M,2026-03-31 15:40:00,2026-03-31,15:40:00,43520,43555,43485,43490,97,DIRECTA
MINI6F,15M,2026-03-31 15:45:00,2026-03-31,15:45:00,43505,43705,43505,43705,391,DIRECTA
MINI6F,5M,2026-03-31 15:45:00,2026-03-31,15:45:00,43505,43630,43505,43630,155,DIRECTA
MINI6F,5M,2026-03-31 15:50:00,2026-03-31,15:50:00,43620,43705,43600,43705,166,DIRECTA
MINI6F,5M,2026-03-31 15:55:00,2026-03-31,15:55:00,43695,43705,43630,43705,70,DIRECTA
MINI6F,1H,2026-03-31 16:00:00,2026-03-31,16:00:00,43690,43705,43485,43505,680,DIRECTA
MINI6F,15M,2026-03-31 16:00:00,2026-03-31,16:00:00,43690,43705,43600,43650,176,DIRECTA
MINI6F,5M,2026-03-31 16:00:00,2026-03-31,16:00:00,43690,43705,43665,43690,58,DIRECTA
MINI6F,5M,2026-03-31 16:05:00,2026-03-31,16:05:00,43675,43675,43600,43610,63,DIRECTA
MINI6F,5M,2026-03-31 16:10:00,2026-03-31,16:10:00,43605,43665,43600,43650,55,DIRECTA
MINI6F,15M,2026-03-31 16:15:00,2026-03-31,16:15:00,43645,43670,43580,43650,143,DIRECTA
MINI6F,5M,2026-03-31 16:15:00,2026-03-31,16:15:00,43645,43670,43615,43635,44,DIRECTA
MINI6F,5M,2026-03-31 16:20:00,2026-03-31,16:20:00,43625,43640,43580,43630,64,DIRECTA
MINI6F,5M,2026-03-31 16:25:00,2026-03-31,16:25:00,43620,43650,43600,43650,35,DIRECTA
MINI6F,15M,2026-03-31 16:30:00,2026-03-31,16:30:00,43660,43685,43530,43550,172,DIRECTA
MINI6F,5M,2026-03-31 16:30:00,2026-03-31,16:30:00,43660,43685,43635,43685,45,DIRECTA
MINI6F,5M,2026-03-31 16:35:00,2026-03-31,16:35:00,43680,43680,43580,43595,68,DIRECTA
MINI6F,5M,2026-03-31 16:40:00,2026-03-31,16:40:00,43620,43625,43530,43550,59,DIRECTA
MINI6F,15M,2026-03-31 16:45:00,2026-03-31,16:45:00,43550,43595,43485,43505,189,DIRECTA
MINI6F,5M,2026-03-31 16:45:00,2026-03-31,16:45:00,43550,43595,43500,43515,49,DIRECTA
MINI6F,5M,2026-03-31 16:50:00,2026-03-31,16:50:00,43510,43550,43510,43540,55,DIRECTA
MINI6F,5M,2026-03-31 16:55:00,2026-03-31,16:55:00,43520,43525,43485,43505,85,DIRECTA
MINI6F,1H,2026-03-31 17:00:00,2026-03-31,17:00:00,43525,43700,43430,43475,1141,DIRECTA
MINI6F,15M,2026-03-31 17:00:00,2026-03-31,17:00:00,43525,43685,43525,43685,260,DIRECTA
MINI6F,5M,2026-03-31 17:00:00,2026-03-31,17:00:00,43525,43620,43525,43620,86,DIRECTA
MINI6F,5M,2026-03-31 17:05:00,2026-03-31,17:05:00,43620,43660,43600,43610,89,DIRECTA
MINI6F,5M,2026-03-31 17:10:00,2026-03-31,17:10:00,43625,43685,43610,43685,85,DIRECTA
MINI6F,15M,2026-03-31 17:15:00,2026-03-31,17:15:00,43690,43700,43490,43490,254,DIRECTA
MINI6F,5M,2026-03-31 17:15:00,2026-03-31,17:15:00,43690,43700,43655,43670,49,DIRECTA
MINI6F,5M,2026-03-31 17:20:00,2026-03-31,17:20:00,43665,43665,43575,43660,73,DIRECTA
MINI6F,5M,2026-03-31 17:25:00,2026-03-31,17:25:00,43645,43660,43490,43490,132,DIRECTA
MINI6F,15M,2026-03-31 17:30:00,2026-03-31,17:30:00,43485,43590,43430,43540,508,DIRECTA
MINI6F,5M,2026-03-31 17:30:00,2026-03-31,17:30:00,43485,43560,43430,43550,365,DIRECTA
MINI6F,5M,2026-03-31 17:35:00,2026-03-31,17:35:00,43555,43590,43550,43550,102,DIRECTA
MINI6F,5M,2026-03-31 17:40:00,2026-03-31,17:40:00,43560,43565,43530,43540,41,DIRECTA
MINI6F,15M,2026-03-31 17:45:00,2026-03-31,17:45:00,43540,43575,43455,43475,119,DIRECTA
MINI6F,5M,2026-03-31 17:45:00,2026-03-31,17:45:00,43540,43555,43520,43530,67,DIRECTA
MINI6F,5M,2026-03-31 17:50:00,2026-03-31,17:50:00,43530,43575,43520,43520,22,DIRECTA
MINI6F,5M,2026-03-31 17:55:00,2026-03-31,17:55:00,43530,43530,43455,43475,30,DIRECTA
MINI6F,1H,2026-03-31 18:00:00,2026-03-31,18:00:00,43465,44635,43460,44080,1427,DIRECTA
MINI6F,15M,2026-03-31 18:00:00,2026-03-31,18:00:00,43465,43525,43460,43515,63,DIRECTA
MINI6F,5M,2026-03-31 18:00:00,2026-03-31,18:00:00,43465,43525,43465,43480,33,DIRECTA
MINI6F,5M,2026-03-31 18:05:00,2026-03-31,18:05:00,43490,43515,43485,43505,13,DIRECTA
MINI6F,5M,2026-03-31 18:10:00,2026-03-31,18:10:00,43490,43515,43460,43515,17,DIRECTA
MINI6F,15M,2026-03-31 18:15:00,2026-03-31,18:15:00,43525,43585,43510,43570,52,DIRECTA
MINI6F,5M,2026-03-31 18:15:00,2026-03-31,18:15:00,43525,43560,43515,43525,26,DIRECTA
MINI6F,5M,2026-03-31 18:20:00,2026-03-31,18:20:00,43520,43570,43510,43570,16,DIRECTA
MINI6F,5M,2026-03-31 18:25:00,2026-03-31,18:25:00,43580,43585,43565,43570,10,DIRECTA
MINI6F,15M,2026-03-31 18:30:00,2026-03-31,18:30:00,43550,44635,43525,44290,1126,DIRECTA
MINI6F,5M,2026-03-31 18:30:00,2026-03-31,18:30:00,43550,43555,43535,43550,10,DIRECTA
MINI6F,5M,2026-03-31 18:35:00,2026-03-31,18:35:00,43540,43765,43525,43755,153,DIRECTA
MINI6F,5M,2026-03-31 18:40:00,2026-03-31,18:40:00,43755,44635,43750,44290,963,DIRECTA
MINI6F,15M,2026-03-31 18:45:00,2026-03-31,18:45:00,44205,44240,44035,44080,186,DIRECTA
MINI6F,5M,2026-03-31 18:45:00,2026-03-31,18:45:00,44205,44215,44105,44155,51,DIRECTA
MINI6F,5M,2026-03-31 18:50:00,2026-03-31,18:50:00,44160,44240,44065,44070,77,DIRECTA
MINI6F,5M,2026-03-31 18:55:00,2026-03-31,18:55:00,44040,44090,44035,44080,58,DIRECTA
MINI6F,1H,2026-03-31 19:00:00,2026-03-31,19:00:00,44080,44135,43950,43965,615,DIRECTA
MINI6F,15M,2026-03-31 19:00:00,2026-03-31,19:00:00,44080,44135,43960,44015,319,DIRECTA
MINI6F,5M,2026-03-31 19:00:00,2026-03-31,19:00:00,44080,44135,44070,44110,118,DIRECTA
MINI6F,5M,2026-03-31 19:05:00,2026-03-31,19:05:00,44100,44100,43960,43995,126,DIRECTA
MINI6F,5M,2026-03-31 19:10:00,2026-03-31,19:10:00,43990,44025,43975,44015,75,DIRECTA
MINI6F,15M,2026-03-31 19:15:00,2026-03-31,19:15:00,44020,44105,43955,43985,128,DIRECTA
MINI6F,5M,2026-03-31 19:15:00,2026-03-31,19:15:00,44020,44105,44010,44105,40,DIRECTA
MINI6F,5M,2026-03-31 19:20:00,2026-03-31,19:20:00,44100,44100,44040,44065,43,DIRECTA
MINI6F,5M,2026-03-31 19:25:00,2026-03-31,19:25:00,44055,44065,43955,43985,45,DIRECTA
MINI6F,15M,2026-03-31 19:30:00,2026-03-31,19:30:00,44000,44090,43955,43965,130,DIRECTA
MINI6F,5M,2026-03-31 19:30:00,2026-03-31,19:30:00,44000,44075,44000,44075,31,DIRECTA
MINI6F,5M,2026-03-31 19:35:00,2026-03-31,19:35:00,44080,44090,43955,43995,74,DIRECTA
MINI6F,5M,2026-03-31 19:40:00,2026-03-31,19:40:00,44010,44025,43965,43965,25,DIRECTA
MINI6F,15M,2026-03-31 19:45:00,2026-03-31,19:45:00,43990,44005,43950,43965,38,DIRECTA
MINI6F,5M,2026-03-31 19:45:00,2026-03-31,19:45:00,43990,44000,43965,43985,16,DIRECTA
MINI6F,5M,2026-03-31 19:50:00,2026-03-31,19:50:00,43995,44005,43990,44000,6,DIRECTA
MINI6F,5M,2026-03-31 19:55:00,2026-03-31,19:55:00,43985,43985,43950,43965,16,DIRECTA
MINI6F,1H,2026-03-31 20:00:00,2026-03-31,20:00:00,43970,44065,43970,44025,155,DIRECTA
MINI6F,15M,2026-03-31 20:00:00,2026-03-31,20:00:00,43970,44025,43970,43995,26,DIRECTA
MINI6F,5M,2026-03-31 20:00:00,2026-03-31,20:00:00,43970,44025,43970,44005,13,DIRECTA
MINI6F,5M,2026-03-31 20:05:00,2026-03-31,20:05:00,44005,44010,44000,44010,7,DIRECTA
MINI6F,5M,2026-03-31 20:10:00,2026-03-31,20:10:00,43980,43995,43975,43995,6,DIRECTA
MINI6F,15M,2026-03-31 20:15:00,2026-03-31,20:15:00,44005,44040,43985,44025,59,DIRECTA
MINI6F,5M,2026-03-31 20:15:00,2026-03-31,20:15:00,44005,44040,44005,44040,18,DIRECTA
MINI6F,5M,2026-03-31 20:20:00,2026-03-31,20:20:00,44040,44040,44025,44025,5,DIRECTA
MINI6F,5M,2026-03-31 20:25:00,2026-03-31,20:25:00,44000,44040,43985,44025,36,DIRECTA
MINI6F,15M,2026-03-31 20:30:00,2026-03-31,20:30:00,44025,44065,43975,44020,39,DIRECTA
MINI6F,5M,2026-03-31 20:30:00,2026-03-31,20:30:00,44025,44025,43975,43995,24,DIRECTA
MINI6F,5M,2026-03-31 20:35:00,2026-03-31,20:35:00,43985,44065,43985,44045,8,DIRECTA
MINI6F,5M,2026-03-31 20:40:00,2026-03-31,20:40:00,44040,44040,44010,44020,7,DIRECTA
MINI6F,15M,2026-03-31 20:45:00,2026-03-31,20:45:00,44040,44060,44025,44025,31,DIRECTA
MINI6F,5M,2026-03-31 20:45:00,2026-03-31,20:45:00,44040,44060,44035,44035,6,DIRECTA
MINI6F,5M,2026-03-31 20:50:00,2026-03-31,20:50:00,44040,44060,44040,44060,5,DIRECTA
MINI6F,5M,2026-03-31 20:55:00,2026-03-31,20:55:00,44055,44055,44025,44025,20,DIRECTA
MINI6F,1H,2026-03-31 21:00:00,2026-03-31,21:00:00,44050,44290,44030,44260,340,DIRECTA
MINI6F,15M,2026-03-31 21:00:00,2026-03-31,21:00:00,44050,44100,44030,44100,38,DIRECTA
MINI6F,5M,2026-03-31 21:00:00,2026-03-31,21:00:00,44050,44055,44045,44055,5,DIRECTA
MINI6F,5M,2026-03-31 21:05:00,2026-03-31,21:05:00,44030,44035,44030,44035,3,DIRECTA
MINI6F,5M,2026-03-31 21:10:00,2026-03-31,21:10:00,44050,44100,44050,44100,30,DIRECTA
MINI6F,15M,2026-03-31 21:15:00,2026-03-31,21:15:00,44105,44130,44080,44105,36,DIRECTA
MINI6F,5M,2026-03-31 21:15:00,2026-03-31,21:15:00,44105,44125,44100,44110,13,DIRECTA
MINI6F,5M,2026-03-31 21:20:00,2026-03-31,21:20:00,44100,44130,44100,44120,9,DIRECTA
MINI6F,5M,2026-03-31 21:25:00,2026-03-31,21:25:00,44115,44115,44080,44105,14,DIRECTA
MINI6F,15M,2026-03-31 21:30:00,2026-03-31,21:30:00,44130,44225,44130,44210,108,DIRECTA
MINI6F,5M,2026-03-31 21:30:00,2026-03-31,21:30:00,44130,44220,44130,44155,66,DIRECTA
MINI6F,5M,2026-03-31 21:35:00,2026-03-31,21:35:00,44150,44200,44150,44200,15,DIRECTA
MINI6F,5M,2026-03-31 21:40:00,2026-03-31,21:40:00,44205,44225,44185,44210,27,DIRECTA
MINI6F,15M,2026-03-31 21:45:00,2026-03-31,21:45:00,44195,44290,44155,44260,158,DIRECTA
MINI6F,5M,2026-03-31 21:45:00,2026-03-31,21:45:00,44195,44240,44190,44240,43,DIRECTA
MINI6F,5M,2026-03-31 21:50:00,2026-03-31,21:50:00,44225,44245,44155,44240,56,DIRECTA
MINI6F,5M,2026-03-31 21:55:00,2026-03-31,21:55:00,44240,44290,44240,44260,59,DIRECTA
MINI6F,D,2026-04-01 08:00:00,2026-04-01,08:00:00,44395,45215,44310,44980,11261,DIRECTA
MINI6F,1H,2026-04-01 08:00:00,2026-04-01,08:00:00,44395,44680,44310,44655,726,DIRECTA
MINI6F,15M,2026-04-01 08:00:00,2026-04-01,08:00:00,44395,44510,44310,44445,157,DIRECTA
MINI6F,5M,2026-04-01 08:00:00,2026-04-01,08:00:00,44395,44510,44310,44310,86,DIRECTA
MINI6F,5M,2026-04-01 08:05:00,2026-04-01,08:05:00,44330,44415,44320,44375,41,DIRECTA
MINI6F,5M,2026-04-01 08:10:00,2026-04-01,08:10:00,44400,44445,44390,44445,30,DIRECTA
MINI6F,15M,2026-04-01 08:15:00,2026-04-01,08:15:00,44440,44580,44440,44580,140,DIRECTA
MINI6F,5M,2026-04-01 08:15:00,2026-04-01,08:15:00,44440,44470,44440,44470,25,DIRECTA
MINI6F,5M,2026-04-01 08:20:00,2026-04-01,08:20:00,44475,44545,44475,44535,47,DIRECTA
MINI6F,5M,2026-04-01 08:25:00,2026-04-01,08:25:00,44545,44580,44540,44580,68,DIRECTA
MINI6F,15M,2026-04-01 08:30:00,2026-04-01,08:30:00,44570,44645,44565,44640,149,DIRECTA
MINI6F,5M,2026-04-01 08:30:00,2026-04-01,08:30:00,44570,44635,44565,44635,56,DIRECTA
MINI6F,5M,2026-04-01 08:35:00,2026-04-01,08:35:00,44630,44630,44585,44600,61,DIRECTA
MINI6F,5M,2026-04-01 08:40:00,2026-04-01,08:40:00,44600,44645,44600,44640,32,DIRECTA
MINI6F,15M,2026-04-01 08:45:00,2026-04-01,08:45:00,44625,44680,44580,44655,280,DIRECTA
MINI6F,5M,2026-04-01 08:45:00,2026-04-01,08:45:00,44625,44680,44610,44610,91,DIRECTA
MINI6F,5M,2026-04-01 08:50:00,2026-04-01,08:50:00,44610,44620,44580,44595,78,DIRECTA
MINI6F,5M,2026-04-01 08:55:00,2026-04-01,08:55:00,44585,44660,44585,44655,111,DIRECTA
MINI6F,1H,2026-04-01 09:00:00,2026-04-01,09:00:00,44670,44895,44610,44695,2034,DIRECTA
MINI6F,15M,2026-04-01 09:00:00,2026-04-01,09:00:00,44670,44765,44610,44670,1107,DIRECTA
MINI6F,5M,2026-04-01 09:00:00,2026-04-01,09:00:00,44670,44765,44645,44740,759,DIRECTA
MINI6F,5M,2026-04-01 09:05:00,2026-04-01,09:05:00,44745,44760,44610,44660,213,DIRECTA
MINI6F,5M,2026-04-01 09:10:00,2026-04-01,09:10:00,44670,44700,44635,44670,135,DIRECTA
MINI6F,15M,2026-04-01 09:15:00,2026-04-01,09:15:00,44660,44760,44655,44750,298,DIRECTA
MINI6F,5M,2026-04-01 09:15:00,2026-04-01,09:15:00,44660,44730,44655,44715,139,DIRECTA
MINI6F,5M,2026-04-01 09:20:00,2026-04-01,09:20:00,44700,44745,44685,44745,69,DIRECTA
MINI6F,5M,2026-04-01 09:25:00,2026-04-01,09:25:00,44745,44760,44690,44750,90,DIRECTA
MINI6F,15M,2026-04-01 09:30:00,2026-04-01,09:30:00,44750,44870,44750,44870,252,DIRECTA
MINI6F,5M,2026-04-01 09:30:00,2026-04-01,09:30:00,44750,44800,44750,44795,82,DIRECTA
MINI6F,5M,2026-04-01 09:35:00,2026-04-01,09:35:00,44800,44865,44790,44830,105,DIRECTA
MINI6F,5M,2026-04-01 09:40:00,2026-04-01,09:40:00,44815,44870,44800,44870,65,DIRECTA
MINI6F,15M,2026-04-01 09:45:00,2026-04-01,09:45:00,44865,44895,44640,44695,377,DIRECTA
MINI6F,5M,2026-04-01 09:45:00,2026-04-01,09:45:00,44865,44895,44745,44755,123,DIRECTA
MINI6F,5M,2026-04-01 09:50:00,2026-04-01,09:50:00,44755,44755,44645,44670,167,DIRECTA
MINI6F,5M,2026-04-01 09:55:00,2026-04-01,09:55:00,44655,44720,44640,44695,87,DIRECTA
MINI6F,1H,2026-04-01 10:00:00,2026-04-01,10:00:00,44685,44960,44645,44880,1071,DIRECTA
MINI6F,15M,2026-04-01 10:00:00,2026-04-01,10:00:00,44685,44760,44645,44695,198,DIRECTA
MINI6F,5M,2026-04-01 10:00:00,2026-04-01,10:00:00,44685,44760,44645,44725,94,DIRECTA
MINI6F,5M,2026-04-01 10:05:00,2026-04-01,10:05:00,44705,44725,44685,44690,49,DIRECTA
MINI6F,5M,2026-04-01 10:10:00,2026-04-01,10:10:00,44695,44725,44645,44695,55,DIRECTA
MINI6F,15M,2026-04-01 10:15:00,2026-04-01,10:15:00,44700,44920,44695,44870,253,DIRECTA
MINI6F,5M,2026-04-01 10:15:00,2026-04-01,10:15:00,44700,44780,44695,44770,74,DIRECTA
MINI6F,5M,2026-04-01 10:20:00,2026-04-01,10:20:00,44785,44870,44785,44870,94,DIRECTA
MINI6F,5M,2026-04-01 10:25:00,2026-04-01,10:25:00,44865,44920,44835,44870,85,DIRECTA
MINI6F,15M,2026-04-01 10:30:00,2026-04-01,10:30:00,44870,44960,44855,44890,203,DIRECTA
MINI6F,5M,2026-04-01 10:30:00,2026-04-01,10:30:00,44870,44910,44855,44885,50,DIRECTA
MINI6F,5M,2026-04-01 10:35:00,2026-04-01,10:35:00,44895,44940,44865,44940,65,DIRECTA
MINI6F,5M,2026-04-01 10:40:00,2026-04-01,10:40:00,44940,44960,44875,44890,88,DIRECTA
MINI6F,15M,2026-04-01 10:45:00,2026-04-01,10:45:00,44890,44925,44775,44880,417,DIRECTA
MINI6F,5M,2026-04-01 10:45:00,2026-04-01,10:45:00,44890,44915,44855,44905,43,DIRECTA
MINI6F,5M,2026-04-01 10:50:00,2026-04-01,10:50:00,44900,44925,44775,44880,236,DIRECTA
MINI6F,5M,2026-04-01 10:55:00,2026-04-01,10:55:00,44880,44905,44830,44880,138,DIRECTA
MINI6F,1H,2026-04-01 11:00:00,2026-04-01,11:00:00,44875,44935,44645,44835,943,DIRECTA
MINI6F,15M,2026-04-01 11:00:00,2026-04-01,11:00:00,44875,44935,44760,44775,229,DIRECTA
MINI6F,5M,2026-04-01 11:00:00,2026-04-01,11:00:00,44875,44935,44855,44855,114,DIRECTA
MINI6F,5M,2026-04-01 11:05:00,2026-04-01,11:05:00,44855,44865,44775,44800,50,DIRECTA
MINI6F,5M,2026-04-01 11:10:00,2026-04-01,11:10:00,44795,44825,44760,44775,65,DIRECTA
MINI6F,15M,2026-04-01 11:15:00,2026-04-01,11:15:00,44770,44795,44645,44720,321,DIRECTA
MINI6F,5M,2026-04-01 11:15:00,2026-04-01,11:15:00,44770,44795,44720,44725,97,DIRECTA
MINI6F,5M,2026-04-01 11:20:00,2026-04-01,11:20:00,44730,44735,44645,44670,157,DIRECTA
MINI6F,5M,2026-04-01 11:25:00,2026-04-01,11:25:00,44685,44735,44685,44720,67,DIRECTA
MINI6F,15M,2026-04-01 11:30:00,2026-04-01,11:30:00,44720,44835,44720,44815,179,DIRECTA
MINI6F,5M,2026-04-01 11:30:00,2026-04-01,11:30:00,44720,44805,44720,44795,112,DIRECTA
MINI6F,5M,2026-04-01 11:35:00,2026-04-01,11:35:00,44795,44820,44790,44800,37,DIRECTA
MINI6F,5M,2026-04-01 11:40:00,2026-04-01,11:40:00,44790,44835,44785,44815,30,DIRECTA
MINI6F,15M,2026-04-01 11:45:00,2026-04-01,11:45:00,44820,44930,44815,44835,214,DIRECTA
MINI6F,5M,2026-04-01 11:45:00,2026-04-01,11:45:00,44820,44905,44815,44905,65,DIRECTA
MINI6F,5M,2026-04-01 11:50:00,2026-04-01,11:50:00,44905,44930,44870,44870,65,DIRECTA
MINI6F,5M,2026-04-01 11:55:00,2026-04-01,11:55:00,44880,44885,44825,44835,84,DIRECTA
MINI6F,1H,2026-04-01 12:00:00,2026-04-01,12:00:00,44845,44975,44735,44965,713,DIRECTA
MINI6F,15M,2026-04-01 12:00:00,2026-04-01,12:00:00,44845,44890,44735,44810,148,DIRECTA
MINI6F,5M,2026-04-01 12:00:00,2026-04-01,12:00:00,44845,44890,44815,44820,44,DIRECTA
MINI6F,5M,2026-04-01 12:05:00,2026-04-01,12:05:00,44825,44850,44780,44780,42,DIRECTA
MINI6F,5M,2026-04-01 12:10:00,2026-04-01,12:10:00,44775,44820,44735,44810,62,DIRECTA
MINI6F,15M,2026-04-01 12:15:00,2026-04-01,12:15:00,44805,44835,44760,44805,228,DIRECTA
MINI6F,5M,2026-04-01 12:15:00,2026-04-01,12:15:00,44805,44810,44780,44785,18,DIRECTA
MINI6F,5M,2026-04-01 12:20:00,2026-04-01,12:20:00,44780,44835,44780,44835,67,DIRECTA
MINI6F,5M,2026-04-01 12:25:00,2026-04-01,12:25:00,44810,44825,44760,44805,143,DIRECTA
MINI6F,15M,2026-04-01 12:30:00,2026-04-01,12:30:00,44815,44880,44790,44865,106,DIRECTA
MINI6F,5M,2026-04-01 12:30:00,2026-04-01,12:30:00,44815,44850,44790,44805,39,DIRECTA
MINI6F,5M,2026-04-01 12:35:00,2026-04-01,12:35:00,44795,44835,44790,44835,23,DIRECTA
MINI6F,5M,2026-04-01 12:40:00,2026-04-01,12:40:00,44835,44880,44835,44865,44,DIRECTA
MINI6F,15M,2026-04-01 12:45:00,2026-04-01,12:45:00,44870,44975,44870,44965,231,DIRECTA
MINI6F,5M,2026-04-01 12:45:00,2026-04-01,12:45:00,44870,44925,44870,44920,72,DIRECTA
MINI6F,5M,2026-04-01 12:50:00,2026-04-01,12:50:00,44925,44955,44920,44950,104,DIRECTA
MINI6F,5M,2026-04-01 12:55:00,2026-04-01,12:55:00,44945,44975,44920,44965,55,DIRECTA
MINI6F,1H,2026-04-01 13:00:00,2026-04-01,13:00:00,44965,45075,44950,45030,669,DIRECTA
MINI6F,15M,2026-04-01 13:00:00,2026-04-01,13:00:00,44965,45010,44960,45005,156,DIRECTA
MINI6F,5M,2026-04-01 13:00:00,2026-04-01,13:00:00,44965,44985,44960,44970,45,DIRECTA
MINI6F,5M,2026-04-01 13:05:00,2026-04-01,13:05:00,44980,45010,44975,44995,88,DIRECTA
MINI6F,5M,2026-04-01 13:10:00,2026-04-01,13:10:00,44995,45005,44975,45005,23,DIRECTA
MINI6F,15M,2026-04-01 13:15:00,2026-04-01,13:15:00,45000,45040,44950,45010,176,DIRECTA
MINI6F,5M,2026-04-01 13:15:00,2026-04-01,13:15:00,45000,45025,44985,45010,54,DIRECTA
MINI6F,5M,2026-04-01 13:20:00,2026-04-01,13:20:00,45010,45010,44950,44975,62,DIRECTA
MINI6F,5M,2026-04-01 13:25:00,2026-04-01,13:25:00,44990,45040,44990,45010,60,DIRECTA
MINI6F,15M,2026-04-01 13:30:00,2026-04-01,13:30:00,45010,45075,45000,45040,202,DIRECTA
MINI6F,5M,2026-04-01 13:30:00,2026-04-01,13:30:00,45010,45070,45000,45065,104,DIRECTA
MINI6F,5M,2026-04-01 13:35:00,2026-04-01,13:35:00,45060,45075,45045,45060,35,DIRECTA
MINI6F,5M,2026-04-01 13:40:00,2026-04-01,13:40:00,45060,45075,45020,45040,63,DIRECTA
MINI6F,15M,2026-04-01 13:45:00,2026-04-01,13:45:00,45035,45075,45010,45030,135,DIRECTA
MINI6F,5M,2026-04-01 13:45:00,2026-04-01,13:45:00,45035,45040,45010,45035,30,DIRECTA
MINI6F,5M,2026-04-01 13:50:00,2026-04-01,13:50:00,45040,45060,45035,45060,50,DIRECTA
MINI6F,5M,2026-04-01 13:55:00,2026-04-01,13:55:00,45065,45075,45025,45030,55,DIRECTA
MINI6F,1H,2026-04-01 14:00:00,2026-04-01,14:00:00,45035,45215,44845,44875,1449,DIRECTA
MINI6F,15M,2026-04-01 14:00:00,2026-04-01,14:00:00,45035,45040,44950,44965,184,DIRECTA
MINI6F,5M,2026-04-01 14:00:00,2026-04-01,14:00:00,45035,45040,44980,44980,61,DIRECTA
MINI6F,5M,2026-04-01 14:05:00,2026-04-01,14:05:00,44990,45015,44950,44970,87,DIRECTA
MINI6F,5M,2026-04-01 14:10:00,2026-04-01,14:10:00,44975,44975,44950,44965,36,DIRECTA
MINI6F,15M,2026-04-01 14:15:00,2026-04-01,14:15:00,44975,45000,44935,44970,144,DIRECTA
MINI6F,5M,2026-04-01 14:15:00,2026-04-01,14:15:00,44975,44995,44970,44995,45,DIRECTA
MINI6F,5M,2026-04-01 14:20:00,2026-04-01,14:20:00,44995,45000,44935,44955,69,DIRECTA
MINI6F,5M,2026-04-01 14:25:00,2026-04-01,14:25:00,44945,44985,44935,44970,30,DIRECTA
MINI6F,15M,2026-04-01 14:30:00,2026-04-01,14:30:00,44975,45215,44910,45085,354,DIRECTA
MINI6F,5M,2026-04-01 14:30:00,2026-04-01,14:30:00,44975,44985,44940,44960,36,DIRECTA
MINI6F,5M,2026-04-01 14:35:00,2026-04-01,14:35:00,44975,44990,44910,44930,36,DIRECTA
MINI6F,5M,2026-04-01 14:40:00,2026-04-01,14:40:00,44945,45215,44940,45085,282,DIRECTA
MINI6F,15M,2026-04-01 14:45:00,2026-04-01,14:45:00,45090,45120,44845,44875,767,DIRECTA
MINI6F,5M,2026-04-01 14:45:00,2026-04-01,14:45:00,45090,45120,44915,44935,608,DIRECTA
MINI6F,5M,2026-04-01 14:50:00,2026-04-01,14:50:00,44935,44960,44895,44920,72,DIRECTA
MINI6F,5M,2026-04-01 14:55:00,2026-04-01,14:55:00,44905,44915,44845,44875,87,DIRECTA
MINI6F,1H,2026-04-01 15:00:00,2026-04-01,15:00:00,44865,45040,44830,44975,893,DIRECTA
MINI6F,15M,2026-04-01 15:00:00,2026-04-01,15:00:00,44865,44960,44855,44925,186,DIRECTA
MINI6F,5M,2026-04-01 15:00:00,2026-04-01,15:00:00,44865,44910,44860,44875,58,DIRECTA
MINI6F,5M,2026-04-01 15:05:00,2026-04-01,15:05:00,44880,44905,44855,44885,47,DIRECTA
MINI6F,5M,2026-04-01 15:10:00,2026-04-01,15:10:00,44895,44960,44895,44925,81,DIRECTA
MINI6F,15M,2026-04-01 15:15:00,2026-04-01,15:15:00,44930,45020,44915,44990,137,DIRECTA
MINI6F,5M,2026-04-01 15:15:00,2026-04-01,15:15:00,44930,44980,44930,44970,30,DIRECTA
MINI6F,5M,2026-04-01 15:20:00,2026-04-01,15:20:00,44960,44990,44915,44980,58,DIRECTA
MINI6F,5M,2026-04-01 15:25:00,2026-04-01,15:25:00,44985,45020,44965,44990,49,DIRECTA
MINI6F,15M,2026-04-01 15:30:00,2026-04-01,15:30:00,45005,45040,44830,44895,350,DIRECTA
MINI6F,5M,2026-04-01 15:30:00,2026-04-01,15:30:00,45005,45030,44970,44985,103,DIRECTA
MINI6F,5M,2026-04-01 15:35:00,2026-04-01,15:35:00,44985,45040,44970,45025,66,DIRECTA
MINI6F,5M,2026-04-01 15:40:00,2026-04-01,15:40:00,45025,45025,44830,44895,181,DIRECTA
MINI6F,15M,2026-04-01 15:45:00,2026-04-01,15:45:00,44890,44975,44850,44975,220,DIRECTA
MINI6F,5M,2026-04-01 15:45:00,2026-04-01,15:45:00,44890,44910,44850,44880,63,DIRECTA
MINI6F,5M,2026-04-01 15:50:00,2026-04-01,15:50:00,44870,44935,44850,44905,90,DIRECTA
MINI6F,5M,2026-04-01 15:55:00,2026-04-01,15:55:00,44895,44975,44885,44975,67,DIRECTA
MINI6F,1H,2026-04-01 16:00:00,2026-04-01,16:00:00,44950,45030,44860,44970,882,DIRECTA
MINI6F,15M,2026-04-01 16:00:00,2026-04-01,16:00:00,44950,44990,44870,44940,196,DIRECTA
MINI6F,5M,2026-04-01 16:00:00,2026-04-01,16:00:00,44950,44990,44925,44940,93,DIRECTA
MINI6F,5M,2026-04-01 16:05:00,2026-04-01,16:05:00,44950,44955,44880,44925,52,DIRECTA
MINI6F,5M,2026-04-01 16:10:00,2026-04-01,16:10:00,44895,44940,44870,44940,51,DIRECTA
MINI6F,15M,2026-04-01 16:15:00,2026-04-01,16:15:00,44925,45010,44905,44930,209,DIRECTA
MINI6F,5M,2026-04-01 16:15:00,2026-04-01,16:15:00,44925,44970,44925,44945,45,DIRECTA
MINI6F,5M,2026-04-01 16:20:00,2026-04-01,16:20:00,44935,45010,44920,44920,110,DIRECTA
MINI6F,5M,2026-04-01 16:25:00,2026-04-01,16:25:00,44920,44940,44905,44930,54,DIRECTA
MINI6F,15M,2026-04-01 16:30:00,2026-04-01,16:30:00,44930,45030,44860,44960,342,DIRECTA
MINI6F,5M,2026-04-01 16:30:00,2026-04-01,16:30:00,44930,44985,44900,44900,59,DIRECTA
MINI6F,5M,2026-04-01 16:35:00,2026-04-01,16:35:00,44905,45030,44860,44985,174,DIRECTA
MINI6F,5M,2026-04-01 16:40:00,2026-04-01,16:40:00,44975,45010,44920,44960,109,DIRECTA
MINI6F,15M,2026-04-01 16:45:00,2026-04-01,16:45:00,44975,45020,44960,44970,135,DIRECTA
MINI6F,5M,2026-04-01 16:45:00,2026-04-01,16:45:00,44975,45015,44960,45005,69,DIRECTA
MINI6F,5M,2026-04-01 16:50:00,2026-04-01,16:50:00,45000,45020,44970,45010,38,DIRECTA
MINI6F,5M,2026-04-01 16:55:00,2026-04-01,16:55:00,45010,45010,44965,44970,28,DIRECTA
MINI6F,1H,2026-04-01 17:00:00,2026-04-01,17:00:00,44960,45120,44890,45100,1057,DIRECTA
MINI6F,15M,2026-04-01 17:00:00,2026-04-01,17:00:00,44960,45035,44905,44915,169,DIRECTA
MINI6F,5M,2026-04-01 17:00:00,2026-04-01,17:00:00,44960,45020,44960,45010,29,DIRECTA
MINI6F,5M,2026-04-01 17:05:00,2026-04-01,17:05:00,45010,45035,44990,45010,82,DIRECTA
MINI6F,5M,2026-04-01 17:10:00,2026-04-01,17:10:00,45015,45015,44905,44915,58,DIRECTA
MINI6F,15M,2026-04-01 17:15:00,2026-04-01,17:15:00,44925,44990,44915,44925,279,DIRECTA
MINI6F,5M,2026-04-01 17:15:00,2026-04-01,17:15:00,44925,44990,44915,44985,54,DIRECTA
MINI6F,5M,2026-04-01 17:20:00,2026-04-01,17:20:00,44985,44985,44930,44930,40,DIRECTA
MINI6F,5M,2026-04-01 17:25:00,2026-04-01,17:25:00,44935,44980,44920,44925,185,DIRECTA
MINI6F,15M,2026-04-01 17:30:00,2026-04-01,17:30:00,44925,45055,44890,45055,504,DIRECTA
MINI6F,5M,2026-04-01 17:30:00,2026-04-01,17:30:00,44925,45035,44890,44950,375,DIRECTA
MINI6F,5M,2026-04-01 17:35:00,2026-04-01,17:35:00,44950,45035,44950,45020,97,DIRECTA
MINI6F,5M,2026-04-01 17:40:00,2026-04-01,17:40:00,45020,45055,45000,45055,32,DIRECTA
MINI6F,15M,2026-04-01 17:45:00,2026-04-01,17:45:00,45050,45120,45045,45100,105,DIRECTA
MINI6F,5M,2026-04-01 17:45:00,2026-04-01,17:45:00,45050,45075,45045,45065,34,DIRECTA
MINI6F,5M,2026-04-01 17:50:00,2026-04-01,17:50:00,45060,45110,45060,45095,48,DIRECTA
MINI6F,5M,2026-04-01 17:55:00,2026-04-01,17:55:00,45110,45120,45100,45100,23,DIRECTA
MINI6F,1H,2026-04-01 18:00:00,2026-04-01,18:00:00,45095,45105,45005,45085,180,DIRECTA
MINI6F,15M,2026-04-01 18:00:00,2026-04-01,18:00:00,45095,45105,45040,45040,91,DIRECTA
MINI6F,5M,2026-04-01 18:00:00,2026-04-01,18:00:00,45095,45105,45070,45075,27,DIRECTA
MINI6F,5M,2026-04-01 18:05:00,2026-04-01,18:05:00,45085,45090,45075,45090,14,DIRECTA
MINI6F,5M,2026-04-01 18:10:00,2026-04-01,18:10:00,45080,45080,45040,45040,50,DIRECTA
MINI6F,15M,2026-04-01 18:15:00,2026-04-01,18:15:00,45060,45070,45010,45015,44,DIRECTA
MINI6F,5M,2026-04-01 18:15:00,2026-04-01,18:15:00,45060,45070,45040,45060,13,DIRECTA
MINI6F,5M,2026-04-01 18:20:00,2026-04-01,18:20:00,45050,45060,45035,45035,8,DIRECTA
MINI6F,5M,2026-04-01 18:25:00,2026-04-01,18:25:00,45035,45035,45010,45015,23,DIRECTA
MINI6F,15M,2026-04-01 18:30:00,2026-04-01,18:30:00,45015,45060,45005,45055,32,DIRECTA
MINI6F,5M,2026-04-01 18:30:00,2026-04-01,18:30:00,45015,45035,45005,45025,22,DIRECTA
MINI6F,5M,2026-04-01 18:35:00,2026-04-01,18:35:00,45025,45035,45025,45030,3,DIRECTA
MINI6F,5M,2026-04-01 18:40:00,2026-04-01,18:40:00,45040,45060,45040,45055,7,DIRECTA
MINI6F,15M,2026-04-01 18:45:00,2026-04-01,18:45:00,45050,45085,45050,45085,13,DIRECTA
MINI6F,5M,2026-04-01 18:45:00,2026-04-01,18:45:00,45050,45055,45050,45050,5,DIRECTA
MINI6F,5M,2026-04-01 18:50:00,2026-04-01,18:50:00,45055,45080,45055,45080,4,DIRECTA
MINI6F,5M,2026-04-01 18:55:00,2026-04-01,18:55:00,45080,45085,45080,45085,4,DIRECTA
MINI6F,1H,2026-04-01 19:00:00,2026-04-01,19:00:00,45090,45125,45020,45020,139,DIRECTA
MINI6F,15M,2026-04-01 19:00:00,2026-04-01,19:00:00,45090,45120,45090,45115,18,DIRECTA
MINI6F,5M,2026-04-01 19:00:00,2026-04-01,19:00:00,45090,45100,45090,45100,3,DIRECTA
MINI6F,5M,2026-04-01 19:05:00,2026-04-01,19:05:00,45115,45120,45110,45115,6,DIRECTA
MINI6F,5M,2026-04-01 19:10:00,2026-04-01,19:10:00,45110,45120,45105,45115,9,DIRECTA
MINI6F,15M,2026-04-01 19:15:00,2026-04-01,19:15:00,45115,45125,45100,45110,46,DIRECTA
MINI6F,5M,2026-04-01 19:15:00,2026-04-01,19:15:00,45115,45115,45100,45105,5,DIRECTA
MINI6F,5M,2026-04-01 19:20:00,2026-04-01,19:20:00,45120,45125,45100,45100,38,DIRECTA
MINI6F,5M,2026-04-01 19:25:00,2026-04-01,19:25:00,45105,45110,45105,45110,3,DIRECTA
MINI6F,15M,2026-04-01 19:30:00,2026-04-01,19:30:00,45100,45110,45080,45080,47,DIRECTA
MINI6F,5M,2026-04-01 19:30:00,2026-04-01,19:30:00,45100,45110,45085,45085,7,DIRECTA
MINI6F,5M,2026-04-01 19:35:00,2026-04-01,19:35:00,45085,45090,45080,45090,34,DIRECTA
MINI6F,5M,2026-04-01 19:40:00,2026-04-01,19:40:00,45100,45100,45080,45080,6,DIRECTA
MINI6F,15M,2026-04-01 19:45:00,2026-04-01,19:45:00,45085,45090,45020,45020,28,DIRECTA
MINI6F,5M,2026-04-01 19:45:00,2026-04-01,19:45:00,45085,45090,45080,45080,5,DIRECTA
MINI6F,5M,2026-04-01 19:50:00,2026-04-01,19:50:00,45085,45085,45065,45065,9,DIRECTA
MINI6F,5M,2026-04-01 19:55:00,2026-04-01,19:55:00,45060,45060,45020,45020,14,DIRECTA
MINI6F,1H,2026-04-01 20:00:00,2026-04-01,20:00:00,45025,45025,44770,44805,297,DIRECTA
MINI6F,15M,2026-04-01 20:00:00,2026-04-01,20:00:00,45025,45025,44945,44950,62,DIRECTA
MINI6F,5M,2026-04-01 20:00:00,2026-04-01,20:00:00,45025,45025,44945,44965,34,DIRECTA
MINI6F,5M,2026-04-01 20:05:00,2026-04-01,20:05:00,44970,44990,44960,44960,17,DIRECTA
MINI6F,5M,2026-04-01 20:10:00,2026-04-01,20:10:00,44965,44980,44950,44950,11,DIRECTA
MINI6F,15M,2026-04-01 20:15:00,2026-04-01,20:15:00,44945,44945,44815,44815,80,DIRECTA
MINI6F,5M,2026-04-01 20:15:00,2026-04-01,20:15:00,44945,44945,44870,44870,28,DIRECTA
MINI6F,5M,2026-04-01 20:20:00,2026-04-01,20:20:00,44885,44895,44830,44845,24,DIRECTA
MINI6F,5M,2026-04-01 20:25:00,2026-04-01,20:25:00,44855,44855,44815,44815,28,DIRECTA
MINI6F,15M,2026-04-01 20:30:00,2026-04-01,20:30:00,44815,44875,44770,44855,107,DIRECTA
MINI6F,5M,2026-04-01 20:30:00,2026-04-01,20:30:00,44815,44825,44790,44810,31,DIRECTA
MINI6F,5M,2026-04-01 20:35:00,2026-04-01,20:35:00,44805,44825,44770,44810,41,DIRECTA
MINI6F,5M,2026-04-01 20:40:00,2026-04-01,20:40:00,44835,44875,44835,44855,35,DIRECTA
MINI6F,15M,2026-04-01 20:45:00,2026-04-01,20:45:00,44865,44865,44805,44805,48,DIRECTA
MINI6F,5M,2026-04-01 20:45:00,2026-04-01,20:45:00,44865,44865,44825,44860,22,DIRECTA
MINI6F,5M,2026-04-01 20:50:00,2026-04-01,20:50:00,44855,44855,44815,44830,15,DIRECTA
MINI6F,5M,2026-04-01 20:55:00,2026-04-01,20:55:00,44830,44830,44805,44805,11,DIRECTA
MINI6F,1H,2026-04-01 21:00:00,2026-04-01,21:00:00,44815,45060,44805,45000,208,DIRECTA
MINI6F,15M,2026-04-01 21:00:00,2026-04-01,21:00:00,44815,44865,44805,44860,26,DIRECTA
MINI6F,5M,2026-04-01 21:00:00,2026-04-01,21:00:00,44815,44845,44805,44830,16,DIRECTA
MINI6F,5M,2026-04-01 21:05:00,2026-04-01,21:05:00,44835,44865,44835,44860,6,DIRECTA
MINI6F,5M,2026-04-01 21:10:00,2026-04-01,21:10:00,44850,44860,44850,44860,4,DIRECTA
MINI6F,15M,2026-04-01 21:15:00,2026-04-01,21:15:00,44875,44985,44875,44985,42,DIRECTA
MINI6F,5M,2026-04-01 21:15:00,2026-04-01,21:15:00,44875,44915,44875,44915,14,DIRECTA
MINI6F,5M,2026-04-01 21:20:00,2026-04-01,21:20:00,44915,44935,44910,44930,14,DIRECTA
MINI6F,5M,2026-04-01 21:25:00,2026-04-01,21:25:00,44950,44985,44950,44985,14,DIRECTA
MINI6F,15M,2026-04-01 21:30:00,2026-04-01,21:30:00,44975,45060,44965,45035,82,DIRECTA
MINI6F,5M,2026-04-01 21:30:00,2026-04-01,21:30:00,44975,44995,44965,44995,32,DIRECTA
MINI6F,5M,2026-04-01 21:35:00,2026-04-01,21:35:00,45000,45025,44980,45025,28,DIRECTA
MINI6F,5M,2026-04-01 21:40:00,2026-04-01,21:40:00,45030,45060,45030,45035,22,DIRECTA
MINI6F,15M,2026-04-01 21:45:00,2026-04-01,21:45:00,45025,45035,44950,45000,58,DIRECTA
MINI6F,5M,2026-04-01 21:45:00,2026-04-01,21:45:00,45025,45035,45005,45005,22,DIRECTA
MINI6F,5M,2026-04-01 21:50:00,2026-04-01,21:50:00,45000,45000,44950,44950,18,DIRECTA
MINI6F,5M,2026-04-01 21:55:00,2026-04-01,21:55:00,44960,45020,44960,45000,18,DIRECTA
MINI6F,D,2026-04-02 08:00:00,2026-04-02,08:00:00,44310,45170,44030,44881,8971,DIRECTA
MINI6F,1H,2026-04-02 08:00:00,2026-04-02,08:00:00,44310,44385,44130,44285,749,DIRECTA
MINI6F,15M,2026-04-02 08:00:00,2026-04-02,08:00:00,44310,44385,44130,44200,308,DIRECTA
MINI6F,5M,2026-04-02 08:00:00,2026-04-02,08:00:00,44310,44385,44130,44235,213,DIRECTA
MINI6F,5M,2026-04-02 08:05:00,2026-04-02,08:05:00,44235,44280,44210,44210,67,DIRECTA
MINI6F,5M,2026-04-02 08:10:00,2026-04-02,08:10:00,44220,44230,44200,44200,28,DIRECTA
MINI6F,15M,2026-04-02 08:15:00,2026-04-02,08:15:00,44230,44250,44165,44200,104,DIRECTA
MINI6F,5M,2026-04-02 08:15:00,2026-04-02,08:15:00,44230,44245,44165,44225,37,DIRECTA
MINI6F,5M,2026-04-02 08:20:00,2026-04-02,08:20:00,44230,44250,44200,44215,37,DIRECTA
MINI6F,5M,2026-04-02 08:25:00,2026-04-02,08:25:00,44215,44225,44190,44200,30,DIRECTA
MINI6F,15M,2026-04-02 08:30:00,2026-04-02,08:30:00,44195,44245,44185,44240,92,DIRECTA
MINI6F,5M,2026-04-02 08:30:00,2026-04-02,08:30:00,44195,44245,44185,44240,33,DIRECTA
MINI6F,5M,2026-04-02 08:35:00,2026-04-02,08:35:00,44220,44245,44190,44245,42,DIRECTA
MINI6F,5M,2026-04-02 08:40:00,2026-04-02,08:40:00,44235,44240,44225,44240,17,DIRECTA
MINI6F,15M,2026-04-02 08:45:00,2026-04-02,08:45:00,44225,44330,44180,44285,245,DIRECTA
MINI6F,5M,2026-04-02 08:45:00,2026-04-02,08:45:00,44225,44225,44180,44210,25,DIRECTA
MINI6F,5M,2026-04-02 08:50:00,2026-04-02,08:50:00,44220,44280,44200,44275,42,DIRECTA
MINI6F,5M,2026-04-02 08:55:00,2026-04-02,08:55:00,44275,44330,44235,44285,178,DIRECTA
MINI6F,1H,2026-04-02 09:00:00,2026-04-02,09:00:00,44310,44570,44205,44565,944,DIRECTA
MINI6F,15M,2026-04-02 09:00:00,2026-04-02,09:00:00,44310,44390,44205,44350,370,DIRECTA
MINI6F,5M,2026-04-02 09:00:00,2026-04-02,09:00:00,44310,44325,44205,44305,214,DIRECTA
MINI6F,5M,2026-04-02 09:05:00,2026-04-02,09:05:00,44310,44375,44280,44340,75,DIRECTA
MINI6F,5M,2026-04-02 09:10:00,2026-04-02,09:10:00,44350,44390,44340,44350,81,DIRECTA
MINI6F,15M,2026-04-02 09:15:00,2026-04-02,09:15:00,44335,44460,44295,44400,276,DIRECTA
MINI6F,5M,2026-04-02 09:15:00,2026-04-02,09:15:00,44335,44460,44330,44435,98,DIRECTA
MINI6F,5M,2026-04-02 09:20:00,2026-04-02,09:20:00,44425,44430,44305,44305,91,DIRECTA
MINI6F,5M,2026-04-02 09:25:00,2026-04-02,09:25:00,44305,44430,44295,44400,87,DIRECTA
MINI6F,15M,2026-04-02 09:30:00,2026-04-02,09:30:00,44400,44455,44350,44405,145,DIRECTA
MINI6F,5M,2026-04-02 09:30:00,2026-04-02,09:30:00,44400,44430,44350,44355,55,DIRECTA
MINI6F,5M,2026-04-02 09:35:00,2026-04-02,09:35:00,44375,44420,44355,44420,40,DIRECTA
MINI6F,5M,2026-04-02 09:40:00,2026-04-02,09:40:00,44410,44455,44395,44405,50,DIRECTA
MINI6F,15M,2026-04-02 09:45:00,2026-04-02,09:45:00,44420,44570,44415,44565,153,DIRECTA
MINI6F,5M,2026-04-02 09:45:00,2026-04-02,09:45:00,44420,44470,44415,44465,35,DIRECTA
MINI6F,5M,2026-04-02 09:50:00,2026-04-02,09:50:00,44455,44480,44435,44470,34,DIRECTA
MINI6F,5M,2026-04-02 09:55:00,2026-04-02,09:55:00,44480,44570,44470,44565,84,DIRECTA
MINI6F,1H,2026-04-02 10:00:00,2026-04-02,10:00:00,44570,44575,44420,44520,532,DIRECTA
MINI6F,15M,2026-04-02 10:00:00,2026-04-02,10:00:00,44570,44575,44420,44460,160,DIRECTA
MINI6F,5M,2026-04-02 10:00:00,2026-04-02,10:00:00,44570,44575,44460,44460,66,DIRECTA
MINI6F,5M,2026-04-02 10:05:00,2026-04-02,10:05:00,44460,44485,44420,44475,59,DIRECTA
MINI6F,5M,2026-04-02 10:10:00,2026-04-02,10:10:00,44455,44485,44440,44460,35,DIRECTA
MINI6F,15M,2026-04-02 10:15:00,2026-04-02,10:15:00,44465,44515,44430,44485,134,DIRECTA
MINI6F,5M,2026-04-02 10:15:00,2026-04-02,10:15:00,44465,44515,44455,44465,54,DIRECTA
MINI6F,5M,2026-04-02 10:20:00,2026-04-02,10:20:00,44465,44510,44435,44510,43,DIRECTA
MINI6F,5M,2026-04-02 10:25:00,2026-04-02,10:25:00,44495,44495,44430,44485,37,DIRECTA
MINI6F,15M,2026-04-02 10:30:00,2026-04-02,10:30:00,44500,44560,44485,44490,155,DIRECTA
MINI6F,5M,2026-04-02 10:30:00,2026-04-02,10:30:00,44500,44545,44495,44525,56,DIRECTA
MINI6F,5M,2026-04-02 10:35:00,2026-04-02,10:35:00,44535,44535,44485,44525,38,DIRECTA
MINI6F,5M,2026-04-02 10:40:00,2026-04-02,10:40:00,44510,44560,44490,44490,61,DIRECTA
MINI6F,15M,2026-04-02 10:45:00,2026-04-02,10:45:00,44500,44540,44475,44520,83,DIRECTA
MINI6F,5M,2026-04-02 10:45:00,2026-04-02,10:45:00,44500,44525,44480,44500,33,DIRECTA
MINI6F,5M,2026-04-02 10:50:00,2026-04-02,10:50:00,44505,44505,44475,44500,22,DIRECTA
MINI6F,5M,2026-04-02 10:55:00,2026-04-02,10:55:00,44510,44540,44490,44520,28,DIRECTA
MINI6F,1H,2026-04-02 11:00:00,2026-04-02,11:00:00,44520,44535,44350,44425,551,DIRECTA
MINI6F,15M,2026-04-02 11:00:00,2026-04-02,11:00:00,44520,44535,44385,44400,153,DIRECTA
MINI6F,5M,2026-04-02 11:00:00,2026-04-02,11:00:00,44520,44535,44470,44475,50,DIRECTA
MINI6F,5M,2026-04-02 11:05:00,2026-04-02,11:05:00,44470,44475,44450,44460,40,DIRECTA
MINI6F,5M,2026-04-02 11:10:00,2026-04-02,11:10:00,44450,44455,44385,44400,63,DIRECTA
MINI6F,15M,2026-04-02 11:15:00,2026-04-02,11:15:00,44395,44460,44395,44440,124,DIRECTA
MINI6F,5M,2026-04-02 11:15:00,2026-04-02,11:15:00,44395,44440,44395,44415,55,DIRECTA
MINI6F,5M,2026-04-02 11:20:00,2026-04-02,11:20:00,44415,44445,44410,44435,36,DIRECTA
MINI6F,5M,2026-04-02 11:25:00,2026-04-02,11:25:00,44440,44460,44425,44440,33,DIRECTA
MINI6F,15M,2026-04-02 11:30:00,2026-04-02,11:30:00,44445,44445,44360,44370,118,DIRECTA
MINI6F,5M,2026-04-02 11:30:00,2026-04-02,11:30:00,44445,44445,44405,44405,24,DIRECTA
MINI6F,5M,2026-04-02 11:35:00,2026-04-02,11:35:00,44400,44400,44365,44370,71,DIRECTA
MINI6F,5M,2026-04-02 11:40:00,2026-04-02,11:40:00,44370,44395,44360,44370,23,DIRECTA
MINI6F,15M,2026-04-02 11:45:00,2026-04-02,11:45:00,44380,44465,44350,44425,156,DIRECTA
MINI6F,5M,2026-04-02 11:45:00,2026-04-02,11:45:00,44380,44405,44350,44380,49,DIRECTA
MINI6F,5M,2026-04-02 11:50:00,2026-04-02,11:50:00,44375,44440,44375,44440,55,DIRECTA
MINI6F,5M,2026-04-02 11:55:00,2026-04-02,11:55:00,44440,44465,44410,44425,52,DIRECTA
MINI6F,1H,2026-04-02 12:00:00,2026-04-02,12:00:00,44410,44435,44275,44335,424,DIRECTA
MINI6F,15M,2026-04-02 12:00:00,2026-04-02,12:00:00,44410,44435,44345,44345,109,DIRECTA
MINI6F,5M,2026-04-02 12:00:00,2026-04-02,12:00:00,44410,44420,44380,44405,32,DIRECTA
MINI6F,5M,2026-04-02 12:05:00,2026-04-02,12:05:00,44415,44435,44370,44395,30,DIRECTA
MINI6F,5M,2026-04-02 12:10:00,2026-04-02,12:10:00,44400,44410,44345,44345,47,DIRECTA
MINI6F,15M,2026-04-02 12:15:00,2026-04-02,12:15:00,44345,44345,44295,44305,126,DIRECTA
MINI6F,5M,2026-04-02 12:15:00,2026-04-02,12:15:00,44345,44345,44300,44330,46,DIRECTA
MINI6F,5M,2026-04-02 12:20:00,2026-04-02,12:20:00,44330,44340,44295,44320,40,DIRECTA
MINI6F,5M,2026-04-02 12:25:00,2026-04-02,12:25:00,44330,44335,44295,44305,40,DIRECTA
MINI6F,15M,2026-04-02 12:30:00,2026-04-02,12:30:00,44310,44360,44275,44335,111,DIRECTA
MINI6F,5M,2026-04-02 12:30:00,2026-04-02,12:30:00,44310,44315,44275,44310,30,DIRECTA
MINI6F,5M,2026-04-02 12:35:00,2026-04-02,12:35:00,44320,44350,44285,44285,25,DIRECTA
MINI6F,5M,2026-04-02 12:40:00,2026-04-02,12:40:00,44275,44360,44275,44335,56,DIRECTA
MINI6F,15M,2026-04-02 12:45:00,2026-04-02,12:45:00,44340,44340,44290,44335,78,DIRECTA
MINI6F,5M,2026-04-02 12:45:00,2026-04-02,12:45:00,44340,44340,44305,44320,28,DIRECTA
MINI6F,5M,2026-04-02 12:50:00,2026-04-02,12:50:00,44315,44315,44290,44295,33,DIRECTA
MINI6F,5M,2026-04-02 12:55:00,2026-04-02,12:55:00,44300,44335,44300,44335,17,DIRECTA
MINI6F,1H,2026-04-02 13:00:00,2026-04-02,13:00:00,44325,44380,44170,44175,433,DIRECTA
MINI6F,15M,2026-04-02 13:00:00,2026-04-02,13:00:00,44325,44380,44315,44325,83,DIRECTA
MINI6F,5M,2026-04-02 13:00:00,2026-04-02,13:00:00,44325,44375,44325,44360,31,DIRECTA
MINI6F,5M,2026-04-02 13:05:00,2026-04-02,13:05:00,44355,44360,44315,44350,26,DIRECTA
MINI6F,5M,2026-04-02 13:10:00,2026-04-02,13:10:00,44355,44380,44325,44325,26,DIRECTA
MINI6F,15M,2026-04-02 13:15:00,2026-04-02,13:15:00,44330,44330,44240,44240,126,DIRECTA
MINI6F,5M,2026-04-02 13:15:00,2026-04-02,13:15:00,44330,44330,44270,44270,63,DIRECTA
MINI6F,5M,2026-04-02 13:20:00,2026-04-02,13:20:00,44285,44300,44270,44295,29,DIRECTA
MINI6F,5M,2026-04-02 13:25:00,2026-04-02,13:25:00,44300,44300,44240,44240,34,DIRECTA
MINI6F,15M,2026-04-02 13:30:00,2026-04-02,13:30:00,44235,44285,44185,44195,108,DIRECTA
MINI6F,5M,2026-04-02 13:30:00,2026-04-02,13:30:00,44235,44285,44230,44270,35,DIRECTA
MINI6F,5M,2026-04-02 13:35:00,2026-04-02,13:35:00,44275,44275,44235,44240,21,DIRECTA
MINI6F,5M,2026-04-02 13:40:00,2026-04-02,13:40:00,44230,44235,44185,44195,52,DIRECTA
MINI6F,15M,2026-04-02 13:45:00,2026-04-02,13:45:00,44190,44255,44170,44175,116,DIRECTA
MINI6F,5M,2026-04-02 13:45:00,2026-04-02,13:45:00,44190,44230,44190,44225,32,DIRECTA
MINI6F,5M,2026-04-02 13:50:00,2026-04-02,13:50:00,44225,44255,44215,44250,46,DIRECTA
MINI6F,5M,2026-04-02 13:55:00,2026-04-02,13:55:00,44250,44250,44170,44175,38,DIRECTA
MINI6F,1H,2026-04-02 14:00:00,2026-04-02,14:00:00,44165,44215,44030,44125,625,DIRECTA
MINI6F,15M,2026-04-02 14:00:00,2026-04-02,14:00:00,44165,44165,44035,44040,274,DIRECTA
MINI6F,5M,2026-04-02 14:00:00,2026-04-02,14:00:00,44165,44165,44125,44155,75,DIRECTA
MINI6F,5M,2026-04-02 14:05:00,2026-04-02,14:05:00,44145,44165,44060,44065,95,DIRECTA
MINI6F,5M,2026-04-02 14:10:00,2026-04-02,14:10:00,44070,44075,44035,44040,104,DIRECTA
MINI6F,15M,2026-04-02 14:15:00,2026-04-02,14:15:00,44045,44155,44030,44125,154,DIRECTA
MINI6F,5M,2026-04-02 14:15:00,2026-04-02,14:15:00,44045,44075,44030,44055,59,DIRECTA
MINI6F,5M,2026-04-02 14:20:00,2026-04-02,14:20:00,44050,44155,44050,44140,69,DIRECTA
MINI6F,5M,2026-04-02 14:25:00,2026-04-02,14:25:00,44140,44140,44100,44125,26,DIRECTA
MINI6F,15M,2026-04-02 14:30:00,2026-04-02,14:30:00,44140,44175,44130,44170,90,DIRECTA
MINI6F,5M,2026-04-02 14:30:00,2026-04-02,14:30:00,44140,44175,44135,44155,41,DIRECTA
MINI6F,5M,2026-04-02 14:35:00,2026-04-02,14:35:00,44155,44155,44130,44155,22,DIRECTA
MINI6F,5M,2026-04-02 14:40:00,2026-04-02,14:40:00,44145,44170,44145,44170,27,DIRECTA
MINI6F,15M,2026-04-02 14:45:00,2026-04-02,14:45:00,44165,44215,44120,44125,107,DIRECTA
MINI6F,5M,2026-04-02 14:45:00,2026-04-02,14:45:00,44165,44210,44165,44210,27,DIRECTA
MINI6F,5M,2026-04-02 14:50:00,2026-04-02,14:50:00,44215,44215,44185,44190,29,DIRECTA
MINI6F,5M,2026-04-02 14:55:00,2026-04-02,14:55:00,44200,44205,44120,44125,51,DIRECTA
MINI6F,1H,2026-04-02 15:00:00,2026-04-02,15:00:00,44135,44445,44070,44420,965,DIRECTA
MINI6F,15M,2026-04-02 15:00:00,2026-04-02,15:00:00,44135,44175,44070,44080,150,DIRECTA
MINI6F,5M,2026-04-02 15:00:00,2026-04-02,15:00:00,44135,44160,44110,44150,64,DIRECTA
MINI6F,5M,2026-04-02 15:05:00,2026-04-02,15:05:00,44140,44175,44110,44110,31,DIRECTA
MINI6F,5M,2026-04-02 15:10:00,2026-04-02,15:10:00,44115,44115,44070,44080,55,DIRECTA
MINI6F,15M,2026-04-02 15:15:00,2026-04-02,15:15:00,44085,44155,44085,44155,149,DIRECTA
MINI6F,5M,2026-04-02 15:15:00,2026-04-02,15:15:00,44085,44130,44085,44100,81,DIRECTA
MINI6F,5M,2026-04-02 15:20:00,2026-04-02,15:20:00,44100,44150,44100,44125,42,DIRECTA
MINI6F,5M,2026-04-02 15:25:00,2026-04-02,15:25:00,44120,44155,44120,44155,26,DIRECTA
MINI6F,15M,2026-04-02 15:30:00,2026-04-02,15:30:00,44160,44245,44150,44215,290,DIRECTA
MINI6F,5M,2026-04-02 15:30:00,2026-04-02,15:30:00,44160,44245,44155,44230,146,DIRECTA
MINI6F,5M,2026-04-02 15:35:00,2026-04-02,15:35:00,44230,44230,44165,44165,76,DIRECTA
MINI6F,5M,2026-04-02 15:40:00,2026-04-02,15:40:00,44160,44215,44150,44215,68,DIRECTA
MINI6F,15M,2026-04-02 15:45:00,2026-04-02,15:45:00,44225,44445,44210,44420,376,DIRECTA
MINI6F,5M,2026-04-02 15:45:00,2026-04-02,15:45:00,44225,44315,44210,44280,139,DIRECTA
MINI6F,5M,2026-04-02 15:50:00,2026-04-02,15:50:00,44260,44370,44260,44370,119,DIRECTA
MINI6F,5M,2026-04-02 15:55:00,2026-04-02,15:55:00,44375,44445,44365,44420,118,DIRECTA
MINI6F,1H,2026-04-02 16:00:00,2026-04-02,16:00:00,44430,44975,44365,44830,1907,DIRECTA
MINI6F,15M,2026-04-02 16:00:00,2026-04-02,16:00:00,44430,44465,44365,44405,198,DIRECTA
MINI6F,5M,2026-04-02 16:00:00,2026-04-02,16:00:00,44430,44440,44365,44370,81,DIRECTA
MINI6F,5M,2026-04-02 16:05:00,2026-04-02,16:05:00,44385,44440,44375,44425,71,DIRECTA
MINI6F,5M,2026-04-02 16:10:00,2026-04-02,16:10:00,44425,44465,44405,44405,46,DIRECTA
MINI6F,15M,2026-04-02 16:15:00,2026-04-02,16:15:00,44415,44510,44405,44485,207,DIRECTA
MINI6F,5M,2026-04-02 16:15:00,2026-04-02,16:15:00,44415,44495,44405,44485,65,DIRECTA
MINI6F,5M,2026-04-02 16:20:00,2026-04-02,16:20:00,44485,44510,44480,44510,72,DIRECTA
MINI6F,5M,2026-04-02 16:25:00,2026-04-02,16:25:00,44495,44510,44470,44485,70,DIRECTA
MINI6F,15M,2026-04-02 16:30:00,2026-04-02,16:30:00,44480,44975,44480,44865,1181,DIRECTA
MINI6F,5M,2026-04-02 16:30:00,2026-04-02,16:30:00,44480,44590,44480,44590,109,DIRECTA
MINI6F,5M,2026-04-02 16:35:00,2026-04-02,16:35:00,44585,44975,44585,44820,881,DIRECTA
MINI6F,5M,2026-04-02 16:40:00,2026-04-02,16:40:00,44810,44870,44760,44865,191,DIRECTA
MINI6F,15M,2026-04-02 16:45:00,2026-04-02,16:45:00,44870,44895,44725,44830,321,DIRECTA
MINI6F,5M,2026-04-02 16:45:00,2026-04-02,16:45:00,44870,44895,44775,44780,120,DIRECTA
MINI6F,5M,2026-04-02 16:50:00,2026-04-02,16:50:00,44775,44800,44725,44795,111,DIRECTA
MINI6F,5M,2026-04-02 16:55:00,2026-04-02,16:55:00,44800,44875,44795,44830,90,DIRECTA
MINI6F,1H,2026-04-02 17:00:00,2026-04-02,17:00:00,44835,44935,44710,44855,1022,DIRECTA
MINI6F,15M,2026-04-02 17:00:00,2026-04-02,17:00:00,44835,44860,44750,44790,280,DIRECTA
MINI6F,5M,2026-04-02 17:00:00,2026-04-02,17:00:00,44835,44860,44765,44860,127,DIRECTA
MINI6F,5M,2026-04-02 17:05:00,2026-04-02,17:05:00,44860,44860,44750,44795,89,DIRECTA
MINI6F,5M,2026-04-02 17:10:00,2026-04-02,17:10:00,44785,44845,44775,44790,64,DIRECTA
MINI6F,15M,2026-04-02 17:15:00,2026-04-02,17:15:00,44800,44845,44710,44780,198,DIRECTA
MINI6F,5M,2026-04-02 17:15:00,2026-04-02,17:15:00,44800,44845,44780,44820,69,DIRECTA
MINI6F,5M,2026-04-02 17:20:00,2026-04-02,17:20:00,44810,44815,44720,44750,68,DIRECTA
MINI6F,5M,2026-04-02 17:25:00,2026-04-02,17:25:00,44735,44780,44710,44780,61,DIRECTA
MINI6F,15M,2026-04-02 17:30:00,2026-04-02,17:30:00,44785,44935,44765,44915,438,DIRECTA
MINI6F,5M,2026-04-02 17:30:00,2026-04-02,17:30:00,44785,44910,44765,44880,224,DIRECTA
MINI6F,5M,2026-04-02 17:35:00,2026-04-02,17:35:00,44885,44935,44850,44905,162,DIRECTA
MINI6F,5M,2026-04-02 17:40:00,2026-04-02,17:40:00,44900,44930,44860,44915,52,DIRECTA
MINI6F,15M,2026-04-02 17:45:00,2026-04-02,17:45:00,44870,44890,44780,44855,106,DIRECTA
MINI6F,5M,2026-04-02 17:45:00,2026-04-02,17:45:00,44870,44890,44845,44850,38,DIRECTA
MINI6F,5M,2026-04-02 17:50:00,2026-04-02,17:50:00,44830,44865,44780,44865,45,DIRECTA
MINI6F,5M,2026-04-02 17:55:00,2026-04-02,17:55:00,44860,44885,44825,44855,23,DIRECTA
MINI6F,1H,2026-04-02 18:00:00,2026-04-02,18:00:00,44870,44910,44770,44850,306,DIRECTA
MINI6F,15M,2026-04-02 18:00:00,2026-04-02,18:00:00,44870,44895,44780,44825,83,DIRECTA
MINI6F,5M,2026-04-02 18:00:00,2026-04-02,18:00:00,44870,44895,44820,44820,29,DIRECTA
MINI6F,5M,2026-04-02 18:05:00,2026-04-02,18:05:00,44830,44835,44780,44815,31,DIRECTA
MINI6F,5M,2026-04-02 18:10:00,2026-04-02,18:10:00,44805,44830,44800,44825,23,DIRECTA
MINI6F,15M,2026-04-02 18:15:00,2026-04-02,18:15:00,44835,44860,44770,44815,71,DIRECTA
MINI6F,5M,2026-04-02 18:15:00,2026-04-02,18:15:00,44835,44860,44795,44795,25,DIRECTA
MINI6F,5M,2026-04-02 18:20:00,2026-04-02,18:20:00,44780,44810,44770,44780,26,DIRECTA
MINI6F,5M,2026-04-02 18:25:00,2026-04-02,18:25:00,44780,44835,44775,44815,20,DIRECTA
MINI6F,15M,2026-04-02 18:30:00,2026-04-02,18:30:00,44805,44910,44795,44905,109,DIRECTA
MINI6F,5M,2026-04-02 18:30:00,2026-04-02,18:30:00,44805,44870,44795,44855,18,DIRECTA
MINI6F,5M,2026-04-02 18:35:00,2026-04-02,18:35:00,44850,44850,44800,44845,51,DIRECTA
MINI6F,5M,2026-04-02 18:40:00,2026-04-02,18:40:00,44855,44910,44855,44905,40,DIRECTA
MINI6F,15M,2026-04-02 18:45:00,2026-04-02,18:45:00,44900,44910,44850,44850,43,DIRECTA
MINI6F,5M,2026-04-02 18:45:00,2026-04-02,18:45:00,44900,44910,44875,44880,23,DIRECTA
MINI6F,5M,2026-04-02 18:50:00,2026-04-02,18:50:00,44890,44905,44870,44895,6,DIRECTA
MINI6F,5M,2026-04-02 18:55:00,2026-04-02,18:55:00,44890,44890,44850,44850,14,DIRECTA
MINI6F,1H,2026-04-02 19:00:00,2026-04-02,19:00:00,44850,44990,44835,44885,199,DIRECTA
MINI6F,15M,2026-04-02 19:00:00,2026-04-02,19:00:00,44850,44950,44835,44935,79,DIRECTA
MINI6F,5M,2026-04-02 19:00:00,2026-04-02,19:00:00,44850,44895,44835,44895,22,DIRECTA
MINI6F,5M,2026-04-02 19:05:00,2026-04-02,19:05:00,44895,44905,44885,44890,25,DIRECTA
MINI6F,5M,2026-04-02 19:10:00,2026-04-02,19:10:00,44900,44950,44880,44935,32,DIRECTA
MINI6F,15M,2026-04-02 19:15:00,2026-04-02,19:15:00,44945,44990,44930,44965,59,DIRECTA
MINI6F,5M,2026-04-02 19:15:00,2026-04-02,19:15:00,44945,44955,44930,44940,19,DIRECTA
MINI6F,5M,2026-04-02 19:20:00,2026-04-02,19:20:00,44950,44975,44945,44965,15,DIRECTA
MINI6F,5M,2026-04-02 19:25:00,2026-04-02,19:25:00,44975,44990,44965,44965,25,DIRECTA
MINI6F,15M,2026-04-02 19:30:00,2026-04-02,19:30:00,44970,44975,44925,44950,28,DIRECTA
MINI6F,5M,2026-04-02 19:30:00,2026-04-02,19:30:00,44970,44975,44935,44935,18,DIRECTA
MINI6F,5M,2026-04-02 19:35:00,2026-04-02,19:35:00,44940,44940,44925,44940,5,DIRECTA
MINI6F,5M,2026-04-02 19:40:00,2026-04-02,19:40:00,44950,44950,44945,44950,5,DIRECTA
MINI6F,15M,2026-04-02 19:45:00,2026-04-02,19:45:00,44925,44925,44855,44885,33,DIRECTA
MINI6F,5M,2026-04-02 19:45:00,2026-04-02,19:45:00,44925,44925,44865,44865,15,DIRECTA
MINI6F,5M,2026-04-02 19:50:00,2026-04-02,19:50:00,44880,44885,44855,44875,10,DIRECTA
MINI6F,5M,2026-04-02 19:55:00,2026-04-02,19:55:00,44895,44895,44865,44885,8,DIRECTA
MINI6F,1H,2026-04-02 20:00:00,2026-04-02,20:00:00,44890,45005,44890,44960,98,DIRECTA
MINI6F,15M,2026-04-02 20:00:00,2026-04-02,20:00:00,44890,44925,44890,44920,17,DIRECTA
MINI6F,5M,2026-04-02 20:00:00,2026-04-02,20:00:00,44890,44910,44890,44910,9,DIRECTA
MINI6F,5M,2026-04-02 20:05:00,2026-04-02,20:05:00,44905,44925,44895,44900,6,DIRECTA
MINI6F,5M,2026-04-02 20:10:00,2026-04-02,20:10:00,44915,44920,44915,44920,2,DIRECTA
MINI6F,15M,2026-04-02 20:15:00,2026-04-02,20:15:00,44915,44915,44895,44910,15,DIRECTA
MINI6F,5M,2026-04-02 20:15:00,2026-04-02,20:15:00,44915,44915,44915,44915,1,DIRECTA
MINI6F,5M,2026-04-02 20:25:00,2026-04-02,20:25:00,44895,44910,44895,44910,14,DIRECTA
MINI6F,15M,2026-04-02 20:30:00,2026-04-02,20:30:00,44910,44960,44910,44945,15,DIRECTA
MINI6F,5M,2026-04-02 20:30:00,2026-04-02,20:30:00,44910,44910,44910,44910,1,DIRECTA
MINI6F,5M,2026-04-02 20:35:00,2026-04-02,20:35:00,44910,44910,44910,44910,2,DIRECTA
MINI6F,5M,2026-04-02 20:40:00,2026-04-02,20:40:00,44925,44960,44925,44945,12,DIRECTA
MINI6F,15M,2026-04-02 20:45:00,2026-04-02,20:45:00,44950,45005,44950,44960,51,DIRECTA
MINI6F,5M,2026-04-02 20:45:00,2026-04-02,20:45:00,44950,44980,44950,44975,22,DIRECTA
MINI6F,5M,2026-04-02 20:50:00,2026-04-02,20:50:00,44990,45005,44980,44985,22,DIRECTA
MINI6F,5M,2026-04-02 20:55:00,2026-04-02,20:55:00,44970,44970,44960,44960,7,DIRECTA
MINI6F,1H,2026-04-02 21:00:00,2026-04-02,21:00:00,44965,45170,44960,45100,216,DIRECTA
MINI6F,15M,2026-04-02 21:00:00,2026-04-02,21:00:00,44965,45000,44960,44970,40,DIRECTA
MINI6F,5M,2026-04-02 21:00:00,2026-04-02,21:00:00,44965,44975,44960,44960,16,DIRECTA
MINI6F,5M,2026-04-02 21:05:00,2026-04-02,21:05:00,44960,44980,44960,44980,13,DIRECTA
MINI6F,5M,2026-04-02 21:10:00,2026-04-02,21:10:00,44990,45000,44970,44970,11,DIRECTA
MINI6F,15M,2026-04-02 21:15:00,2026-04-02,21:15:00,44970,45000,44970,44980,34,DIRECTA
MINI6F,5M,2026-04-02 21:15:00,2026-04-02,21:15:00,44970,44980,44970,44975,9,DIRECTA
MINI6F,5M,2026-04-02 21:20:00,2026-04-02,21:20:00,44975,45000,44970,44990,16,DIRECTA
MINI6F,5M,2026-04-02 21:25:00,2026-04-02,21:25:00,44980,44980,44970,44980,9,DIRECTA
MINI6F,15M,2026-04-02 21:30:00,2026-04-02,21:30:00,44975,45030,44975,45000,64,DIRECTA
MINI6F,5M,2026-04-02 21:30:00,2026-04-02,21:30:00,44975,45020,44975,45005,34,DIRECTA
MINI6F,5M,2026-04-02 21:35:00,2026-04-02,21:35:00,45025,45030,45005,45015,17,DIRECTA
MINI6F,5M,2026-04-02 21:40:00,2026-04-02,21:40:00,45020,45030,45000,45000,13,DIRECTA
MINI6F,15M,2026-04-02 21:45:00,2026-04-02,21:45:00,44985,45170,44970,45100,78,DIRECTA
MINI6F,5M,2026-04-02 21:45:00,2026-04-02,21:45:00,44985,45000,44970,44985,14,DIRECTA
MINI6F,5M,2026-04-02 21:50:00,2026-04-02,21:50:00,45000,45060,45000,45030,20,DIRECTA
MINI6F,5M,2026-04-02 21:55:00,2026-04-02,21:55:00,45025,45170,45025,45100,44,DIRECTA
