symbol,timeframe,timestamp,date,time,open,high,low,close,volume,source
DITAS,15M,2025-12-23 08:00:00,2025-12-23,08:00:00,44600.60156,44625.60156,44590.60156,44625.60156,0,DIRECTA
DITAS,15M,2025-12-23 08:15:00,2025-12-23,08:15:00,44625.60156,44625.60156,44600.60156,44610.60156,0,DIRECTA
DITAS,15M,2025-12-23 08:30:00,2025-12-23,08:30:00,44595.60156,44600.60156,44575.60156,44600.60156,0,DIRECTA
DITAS,15M,2025-12-23 08:45:00,2025-12-23,08:45:00,44605.60156,44610.60156,44565.60156,44580.60156,0,DIRECTA
DITAS,15M,2025-12-23 09:00:00,2025-12-23,09:00:00,44565.60156,44690.60156,44495.60156,44690.60156,0,DIRECTA
DITAS,15M,2025-12-23 09:15:00,2025-12-23,09:15:00,44695.60156,44710.60156,44615.60156,44635.60156,0,DIRECTA
DITAS,15M,2025-12-23 09:30:00,2025-12-23,09:30:00,44640.60156,44655.60156,44540.60156,44550.60156,0,DIRECTA
DITAS,15M,2025-12-23 09:45:00,2025-12-23,09:45:00,44545.60156,44550.60156,44475.60156,44540.60156,0,DIRECTA
DITAS,15M,2025-12-23 10:00:00,2025-12-23,10:00:00,44535.60156,44580.60156,44525.60156,44560.60156,0,DIRECTA
DITAS,15M,2025-12-23 10:15:00,2025-12-23,10:15:00,44575.60156,44605.60156,44530.60156,44535.60156,0,DIRECTA
DITAS,15M,2025-12-23 10:30:00,2025-12-23,10:30:00,44530.60156,44575.60156,44495.60156,44555.60156,0,DIRECTA
DITAS,15M,2025-12-23 10:45:00,2025-12-23,10:45:00,44555.60156,44555.60156,44515.60156,44515.60156,0,DIRECTA
DITAS,15M,2025-12-23 11:00:00,2025-12-23,11:00:00,44530.60156,44590.60156,44530.60156,44590.60156,0,DIRECTA
DITAS,15M,2025-12-23 11:15:00,2025-12-23,11:15:00,44595.60156,44595.60156,44560.60156,44575.60156,0,DIRECTA
DITAS,15M,2025-12-23 11:30:00,2025-12-23,11:30:00,44575.60156,44575.60156,44545.60156,44545.60156,0,DIRECTA
DITAS,15M,2025-12-23 11:45:00,2025-12-23,11:45:00,44545.60156,44555.60156,44500.60156,44500.60156,0,DIRECTA
DITAS,15M,2025-12-23 12:00:00,2025-12-23,12:00:00,44495.60156,44515.60156,44490.60156,44495.60156,0,DIRECTA
DITAS,15M,2025-12-23 12:15:00,2025-12-23,12:15:00,44485.60156,44490.60156,44475.60156,44475.60156,0,DIRECTA
DITAS,15M,2025-12-23 12:30:00,2025-12-23,12:30:00,44470.60156,44480.60156,44455.60156,44455.60156,0,DIRECTA
DITAS,15M,2025-12-23 12:45:00,2025-12-23,12:45:00,44460.60156,44475.60156,44445.60156,44455.60156,0,DIRECTA
DITAS,15M,2025-12-23 13:00:00,2025-12-23,13:00:00,44465.60156,44465.60156,44445.60156,44450.60156,0,DIRECTA
DITAS,15M,2025-12-23 13:15:00,2025-12-23,13:15:00,44455.60156,44475.60156,44450.60156,44475.60156,0,DIRECTA
DITAS,15M,2025-12-23 13:30:00,2025-12-23,13:30:00,44475.60156,44495.60156,44475.60156,44485.60156,0,DIRECTA
DITAS,15M,2025-12-23 13:45:00,2025-12-23,13:45:00,44480.60156,44485.60156,44460.60156,44470.60156,0,DIRECTA
DITAS,15M,2025-12-23 14:00:00,2025-12-23,14:00:00,44475.60156,44490.60156,44460.60156,44490.60156,0,DIRECTA
DITAS,15M,2025-12-23 14:15:00,2025-12-23,14:15:00,44485.60156,44485.60156,44455.60156,44475.60156,0,DIRECTA
DITAS,15M,2025-12-23 14:30:00,2025-12-23,14:30:00,44470.60156,44490.60156,44460.60156,44460.60156,0,DIRECTA
DITAS,15M,2025-12-23 14:45:00,2025-12-23,14:45:00,44470.60156,44510.60156,44460.60156,44500.60156,0,DIRECTA
DITAS,15M,2025-12-23 15:00:00,2025-12-23,15:00:00,44490.60156,44555.60156,44490.60156,44555.60156,0,DIRECTA
DITAS,15M,2025-12-23 15:15:00,2025-12-23,15:15:00,44560.60156,44590.60156,44560.60156,44580.60156,0,DIRECTA
DITAS,15M,2025-12-23 15:30:00,2025-12-23,15:30:00,44585.60156,44675.60156,44585.60156,44660.60156,0,DIRECTA
DITAS,15M,2025-12-23 15:45:00,2025-12-23,15:45:00,44665.60156,44665.60156,44620.60156,44625.60156,0,DIRECTA
DITAS,15M,2025-12-23 16:00:00,2025-12-23,16:00:00,44630.60156,44650.60156,44600.60156,44650.60156,0,DIRECTA
DITAS,15M,2025-12-23 16:15:00,2025-12-23,16:15:00,44655.60156,44705.60156,44655.60156,44665.60156,0,DIRECTA
DITAS,15M,2025-12-23 16:30:00,2025-12-23,16:30:00,44660.60156,44675.60156,44660.60156,44660.60156,0,DIRECTA
DITAS,15M,2025-12-23 16:45:00,2025-12-23,16:45:00,44660.60156,44670.60156,44650.60156,44670.60156,0,DIRECTA
DITAS,15M,2025-12-23 17:00:00,2025-12-23,17:00:00,44660.60156,44675.60156,44620.60156,44625.60156,0,DIRECTA
DITAS,15M,2025-12-23 17:15:00,2025-12-23,17:15:00,44625.60156,44645.60156,44620.60156,44620.60156,0,DIRECTA
DITAS,15M,2025-12-23 17:30:00,2025-12-23,17:30:00,44630.60156,44645.60156,44590.60156,44590.60156,0,DIRECTA
DITAS,15M,2025-12-23 17:45:00,2025-12-23,17:45:00,44595.60156,44600.60156,44585.60156,44590.60156,0,DIRECTA
DITAS,15M,2025-12-23 18:00:00,2025-12-23,18:00:00,44580.60156,44595.60156,44580.60156,44590.60156,0,DIRECTA
DITAS,15M,2025-12-23 18:15:00,2025-12-23,18:15:00,44590.60156,44605.60156,44590.60156,44605.60156,0,DIRECTA
DITAS,15M,2025-12-23 18:30:00,2025-12-23,18:30:00,44605.60156,44605.60156,44595.60156,44595.60156,0,DIRECTA
DITAS,15M,2025-12-23 18:45:00,2025-12-23,18:45:00,44595.60156,44595.60156,44580.60156,44580.60156,0,DIRECTA
DITAS,15M,2025-12-23 19:00:00,2025-12-23,19:00:00,44585.60156,44585.60156,44585.60156,44585.60156,0,DIRECTA
DITAS,15M,2025-12-23 19:15:00,2025-12-23,19:15:00,44610.60156,44615.60156,44605.60156,44605.60156,0,DIRECTA
DITAS,15M,2025-12-23 19:30:00,2025-12-23,19:30:00,44605.60156,44605.60156,44600.60156,44605.60156,0,DIRECTA
DITAS,15M,2025-12-23 19:45:00,2025-12-23,19:45:00,44610.60156,44610.60156,44595.60156,44595.60156,0,DIRECTA
DITAS,15M,2025-12-23 20:00:00,2025-12-23,20:00:00,44595.60156,44600.60156,44590.60156,44590.60156,0,DIRECTA
DITAS,15M,2025-12-23 20:15:00,2025-12-23,20:15:00,44590.60156,44590.60156,44585.60156,44585.60156,0,DIRECTA
DITAS,15M,2025-12-23 20:30:00,2025-12-23,20:30:00,44580.60156,44585.60156,44580.60156,44585.60156,0,DIRECTA
DITAS,15M,2025-12-23 20:45:00,2025-12-23,20:45:00,44575.60156,44575.60156,44575.60156,44575.60156,0,DIRECTA
DITAS,15M,2025-12-23 21:00:00,2025-12-23,21:00:00,44570.60156,44590.60156,44570.60156,44590.60156,0,DIRECTA
DITAS,15M,2025-12-23 21:15:00,2025-12-23,21:15:00,44575.60156,44580.60156,44570.60156,44575.60156,0,DIRECTA
DITAS,15M,2025-12-23 21:30:00,2025-12-23,21:30:00,44565.60156,44585.60156,44555.60156,44560.60156,0,DIRECTA
DITAS,15M,2025-12-23 21:45:00,2025-12-23,21:45:00,44585.60156,44600.60156,44535.60156,44540.60156,0,DIRECTA
DITAS,15M,2025-12-29 08:00:00,2025-12-29,08:00:00,44680.57813,44690.57813,44650.57813,44660.57813,0,DIRECTA
DITAS,15M,2025-12-29 08:15:00,2025-12-29,08:15:00,44650.57813,44690.57813,44650.57813,44690.57813,0,DIRECTA
DITAS,15M,2025-12-29 08:30:00,2025-12-29,08:30:00,44700.57813,44705.57813,44685.57813,44695.57813,0,DIRECTA
DITAS,15M,2025-12-29 08:45:00,2025-12-29,08:45:00,44700.57813,44715.57813,44645.57813,44665.57813,0,DIRECTA
DITAS,15M,2025-12-29 09:00:00,2025-12-29,09:00:00,44660.57813,44675.57813,44450.57813,44455.57813,0,DIRECTA
DITAS,15M,2025-12-29 09:15:00,2025-12-29,09:15:00,44460.57813,44530.57813,44460.57813,44460.57813,0,DIRECTA
DITAS,15M,2025-12-29 09:30:00,2025-12-29,09:30:00,44475.57813,44500.57813,44425.57813,44440.57813,0,DIRECTA
DITAS,15M,2025-12-29 09:45:00,2025-12-29,09:45:00,44445.57813,44470.57813,44410.57813,44435.57813,0,DIRECTA
DITAS,15M,2025-12-29 10:00:00,2025-12-29,10:00:00,44450.57813,44500.57813,44425.57813,44500.57813,0,DIRECTA
DITAS,15M,2025-12-29 10:15:00,2025-12-29,10:15:00,44495.57813,44515.57813,44480.57813,44510.57813,0,DIRECTA
DITAS,15M,2025-12-29 10:30:00,2025-12-29,10:30:00,44505.57813,44505.57813,44435.57813,44480.57813,0,DIRECTA
DITAS,15M,2025-12-29 10:45:00,2025-12-29,10:45:00,44470.57813,44475.57813,44425.57813,44470.57813,0,DIRECTA
DITAS,15M,2025-12-29 11:00:00,2025-12-29,11:00:00,44465.57813,44470.57813,44440.57813,44470.57813,0,DIRECTA
DITAS,15M,2025-12-29 11:15:00,2025-12-29,11:15:00,44475.57813,44530.57813,44470.57813,44525.57813,0,DIRECTA
DITAS,15M,2025-12-29 11:30:00,2025-12-29,11:30:00,44530.57813,44530.57813,44475.57813,44475.57813,0,DIRECTA
DITAS,15M,2025-12-29 11:45:00,2025-12-29,11:45:00,44480.57813,44535.57813,44480.57813,44530.57813,0,DIRECTA
DITAS,15M,2025-12-29 12:00:00,2025-12-29,12:00:00,44530.57813,44550.57813,44510.57813,44515.57813,0,DIRECTA
DITAS,15M,2025-12-29 12:15:00,2025-12-29,12:15:00,44505.57813,44530.57813,44505.57813,44525.57813,0,DIRECTA
DITAS,15M,2025-12-29 12:30:00,2025-12-29,12:30:00,44515.57813,44570.57813,44515.57813,44570.57813,0,DIRECTA
DITAS,15M,2025-12-29 12:45:00,2025-12-29,12:45:00,44570.57813,44575.57813,44550.57813,44550.57813,0,DIRECTA
DITAS,15M,2025-12-29 13:00:00,2025-12-29,13:00:00,44550.57813,44555.57813,44525.57813,44555.57813,0,DIRECTA
DITAS,15M,2025-12-29 13:15:00,2025-12-29,13:15:00,44550.57813,44560.57813,44540.57813,44550.57813,0,DIRECTA
DITAS,15M,2025-12-29 13:30:00,2025-12-29,13:30:00,44540.57813,44540.57813,44510.57813,44510.57813,0,DIRECTA
DITAS,15M,2025-12-29 13:45:00,2025-12-29,13:45:00,44510.57813,44510.57813,44470.57813,44510.57813,0,DIRECTA
DITAS,15M,2025-12-29 14:00:00,2025-12-29,14:00:00,44510.57813,44510.57813,44500.57813,44505.57813,0,DIRECTA
DITAS,15M,2025-12-29 14:15:00,2025-12-29,14:15:00,44505.57813,44555.57813,44505.57813,44540.57813,0,DIRECTA
DITAS,15M,2025-12-29 14:30:00,2025-12-29,14:30:00,44530.57813,44550.57813,44530.57813,44545.57813,0,DIRECTA
DITAS,15M,2025-12-29 14:45:00,2025-12-29,14:45:00,44550.57813,44550.57813,44520.57813,44545.57813,0,DIRECTA
DITAS,15M,2025-12-29 15:00:00,2025-12-29,15:00:00,44545.57813,44545.57813,44540.57813,44540.57813,0,DIRECTA
DITAS,15M,2025-12-29 15:15:00,2025-12-29,15:15:00,44545.57813,44555.57813,44530.57813,44540.57813,0,DIRECTA
DITAS,15M,2025-12-29 15:30:00,2025-12-29,15:30:00,44545.57813,44550.57813,44470.57813,44490.57813,0,DIRECTA
DITAS,15M,2025-12-29 15:45:00,2025-12-29,15:45:00,44480.57813,44505.57813,44460.57813,44480.57813,0,DIRECTA
DITAS,15M,2025-12-29 16:00:00,2025-12-29,16:00:00,44475.57813,44480.57813,44420.57813,44440.57813,0,DIRECTA
DITAS,15M,2025-12-29 16:15:00,2025-12-29,16:15:00,44440.57813,44460.57813,44420.57813,44455.57813,0,DIRECTA
DITAS,15M,2025-12-29 16:30:00,2025-12-29,16:30:00,44460.57813,44475.57813,44425.57813,44475.57813,0,DIRECTA
DITAS,15M,2025-12-29 16:45:00,2025-12-29,16:45:00,44470.57813,44520.57813,44435.57813,44520.57813,0,DIRECTA
DITAS,15M,2025-12-29 17:00:00,2025-12-29,17:00:00,44520.57813,44525.57813,44505.57813,44505.57813,0,DIRECTA
DITAS,15M,2025-12-29 17:15:00,2025-12-29,17:15:00,44505.57813,44510.57813,44480.57813,44480.57813,0,DIRECTA
DITAS,15M,2025-12-29 17:30:00,2025-12-29,17:30:00,44480.57813,44530.57813,44400.57813,44420.57813,0,DIRECTA
DITAS,15M,2025-12-29 17:45:00,2025-12-29,17:45:00,44430.57813,44445.57813,44420.57813,44430.57813,0,DIRECTA
DITAS,15M,2025-12-29 18:00:00,2025-12-29,18:00:00,44445.57813,44445.57813,44430.57813,44430.57813,0,DIRECTA
DITAS,15M,2025-12-29 18:15:00,2025-12-29,18:15:00,44420.57813,44430.57813,44400.57813,44405.57813,0,DIRECTA
DITAS,15M,2025-12-29 18:30:00,2025-12-29,18:30:00,44410.57813,44410.57813,44405.57813,44410.57813,0,DIRECTA
DITAS,15M,2025-12-29 18:45:00,2025-12-29,18:45:00,44420.57813,44435.57813,44420.57813,44435.57813,0,DIRECTA
DITAS,15M,2025-12-29 19:00:00,2025-12-29,19:00:00,44430.57813,44430.57813,44425.57813,44425.57813,0,DIRECTA
DITAS,15M,2025-12-29 19:15:00,2025-12-29,19:15:00,44435.57813,44440.57813,44435.57813,44440.57813,0,DIRECTA
DITAS,15M,2025-12-29 19:30:00,2025-12-29,19:30:00,44445.57813,44460.57813,44435.57813,44435.57813,0,DIRECTA
DITAS,15M,2025-12-29 19:45:00,2025-12-29,19:45:00,44430.57813,44430.57813,44425.57813,44425.57813,0,DIRECTA
DITAS,15M,2025-12-29 20:00:00,2025-12-29,20:00:00,44420.57813,44420.57813,44410.57813,44410.57813,0,DIRECTA
DITAS,15M,2025-12-29 20:15:00,2025-12-29,20:15:00,44430.57813,44430.57813,44425.57813,44425.57813,0,DIRECTA
DITAS,15M,2025-12-29 20:30:00,2025-12-29,20:30:00,44430.57813,44450.57813,44430.57813,44450.57813,0,DIRECTA
DITAS,15M,2025-12-29 20:45:00,2025-12-29,20:45:00,44450.57813,44460.57813,44450.57813,44460.57813,0,DIRECTA
DITAS,15M,2025-12-29 21:00:00,2025-12-29,21:00:00,44450.57813,44460.57813,44450.57813,44460.57813,0,DIRECTA
DITAS,15M,2025-12-29 21:15:00,2025-12-29,21:15:00,44460.57813,44465.57813,44450.57813,44455.57813,0,DIRECTA
DITAS,15M,2025-12-29 21:30:00,2025-12-29,21:30:00,44445.57813,44450.57813,44425.57813,44425.57813,0,DIRECTA
DITAS,15M,2025-12-29 21:45:00,2025-12-29,21:45:00,44435.57813,44445.57813,44425.57813,44425.57813,0,DIRECTA
DITAS,15M,2025-12-30 08:00:00,2025-12-30,08:00:00,44420.01172,44475.01172,44420.01172,44450.01172,0,DIRECTA
DITAS,15M,2025-12-30 08:15:00,2025-12-30,08:15:00,44445.01172,44445.01172,44435.01172,44445.01172,0,DIRECTA
DITAS,15M,2025-12-30 08:30:00,2025-12-30,08:30:00,44430.01172,44440.01172,44405.01172,44440.01172,0,DIRECTA
DITAS,15M,2025-12-30 08:45:00,2025-12-30,08:45:00,44420.01172,44435.01172,44415.01172,44415.01172,0,DIRECTA
DITAS,15M,2025-12-30 09:00:00,2025-12-30,09:00:00,44420.01172,44660.01172,44420.01172,44615.01172,0,DIRECTA
DITAS,15M,2025-12-30 09:15:00,2025-12-30,09:15:00,44625.01172,44650.01172,44575.01172,44640.01172,0,DIRECTA
DITAS,15M,2025-12-30 09:30:00,2025-12-30,09:30:00,44640.01172,44670.01172,44590.01172,44595.01172,0,DIRECTA
DITAS,15M,2025-12-30 09:45:00,2025-12-30,09:45:00,44605.01172,44660.01172,44605.01172,44660.01172,0,DIRECTA
DITAS,15M,2025-12-30 10:00:00,2025-12-30,10:00:00,44655.01172,44700.01172,44650.01172,44690.01172,0,DIRECTA
DITAS,15M,2025-12-30 10:15:00,2025-12-30,10:15:00,44685.01172,44720.01172,44675.01172,44710.01172,0,DIRECTA
DITAS,15M,2025-12-30 10:30:00,2025-12-30,10:30:00,44725.01172,44770.01172,44725.01172,44755.01172,0,DIRECTA
DITAS,15M,2025-12-30 10:45:00,2025-12-30,10:45:00,44750.01172,44785.01172,44740.01172,44780.01172,0,DIRECTA
DITAS,15M,2025-12-30 11:00:00,2025-12-30,11:00:00,44785.01172,44820.01172,44780.01172,44805.01172,0,DIRECTA
DITAS,15M,2025-12-30 11:15:00,2025-12-30,11:15:00,44800.01172,44845.01172,44795.01172,44845.01172,0,DIRECTA
DITAS,15M,2025-12-30 11:30:00,2025-12-30,11:30:00,44845.01172,44845.01172,44820.01172,44830.01172,0,DIRECTA
DITAS,15M,2025-12-30 11:45:00,2025-12-30,11:45:00,44830.01172,44840.01172,44810.01172,44840.01172,0,DIRECTA
DITAS,15M,2025-12-30 12:00:00,2025-12-30,12:00:00,44835.01172,44855.01172,44810.01172,44835.01172,0,DIRECTA
DITAS,15M,2025-12-30 12:15:00,2025-12-30,12:15:00,44845.01172,44855.01172,44830.01172,44835.01172,0,DIRECTA
DITAS,15M,2025-12-30 12:30:00,2025-12-30,12:30:00,44845.01172,44880.01172,44845.01172,44870.01172,0,DIRECTA
DITAS,15M,2025-12-30 12:45:00,2025-12-30,12:45:00,44875.01172,44905.01172,44875.01172,44890.01172,0,DIRECTA
DITAS,15M,2025-12-30 13:00:00,2025-12-30,13:00:00,44895.01172,44930.01172,44895.01172,44925.01172,0,DIRECTA
DITAS,15M,2025-12-30 13:15:00,2025-12-30,13:15:00,44925.01172,44935.01172,44890.01172,44905.01172,0,DIRECTA
DITAS,15M,2025-12-30 13:30:00,2025-12-30,13:30:00,44910.01172,44940.01172,44910.01172,44935.01172,0,DIRECTA
DITAS,15M,2025-12-30 13:45:00,2025-12-30,13:45:00,44935.01172,44935.01172,44890.01172,44925.01172,0,DIRECTA
DITAS,15M,2025-12-30 14:00:00,2025-12-30,14:00:00,44935.01172,44955.01172,44925.01172,44950.01172,0,DIRECTA
DITAS,15M,2025-12-30 14:15:00,2025-12-30,14:15:00,44950.01172,44995.01172,44940.01172,44985.01172,0,DIRECTA
DITAS,15M,2025-12-30 14:30:00,2025-12-30,14:30:00,44985.01172,44985.01172,44960.01172,44960.01172,0,DIRECTA
DITAS,15M,2025-12-30 14:45:00,2025-12-30,14:45:00,44965.01172,44975.01172,44950.01172,44975.01172,0,DIRECTA
DITAS,15M,2025-12-30 15:00:00,2025-12-30,15:00:00,44980.01172,44990.01172,44980.01172,44980.01172,0,DIRECTA
DITAS,15M,2025-12-30 15:15:00,2025-12-30,15:15:00,44985.01172,44985.01172,44945.01172,44945.01172,0,DIRECTA
DITAS,15M,2025-12-30 15:30:00,2025-12-30,15:30:00,44950.01172,44950.01172,44900.01172,44900.01172,0,DIRECTA
DITAS,15M,2025-12-30 15:45:00,2025-12-30,15:45:00,44900.01172,44910.01172,44860.01172,44895.01172,0,DIRECTA
DITAS,15M,2025-12-30 16:00:00,2025-12-30,16:00:00,44900.01172,44920.01172,44890.01172,44900.01172,0,DIRECTA
DITAS,15M,2025-12-30 16:15:00,2025-12-30,16:15:00,44905.01172,44940.01172,44905.01172,44930.01172,0,DIRECTA
DITAS,15M,2025-12-30 16:30:00,2025-12-30,16:30:00,44930.01172,44990.01172,44925.01172,44980.01172,0,DIRECTA
DITAS,15M,2025-12-30 16:45:00,2025-12-30,16:45:00,44980.01172,45010.01172,44980.01172,45005.01172,0,DIRECTA
DITAS,15M,2025-12-30 17:00:00,2025-12-30,17:00:00,44990.01172,45010.01172,44985.01172,45000.01172,0,DIRECTA
DITAS,15M,2025-12-30 17:15:00,2025-12-30,17:15:00,45000.01172,45025.01172,45000.01172,45005.01172,0,DIRECTA
DITAS,15M,2025-12-30 17:30:00,2025-12-30,17:30:00,44995.01172,44995.01172,44935.01172,44940.01172,0,DIRECTA
DITAS,15M,2025-12-30 17:45:00,2025-12-30,17:45:00,44945.01172,44955.01172,44940.01172,44945.01172,0,DIRECTA
DITAS,15M,2025-12-30 18:00:00,2025-12-30,18:00:00,44945.01172,44945.01172,44940.01172,44945.01172,0,DIRECTA
DITAS,15M,2025-12-30 18:15:00,2025-12-30,18:15:00,44945.01172,44955.01172,44945.01172,44950.01172,0,DIRECTA
DITAS,15M,2025-12-30 18:30:00,2025-12-30,18:30:00,44965.01172,44965.01172,44955.01172,44960.01172,0,DIRECTA
DITAS,15M,2025-12-30 18:45:00,2025-12-30,18:45:00,44955.01172,44975.01172,44950.01172,44975.01172,0,DIRECTA
DITAS,15M,2025-12-30 19:00:00,2025-12-30,19:00:00,44975.01172,44985.01172,44975.01172,44980.01172,0,DIRECTA
DITAS,15M,2025-12-30 19:15:00,2025-12-30,19:15:00,44990.01172,45010.01172,44990.01172,45010.01172,0,DIRECTA
DITAS,15M,2025-12-30 19:30:00,2025-12-30,19:30:00,45005.01172,45005.01172,44985.01172,44990.01172,0,DIRECTA
DITAS,15M,2025-12-30 19:45:00,2025-12-30,19:45:00,44995.01172,45005.01172,44965.01172,45005.01172,0,DIRECTA
DITAS,15M,2025-12-30 20:00:00,2025-12-30,20:00:00,44980.01172,44980.01172,44960.01172,44970.01172,0,DIRECTA
DITAS,15M,2025-12-30 20:15:00,2025-12-30,20:15:00,44965.01172,44970.01172,44965.01172,44970.01172,0,DIRECTA
DITAS,15M,2025-12-30 20:30:00,2025-12-30,20:30:00,44975.01172,44980.01172,44970.01172,44975.01172,0,DIRECTA
DITAS,15M,2025-12-30 20:45:00,2025-12-30,20:45:00,44975.01172,44975.01172,44960.01172,44970.01172,0,DIRECTA
DITAS,15M,2025-12-30 21:00:00,2025-12-30,21:00:00,44980.01172,44985.01172,44960.01172,44960.01172,0,DIRECTA
DITAS,15M,2025-12-30 21:15:00,2025-12-30,21:15:00,44960.01172,44985.01172,44960.01172,44975.01172,0,DIRECTA
DITAS,15M,2025-12-30 21:30:00,2025-12-30,21:30:00,44970.01172,45035.01172,44970.01172,45000.01172,0,DIRECTA
DITAS,15M,2025-12-30 21:45:00,2025-12-30,21:45:00,45010.01172,45020.01172,44970.01172,44970.01172,0,DIRECTA
DITAS,15M,2026-01-02 08:00:00,2026-01-02,08:00:00,44996.53906,45006.53906,44906.53906,44906.53906,0,DIRECTA
DITAS,15M,2026-01-02 08:15:00,2026-01-02,08:15:00,44906.53906,44921.53906,44886.53906,44916.53906,0,DIRECTA
DITAS,15M,2026-01-02 08:30:00,2026-01-02,08:30:00,44916.53906,44916.53906,44876.53906,44901.53906,0,DIRECTA
DITAS,15M,2026-01-02 08:45:00,2026-01-02,08:45:00,44901.53906,44926.53906,44841.53906,44916.53906,0,DIRECTA
DITAS,15M,2026-01-02 09:00:00,2026-01-02,09:00:00,44946.53906,45116.53906,44881.53906,45091.53906,0,DIRECTA
DITAS,15M,2026-01-02 09:15:00,2026-01-02,09:15:00,45101.53906,45226.53906,45091.53906,45201.53906,0,DIRECTA
DITAS,15M,2026-01-02 09:30:00,2026-01-02,09:30:00,45201.53906,45251.53906,45161.53906,45251.53906,0,DIRECTA
DITAS,15M,2026-01-02 09:45:00,2026-01-02,09:45:00,45246.53906,45311.53906,45231.53906,45296.53906,0,DIRECTA
DITAS,15M,2026-01-02 10:00:00,2026-01-02,10:00:00,45301.53906,45346.53906,45291.53906,45301.53906,0,DIRECTA
DITAS,15M,2026-01-02 10:15:00,2026-01-02,10:15:00,45291.53906,45291.53906,45231.53906,45251.53906,0,DIRECTA
DITAS,15M,2026-01-02 10:30:00,2026-01-02,10:30:00,45256.53906,45256.53906,45176.53906,45231.53906,0,DIRECTA
DITAS,15M,2026-01-02 10:45:00,2026-01-02,10:45:00,45241.53906,45241.53906,45201.53906,45241.53906,0,DIRECTA
DITAS,15M,2026-01-02 11:00:00,2026-01-02,11:00:00,45236.53906,45236.53906,45116.53906,45116.53906,0,DIRECTA
DITAS,15M,2026-01-02 11:15:00,2026-01-02,11:15:00,45121.53906,45141.53906,45081.53906,45096.53906,0,DIRECTA
DITAS,15M,2026-01-02 11:30:00,2026-01-02,11:30:00,45091.53906,45101.53906,45031.53906,45081.53906,0,DIRECTA
DITAS,15M,2026-01-02 11:45:00,2026-01-02,11:45:00,45076.53906,45116.53906,45056.53906,45106.53906,0,DIRECTA
DITAS,15M,2026-01-02 12:00:00,2026-01-02,12:00:00,45121.53906,45156.53906,45096.53906,45136.53906,0,DIRECTA
DITAS,15M,2026-01-02 12:15:00,2026-01-02,12:15:00,45141.53906,45171.53906,45106.53906,45166.53906,0,DIRECTA
DITAS,15M,2026-01-02 12:30:00,2026-01-02,12:30:00,45171.53906,45206.53906,45161.53906,45201.53906,0,DIRECTA
DITAS,15M,2026-01-02 12:45:00,2026-01-02,12:45:00,45196.53906,45206.53906,45181.53906,45201.53906,0,DIRECTA
DITAS,15M,2026-01-02 13:00:00,2026-01-02,13:00:00,45196.53906,45196.53906,45156.53906,45176.53906,0,DIRECTA
DITAS,15M,2026-01-02 13:15:00,2026-01-02,13:15:00,45181.53906,45206.53906,45171.53906,45206.53906,0,DIRECTA
DITAS,15M,2026-01-02 13:30:00,2026-01-02,13:30:00,45206.53906,45206.53906,45156.53906,45171.53906,0,DIRECTA
DITAS,15M,2026-01-02 13:45:00,2026-01-02,13:45:00,45181.53906,45201.53906,45171.53906,45191.53906,0,DIRECTA
DITAS,15M,2026-01-02 14:00:00,2026-01-02,14:00:00,45186.53906,45241.53906,45181.53906,45226.53906,0,DIRECTA
DITAS,15M,2026-01-02 14:15:00,2026-01-02,14:15:00,45236.53906,45301.53906,45236.53906,45291.53906,0,DIRECTA
DITAS,15M,2026-01-02 14:30:00,2026-01-02,14:30:00,45291.53906,45311.53906,45291.53906,45311.53906,0,DIRECTA
DITAS,15M,2026-01-02 14:45:00,2026-01-02,14:45:00,45316.53906,45341.53906,45311.53906,45336.53906,0,DIRECTA
DITAS,15M,2026-01-02 15:00:00,2026-01-02,15:00:00,45341.53906,45341.53906,45301.53906,45331.53906,0,DIRECTA
DITAS,15M,2026-01-02 15:15:00,2026-01-02,15:15:00,45311.53906,45336.53906,45296.53906,45321.53906,0,DIRECTA
DITAS,15M,2026-01-02 15:30:00,2026-01-02,15:30:00,45316.53906,45381.53906,45296.53906,45376.53906,0,DIRECTA
DITAS,15M,2026-01-02 15:45:00,2026-01-02,15:45:00,45376.53906,45386.53906,45321.53906,45321.53906,0,DIRECTA
DITAS,15M,2026-01-02 16:00:00,2026-01-02,16:00:00,45321.53906,45331.53906,45251.53906,45256.53906,0,DIRECTA
DITAS,15M,2026-01-02 16:15:00,2026-01-02,16:15:00,45251.53906,45291.53906,45221.53906,45271.53906,0,DIRECTA
DITAS,15M,2026-01-02 16:30:00,2026-01-02,16:30:00,45266.53906,45336.53906,45261.53906,45316.53906,0,DIRECTA
DITAS,15M,2026-01-02 16:45:00,2026-01-02,16:45:00,45326.53906,45346.53906,45291.53906,45311.53906,0,DIRECTA
DITAS,15M,2026-01-02 17:00:00,2026-01-02,17:00:00,45311.53906,45321.53906,45231.53906,45271.53906,0,DIRECTA
DITAS,15M,2026-01-02 17:15:00,2026-01-02,17:15:00,45286.53906,45326.53906,45286.53906,45321.53906,0,DIRECTA
DITAS,15M,2026-01-02 17:30:00,2026-01-02,17:30:00,45316.53906,45371.53906,45306.53906,45346.53906,0,DIRECTA
DITAS,15M,2026-01-02 17:45:00,2026-01-02,17:45:00,45341.53906,45346.53906,45301.53906,45326.53906,0,DIRECTA
DITAS,15M,2026-01-02 18:00:00,2026-01-02,18:00:00,45336.53906,45351.53906,45311.53906,45351.53906,0,DIRECTA
DITAS,15M,2026-01-02 18:15:00,2026-01-02,18:15:00,45351.53906,45356.53906,45336.53906,45346.53906,0,DIRECTA
DITAS,15M,2026-01-02 18:30:00,2026-01-02,18:30:00,45336.53906,45346.53906,45331.53906,45346.53906,0,DIRECTA
DITAS,15M,2026-01-02 18:45:00,2026-01-02,18:45:00,45341.53906,45341.53906,45306.53906,45336.53906,0,DIRECTA
DITAS,15M,2026-01-02 19:00:00,2026-01-02,19:00:00,45326.53906,45326.53906,45286.53906,45291.53906,0,DIRECTA
DITAS,15M,2026-01-02 19:15:00,2026-01-02,19:15:00,45281.53906,45326.53906,45276.53906,45306.53906,0,DIRECTA
DITAS,15M,2026-01-02 19:30:00,2026-01-02,19:30:00,45306.53906,45321.53906,45306.53906,45311.53906,0,DIRECTA
DITAS,15M,2026-01-02 19:45:00,2026-01-02,19:45:00,45321.53906,45321.53906,45291.53906,45321.53906,0,DIRECTA
DITAS,15M,2026-01-02 20:00:00,2026-01-02,20:00:00,45331.53906,45401.53906,45331.53906,45401.53906,0,DIRECTA
DITAS,15M,2026-01-02 20:15:00,2026-01-02,20:15:00,45396.53906,45421.53906,45381.53906,45416.53906,0,DIRECTA
DITAS,15M,2026-01-02 20:30:00,2026-01-02,20:30:00,45421.53906,45451.53906,45421.53906,45436.53906,0,DIRECTA
DITAS,15M,2026-01-02 20:45:00,2026-01-02,20:45:00,45446.53906,45451.53906,45441.53906,45441.53906,0,DIRECTA
DITAS,15M,2026-01-02 21:00:00,2026-01-02,21:00:00,45436.53906,45456.53906,45436.53906,45456.53906,0,DIRECTA
DITAS,15M,2026-01-02 21:15:00,2026-01-02,21:15:00,45451.53906,45486.53906,45446.53906,45466.53906,0,DIRECTA
DITAS,15M,2026-01-02 21:30:00,2026-01-02,21:30:00,45471.53906,45506.53906,45461.53906,45476.53906,0,DIRECTA
DITAS,15M,2026-01-02 21:45:00,2026-01-02,21:45:00,45476.53906,45501.53906,45466.53906,45501.53906,0,DIRECTA
DITAS,15M,2026-01-05 08:00:00,2026-01-05,08:00:00,45607.03125,45807.03125,45607.03125,45682.03125,0,DIRECTA
DITAS,15M,2026-01-05 08:15:00,2026-01-05,08:15:00,45672.03125,45682.03125,45642.03125,45647.03125,0,DIRECTA
DITAS,15M,2026-01-05 08:30:00,2026-01-05,08:30:00,45662.03125,45662.03125,45572.03125,45597.03125,0,DIRECTA
DITAS,15M,2026-01-05 08:45:00,2026-01-05,08:45:00,45587.03125,45672.03125,45582.03125,45652.03125,0,DIRECTA
DITAS,15M,2026-01-05 09:00:00,2026-01-05,09:00:00,45637.03125,45757.03125,45582.03125,45652.03125,0,DIRECTA
DITAS,15M,2026-01-05 09:15:00,2026-01-05,09:15:00,45657.03125,45692.03125,45602.03125,45637.03125,0,DIRECTA
DITAS,15M,2026-01-05 09:30:00,2026-01-05,09:30:00,45642.03125,45647.03125,45567.03125,45597.03125,0,DIRECTA
DITAS,15M,2026-01-05 09:45:00,2026-01-05,09:45:00,45592.03125,45617.03125,45582.03125,45582.03125,0,DIRECTA
DITAS,15M,2026-01-05 10:00:00,2026-01-05,10:00:00,45577.03125,45632.03125,45547.03125,45612.03125,0,DIRECTA
DITAS,15M,2026-01-05 10:15:00,2026-01-05,10:15:00,45592.03125,45632.03125,45582.03125,45587.03125,0,DIRECTA
DITAS,15M,2026-01-05 10:30:00,2026-01-05,10:30:00,45587.03125,45652.03125,45572.03125,45632.03125,0,DIRECTA
DITAS,15M,2026-01-05 10:45:00,2026-01-05,10:45:00,45647.03125,45692.03125,45637.03125,45657.03125,0,DIRECTA
DITAS,15M,2026-01-05 11:00:00,2026-01-05,11:00:00,45662.03125,45662.03125,45607.03125,45647.03125,0,DIRECTA
DITAS,15M,2026-01-05 11:15:00,2026-01-05,11:15:00,45647.03125,45662.03125,45612.03125,45617.03125,0,DIRECTA
DITAS,15M,2026-01-05 11:30:00,2026-01-05,11:30:00,45612.03125,45617.03125,45557.03125,45557.03125,0,DIRECTA
DITAS,15M,2026-01-05 11:45:00,2026-01-05,11:45:00,45557.03125,45642.03125,45557.03125,45642.03125,0,DIRECTA
DITAS,15M,2026-01-05 12:00:00,2026-01-05,12:00:00,45647.03125,45702.03125,45647.03125,45697.03125,0,DIRECTA
DITAS,15M,2026-01-05 12:15:00,2026-01-05,12:15:00,45702.03125,45732.03125,45687.03125,45707.03125,0,DIRECTA
DITAS,15M,2026-01-05 12:30:00,2026-01-05,12:30:00,45702.03125,45702.03125,45647.03125,45652.03125,0,DIRECTA
DITAS,15M,2026-01-05 12:45:00,2026-01-05,12:45:00,45647.03125,45682.03125,45642.03125,45667.03125,0,DIRECTA
DITAS,15M,2026-01-05 13:00:00,2026-01-05,13:00:00,45677.03125,45682.03125,45637.03125,45642.03125,0,DIRECTA
DITAS,15M,2026-01-05 13:15:00,2026-01-05,13:15:00,45642.03125,45662.03125,45567.03125,45577.03125,0,DIRECTA
DITAS,15M,2026-01-05 13:30:00,2026-01-05,13:30:00,45577.03125,45652.03125,45567.03125,45612.03125,0,DIRECTA
DITAS,15M,2026-01-05 13:45:00,2026-01-05,13:45:00,45607.03125,45632.03125,45587.03125,45627.03125,0,DIRECTA
DITAS,15M,2026-01-05 14:00:00,2026-01-05,14:00:00,45637.03125,45672.03125,45637.03125,45672.03125,0,DIRECTA
DITAS,15M,2026-01-05 14:15:00,2026-01-05,14:15:00,45677.03125,45687.03125,45662.03125,45677.03125,0,DIRECTA
DITAS,15M,2026-01-05 14:30:00,2026-01-05,14:30:00,45692.03125,45697.03125,45652.03125,45682.03125,0,DIRECTA
DITAS,15M,2026-01-05 14:45:00,2026-01-05,14:45:00,45687.03125,45717.03125,45672.03125,45672.03125,0,DIRECTA
DITAS,15M,2026-01-05 15:00:00,2026-01-05,15:00:00,45677.03125,45702.03125,45677.03125,45687.03125,0,DIRECTA
DITAS,15M,2026-01-05 15:15:00,2026-01-05,15:15:00,45692.03125,45692.03125,45657.03125,45692.03125,0,DIRECTA
DITAS,15M,2026-01-05 15:30:00,2026-01-05,15:30:00,45687.03125,45732.03125,45682.03125,45687.03125,0,DIRECTA
DITAS,15M,2026-01-05 15:45:00,2026-01-05,15:45:00,45697.03125,45707.03125,45662.03125,45697.03125,0,DIRECTA
DITAS,15M,2026-01-05 16:00:00,2026-01-05,16:00:00,45697.03125,45732.03125,45682.03125,45732.03125,0,DIRECTA
DITAS,15M,2026-01-05 16:15:00,2026-01-05,16:15:00,45712.03125,45762.03125,45697.03125,45757.03125,0,DIRECTA
DITAS,15M,2026-01-05 16:30:00,2026-01-05,16:30:00,45752.03125,45832.03125,45752.03125,45807.03125,0,DIRECTA
DITAS,15M,2026-01-05 16:45:00,2026-01-05,16:45:00,45812.03125,45847.03125,45807.03125,45827.03125,0,DIRECTA
DITAS,15M,2026-01-05 17:00:00,2026-01-05,17:00:00,45832.03125,45832.03125,45797.03125,45807.03125,0,DIRECTA
DITAS,15M,2026-01-05 17:15:00,2026-01-05,17:15:00,45807.03125,45832.03125,45792.03125,45832.03125,0,DIRECTA
DITAS,15M,2026-01-05 17:30:00,2026-01-05,17:30:00,45832.03125,45872.03125,45822.03125,45867.03125,0,DIRECTA
DITAS,15M,2026-01-05 17:45:00,2026-01-05,17:45:00,45872.03125,45872.03125,45862.03125,45862.03125,0,DIRECTA
DITAS,15M,2026-01-05 18:00:00,2026-01-05,18:00:00,45867.03125,45877.03125,45867.03125,45877.03125,0,DIRECTA
DITAS,15M,2026-01-05 18:15:00,2026-01-05,18:15:00,45872.03125,45877.03125,45857.03125,45857.03125,0,DIRECTA
DITAS,15M,2026-01-05 18:30:00,2026-01-05,18:30:00,45857.03125,45872.03125,45857.03125,45872.03125,0,DIRECTA
DITAS,15M,2026-01-05 18:45:00,2026-01-05,18:45:00,45872.03125,45872.03125,45857.03125,45862.03125,0,DIRECTA
DITAS,15M,2026-01-05 19:00:00,2026-01-05,19:00:00,45857.03125,45862.03125,45842.03125,45857.03125,0,DIRECTA
DITAS,15M,2026-01-05 19:15:00,2026-01-05,19:15:00,45842.03125,45842.03125,45832.03125,45837.03125,0,DIRECTA
DITAS,15M,2026-01-05 19:30:00,2026-01-05,19:30:00,45837.03125,45837.03125,45837.03125,45837.03125,0,DIRECTA
DITAS,15M,2026-01-05 19:45:00,2026-01-05,19:45:00,45847.03125,45847.03125,45847.03125,45847.03125,0,DIRECTA
DITAS,15M,2026-01-05 20:00:00,2026-01-05,20:00:00,45847.03125,45852.03125,45837.03125,45842.03125,0,DIRECTA
DITAS,15M,2026-01-05 20:15:00,2026-01-05,20:15:00,45847.03125,45857.03125,45847.03125,45847.03125,0,DIRECTA
DITAS,15M,2026-01-05 20:45:00,2026-01-05,20:45:00,45857.03125,45857.03125,45847.03125,45852.03125,0,DIRECTA
DITAS,15M,2026-01-05 21:00:00,2026-01-05,21:00:00,45857.03125,45862.03125,45847.03125,45847.03125,0,DIRECTA
DITAS,15M,2026-01-05 21:15:00,2026-01-05,21:15:00,45847.03125,45867.03125,45847.03125,45867.03125,0,DIRECTA
DITAS,15M,2026-01-05 21:30:00,2026-01-05,21:30:00,45872.03125,45892.03125,45872.03125,45877.03125,0,DIRECTA
DITAS,15M,2026-01-05 21:45:00,2026-01-05,21:45:00,45872.03125,45892.03125,45867.03125,45887.03125,0,DIRECTA
DITAS,15M,2026-01-06 08:00:00,2026-01-06,08:00:00,45939.32031,46059.32031,45934.32031,45999.32031,0,DIRECTA
DITAS,15M,2026-01-06 08:15:00,2026-01-06,08:15:00,45999.32031,45999.32031,45974.32031,45974.32031,0,DIRECTA
DITAS,15M,2026-01-06 08:30:00,2026-01-06,08:30:00,45979.32031,45989.32031,45934.32031,45934.32031,0,DIRECTA
DITAS,15M,2026-01-06 08:45:00,2026-01-06,08:45:00,45934.32031,45994.32031,45909.32031,45994.32031,0,DIRECTA
DITAS,15M,2026-01-06 09:00:00,2026-01-06,09:00:00,45954.32031,46184.32031,45949.32031,46059.32031,0,DIRECTA
DITAS,15M,2026-01-06 09:15:00,2026-01-06,09:15:00,46054.32031,46114.32031,46039.32031,46084.32031,0,DIRECTA
DITAS,15M,2026-01-06 09:30:00,2026-01-06,09:30:00,46089.32031,46109.32031,46044.32031,46059.32031,0,DIRECTA
DITAS,15M,2026-01-06 09:45:00,2026-01-06,09:45:00,46074.32031,46089.32031,45989.32031,46004.32031,0,DIRECTA
DITAS,15M,2026-01-06 10:00:00,2026-01-06,10:00:00,46004.32031,46034.32031,45959.32031,45974.32031,0,DIRECTA
DITAS,15M,2026-01-06 10:15:00,2026-01-06,10:15:00,45984.32031,46029.32031,45974.32031,45989.32031,0,DIRECTA
DITAS,15M,2026-01-06 10:30:00,2026-01-06,10:30:00,45979.32031,45989.32031,45909.32031,45949.32031,0,DIRECTA
DITAS,15M,2026-01-06 10:45:00,2026-01-06,10:45:00,45944.32031,45944.32031,45809.32031,45829.32031,0,DIRECTA
DITAS,15M,2026-01-06 11:00:00,2026-01-06,11:00:00,45834.32031,45894.32031,45829.32031,45894.32031,0,DIRECTA
DITAS,15M,2026-01-06 11:15:00,2026-01-06,11:15:00,45894.32031,45904.32031,45859.32031,45879.32031,0,DIRECTA
DITAS,15M,2026-01-06 11:30:00,2026-01-06,11:30:00,45884.32031,45914.32031,45884.32031,45914.32031,0,DIRECTA
DITAS,15M,2026-01-06 11:45:00,2026-01-06,11:45:00,45929.32031,45939.32031,45899.32031,45924.32031,0,DIRECTA
DITAS,15M,2026-01-06 12:00:00,2026-01-06,12:00:00,45919.32031,45989.32031,45919.32031,45989.32031,0,DIRECTA
DITAS,15M,2026-01-06 12:15:00,2026-01-06,12:15:00,45994.32031,46049.32031,45994.32031,46029.32031,0,DIRECTA
DITAS,15M,2026-01-06 12:30:00,2026-01-06,12:30:00,46029.32031,46029.32031,45999.32031,46014.32031,0,DIRECTA
DITAS,15M,2026-01-06 12:45:00,2026-01-06,12:45:00,45994.32031,45994.32031,45974.32031,45974.32031,0,DIRECTA
DITAS,15M,2026-01-06 13:00:00,2026-01-06,13:00:00,45984.32031,45994.32031,45964.32031,45989.32031,0,DIRECTA
DITAS,15M,2026-01-06 13:15:00,2026-01-06,13:15:00,45994.32031,45999.32031,45979.32031,45989.32031,0,DIRECTA
DITAS,15M,2026-01-06 13:30:00,2026-01-06,13:30:00,45984.32031,46014.32031,45969.32031,45999.32031,0,DIRECTA
DITAS,15M,2026-01-06 13:45:00,2026-01-06,13:45:00,45999.32031,46059.32031,45999.32031,46034.32031,0,DIRECTA
DITAS,15M,2026-01-06 14:00:00,2026-01-06,14:00:00,46049.32031,46064.32031,45999.32031,46024.32031,0,DIRECTA
DITAS,15M,2026-01-06 14:15:00,2026-01-06,14:15:00,46004.32031,46029.32031,45994.32031,46029.32031,0,DIRECTA
DITAS,15M,2026-01-06 14:30:00,2026-01-06,14:30:00,46024.32031,46029.32031,45984.32031,45984.32031,0,DIRECTA
DITAS,15M,2026-01-06 14:45:00,2026-01-06,14:45:00,45999.32031,46034.32031,45974.32031,46029.32031,0,DIRECTA
DITAS,15M,2026-01-06 15:00:00,2026-01-06,15:00:00,46034.32031,46039.32031,45974.32031,46019.32031,0,DIRECTA
DITAS,15M,2026-01-06 15:15:00,2026-01-06,15:15:00,46019.32031,46039.32031,46019.32031,46029.32031,0,DIRECTA
DITAS,15M,2026-01-06 15:30:00,2026-01-06,15:30:00,46039.32031,46054.32031,45959.32031,45969.32031,0,DIRECTA
DITAS,15M,2026-01-06 15:45:00,2026-01-06,15:45:00,45979.32031,46014.32031,45939.32031,45954.32031,0,DIRECTA
DITAS,15M,2026-01-06 16:00:00,2026-01-06,16:00:00,45954.32031,45969.32031,45924.32031,45939.32031,0,DIRECTA
DITAS,15M,2026-01-06 16:15:00,2026-01-06,16:15:00,45944.32031,45944.32031,45864.32031,45864.32031,0,DIRECTA
DITAS,15M,2026-01-06 16:30:00,2026-01-06,16:30:00,45889.32031,45929.32031,45869.32031,45929.32031,0,DIRECTA
DITAS,15M,2026-01-06 16:45:00,2026-01-06,16:45:00,45929.32031,45929.32031,45849.32031,45859.32031,0,DIRECTA
DITAS,15M,2026-01-06 17:00:00,2026-01-06,17:00:00,45859.32031,45864.32031,45794.32031,45794.32031,0,DIRECTA
DITAS,15M,2026-01-06 17:15:00,2026-01-06,17:15:00,45799.32031,45834.32031,45774.32031,45779.32031,0,DIRECTA
DITAS,15M,2026-01-06 17:30:00,2026-01-06,17:30:00,45779.32031,45809.32031,45734.32031,45759.32031,0,DIRECTA
DITAS,15M,2026-01-06 17:45:00,2026-01-06,17:45:00,45759.32031,45789.32031,45744.32031,45749.32031,0,DIRECTA
DITAS,15M,2026-01-06 18:00:00,2026-01-06,18:00:00,45744.32031,45789.32031,45739.32031,45789.32031,0,DIRECTA
DITAS,15M,2026-01-06 18:15:00,2026-01-06,18:15:00,45789.32031,45789.32031,45774.32031,45774.32031,0,DIRECTA
DITAS,15M,2026-01-06 18:30:00,2026-01-06,18:30:00,45774.32031,45784.32031,45759.32031,45759.32031,0,DIRECTA
DITAS,15M,2026-01-06 18:45:00,2026-01-06,18:45:00,45769.32031,45784.32031,45764.32031,45779.32031,0,DIRECTA
DITAS,15M,2026-01-06 19:00:00,2026-01-06,19:00:00,45769.32031,45819.32031,45769.32031,45804.32031,0,DIRECTA
DITAS,15M,2026-01-06 19:15:00,2026-01-06,19:15:00,45809.32031,45809.32031,45784.32031,45789.32031,0,DIRECTA
DITAS,15M,2026-01-06 19:30:00,2026-01-06,19:30:00,45779.32031,45779.32031,45744.32031,45744.32031,0,DIRECTA
DITAS,15M,2026-01-06 19:45:00,2026-01-06,19:45:00,45769.32031,45774.32031,45769.32031,45774.32031,0,DIRECTA
DITAS,15M,2026-01-06 20:00:00,2026-01-06,20:00:00,45794.32031,45804.32031,45789.32031,45804.32031,0,DIRECTA
DITAS,15M,2026-01-06 20:15:00,2026-01-06,20:15:00,45804.32031,45804.32031,45794.32031,45794.32031,0,DIRECTA
DITAS,15M,2026-01-06 20:30:00,2026-01-06,20:30:00,45794.32031,45819.32031,45794.32031,45819.32031,0,DIRECTA
DITAS,15M,2026-01-06 20:45:00,2026-01-06,20:45:00,45819.32031,45819.32031,45804.32031,45804.32031,0,DIRECTA
DITAS,15M,2026-01-06 21:00:00,2026-01-06,21:00:00,45804.32031,45819.32031,45804.32031,45809.32031,0,DIRECTA
DITAS,15M,2026-01-06 21:15:00,2026-01-06,21:15:00,45799.32031,45804.32031,45789.32031,45799.32031,0,DIRECTA
DITAS,15M,2026-01-06 21:30:00,2026-01-06,21:30:00,45794.32031,45794.32031,45774.32031,45774.32031,0,DIRECTA
DITAS,15M,2026-01-06 21:45:00,2026-01-06,21:45:00,45774.32031,45784.32031,45764.32031,45774.32031,0,DIRECTA
DITAS,15M,2026-01-07 08:00:00,2026-01-07,08:00:00,45747.42969,45807.42969,45747.42969,45802.42969,0,DIRECTA
DITAS,15M,2026-01-07 08:15:00,2026-01-07,08:15:00,45802.42969,45842.42969,45802.42969,45837.42969,0,DIRECTA
DITAS,15M,2026-01-07 08:30:00,2026-01-07,08:30:00,45832.42969,45892.42969,45832.42969,45872.42969,0,DIRECTA
DITAS,15M,2026-01-07 08:45:00,2026-01-07,08:45:00,45877.42969,45877.42969,45827.42969,45857.42969,0,DIRECTA
DITAS,15M,2026-01-07 09:00:00,2026-01-07,09:00:00,45857.42969,45882.42969,45742.42969,45802.42969,0,DIRECTA
DITAS,15M,2026-01-07 09:15:00,2026-01-07,09:15:00,45807.42969,45887.42969,45807.42969,45857.42969,0,DIRECTA
DITAS,15M,2026-01-07 09:30:00,2026-01-07,09:30:00,45852.42969,45972.42969,45852.42969,45922.42969,0,DIRECTA
DITAS,15M,2026-01-07 09:45:00,2026-01-07,09:45:00,45927.42969,45932.42969,45882.42969,45882.42969,0,DIRECTA
DITAS,15M,2026-01-07 10:00:00,2026-01-07,10:00:00,45877.42969,45892.42969,45782.42969,45782.42969,0,DIRECTA
DITAS,15M,2026-01-07 10:15:00,2026-01-07,10:15:00,45767.42969,45817.42969,45757.42969,45777.42969,0,DIRECTA
DITAS,15M,2026-01-07 10:30:00,2026-01-07,10:30:00,45777.42969,45792.42969,45722.42969,45762.42969,0,DIRECTA
DITAS,15M,2026-01-07 10:45:00,2026-01-07,10:45:00,45757.42969,45762.42969,45702.42969,45702.42969,0,DIRECTA
DITAS,15M,2026-01-07 11:00:00,2026-01-07,11:00:00,45702.42969,45737.42969,45667.42969,45687.42969,0,DIRECTA
DITAS,15M,2026-01-07 11:15:00,2026-01-07,11:15:00,45697.42969,45712.42969,45617.42969,45617.42969,0,DIRECTA
DITAS,15M,2026-01-07 11:30:00,2026-01-07,11:30:00,45622.42969,45627.42969,45562.42969,45622.42969,0,DIRECTA
DITAS,15M,2026-01-07 11:45:00,2026-01-07,11:45:00,45627.42969,45652.42969,45617.42969,45647.42969,0,DIRECTA
DITAS,15M,2026-01-07 12:00:00,2026-01-07,12:00:00,45652.42969,45722.42969,45647.42969,45692.42969,0,DIRECTA
DITAS,15M,2026-01-07 12:15:00,2026-01-07,12:15:00,45702.42969,45732.42969,45657.42969,45662.42969,0,DIRECTA
DITAS,15M,2026-01-07 12:30:00,2026-01-07,12:30:00,45657.42969,45682.42969,45637.42969,45677.42969,0,DIRECTA
DITAS,15M,2026-01-07 12:45:00,2026-01-07,12:45:00,45682.42969,45697.42969,45667.42969,45687.42969,0,DIRECTA
DITAS,15M,2026-01-07 13:00:00,2026-01-07,13:00:00,45687.42969,45702.42969,45652.42969,45662.42969,0,DIRECTA
DITAS,15M,2026-01-07 13:15:00,2026-01-07,13:15:00,45667.42969,45677.42969,45612.42969,45612.42969,0,DIRECTA
DITAS,15M,2026-01-07 13:30:00,2026-01-07,13:30:00,45597.42969,45627.42969,45592.42969,45617.42969,0,DIRECTA
DITAS,15M,2026-01-07 13:45:00,2026-01-07,13:45:00,45617.42969,45682.42969,45617.42969,45657.42969,0,DIRECTA
DITAS,15M,2026-01-07 14:00:00,2026-01-07,14:00:00,45667.42969,45677.42969,45642.42969,45672.42969,0,DIRECTA
DITAS,15M,2026-01-07 14:15:00,2026-01-07,14:15:00,45682.42969,45712.42969,45682.42969,45712.42969,0,DIRECTA
DITAS,15M,2026-01-07 14:30:00,2026-01-07,14:30:00,45707.42969,45727.42969,45682.42969,45727.42969,0,DIRECTA
DITAS,15M,2026-01-07 14:45:00,2026-01-07,14:45:00,45722.42969,45762.42969,45702.42969,45747.42969,0,DIRECTA
DITAS,15M,2026-01-07 15:00:00,2026-01-07,15:00:00,45747.42969,45747.42969,45672.42969,45692.42969,0,DIRECTA
DITAS,15M,2026-01-07 15:15:00,2026-01-07,15:15:00,45692.42969,45707.42969,45647.42969,45647.42969,0,DIRECTA
DITAS,15M,2026-01-07 15:30:00,2026-01-07,15:30:00,45637.42969,45647.42969,45582.42969,45612.42969,0,DIRECTA
DITAS,15M,2026-01-07 15:45:00,2026-01-07,15:45:00,45607.42969,45632.42969,45597.42969,45607.42969,0,DIRECTA
DITAS,15M,2026-01-07 16:00:00,2026-01-07,16:00:00,45602.42969,45607.42969,45557.42969,45607.42969,0,DIRECTA
DITAS,15M,2026-01-07 16:15:00,2026-01-07,16:15:00,45607.42969,45637.42969,45577.42969,45577.42969,0,DIRECTA
DITAS,15M,2026-01-07 16:30:00,2026-01-07,16:30:00,45572.42969,45672.42969,45562.42969,45672.42969,0,DIRECTA
DITAS,15M,2026-01-07 16:45:00,2026-01-07,16:45:00,45667.42969,45682.42969,45652.42969,45672.42969,0,DIRECTA
DITAS,15M,2026-01-07 17:00:00,2026-01-07,17:00:00,45682.42969,45687.42969,45617.42969,45617.42969,0,DIRECTA
DITAS,15M,2026-01-07 17:15:00,2026-01-07,17:15:00,45617.42969,45632.42969,45567.42969,45582.42969,0,DIRECTA
DITAS,15M,2026-01-07 17:30:00,2026-01-07,17:30:00,45582.42969,45612.42969,45552.42969,45607.42969,0,DIRECTA
DITAS,15M,2026-01-07 17:45:00,2026-01-07,17:45:00,45612.42969,45647.42969,45612.42969,45647.42969,0,DIRECTA
DITAS,15M,2026-01-07 18:00:00,2026-01-07,18:00:00,45647.42969,45652.42969,45627.42969,45627.42969,0,DIRECTA
DITAS,15M,2026-01-07 18:15:00,2026-01-07,18:15:00,45627.42969,45637.42969,45622.42969,45637.42969,0,DIRECTA
DITAS,15M,2026-01-07 18:30:00,2026-01-07,18:30:00,45627.42969,45637.42969,45622.42969,45622.42969,0,DIRECTA
DITAS,15M,2026-01-07 18:45:00,2026-01-07,18:45:00,45612.42969,45612.42969,45592.42969,45597.42969,0,DIRECTA
DITAS,15M,2026-01-07 19:00:00,2026-01-07,19:00:00,45587.42969,45592.42969,45572.42969,45572.42969,0,DIRECTA
DITAS,15M,2026-01-07 19:15:00,2026-01-07,19:15:00,45567.42969,45567.42969,45552.42969,45557.42969,0,DIRECTA
DITAS,15M,2026-01-07 19:30:00,2026-01-07,19:30:00,45557.42969,45572.42969,45552.42969,45567.42969,0,DIRECTA
DITAS,15M,2026-01-07 19:45:00,2026-01-07,19:45:00,45572.42969,45587.42969,45572.42969,45587.42969,0,DIRECTA
DITAS,15M,2026-01-07 20:00:00,2026-01-07,20:00:00,45587.42969,45587.42969,45557.42969,45562.42969,0,DIRECTA
DITAS,15M,2026-01-07 20:15:00,2026-01-07,20:15:00,45552.42969,45562.42969,45542.42969,45547.42969,0,DIRECTA
DITAS,15M,2026-01-07 20:30:00,2026-01-07,20:30:00,45557.42969,45567.42969,45557.42969,45562.42969,0,DIRECTA
DITAS,15M,2026-01-07 20:45:00,2026-01-07,20:45:00,45567.42969,45577.42969,45567.42969,45577.42969,0,DIRECTA
DITAS,15M,2026-01-07 21:00:00,2026-01-07,21:00:00,45577.42969,45582.42969,45542.42969,45542.42969,0,DIRECTA
DITAS,15M,2026-01-07 21:15:00,2026-01-07,21:15:00,45537.42969,45537.42969,45502.42969,45512.42969,0,DIRECTA
DITAS,15M,2026-01-07 21:30:00,2026-01-07,21:30:00,45512.42969,45512.42969,45442.42969,45482.42969,0,DIRECTA
DITAS,15M,2026-01-07 21:45:00,2026-01-07,21:45:00,45482.42969,45507.42969,45482.42969,45507.42969,0,DIRECTA
DITAS,15M,2026-01-08 08:00:00,2026-01-08,08:00:00,45421.67969,45421.67969,45376.67969,45396.67969,0,DIRECTA
DITAS,15M,2026-01-08 08:15:00,2026-01-08,08:15:00,45396.67969,45466.67969,45386.67969,45441.67969,0,DIRECTA
DITAS,15M,2026-01-08 08:30:00,2026-01-08,08:30:00,45431.67969,45451.67969,45411.67969,45416.67969,0,DIRECTA
DITAS,15M,2026-01-08 08:45:00,2026-01-08,08:45:00,45416.67969,45441.67969,45416.67969,45431.67969,0,DIRECTA
DITAS,15M,2026-01-08 09:00:00,2026-01-08,09:00:00,45436.67969,45601.67969,45401.67969,45591.67969,0,DIRECTA
DITAS,15M,2026-01-08 09:15:00,2026-01-08,09:15:00,45576.67969,45616.67969,45521.67969,45611.67969,0,DIRECTA
DITAS,15M,2026-01-08 09:30:00,2026-01-08,09:30:00,45631.67969,45681.67969,45601.67969,45606.67969,0,DIRECTA
DITAS,15M,2026-01-08 09:45:00,2026-01-08,09:45:00,45601.67969,45636.67969,45571.67969,45571.67969,0,DIRECTA
DITAS,15M,2026-01-08 10:00:00,2026-01-08,10:00:00,45576.67969,45621.67969,45571.67969,45591.67969,0,DIRECTA
DITAS,15M,2026-01-08 10:15:00,2026-01-08,10:15:00,45586.67969,45586.67969,45496.67969,45526.67969,0,DIRECTA
DITAS,15M,2026-01-08 10:30:00,2026-01-08,10:30:00,45511.67969,45536.67969,45486.67969,45516.67969,0,DIRECTA
DITAS,15M,2026-01-08 10:45:00,2026-01-08,10:45:00,45511.67969,45521.67969,45471.67969,45501.67969,0,DIRECTA
DITAS,15M,2026-01-08 11:00:00,2026-01-08,11:00:00,45486.67969,45501.67969,45431.67969,45431.67969,0,DIRECTA
DITAS,15M,2026-01-08 11:15:00,2026-01-08,11:15:00,45451.67969,45476.67969,45441.67969,45451.67969,0,DIRECTA
DITAS,15M,2026-01-08 11:30:00,2026-01-08,11:30:00,45456.67969,45471.67969,45441.67969,45461.67969,0,DIRECTA
DITAS,15M,2026-01-08 11:45:00,2026-01-08,11:45:00,45471.67969,45476.67969,45421.67969,45441.67969,0,DIRECTA
DITAS,15M,2026-01-08 12:00:00,2026-01-08,12:00:00,45441.67969,45526.67969,45431.67969,45506.67969,0,DIRECTA
DITAS,15M,2026-01-08 12:15:00,2026-01-08,12:15:00,45496.67969,45516.67969,45481.67969,45506.67969,0,DIRECTA
DITAS,15M,2026-01-08 12:30:00,2026-01-08,12:30:00,45516.67969,45531.67969,45491.67969,45526.67969,0,DIRECTA
DITAS,15M,2026-01-08 12:45:00,2026-01-08,12:45:00,45521.67969,45536.67969,45516.67969,45526.67969,0,DIRECTA
DITAS,15M,2026-01-08 13:00:00,2026-01-08,13:00:00,45516.67969,45531.67969,45481.67969,45526.67969,0,DIRECTA
DITAS,15M,2026-01-08 13:15:00,2026-01-08,13:15:00,45526.67969,45526.67969,45501.67969,45501.67969,0,DIRECTA
DITAS,15M,2026-01-08 13:30:00,2026-01-08,13:30:00,45501.67969,45506.67969,45431.67969,45436.67969,0,DIRECTA
DITAS,15M,2026-01-08 13:45:00,2026-01-08,13:45:00,45421.67969,45461.67969,45421.67969,45441.67969,0,DIRECTA
DITAS,15M,2026-01-08 14:00:00,2026-01-08,14:00:00,45431.67969,45436.67969,45411.67969,45421.67969,0,DIRECTA
DITAS,15M,2026-01-08 14:15:00,2026-01-08,14:15:00,45426.67969,45501.67969,45426.67969,45486.67969,0,DIRECTA
DITAS,15M,2026-01-08 14:30:00,2026-01-08,14:30:00,45486.67969,45536.67969,45481.67969,45536.67969,0,DIRECTA
DITAS,15M,2026-01-08 14:45:00,2026-01-08,14:45:00,45531.67969,45591.67969,45531.67969,45571.67969,0,DIRECTA
DITAS,15M,2026-01-08 15:00:00,2026-01-08,15:00:00,45571.67969,45616.67969,45561.67969,45586.67969,0,DIRECTA
DITAS,15M,2026-01-08 15:15:00,2026-01-08,15:15:00,45581.67969,45601.67969,45576.67969,45586.67969,0,DIRECTA
DITAS,15M,2026-01-08 15:30:00,2026-01-08,15:30:00,45591.67969,45636.67969,45576.67969,45596.67969,0,DIRECTA
DITAS,15M,2026-01-08 15:45:00,2026-01-08,15:45:00,45591.67969,45636.67969,45591.67969,45631.67969,0,DIRECTA
DITAS,15M,2026-01-08 16:00:00,2026-01-08,16:00:00,45626.67969,45711.67969,45621.67969,45696.67969,0,DIRECTA
DITAS,15M,2026-01-08 16:15:00,2026-01-08,16:15:00,45686.67969,45691.67969,45651.67969,45651.67969,0,DIRECTA
DITAS,15M,2026-01-08 16:30:00,2026-01-08,16:30:00,45646.67969,45646.67969,45596.67969,45626.67969,0,DIRECTA
DITAS,15M,2026-01-08 16:45:00,2026-01-08,16:45:00,45626.67969,45646.67969,45616.67969,45646.67969,0,DIRECTA
DITAS,15M,2026-01-08 17:00:00,2026-01-08,17:00:00,45651.67969,45661.67969,45636.67969,45646.67969,0,DIRECTA
DITAS,15M,2026-01-08 17:15:00,2026-01-08,17:15:00,45641.67969,45666.67969,45636.67969,45646.67969,0,DIRECTA
DITAS,15M,2026-01-08 17:30:00,2026-01-08,17:30:00,45651.67969,45691.67969,45646.67969,45691.67969,0,DIRECTA
DITAS,15M,2026-01-08 17:45:00,2026-01-08,17:45:00,45696.67969,45716.67969,45681.67969,45716.67969,0,DIRECTA
DITAS,15M,2026-01-08 18:00:00,2026-01-08,18:00:00,45711.67969,45716.67969,45701.67969,45716.67969,0,DIRECTA
DITAS,15M,2026-01-08 18:15:00,2026-01-08,18:15:00,45716.67969,45731.67969,45701.67969,45706.67969,0,DIRECTA
DITAS,15M,2026-01-08 18:30:00,2026-01-08,18:30:00,45711.67969,45741.67969,45711.67969,45726.67969,0,DIRECTA
DITAS,15M,2026-01-08 18:45:00,2026-01-08,18:45:00,45721.67969,45736.67969,45721.67969,45731.67969,0,DIRECTA
DITAS,15M,2026-01-08 19:00:00,2026-01-08,19:00:00,45721.67969,45726.67969,45691.67969,45691.67969,0,DIRECTA
DITAS,15M,2026-01-08 19:15:00,2026-01-08,19:15:00,45691.67969,45706.67969,45691.67969,45701.67969,0,DIRECTA
DITAS,15M,2026-01-08 19:30:00,2026-01-08,19:30:00,45701.67969,45711.67969,45701.67969,45706.67969,0,DIRECTA
DITAS,15M,2026-01-08 19:45:00,2026-01-08,19:45:00,45706.67969,45731.67969,45706.67969,45716.67969,0,DIRECTA
DITAS,15M,2026-01-08 20:00:00,2026-01-08,20:00:00,45716.67969,45726.67969,45711.67969,45711.67969,0,DIRECTA
DITAS,15M,2026-01-08 20:15:00,2026-01-08,20:15:00,45706.67969,45731.67969,45701.67969,45731.67969,0,DIRECTA
DITAS,15M,2026-01-08 20:30:00,2026-01-08,20:30:00,45731.67969,45736.67969,45731.67969,45731.67969,0,DIRECTA
DITAS,15M,2026-01-08 20:45:00,2026-01-08,20:45:00,45731.67969,45731.67969,45731.67969,45731.67969,0,DIRECTA
DITAS,15M,2026-01-08 21:00:00,2026-01-08,21:00:00,45731.67969,45746.67969,45731.67969,45746.67969,0,DIRECTA
DITAS,15M,2026-01-08 21:15:00,2026-01-08,21:15:00,45746.67969,45756.67969,45741.67969,45746.67969,0,DIRECTA
DITAS,15M,2026-01-08 21:30:00,2026-01-08,21:30:00,45751.67969,45786.67969,45751.67969,45766.67969,0,DIRECTA
DITAS,15M,2026-01-08 21:45:00,2026-01-08,21:45:00,45761.67969,45791.67969,45761.67969,45786.67969,0,DIRECTA
DITAS,15M,2026-01-09 08:00:00,2026-01-09,08:00:00,45809.69922,45809.69922,45754.69922,45764.69922,0,DIRECTA
DITAS,15M,2026-01-09 08:15:00,2026-01-09,08:15:00,45769.69922,45769.69922,45754.69922,45764.69922,0,DIRECTA
DITAS,15M,2026-01-09 08:30:00,2026-01-09,08:30:00,45769.69922,45779.69922,45744.69922,45759.69922,0,DIRECTA
DITAS,15M,2026-01-09 08:45:00,2026-01-09,08:45:00,45774.69922,45774.69922,45754.69922,45759.69922,0,DIRECTA
DITAS,15M,2026-01-09 09:00:00,2026-01-09,09:00:00,45774.69922,45774.69922,45619.69922,45734.69922,0,DIRECTA
DITAS,15M,2026-01-09 09:15:00,2026-01-09,09:15:00,45754.69922,45759.69922,45634.69922,45639.69922,0,DIRECTA
DITAS,15M,2026-01-09 09:30:00,2026-01-09,09:30:00,45664.69922,45684.69922,45599.69922,45614.69922,0,DIRECTA
DITAS,15M,2026-01-09 09:45:00,2026-01-09,09:45:00,45614.69922,45679.69922,45569.69922,45654.69922,0,DIRECTA
DITAS,15M,2026-01-09 10:00:00,2026-01-09,10:00:00,45664.69922,45719.69922,45649.69922,45714.69922,0,DIRECTA
DITAS,15M,2026-01-09 10:15:00,2026-01-09,10:15:00,45719.69922,45729.69922,45649.69922,45669.69922,0,DIRECTA
DITAS,15M,2026-01-09 10:30:00,2026-01-09,10:30:00,45679.69922,45704.69922,45664.69922,45664.69922,0,DIRECTA
DITAS,15M,2026-01-09 10:45:00,2026-01-09,10:45:00,45669.69922,45674.69922,45634.69922,45664.69922,0,DIRECTA
DITAS,15M,2026-01-09 11:00:00,2026-01-09,11:00:00,45659.69922,45689.69922,45649.69922,45669.69922,0,DIRECTA
DITAS,15M,2026-01-09 11:15:00,2026-01-09,11:15:00,45664.69922,45669.69922,45639.69922,45664.69922,0,DIRECTA
DITAS,15M,2026-01-09 11:30:00,2026-01-09,11:30:00,45649.69922,45694.69922,45644.69922,45694.69922,0,DIRECTA
DITAS,15M,2026-01-09 11:45:00,2026-01-09,11:45:00,45699.69922,45749.69922,45694.69922,45724.69922,0,DIRECTA
DITAS,15M,2026-01-09 12:00:00,2026-01-09,12:00:00,45724.69922,45734.69922,45709.69922,45719.69922,0,DIRECTA
DITAS,15M,2026-01-09 12:15:00,2026-01-09,12:15:00,45739.69922,45739.69922,45704.69922,45704.69922,0,DIRECTA
DITAS,15M,2026-01-09 12:30:00,2026-01-09,12:30:00,45699.69922,45719.69922,45699.69922,45704.69922,0,DIRECTA
DITAS,15M,2026-01-09 12:45:00,2026-01-09,12:45:00,45704.69922,45749.69922,45704.69922,45749.69922,0,DIRECTA
DITAS,15M,2026-01-09 13:00:00,2026-01-09,13:00:00,45749.69922,45764.69922,45709.69922,45709.69922,0,DIRECTA
DITAS,15M,2026-01-09 13:15:00,2026-01-09,13:15:00,45709.69922,45709.69922,45674.69922,45684.69922,0,DIRECTA
DITAS,15M,2026-01-09 13:30:00,2026-01-09,13:30:00,45679.69922,45694.69922,45664.69922,45689.69922,0,DIRECTA
DITAS,15M,2026-01-09 13:45:00,2026-01-09,13:45:00,45694.69922,45729.69922,45689.69922,45694.69922,0,DIRECTA
DITAS,15M,2026-01-09 14:00:00,2026-01-09,14:00:00,45694.69922,45734.69922,45694.69922,45699.69922,0,DIRECTA
DITAS,15M,2026-01-09 14:15:00,2026-01-09,14:15:00,45694.69922,45749.69922,45694.69922,45749.69922,0,DIRECTA
DITAS,15M,2026-01-09 14:30:00,2026-01-09,14:30:00,45769.69922,45774.69922,45739.69922,45749.69922,0,DIRECTA
DITAS,15M,2026-01-09 14:45:00,2026-01-09,14:45:00,45749.69922,45749.69922,45694.69922,45709.69922,0,DIRECTA
DITAS,15M,2026-01-09 15:00:00,2026-01-09,15:00:00,45714.69922,45719.69922,45684.69922,45699.69922,0,DIRECTA
DITAS,15M,2026-01-09 15:15:00,2026-01-09,15:15:00,45704.69922,45724.69922,45694.69922,45694.69922,0,DIRECTA
DITAS,15M,2026-01-09 15:30:00,2026-01-09,15:30:00,45709.69922,45744.69922,45674.69922,45674.69922,0,DIRECTA
DITAS,15M,2026-01-09 15:45:00,2026-01-09,15:45:00,45674.69922,45719.69922,45674.69922,45709.69922,0,DIRECTA
DITAS,15M,2026-01-09 16:00:00,2026-01-09,16:00:00,45719.69922,45724.69922,45574.69922,45604.69922,0,DIRECTA
DITAS,15M,2026-01-09 16:15:00,2026-01-09,16:15:00,45609.69922,45699.69922,45594.69922,45669.69922,0,DIRECTA
DITAS,15M,2026-01-09 16:30:00,2026-01-09,16:30:00,45664.69922,45664.69922,45629.69922,45639.69922,0,DIRECTA
DITAS,15M,2026-01-09 16:45:00,2026-01-09,16:45:00,45639.69922,45689.69922,45639.69922,45689.69922,0,DIRECTA
DITAS,15M,2026-01-09 17:00:00,2026-01-09,17:00:00,45694.69922,45704.69922,45669.69922,45699.69922,0,DIRECTA
DITAS,15M,2026-01-09 17:15:00,2026-01-09,17:15:00,45704.69922,45739.69922,45704.69922,45714.69922,0,DIRECTA
DITAS,15M,2026-01-09 17:30:00,2026-01-09,17:30:00,45709.69922,45739.69922,45699.69922,45739.69922,0,DIRECTA
DITAS,15M,2026-01-09 17:45:00,2026-01-09,17:45:00,45744.69922,45759.69922,45739.69922,45759.69922,0,DIRECTA
DITAS,15M,2026-01-09 18:00:00,2026-01-09,18:00:00,45754.69922,45769.69922,45754.69922,45754.69922,0,DIRECTA
DITAS,15M,2026-01-09 18:15:00,2026-01-09,18:15:00,45759.69922,45769.69922,45759.69922,45764.69922,0,DIRECTA
DITAS,15M,2026-01-09 18:30:00,2026-01-09,18:30:00,45769.69922,45779.69922,45749.69922,45749.69922,0,DIRECTA
DITAS,15M,2026-01-09 18:45:00,2026-01-09,18:45:00,45739.69922,45749.69922,45734.69922,45734.69922,0,DIRECTA
DITAS,15M,2026-01-09 19:00:00,2026-01-09,19:00:00,45729.69922,45729.69922,45714.69922,45729.69922,0,DIRECTA
DITAS,15M,2026-01-09 19:15:00,2026-01-09,19:15:00,45724.69922,45729.69922,45714.69922,45724.69922,0,DIRECTA
DITAS,15M,2026-01-09 19:30:00,2026-01-09,19:30:00,45734.69922,45759.69922,45734.69922,45759.69922,0,DIRECTA
DITAS,15M,2026-01-09 19:45:00,2026-01-09,19:45:00,45749.69922,45749.69922,45744.69922,45749.69922,0,DIRECTA
DITAS,15M,2026-01-09 20:00:00,2026-01-09,20:00:00,45729.69922,45729.69922,45729.69922,45729.69922,0,DIRECTA
DITAS,15M,2026-01-09 20:15:00,2026-01-09,20:15:00,45724.69922,45739.69922,45724.69922,45734.69922,0,DIRECTA
DITAS,15M,2026-01-09 20:30:00,2026-01-09,20:30:00,45734.69922,45734.69922,45724.69922,45729.69922,0,DIRECTA
DITAS,15M,2026-01-09 20:45:00,2026-01-09,20:45:00,45729.69922,45744.69922,45729.69922,45734.69922,0,DIRECTA
DITAS,15M,2026-01-09 21:00:00,2026-01-09,21:00:00,45724.69922,45729.69922,45724.69922,45729.69922,0,DIRECTA
DITAS,15M,2026-01-09 21:15:00,2026-01-09,21:15:00,45739.69922,45749.69922,45739.69922,45749.69922,0,DIRECTA
DITAS,15M,2026-01-09 21:30:00,2026-01-09,21:30:00,45754.69922,45754.69922,45734.69922,45744.69922,0,DIRECTA
DITAS,15M,2026-01-09 21:45:00,2026-01-09,21:45:00,45744.69922,45749.69922,45739.69922,45744.69922,0,DIRECTA
DITAS,15M,2026-01-12 08:00:00,2026-01-12,08:00:00,45691.26172,45721.26172,45671.26172,45671.26172,0,DIRECTA
DITAS,15M,2026-01-12 08:15:00,2026-01-12,08:15:00,45671.26172,45671.26172,45631.26172,45646.26172,0,DIRECTA
DITAS,15M,2026-01-12 08:30:00,2026-01-12,08:30:00,45641.26172,45666.26172,45636.26172,45636.26172,0,DIRECTA
DITAS,15M,2026-01-12 08:45:00,2026-01-12,08:45:00,45621.26172,45656.26172,45601.26172,45656.26172,0,DIRECTA
DITAS,15M,2026-01-12 09:00:00,2026-01-12,09:00:00,45641.26172,45641.26172,45461.26172,45541.26172,0,DIRECTA
DITAS,15M,2026-01-12 09:15:00,2026-01-12,09:15:00,45531.26172,45531.26172,45411.26172,45416.26172,0,DIRECTA
DITAS,15M,2026-01-12 09:30:00,2026-01-12,09:30:00,45416.26172,45426.26172,45366.26172,45411.26172,0,DIRECTA
DITAS,15M,2026-01-12 09:45:00,2026-01-12,09:45:00,45396.26172,45451.26172,45381.26172,45441.26172,0,DIRECTA
DITAS,15M,2026-01-12 10:00:00,2026-01-12,10:00:00,45441.26172,45471.26172,45426.26172,45466.26172,0,DIRECTA
DITAS,15M,2026-01-12 10:15:00,2026-01-12,10:15:00,45466.26172,45501.26172,45456.26172,45496.26172,0,DIRECTA
DITAS,15M,2026-01-12 10:30:00,2026-01-12,10:30:00,45496.26172,45536.26172,45496.26172,45501.26172,0,DIRECTA
DITAS,15M,2026-01-12 10:45:00,2026-01-12,10:45:00,45501.26172,45536.26172,45501.26172,45526.26172,0,DIRECTA
DITAS,15M,2026-01-12 11:00:00,2026-01-12,11:00:00,45531.26172,45576.26172,45511.26172,45576.26172,0,DIRECTA
DITAS,15M,2026-01-12 11:15:00,2026-01-12,11:15:00,45576.26172,45581.26172,45556.26172,45576.26172,0,DIRECTA
DITAS,15M,2026-01-12 11:30:00,2026-01-12,11:30:00,45571.26172,45636.26172,45571.26172,45621.26172,0,DIRECTA
DITAS,15M,2026-01-12 11:45:00,2026-01-12,11:45:00,45621.26172,45666.26172,45616.26172,45656.26172,0,DIRECTA
DITAS,15M,2026-01-12 12:00:00,2026-01-12,12:00:00,45656.26172,45726.26172,45656.26172,45721.26172,0,DIRECTA
DITAS,15M,2026-01-12 12:15:00,2026-01-12,12:15:00,45721.26172,45741.26172,45686.26172,45716.26172,0,DIRECTA
DITAS,15M,2026-01-12 12:30:00,2026-01-12,12:30:00,45716.26172,45721.26172,45656.26172,45656.26172,0,DIRECTA
DITAS,15M,2026-01-12 12:45:00,2026-01-12,12:45:00,45656.26172,45666.26172,45646.26172,45666.26172,0,DIRECTA
DITAS,15M,2026-01-12 13:00:00,2026-01-12,13:00:00,45671.26172,45721.26172,45671.26172,45686.26172,0,DIRECTA
DITAS,15M,2026-01-12 13:15:00,2026-01-12,13:15:00,45681.26172,45731.26172,45681.26172,45711.26172,0,DIRECTA
DITAS,15M,2026-01-12 13:30:00,2026-01-12,13:30:00,45716.26172,45731.26172,45701.26172,45731.26172,0,DIRECTA
DITAS,15M,2026-01-12 13:45:00,2026-01-12,13:45:00,45736.26172,45766.26172,45736.26172,45756.26172,0,DIRECTA
DITAS,15M,2026-01-12 14:00:00,2026-01-12,14:00:00,45756.26172,45756.26172,45696.26172,45726.26172,0,DIRECTA
DITAS,15M,2026-01-12 14:15:00,2026-01-12,14:15:00,45716.26172,45726.26172,45701.26172,45726.26172,0,DIRECTA
DITAS,15M,2026-01-12 14:30:00,2026-01-12,14:30:00,45721.26172,45721.26172,45656.26172,45676.26172,0,DIRECTA
DITAS,15M,2026-01-12 14:45:00,2026-01-12,14:45:00,45671.26172,45671.26172,45646.26172,45651.26172,0,DIRECTA
DITAS,15M,2026-01-12 15:00:00,2026-01-12,15:00:00,45651.26172,45676.26172,45616.26172,45676.26172,0,DIRECTA
DITAS,15M,2026-01-12 15:15:00,2026-01-12,15:15:00,45681.26172,45696.26172,45671.26172,45686.26172,0,DIRECTA
DITAS,15M,2026-01-12 15:30:00,2026-01-12,15:30:00,45681.26172,45731.26172,45661.26172,45696.26172,0,DIRECTA
DITAS,15M,2026-01-12 15:45:00,2026-01-12,15:45:00,45691.26172,45751.26172,45671.26172,45751.26172,0,DIRECTA
DITAS,15M,2026-01-12 16:00:00,2026-01-12,16:00:00,45746.26172,45751.26172,45691.26172,45691.26172,0,DIRECTA
DITAS,15M,2026-01-12 16:15:00,2026-01-12,16:15:00,45686.26172,45721.26172,45686.26172,45701.26172,0,DIRECTA
DITAS,15M,2026-01-12 16:30:00,2026-01-12,16:30:00,45696.26172,45706.26172,45676.26172,45701.26172,0,DIRECTA
DITAS,15M,2026-01-12 16:45:00,2026-01-12,16:45:00,45706.26172,45716.26172,45671.26172,45716.26172,0,DIRECTA
DITAS,15M,2026-01-12 17:00:00,2026-01-12,17:00:00,45711.26172,45721.26172,45666.26172,45701.26172,0,DIRECTA
DITAS,15M,2026-01-12 17:15:00,2026-01-12,17:15:00,45706.26172,45711.26172,45681.26172,45706.26172,0,DIRECTA
DITAS,15M,2026-01-12 17:30:00,2026-01-12,17:30:00,45711.26172,45741.26172,45691.26172,45736.26172,0,DIRECTA
DITAS,15M,2026-01-12 17:45:00,2026-01-12,17:45:00,45736.26172,45766.26172,45736.26172,45741.26172,0,DIRECTA
DITAS,15M,2026-01-12 18:00:00,2026-01-12,18:00:00,45736.26172,45741.26172,45721.26172,45736.26172,0,DIRECTA
DITAS,15M,2026-01-12 18:15:00,2026-01-12,18:15:00,45726.26172,45746.26172,45726.26172,45746.26172,0,DIRECTA
DITAS,15M,2026-01-12 18:30:00,2026-01-12,18:30:00,45731.26172,45736.26172,45721.26172,45736.26172,0,DIRECTA
DITAS,15M,2026-01-12 18:45:00,2026-01-12,18:45:00,45736.26172,45741.26172,45736.26172,45741.26172,0,DIRECTA
DITAS,15M,2026-01-12 19:00:00,2026-01-12,19:00:00,45741.26172,45741.26172,45741.26172,45741.26172,0,DIRECTA
DITAS,15M,2026-01-12 19:15:00,2026-01-12,19:15:00,45746.26172,45746.26172,45741.26172,45741.26172,0,DIRECTA
DITAS,15M,2026-01-12 19:30:00,2026-01-12,19:30:00,45746.26172,45746.26172,45721.26172,45731.26172,0,DIRECTA
DITAS,15M,2026-01-12 19:45:00,2026-01-12,19:45:00,45741.26172,45741.26172,45741.26172,45741.26172,0,DIRECTA
DITAS,15M,2026-01-12 20:00:00,2026-01-12,20:00:00,45741.26172,45751.26172,45741.26172,45751.26172,0,DIRECTA
DITAS,15M,2026-01-12 20:15:00,2026-01-12,20:15:00,45751.26172,45756.26172,45751.26172,45751.26172,0,DIRECTA
DITAS,15M,2026-01-12 20:30:00,2026-01-12,20:30:00,45761.26172,45771.26172,45756.26172,45766.26172,0,DIRECTA
DITAS,15M,2026-01-12 20:45:00,2026-01-12,20:45:00,45766.26172,45766.26172,45761.26172,45761.26172,0,DIRECTA
DITAS,15M,2026-01-12 21:00:00,2026-01-12,21:00:00,45761.26172,45761.26172,45746.26172,45746.26172,0,DIRECTA
DITAS,15M,2026-01-12 21:15:00,2026-01-12,21:15:00,45746.26172,45746.26172,45736.26172,45741.26172,0,DIRECTA
DITAS,15M,2026-01-12 21:30:00,2026-01-12,21:30:00,45751.26172,45786.26172,45746.26172,45786.26172,0,DIRECTA
DITAS,15M,2026-01-12 21:45:00,2026-01-12,21:45:00,45781.26172,45826.26172,45781.26172,45826.26172,0,DIRECTA
DITAS,15M,2026-01-13 08:00:00,2026-01-13,08:00:00,45846.19922,45851.19922,45811.19922,45841.19922,0,DIRECTA
DITAS,15M,2026-01-13 08:15:00,2026-01-13,08:15:00,45846.19922,45846.19922,45756.19922,45771.19922,0,DIRECTA
DITAS,15M,2026-01-13 08:30:00,2026-01-13,08:30:00,45761.19922,45786.19922,45736.19922,45786.19922,0,DIRECTA
DITAS,15M,2026-01-13 08:45:00,2026-01-13,08:45:00,45781.19922,45821.19922,45776.19922,45821.19922,0,DIRECTA
DITAS,15M,2026-01-13 09:00:00,2026-01-13,09:00:00,45826.19922,45826.19922,45666.19922,45671.19922,0,DIRECTA
DITAS,15M,2026-01-13 09:15:00,2026-01-13,09:15:00,45681.19922,45761.19922,45681.19922,45761.19922,0,DIRECTA
DITAS,15M,2026-01-13 09:30:00,2026-01-13,09:30:00,45771.19922,45781.19922,45636.19922,45696.19922,0,DIRECTA
DITAS,15M,2026-01-13 09:45:00,2026-01-13,09:45:00,45706.19922,45741.19922,45681.19922,45716.19922,0,DIRECTA
DITAS,15M,2026-01-13 10:00:00,2026-01-13,10:00:00,45716.19922,45741.19922,45646.19922,45646.19922,0,DIRECTA
DITAS,15M,2026-01-13 10:15:00,2026-01-13,10:15:00,45646.19922,45711.19922,45636.19922,45706.19922,0,DIRECTA
DITAS,15M,2026-01-13 10:30:00,2026-01-13,10:30:00,45711.19922,45731.19922,45686.19922,45701.19922,0,DIRECTA
DITAS,15M,2026-01-13 10:45:00,2026-01-13,10:45:00,45711.19922,45731.19922,45681.19922,45706.19922,0,DIRECTA
DITAS,15M,2026-01-13 11:00:00,2026-01-13,11:00:00,45696.19922,45701.19922,45641.19922,45646.19922,0,DIRECTA
DITAS,15M,2026-01-13 11:15:00,2026-01-13,11:15:00,45646.19922,45686.19922,45626.19922,45676.19922,0,DIRECTA
DITAS,15M,2026-01-13 11:30:00,2026-01-13,11:30:00,45686.19922,45696.19922,45661.19922,45681.19922,0,DIRECTA
DITAS,15M,2026-01-13 11:45:00,2026-01-13,11:45:00,45676.19922,45691.19922,45671.19922,45681.19922,0,DIRECTA
DITAS,15M,2026-01-13 12:00:00,2026-01-13,12:00:00,45681.19922,45691.19922,45671.19922,45686.19922,0,DIRECTA
DITAS,15M,2026-01-13 12:15:00,2026-01-13,12:15:00,45686.19922,45691.19922,45646.19922,45656.19922,0,DIRECTA
DITAS,15M,2026-01-13 12:30:00,2026-01-13,12:30:00,45641.19922,45641.19922,45606.19922,45631.19922,0,DIRECTA
DITAS,15M,2026-01-13 12:45:00,2026-01-13,12:45:00,45636.19922,45676.19922,45636.19922,45651.19922,0,DIRECTA
DITAS,15M,2026-01-13 13:00:00,2026-01-13,13:00:00,45651.19922,45666.19922,45621.19922,45666.19922,0,DIRECTA
DITAS,15M,2026-01-13 13:15:00,2026-01-13,13:15:00,45671.19922,45686.19922,45651.19922,45651.19922,0,DIRECTA
DITAS,15M,2026-01-13 13:30:00,2026-01-13,13:30:00,45651.19922,45661.19922,45631.19922,45656.19922,0,DIRECTA
DITAS,15M,2026-01-13 13:45:00,2026-01-13,13:45:00,45656.19922,45661.19922,45646.19922,45661.19922,0,DIRECTA
DITAS,15M,2026-01-13 14:00:00,2026-01-13,14:00:00,45661.19922,45686.19922,45646.19922,45686.19922,0,DIRECTA
DITAS,15M,2026-01-13 14:15:00,2026-01-13,14:15:00,45686.19922,45711.19922,45671.19922,45671.19922,0,DIRECTA
DITAS,15M,2026-01-13 14:30:00,2026-01-13,14:30:00,45676.19922,45711.19922,45636.19922,45641.19922,0,DIRECTA
DITAS,15M,2026-01-13 14:45:00,2026-01-13,14:45:00,45631.19922,45641.19922,45621.19922,45636.19922,0,DIRECTA
DITAS,15M,2026-01-13 15:00:00,2026-01-13,15:00:00,45636.19922,45666.19922,45636.19922,45651.19922,0,DIRECTA
DITAS,15M,2026-01-13 15:15:00,2026-01-13,15:15:00,45651.19922,45651.19922,45626.19922,45636.19922,0,DIRECTA
DITAS,15M,2026-01-13 15:30:00,2026-01-13,15:30:00,45641.19922,45661.19922,45571.19922,45601.19922,0,DIRECTA
DITAS,15M,2026-01-13 15:45:00,2026-01-13,15:45:00,45591.19922,45606.19922,45566.19922,45586.19922,0,DIRECTA
DITAS,15M,2026-01-13 16:00:00,2026-01-13,16:00:00,45581.19922,45581.19922,45501.19922,45531.19922,0,DIRECTA
DITAS,15M,2026-01-13 16:15:00,2026-01-13,16:15:00,45536.19922,45546.19922,45516.19922,45531.19922,0,DIRECTA
DITAS,15M,2026-01-13 16:30:00,2026-01-13,16:30:00,45541.19922,45551.19922,45531.19922,45536.19922,0,DIRECTA
DITAS,15M,2026-01-13 16:45:00,2026-01-13,16:45:00,45541.19922,45586.19922,45541.19922,45571.19922,0,DIRECTA
DITAS,15M,2026-01-13 17:00:00,2026-01-13,17:00:00,45586.19922,45586.19922,45536.19922,45541.19922,0,DIRECTA
DITAS,15M,2026-01-13 17:15:00,2026-01-13,17:15:00,45536.19922,45551.19922,45471.19922,45496.19922,0,DIRECTA
DITAS,15M,2026-01-13 17:30:00,2026-01-13,17:30:00,45496.19922,45551.19922,45481.19922,45551.19922,0,DIRECTA
DITAS,15M,2026-01-13 17:45:00,2026-01-13,17:45:00,45546.19922,45551.19922,45536.19922,45541.19922,0,DIRECTA
DITAS,15M,2026-01-13 18:00:00,2026-01-13,18:00:00,45546.19922,45551.19922,45531.19922,45551.19922,0,DIRECTA
DITAS,15M,2026-01-13 18:15:00,2026-01-13,18:15:00,45551.19922,45566.19922,45536.19922,45566.19922,0,DIRECTA
DITAS,15M,2026-01-13 18:30:00,2026-01-13,18:30:00,45566.19922,45566.19922,45536.19922,45541.19922,0,DIRECTA
DITAS,15M,2026-01-13 18:45:00,2026-01-13,18:45:00,45546.19922,45556.19922,45541.19922,45546.19922,0,DIRECTA
DITAS,15M,2026-01-13 19:00:00,2026-01-13,19:00:00,45546.19922,45546.19922,45531.19922,45536.19922,0,DIRECTA
DITAS,15M,2026-01-13 19:15:00,2026-01-13,19:15:00,45531.19922,45536.19922,45516.19922,45516.19922,0,DIRECTA
DITAS,15M,2026-01-13 19:30:00,2026-01-13,19:30:00,45516.19922,45546.19922,45516.19922,45541.19922,0,DIRECTA
DITAS,15M,2026-01-13 19:45:00,2026-01-13,19:45:00,45541.19922,45541.19922,45521.19922,45531.19922,0,DIRECTA
DITAS,15M,2026-01-13 20:00:00,2026-01-13,20:00:00,45531.19922,45531.19922,45501.19922,45501.19922,0,DIRECTA
DITAS,15M,2026-01-13 20:15:00,2026-01-13,20:15:00,45516.19922,45521.19922,45506.19922,45506.19922,0,DIRECTA
DITAS,15M,2026-01-13 20:30:00,2026-01-13,20:30:00,45516.19922,45526.19922,45511.19922,45521.19922,0,DIRECTA
DITAS,15M,2026-01-13 20:45:00,2026-01-13,20:45:00,45521.19922,45531.19922,45511.19922,45526.19922,0,DIRECTA
DITAS,15M,2026-01-13 21:00:00,2026-01-13,21:00:00,45521.19922,45521.19922,45501.19922,45506.19922,0,DIRECTA
DITAS,15M,2026-01-13 21:15:00,2026-01-13,21:15:00,45501.19922,45501.19922,45476.19922,45481.19922,0,DIRECTA
DITAS,15M,2026-01-13 21:30:00,2026-01-13,21:30:00,45481.19922,45486.19922,45441.19922,45471.19922,0,DIRECTA
DITAS,15M,2026-01-13 21:45:00,2026-01-13,21:45:00,45461.19922,45496.19922,45461.19922,45491.19922,0,DIRECTA
DITAS,15M,2026-01-14 08:00:00,2026-01-14,08:00:00,45518.10156,45563.10156,45518.10156,45553.10156,0,DIRECTA
DITAS,15M,2026-01-14 08:15:00,2026-01-14,08:15:00,45553.10156,45563.10156,45543.10156,45563.10156,0,DIRECTA
DITAS,15M,2026-01-14 08:30:00,2026-01-14,08:30:00,45563.10156,45573.10156,45553.10156,45553.10156,0,DIRECTA
DITAS,15M,2026-01-14 08:45:00,2026-01-14,08:45:00,45553.10156,45593.10156,45543.10156,45593.10156,0,DIRECTA
DITAS,15M,2026-01-14 09:00:00,2026-01-14,09:00:00,45588.10156,45653.10156,45533.10156,45653.10156,0,DIRECTA
DITAS,15M,2026-01-14 09:15:00,2026-01-14,09:15:00,45643.10156,45698.10156,45638.10156,45698.10156,0,DIRECTA
DITAS,15M,2026-01-14 09:30:00,2026-01-14,09:30:00,45703.10156,45708.10156,45648.10156,45688.10156,0,DIRECTA
DITAS,15M,2026-01-14 09:45:00,2026-01-14,09:45:00,45688.10156,45738.10156,45678.10156,45733.10156,0,DIRECTA
DITAS,15M,2026-01-14 10:00:00,2026-01-14,10:00:00,45728.10156,45753.10156,45698.10156,45713.10156,0,DIRECTA
DITAS,15M,2026-01-14 10:15:00,2026-01-14,10:15:00,45703.10156,45738.10156,45688.10156,45733.10156,0,DIRECTA
DITAS,15M,2026-01-14 10:30:00,2026-01-14,10:30:00,45738.10156,45778.10156,45738.10156,45763.10156,0,DIRECTA
DITAS,15M,2026-01-14 10:45:00,2026-01-14,10:45:00,45753.10156,45773.10156,45743.10156,45763.10156,0,DIRECTA
DITAS,15M,2026-01-14 11:00:00,2026-01-14,11:00:00,45763.10156,45783.10156,45763.10156,45783.10156,0,DIRECTA
DITAS,15M,2026-01-14 11:15:00,2026-01-14,11:15:00,45768.10156,45773.10156,45683.10156,45693.10156,0,DIRECTA
DITAS,15M,2026-01-14 11:30:00,2026-01-14,11:30:00,45693.10156,45693.10156,45603.10156,45608.10156,0,DIRECTA
DITAS,15M,2026-01-14 11:45:00,2026-01-14,11:45:00,45613.10156,45623.10156,45568.10156,45583.10156,0,DIRECTA
DITAS,15M,2026-01-14 12:00:00,2026-01-14,12:00:00,45573.10156,45613.10156,45568.10156,45588.10156,0,DIRECTA
DITAS,15M,2026-01-14 12:15:00,2026-01-14,12:15:00,45583.10156,45583.10156,45533.10156,45538.10156,0,DIRECTA
DITAS,15M,2026-01-14 12:30:00,2026-01-14,12:30:00,45548.10156,45573.10156,45523.10156,45523.10156,0,DIRECTA
DITAS,15M,2026-01-14 12:45:00,2026-01-14,12:45:00,45543.10156,45598.10156,45538.10156,45578.10156,0,DIRECTA
DITAS,15M,2026-01-14 13:00:00,2026-01-14,13:00:00,45568.10156,45583.10156,45548.10156,45578.10156,0,DIRECTA
DITAS,15M,2026-01-14 13:15:00,2026-01-14,13:15:00,45578.10156,45613.10156,45563.10156,45613.10156,0,DIRECTA
DITAS,15M,2026-01-14 13:30:00,2026-01-14,13:30:00,45613.10156,45658.10156,45613.10156,45658.10156,0,DIRECTA
DITAS,15M,2026-01-14 13:45:00,2026-01-14,13:45:00,45653.10156,45663.10156,45648.10156,45658.10156,0,DIRECTA
DITAS,15M,2026-01-14 14:00:00,2026-01-14,14:00:00,45663.10156,45678.10156,45648.10156,45653.10156,0,DIRECTA
DITAS,15M,2026-01-14 14:15:00,2026-01-14,14:15:00,45658.10156,45728.10156,45658.10156,45713.10156,0,DIRECTA
DITAS,15M,2026-01-14 14:30:00,2026-01-14,14:30:00,45713.10156,45738.10156,45693.10156,45703.10156,0,DIRECTA
DITAS,15M,2026-01-14 14:45:00,2026-01-14,14:45:00,45698.10156,45718.10156,45683.10156,45713.10156,0,DIRECTA
DITAS,15M,2026-01-14 15:00:00,2026-01-14,15:00:00,45713.10156,45718.10156,45668.10156,45688.10156,0,DIRECTA
DITAS,15M,2026-01-14 15:15:00,2026-01-14,15:15:00,45688.10156,45723.10156,45688.10156,45723.10156,0,DIRECTA
DITAS,15M,2026-01-14 15:30:00,2026-01-14,15:30:00,45723.10156,45733.10156,45658.10156,45658.10156,0,DIRECTA
DITAS,15M,2026-01-14 15:45:00,2026-01-14,15:45:00,45673.10156,45718.10156,45648.10156,45683.10156,0,DIRECTA
DITAS,15M,2026-01-14 16:00:00,2026-01-14,16:00:00,45668.10156,45723.10156,45648.10156,45713.10156,0,DIRECTA
DITAS,15M,2026-01-14 16:15:00,2026-01-14,16:15:00,45703.10156,45723.10156,45683.10156,45708.10156,0,DIRECTA
DITAS,15M,2026-01-14 16:30:00,2026-01-14,16:30:00,45713.10156,45713.10156,45643.10156,45673.10156,0,DIRECTA
DITAS,15M,2026-01-14 16:45:00,2026-01-14,16:45:00,45688.10156,45693.10156,45638.10156,45678.10156,0,DIRECTA
DITAS,15M,2026-01-14 17:00:00,2026-01-14,17:00:00,45673.10156,45673.10156,45623.10156,45633.10156,0,DIRECTA
DITAS,15M,2026-01-14 17:15:00,2026-01-14,17:15:00,45633.10156,45668.10156,45628.10156,45668.10156,0,DIRECTA
DITAS,15M,2026-01-14 17:30:00,2026-01-14,17:30:00,45663.10156,45683.10156,45608.10156,45608.10156,0,DIRECTA
DITAS,15M,2026-01-14 17:45:00,2026-01-14,17:45:00,45603.10156,45608.10156,45563.10156,45603.10156,0,DIRECTA
DITAS,15M,2026-01-14 18:00:00,2026-01-14,18:00:00,45603.10156,45638.10156,45598.10156,45638.10156,0,DIRECTA
DITAS,15M,2026-01-14 18:15:00,2026-01-14,18:15:00,45633.10156,45638.10156,45598.10156,45638.10156,0,DIRECTA
DITAS,15M,2026-01-14 18:30:00,2026-01-14,18:30:00,45623.10156,45623.10156,45598.10156,45608.10156,0,DIRECTA
DITAS,15M,2026-01-14 18:45:00,2026-01-14,18:45:00,45618.10156,45623.10156,45593.10156,45608.10156,0,DIRECTA
DITAS,15M,2026-01-14 19:00:00,2026-01-14,19:00:00,45588.10156,45623.10156,45588.10156,45623.10156,0,DIRECTA
DITAS,15M,2026-01-14 19:15:00,2026-01-14,19:15:00,45623.10156,45623.10156,45613.10156,45618.10156,0,DIRECTA
DITAS,15M,2026-01-14 19:30:00,2026-01-14,19:30:00,45628.10156,45628.10156,45593.10156,45613.10156,0,DIRECTA
DITAS,15M,2026-01-14 19:45:00,2026-01-14,19:45:00,45613.10156,45663.10156,45613.10156,45663.10156,0,DIRECTA
DITAS,15M,2026-01-14 20:00:00,2026-01-14,20:00:00,45663.10156,45678.10156,45663.10156,45663.10156,0,DIRECTA
DITAS,15M,2026-01-14 20:15:00,2026-01-14,20:15:00,45663.10156,45673.10156,45658.10156,45663.10156,0,DIRECTA
DITAS,15M,2026-01-14 20:30:00,2026-01-14,20:30:00,45663.10156,45663.10156,45638.10156,45653.10156,0,DIRECTA
DITAS,15M,2026-01-14 20:45:00,2026-01-14,20:45:00,45663.10156,45678.10156,45663.10156,45668.10156,0,DIRECTA
DITAS,15M,2026-01-14 21:00:00,2026-01-14,21:00:00,45648.10156,45693.10156,45623.10156,45643.10156,0,DIRECTA
DITAS,15M,2026-01-14 21:15:00,2026-01-14,21:15:00,45633.10156,45673.10156,45633.10156,45673.10156,0,DIRECTA
DITAS,15M,2026-01-14 21:30:00,2026-01-14,21:30:00,45678.10156,45728.10156,45678.10156,45698.10156,0,DIRECTA
DITAS,15M,2026-01-14 21:45:00,2026-01-14,21:45:00,45683.10156,45728.10156,45683.10156,45728.10156,0,DIRECTA
DITAS,15M,2026-01-15 08:00:00,2026-01-15,08:00:00,45791.39844,45841.39844,45766.39844,45786.39844,0,DIRECTA
DITAS,15M,2026-01-15 08:15:00,2026-01-15,08:15:00,45776.39844,45776.39844,45711.39844,45721.39844,0,DIRECTA
DITAS,15M,2026-01-15 08:30:00,2026-01-15,08:30:00,45736.39844,45751.39844,45711.39844,45716.39844,0,DIRECTA
DITAS,15M,2026-01-15 08:45:00,2026-01-15,08:45:00,45711.39844,45766.39844,45706.39844,45766.39844,0,DIRECTA
DITAS,15M,2026-01-15 09:00:00,2026-01-15,09:00:00,45761.39844,45776.39844,45701.39844,45746.39844,0,DIRECTA
DITAS,15M,2026-01-15 09:15:00,2026-01-15,09:15:00,45756.39844,45796.39844,45751.39844,45766.39844,0,DIRECTA
DITAS,15M,2026-01-15 09:30:00,2026-01-15,09:30:00,45776.39844,45806.39844,45736.39844,45751.39844,0,DIRECTA
DITAS,15M,2026-01-15 09:45:00,2026-01-15,09:45:00,45761.39844,45866.39844,45761.39844,45861.39844,0,DIRECTA
DITAS,15M,2026-01-15 10:00:00,2026-01-15,10:00:00,45856.39844,45891.39844,45841.39844,45846.39844,0,DIRECTA
DITAS,15M,2026-01-15 10:15:00,2026-01-15,10:15:00,45836.39844,45911.39844,45826.39844,45896.39844,0,DIRECTA
DITAS,15M,2026-01-15 10:30:00,2026-01-15,10:30:00,45901.39844,45936.39844,45901.39844,45916.39844,0,DIRECTA
DITAS,15M,2026-01-15 10:45:00,2026-01-15,10:45:00,45911.39844,45921.39844,45881.39844,45886.39844,0,DIRECTA
DITAS,15M,2026-01-15 11:00:00,2026-01-15,11:00:00,45891.39844,45891.39844,45846.39844,45871.39844,0,DIRECTA
DITAS,15M,2026-01-15 11:15:00,2026-01-15,11:15:00,45846.39844,45871.39844,45806.39844,45806.39844,0,DIRECTA
DITAS,15M,2026-01-15 11:30:00,2026-01-15,11:30:00,45811.39844,45851.39844,45811.39844,45836.39844,0,DIRECTA
DITAS,15M,2026-01-15 11:45:00,2026-01-15,11:45:00,45841.39844,45851.39844,45826.39844,45826.39844,0,DIRECTA
DITAS,15M,2026-01-15 12:00:00,2026-01-15,12:00:00,45821.39844,45826.39844,45766.39844,45791.39844,0,DIRECTA
DITAS,15M,2026-01-15 12:15:00,2026-01-15,12:15:00,45796.39844,45831.39844,45781.39844,45816.39844,0,DIRECTA
DITAS,15M,2026-01-15 12:30:00,2026-01-15,12:30:00,45821.39844,45826.39844,45766.39844,45766.39844,0,DIRECTA
DITAS,15M,2026-01-15 12:45:00,2026-01-15,12:45:00,45766.39844,45801.39844,45766.39844,45801.39844,0,DIRECTA
DITAS,15M,2026-01-15 13:00:00,2026-01-15,13:00:00,45811.39844,45816.39844,45781.39844,45786.39844,0,DIRECTA
DITAS,15M,2026-01-15 13:15:00,2026-01-15,13:15:00,45786.39844,45796.39844,45766.39844,45781.39844,0,DIRECTA
DITAS,15M,2026-01-15 13:30:00,2026-01-15,13:30:00,45776.39844,45781.39844,45761.39844,45781.39844,0,DIRECTA
DITAS,15M,2026-01-15 13:45:00,2026-01-15,13:45:00,45781.39844,45791.39844,45771.39844,45771.39844,0,DIRECTA
DITAS,15M,2026-01-15 14:00:00,2026-01-15,14:00:00,45766.39844,45796.39844,45761.39844,45771.39844,0,DIRECTA
DITAS,15M,2026-01-15 14:15:00,2026-01-15,14:15:00,45776.39844,45831.39844,45776.39844,45831.39844,0,DIRECTA
DITAS,15M,2026-01-15 14:30:00,2026-01-15,14:30:00,45816.39844,45836.39844,45766.39844,45766.39844,0,DIRECTA
DITAS,15M,2026-01-15 14:45:00,2026-01-15,14:45:00,45761.39844,45796.39844,45751.39844,45791.39844,0,DIRECTA
DITAS,15M,2026-01-15 15:00:00,2026-01-15,15:00:00,45791.39844,45801.39844,45766.39844,45766.39844,0,DIRECTA
DITAS,15M,2026-01-15 15:15:00,2026-01-15,15:15:00,45766.39844,45766.39844,45716.39844,45716.39844,0,DIRECTA
DITAS,15M,2026-01-15 15:30:00,2026-01-15,15:30:00,45731.39844,45796.39844,45716.39844,45791.39844,0,DIRECTA
DITAS,15M,2026-01-15 15:45:00,2026-01-15,15:45:00,45796.39844,45801.39844,45756.39844,45791.39844,0,DIRECTA
DITAS,15M,2026-01-15 16:00:00,2026-01-15,16:00:00,45796.39844,45816.39844,45791.39844,45796.39844,0,DIRECTA
DITAS,15M,2026-01-15 16:15:00,2026-01-15,16:15:00,45786.39844,45816.39844,45781.39844,45791.39844,0,DIRECTA
DITAS,15M,2026-01-15 16:30:00,2026-01-15,16:30:00,45801.39844,45866.39844,45801.39844,45851.39844,0,DIRECTA
DITAS,15M,2026-01-15 16:45:00,2026-01-15,16:45:00,45851.39844,45901.39844,45821.39844,45896.39844,0,DIRECTA
DITAS,15M,2026-01-15 17:00:00,2026-01-15,17:00:00,45901.39844,45921.39844,45846.39844,45846.39844,0,DIRECTA
DITAS,15M,2026-01-15 17:15:00,2026-01-15,17:15:00,45846.39844,45856.39844,45826.39844,45831.39844,0,DIRECTA
DITAS,15M,2026-01-15 17:30:00,2026-01-15,17:30:00,45836.39844,45861.39844,45816.39844,45861.39844,0,DIRECTA
DITAS,15M,2026-01-15 17:45:00,2026-01-15,17:45:00,45856.39844,45856.39844,45841.39844,45841.39844,0,DIRECTA
DITAS,15M,2026-01-15 18:00:00,2026-01-15,18:00:00,45841.39844,45846.39844,45831.39844,45831.39844,0,DIRECTA
DITAS,15M,2026-01-15 18:15:00,2026-01-15,18:15:00,45826.39844,45826.39844,45806.39844,45806.39844,0,DIRECTA
DITAS,15M,2026-01-15 18:30:00,2026-01-15,18:30:00,45811.39844,45816.39844,45801.39844,45806.39844,0,DIRECTA
DITAS,15M,2026-01-15 18:45:00,2026-01-15,18:45:00,45811.39844,45821.39844,45801.39844,45801.39844,0,DIRECTA
DITAS,15M,2026-01-15 19:00:00,2026-01-15,19:00:00,45796.39844,45826.39844,45796.39844,45826.39844,0,DIRECTA
DITAS,15M,2026-01-15 19:15:00,2026-01-15,19:15:00,45821.39844,45826.39844,45821.39844,45821.39844,0,DIRECTA
DITAS,15M,2026-01-15 19:30:00,2026-01-15,19:30:00,45826.39844,45846.39844,45826.39844,45836.39844,0,DIRECTA
DITAS,15M,2026-01-15 19:45:00,2026-01-15,19:45:00,45831.39844,45831.39844,45821.39844,45826.39844,0,DIRECTA
DITAS,15M,2026-01-15 20:00:00,2026-01-15,20:00:00,45826.39844,45841.39844,45826.39844,45831.39844,0,DIRECTA
DITAS,15M,2026-01-15 20:15:00,2026-01-15,20:15:00,45836.39844,45836.39844,45816.39844,45816.39844,0,DIRECTA
DITAS,15M,2026-01-15 20:30:00,2026-01-15,20:30:00,45806.39844,45806.39844,45786.39844,45796.39844,0,DIRECTA
DITAS,15M,2026-01-15 20:45:00,2026-01-15,20:45:00,45801.39844,45806.39844,45786.39844,45791.39844,0,DIRECTA
DITAS,15M,2026-01-15 21:00:00,2026-01-15,21:00:00,45781.39844,45791.39844,45766.39844,45766.39844,0,DIRECTA
DITAS,15M,2026-01-15 21:15:00,2026-01-15,21:15:00,45761.39844,45761.39844,45726.39844,45736.39844,0,DIRECTA
DITAS,15M,2026-01-15 21:30:00,2026-01-15,21:30:00,45741.39844,45756.39844,45736.39844,45756.39844,0,DIRECTA
DITAS,15M,2026-01-15 21:45:00,2026-01-15,21:45:00,45741.39844,45741.39844,45726.39844,45726.39844,0,DIRECTA
DITAS,15M,2026-01-16 08:00:00,2026-01-16,08:00:00,45795.76953,45825.76953,45795.76953,45810.76953,0,DIRECTA
DITAS,15M,2026-01-16 08:15:00,2026-01-16,08:15:00,45800.76953,45810.76953,45780.76953,45785.76953,0,DIRECTA
DITAS,15M,2026-01-16 08:30:00,2026-01-16,08:30:00,45780.76953,45790.76953,45770.76953,45780.76953,0,DIRECTA
DITAS,15M,2026-01-16 08:45:00,2026-01-16,08:45:00,45790.76953,45805.76953,45775.76953,45795.76953,0,DIRECTA
DITAS,15M,2026-01-16 09:00:00,2026-01-16,09:00:00,45780.76953,45800.76953,45740.76953,45755.76953,0,DIRECTA
DITAS,15M,2026-01-16 09:15:00,2026-01-16,09:15:00,45755.76953,45820.76953,45745.76953,45805.76953,0,DIRECTA
DITAS,15M,2026-01-16 09:30:00,2026-01-16,09:30:00,45810.76953,45810.76953,45725.76953,45750.76953,0,DIRECTA
DITAS,15M,2026-01-16 09:45:00,2026-01-16,09:45:00,45750.76953,45760.76953,45695.76953,45710.76953,0,DIRECTA
DITAS,15M,2026-01-16 10:00:00,2026-01-16,10:00:00,45715.76953,45740.76953,45690.76953,45690.76953,0,DIRECTA
DITAS,15M,2026-01-16 10:15:00,2026-01-16,10:15:00,45690.76953,45740.76953,45665.76953,45710.76953,0,DIRECTA
DITAS,15M,2026-01-16 10:30:00,2026-01-16,10:30:00,45705.76953,45710.76953,45675.76953,45700.76953,0,DIRECTA
DITAS,15M,2026-01-16 10:45:00,2026-01-16,10:45:00,45700.76953,45725.76953,45690.76953,45705.76953,0,DIRECTA
DITAS,15M,2026-01-16 11:00:00,2026-01-16,11:00:00,45705.76953,45740.76953,45695.76953,45735.76953,0,DIRECTA
DITAS,15M,2026-01-16 11:15:00,2026-01-16,11:15:00,45730.76953,45740.76953,45720.76953,45725.76953,0,DIRECTA
DITAS,15M,2026-01-16 11:30:00,2026-01-16,11:30:00,45725.76953,45770.76953,45720.76953,45740.76953,0,DIRECTA
DITAS,15M,2026-01-16 11:45:00,2026-01-16,11:45:00,45740.76953,45755.76953,45675.76953,45700.76953,0,DIRECTA
DITAS,15M,2026-01-16 12:00:00,2026-01-16,12:00:00,45685.76953,45715.76953,45665.76953,45715.76953,0,DIRECTA
DITAS,15M,2026-01-16 12:15:00,2026-01-16,12:15:00,45720.76953,45750.76953,45720.76953,45720.76953,0,DIRECTA
DITAS,15M,2026-01-16 12:30:00,2026-01-16,12:30:00,45715.76953,45715.76953,45685.76953,45690.76953,0,DIRECTA
DITAS,15M,2026-01-16 12:45:00,2026-01-16,12:45:00,45690.76953,45690.76953,45660.76953,45675.76953,0,DIRECTA
DITAS,15M,2026-01-16 13:00:00,2026-01-16,13:00:00,45680.76953,45695.76953,45645.76953,45695.76953,0,DIRECTA
DITAS,15M,2026-01-16 13:15:00,2026-01-16,13:15:00,45700.76953,45745.76953,45700.76953,45730.76953,0,DIRECTA
DITAS,15M,2026-01-16 13:30:00,2026-01-16,13:30:00,45720.76953,45755.76953,45720.76953,45755.76953,0,DIRECTA
DITAS,15M,2026-01-16 13:45:00,2026-01-16,13:45:00,45755.76953,45760.76953,45730.76953,45740.76953,0,DIRECTA
DITAS,15M,2026-01-16 14:00:00,2026-01-16,14:00:00,45735.76953,45745.76953,45720.76953,45730.76953,0,DIRECTA
DITAS,15M,2026-01-16 14:15:00,2026-01-16,14:15:00,45730.76953,45740.76953,45715.76953,45735.76953,0,DIRECTA
DITAS,15M,2026-01-16 14:30:00,2026-01-16,14:30:00,45740.76953,45750.76953,45705.76953,45705.76953,0,DIRECTA
DITAS,15M,2026-01-16 14:45:00,2026-01-16,14:45:00,45705.76953,45720.76953,45685.76953,45695.76953,0,DIRECTA
DITAS,15M,2026-01-16 15:00:00,2026-01-16,15:00:00,45705.76953,45715.76953,45675.76953,45690.76953,0,DIRECTA
DITAS,15M,2026-01-16 15:15:00,2026-01-16,15:15:00,45695.76953,45705.76953,45655.76953,45665.76953,0,DIRECTA
DITAS,15M,2026-01-16 15:30:00,2026-01-16,15:30:00,45665.76953,45680.76953,45630.76953,45655.76953,0,DIRECTA
DITAS,15M,2026-01-16 15:45:00,2026-01-16,15:45:00,45655.76953,45675.76953,45635.76953,45635.76953,0,DIRECTA
DITAS,15M,2026-01-16 16:00:00,2026-01-16,16:00:00,45635.76953,45730.76953,45635.76953,45720.76953,0,DIRECTA
DITAS,15M,2026-01-16 16:15:00,2026-01-16,16:15:00,45715.76953,45715.76953,45680.76953,45705.76953,0,DIRECTA
DITAS,15M,2026-01-16 16:30:00,2026-01-16,16:30:00,45705.76953,45730.76953,45660.76953,45680.76953,0,DIRECTA
DITAS,15M,2026-01-16 16:45:00,2026-01-16,16:45:00,45690.76953,45745.76953,45690.76953,45710.76953,0,DIRECTA
DITAS,15M,2026-01-16 17:00:00,2026-01-16,17:00:00,45710.76953,45725.76953,45695.76953,45700.76953,0,DIRECTA
DITAS,15M,2026-01-16 17:15:00,2026-01-16,17:15:00,45695.76953,45720.76953,45695.76953,45720.76953,0,DIRECTA
DITAS,15M,2026-01-16 17:30:00,2026-01-16,17:30:00,45720.76953,45820.76953,45720.76953,45745.76953,0,DIRECTA
DITAS,15M,2026-01-16 17:45:00,2026-01-16,17:45:00,45745.76953,45745.76953,45720.76953,45720.76953,0,DIRECTA
DITAS,15M,2026-01-16 18:00:00,2026-01-16,18:00:00,45720.76953,45720.76953,45715.76953,45720.76953,0,DIRECTA
DITAS,15M,2026-01-16 18:15:00,2026-01-16,18:15:00,45715.76953,45740.76953,45710.76953,45740.76953,0,DIRECTA
DITAS,15M,2026-01-16 18:30:00,2026-01-16,18:30:00,45735.76953,45750.76953,45735.76953,45750.76953,0,DIRECTA
DITAS,15M,2026-01-16 18:45:00,2026-01-16,18:45:00,45745.76953,45750.76953,45745.76953,45750.76953,0,DIRECTA
DITAS,15M,2026-01-16 19:00:00,2026-01-16,19:00:00,45755.76953,45765.76953,45750.76953,45760.76953,0,DIRECTA
DITAS,15M,2026-01-16 19:15:00,2026-01-16,19:15:00,45775.76953,45780.76953,45775.76953,45780.76953,0,DIRECTA
DITAS,15M,2026-01-16 19:30:00,2026-01-16,19:30:00,45780.76953,45785.76953,45770.76953,45770.76953,0,DIRECTA
DITAS,15M,2026-01-16 19:45:00,2026-01-16,19:45:00,45770.76953,45770.76953,45760.76953,45760.76953,0,DIRECTA
DITAS,15M,2026-01-16 20:00:00,2026-01-16,20:00:00,45765.76953,45790.76953,45755.76953,45755.76953,0,DIRECTA
DITAS,15M,2026-01-16 20:15:00,2026-01-16,20:15:00,45750.76953,45750.76953,45740.76953,45740.76953,0,DIRECTA
DITAS,15M,2026-01-16 20:30:00,2026-01-16,20:30:00,45745.76953,45780.76953,45745.76953,45765.76953,0,DIRECTA
DITAS,15M,2026-01-16 20:45:00,2026-01-16,20:45:00,45775.76953,45790.76953,45775.76953,45790.76953,0,DIRECTA
DITAS,15M,2026-01-16 21:00:00,2026-01-16,21:00:00,45790.76953,45815.76953,45790.76953,45810.76953,0,DIRECTA
DITAS,15M,2026-01-16 21:15:00,2026-01-16,21:15:00,45805.76953,45805.76953,45785.76953,45785.76953,0,DIRECTA
DITAS,15M,2026-01-16 21:30:00,2026-01-16,21:30:00,45770.76953,45790.76953,45770.76953,45790.76953,0,DIRECTA
DITAS,15M,2026-01-16 21:45:00,2026-01-16,21:45:00,45790.76953,45810.76953,45780.76953,45785.76953,0,DIRECTA
DITAS,15M,2026-01-19 08:00:00,2026-01-19,08:00:00,45247.69141,45252.69141,45157.69141,45187.69141,0,DIRECTA
DITAS,15M,2026-01-19 08:15:00,2026-01-19,08:15:00,45197.69141,45232.69141,45167.69141,45207.69141,0,DIRECTA
DITAS,15M,2026-01-19 08:30:00,2026-01-19,08:30:00,45217.69141,45227.69141,45182.69141,45187.69141,0,DIRECTA
DITAS,15M,2026-01-19 08:45:00,2026-01-19,08:45:00,45187.69141,45242.69141,45172.69141,45242.69141,0,DIRECTA
DITAS,15M,2026-01-19 09:00:00,2026-01-19,09:00:00,45222.69141,45382.69141,45172.69141,45377.69141,0,DIRECTA
DITAS,15M,2026-01-19 09:15:00,2026-01-19,09:15:00,45382.69141,45502.69141,45362.69141,45397.69141,0,DIRECTA
DITAS,15M,2026-01-19 09:30:00,2026-01-19,09:30:00,45402.69141,45442.69141,45262.69141,45272.69141,0,DIRECTA
DITAS,15M,2026-01-19 09:45:00,2026-01-19,09:45:00,45282.69141,45367.69141,45247.69141,45342.69141,0,DIRECTA
DITAS,15M,2026-01-19 10:00:00,2026-01-19,10:00:00,45347.69141,45347.69141,45217.69141,45217.69141,0,DIRECTA
DITAS,15M,2026-01-19 10:15:00,2026-01-19,10:15:00,45212.69141,45217.69141,45067.69141,45117.69141,0,DIRECTA
DITAS,15M,2026-01-19 10:30:00,2026-01-19,10:30:00,45122.69141,45127.69141,45077.69141,45107.69141,0,DIRECTA
DITAS,15M,2026-01-19 10:45:00,2026-01-19,10:45:00,45107.69141,45162.69141,45097.69141,45102.69141,0,DIRECTA
DITAS,15M,2026-01-19 11:00:00,2026-01-19,11:00:00,45092.69141,45167.69141,45092.69141,45167.69141,0,DIRECTA
DITAS,15M,2026-01-19 11:15:00,2026-01-19,11:15:00,45172.69141,45182.69141,45147.69141,45167.69141,0,DIRECTA
DITAS,15M,2026-01-19 11:30:00,2026-01-19,11:30:00,45157.69141,45162.69141,45082.69141,45082.69141,0,DIRECTA
DITAS,15M,2026-01-19 11:45:00,2026-01-19,11:45:00,45077.69141,45117.69141,45062.69141,45067.69141,0,DIRECTA
DITAS,15M,2026-01-19 12:00:00,2026-01-19,12:00:00,45067.69141,45117.69141,45067.69141,45107.69141,0,DIRECTA
DITAS,15M,2026-01-19 12:15:00,2026-01-19,12:15:00,45117.69141,45157.69141,45112.69141,45152.69141,0,DIRECTA
DITAS,15M,2026-01-19 12:30:00,2026-01-19,12:30:00,45152.69141,45167.69141,45107.69141,45127.69141,0,DIRECTA
DITAS,15M,2026-01-19 12:45:00,2026-01-19,12:45:00,45122.69141,45217.69141,45122.69141,45212.69141,0,DIRECTA
DITAS,15M,2026-01-19 13:00:00,2026-01-19,13:00:00,45207.69141,45267.69141,45207.69141,45262.69141,0,DIRECTA
DITAS,15M,2026-01-19 13:15:00,2026-01-19,13:15:00,45257.69141,45287.69141,45247.69141,45267.69141,0,DIRECTA
DITAS,15M,2026-01-19 13:30:00,2026-01-19,13:30:00,45277.69141,45302.69141,45262.69141,45297.69141,0,DIRECTA
DITAS,15M,2026-01-19 13:45:00,2026-01-19,13:45:00,45292.69141,45312.69141,45287.69141,45312.69141,0,DIRECTA
DITAS,15M,2026-01-19 14:00:00,2026-01-19,14:00:00,45312.69141,45357.69141,45312.69141,45342.69141,0,DIRECTA
DITAS,15M,2026-01-19 14:15:00,2026-01-19,14:15:00,45342.69141,45362.69141,45312.69141,45347.69141,0,DIRECTA
DITAS,15M,2026-01-19 14:30:00,2026-01-19,14:30:00,45352.69141,45397.69141,45352.69141,45372.69141,0,DIRECTA
DITAS,15M,2026-01-19 14:45:00,2026-01-19,14:45:00,45372.69141,45402.69141,45367.69141,45382.69141,0,DIRECTA
DITAS,15M,2026-01-19 15:00:00,2026-01-19,15:00:00,45387.69141,45392.69141,45337.69141,45352.69141,0,DIRECTA
DITAS,15M,2026-01-19 15:15:00,2026-01-19,15:15:00,45352.69141,45352.69141,45312.69141,45347.69141,0,DIRECTA
DITAS,15M,2026-01-19 15:30:00,2026-01-19,15:30:00,45347.69141,45362.69141,45297.69141,45307.69141,0,DIRECTA
DITAS,15M,2026-01-19 15:45:00,2026-01-19,15:45:00,45307.69141,45407.69141,45307.69141,45402.69141,0,DIRECTA
DITAS,15M,2026-01-19 16:00:00,2026-01-19,16:00:00,45392.69141,45392.69141,45342.69141,45347.69141,0,DIRECTA
DITAS,15M,2026-01-19 16:15:00,2026-01-19,16:15:00,45352.69141,45357.69141,45312.69141,45357.69141,0,DIRECTA
DITAS,15M,2026-01-19 16:30:00,2026-01-19,16:30:00,45342.69141,45367.69141,45312.69141,45352.69141,0,DIRECTA
DITAS,15M,2026-01-19 16:45:00,2026-01-19,16:45:00,45357.69141,45357.69141,45282.69141,45292.69141,0,DIRECTA
DITAS,15M,2026-01-19 17:00:00,2026-01-19,17:00:00,45292.69141,45342.69141,45292.69141,45337.69141,0,DIRECTA
DITAS,15M,2026-01-19 17:15:00,2026-01-19,17:15:00,45342.69141,45347.69141,45302.69141,45302.69141,0,DIRECTA
DITAS,15M,2026-01-19 17:30:00,2026-01-19,17:30:00,45307.69141,45347.69141,45242.69141,45247.69141,0,DIRECTA
DITAS,15M,2026-01-19 17:45:00,2026-01-19,17:45:00,45242.69141,45247.69141,45222.69141,45237.69141,0,DIRECTA
DITAS,15M,2026-01-19 18:00:00,2026-01-19,18:00:00,45242.69141,45277.69141,45232.69141,45277.69141,0,DIRECTA
DITAS,15M,2026-01-19 18:15:00,2026-01-19,18:15:00,45282.69141,45282.69141,45247.69141,45247.69141,0,DIRECTA
DITAS,15M,2026-01-19 18:30:00,2026-01-19,18:30:00,45242.69141,45242.69141,45222.69141,45227.69141,0,DIRECTA
DITAS,15M,2026-01-19 18:45:00,2026-01-19,18:45:00,45227.69141,45242.69141,45217.69141,45237.69141,0,DIRECTA
DITAS,15M,2026-01-19 19:00:00,2026-01-19,19:00:00,45227.69141,45227.69141,45207.69141,45217.69141,0,DIRECTA
DITAS,15M,2026-01-19 19:15:00,2026-01-19,19:15:00,45227.69141,45227.69141,45187.69141,45187.69141,0,DIRECTA
DITAS,15M,2026-01-19 19:30:00,2026-01-19,19:30:00,45187.69141,45197.69141,45182.69141,45192.69141,0,DIRECTA
DITAS,15M,2026-01-19 19:45:00,2026-01-19,19:45:00,45187.69141,45187.69141,45162.69141,45172.69141,0,DIRECTA
DITAS,15M,2026-01-19 20:00:00,2026-01-19,20:00:00,45167.69141,45187.69141,45167.69141,45187.69141,0,DIRECTA
DITAS,15M,2026-01-19 20:15:00,2026-01-19,20:15:00,45187.69141,45202.69141,45187.69141,45202.69141,0,DIRECTA
DITAS,15M,2026-01-19 20:30:00,2026-01-19,20:30:00,45202.69141,45202.69141,45202.69141,45202.69141,0,DIRECTA
DITAS,15M,2026-01-19 20:45:00,2026-01-19,20:45:00,45202.69141,45202.69141,45197.69141,45197.69141,0,DIRECTA
DITAS,15M,2026-01-19 21:00:00,2026-01-19,21:00:00,45197.69141,45202.69141,45177.69141,45177.69141,0,DIRECTA
DITAS,15M,2026-01-19 21:15:00,2026-01-19,21:15:00,45182.69141,45182.69141,45167.69141,45167.69141,0,DIRECTA
DITAS,15M,2026-01-19 21:30:00,2026-01-19,21:30:00,45172.69141,45182.69141,45167.69141,45182.69141,0,DIRECTA
DITAS,15M,2026-01-19 21:45:00,2026-01-19,21:45:00,45182.69141,45182.69141,45157.69141,45157.69141,0,DIRECTA
DITAS,15M,2026-01-20 08:00:00,2026-01-20,08:00:00,44939.89063,44949.89063,44859.89063,44864.89063,0,DIRECTA
DITAS,15M,2026-01-20 08:15:00,2026-01-20,08:15:00,44864.89063,44884.89063,44844.89063,44869.89063,0,DIRECTA
DITAS,15M,2026-01-20 08:30:00,2026-01-20,08:30:00,44859.89063,44859.89063,44839.89063,44849.89063,0,DIRECTA
DITAS,15M,2026-01-20 08:45:00,2026-01-20,08:45:00,44839.89063,44874.89063,44794.89063,44874.89063,0,DIRECTA
DITAS,15M,2026-01-20 09:00:00,2026-01-20,09:00:00,44879.89063,44924.89063,44789.89063,44899.89063,0,DIRECTA
DITAS,15M,2026-01-20 09:15:00,2026-01-20,09:15:00,44909.89063,44909.89063,44804.89063,44839.89063,0,DIRECTA
DITAS,15M,2026-01-20 09:30:00,2026-01-20,09:30:00,44829.89063,44829.89063,44644.89063,44674.89063,0,DIRECTA
DITAS,15M,2026-01-20 09:45:00,2026-01-20,09:45:00,44684.89063,44699.89063,44569.89063,44584.89063,0,DIRECTA
DITAS,15M,2026-01-20 10:00:00,2026-01-20,10:00:00,44599.89063,44609.89063,44524.89063,44529.89063,0,DIRECTA
DITAS,15M,2026-01-20 10:15:00,2026-01-20,10:15:00,44529.89063,44549.89063,44484.89063,44509.89063,0,DIRECTA
DITAS,15M,2026-01-20 10:30:00,2026-01-20,10:30:00,44499.89063,44554.89063,44459.89063,44549.89063,0,DIRECTA
DITAS,15M,2026-01-20 10:45:00,2026-01-20,10:45:00,44549.89063,44554.89063,44484.89063,44484.89063,0,DIRECTA
DITAS,15M,2026-01-20 11:00:00,2026-01-20,11:00:00,44489.89063,44534.89063,44449.89063,44524.89063,0,DIRECTA
DITAS,15M,2026-01-20 11:15:00,2026-01-20,11:15:00,44529.89063,44629.89063,44529.89063,44619.89063,0,DIRECTA
DITAS,15M,2026-01-20 11:30:00,2026-01-20,11:30:00,44624.89063,44634.89063,44554.89063,44569.89063,0,DIRECTA
DITAS,15M,2026-01-20 11:45:00,2026-01-20,11:45:00,44579.89063,44589.89063,44514.89063,44534.89063,0,DIRECTA
DITAS,15M,2026-01-20 12:00:00,2026-01-20,12:00:00,44534.89063,44569.89063,44529.89063,44539.89063,0,DIRECTA
DITAS,15M,2026-01-20 12:15:00,2026-01-20,12:15:00,44539.89063,44574.89063,44509.89063,44534.89063,0,DIRECTA
DITAS,15M,2026-01-20 12:30:00,2026-01-20,12:30:00,44529.89063,44529.89063,44469.89063,44474.89063,0,DIRECTA
DITAS,15M,2026-01-20 12:45:00,2026-01-20,12:45:00,44474.89063,44509.89063,44454.89063,44509.89063,0,DIRECTA
DITAS,15M,2026-01-20 13:00:00,2026-01-20,13:00:00,44499.89063,44559.89063,44489.89063,44559.89063,0,DIRECTA
DITAS,15M,2026-01-20 13:15:00,2026-01-20,13:15:00,44559.89063,44559.89063,44484.89063,44514.89063,0,DIRECTA
DITAS,15M,2026-01-20 13:30:00,2026-01-20,13:30:00,44509.89063,44564.89063,44509.89063,44564.89063,0,DIRECTA
DITAS,15M,2026-01-20 13:45:00,2026-01-20,13:45:00,44564.89063,44619.89063,44554.89063,44609.89063,0,DIRECTA
DITAS,15M,2026-01-20 14:00:00,2026-01-20,14:00:00,44614.89063,44624.89063,44569.89063,44579.89063,0,DIRECTA
DITAS,15M,2026-01-20 14:15:00,2026-01-20,14:15:00,44579.89063,44639.89063,44579.89063,44614.89063,0,DIRECTA
DITAS,15M,2026-01-20 14:30:00,2026-01-20,14:30:00,44604.89063,44609.89063,44494.89063,44524.89063,0,DIRECTA
DITAS,15M,2026-01-20 14:45:00,2026-01-20,14:45:00,44519.89063,44529.89063,44469.89063,44499.89063,0,DIRECTA
DITAS,15M,2026-01-20 15:00:00,2026-01-20,15:00:00,44499.89063,44504.89063,44449.89063,44469.89063,0,DIRECTA
DITAS,15M,2026-01-20 15:15:00,2026-01-20,15:15:00,44469.89063,44559.89063,44469.89063,44554.89063,0,DIRECTA
DITAS,15M,2026-01-20 15:30:00,2026-01-20,15:30:00,44579.89063,44669.89063,44579.89063,44669.89063,0,DIRECTA
DITAS,15M,2026-01-20 15:45:00,2026-01-20,15:45:00,44664.89063,44679.89063,44619.89063,44674.89063,0,DIRECTA
DITAS,15M,2026-01-20 16:00:00,2026-01-20,16:00:00,44669.89063,44689.89063,44634.89063,44679.89063,0,DIRECTA
DITAS,15M,2026-01-20 16:15:00,2026-01-20,16:15:00,44679.89063,44719.89063,44624.89063,44719.89063,0,DIRECTA
DITAS,15M,2026-01-20 16:30:00,2026-01-20,16:30:00,44709.89063,44769.89063,44704.89063,44734.89063,0,DIRECTA
DITAS,15M,2026-01-20 16:45:00,2026-01-20,16:45:00,44744.89063,44759.89063,44689.89063,44709.89063,0,DIRECTA
DITAS,15M,2026-01-20 17:00:00,2026-01-20,17:00:00,44709.89063,44754.89063,44694.89063,44739.89063,0,DIRECTA
DITAS,15M,2026-01-20 17:15:00,2026-01-20,17:15:00,44719.89063,44724.89063,44659.89063,44694.89063,0,DIRECTA
DITAS,15M,2026-01-20 17:30:00,2026-01-20,17:30:00,44704.89063,44709.89063,44649.89063,44659.89063,0,DIRECTA
DITAS,15M,2026-01-20 17:45:00,2026-01-20,17:45:00,44664.89063,44704.89063,44644.89063,44699.89063,0,DIRECTA
DITAS,15M,2026-01-20 18:00:00,2026-01-20,18:00:00,44704.89063,44714.89063,44684.89063,44689.89063,0,DIRECTA
DITAS,15M,2026-01-20 18:15:00,2026-01-20,18:15:00,44684.89063,44689.89063,44664.89063,44669.89063,0,DIRECTA
DITAS,15M,2026-01-20 18:30:00,2026-01-20,18:30:00,44659.89063,44659.89063,44599.89063,44609.89063,0,DIRECTA
DITAS,15M,2026-01-20 18:45:00,2026-01-20,18:45:00,44599.89063,44599.89063,44569.89063,44599.89063,0,DIRECTA
DITAS,15M,2026-01-20 19:00:00,2026-01-20,19:00:00,44599.89063,44609.89063,44589.89063,44604.89063,0,DIRECTA
DITAS,15M,2026-01-20 19:15:00,2026-01-20,19:15:00,44599.89063,44599.89063,44569.89063,44569.89063,0,DIRECTA
DITAS,15M,2026-01-20 19:30:00,2026-01-20,19:30:00,44569.89063,44569.89063,44519.89063,44519.89063,0,DIRECTA
DITAS,15M,2026-01-20 19:45:00,2026-01-20,19:45:00,44519.89063,44524.89063,44479.89063,44494.89063,0,DIRECTA
DITAS,15M,2026-01-20 20:00:00,2026-01-20,20:00:00,44509.89063,44509.89063,44484.89063,44489.89063,0,DIRECTA
DITAS,15M,2026-01-20 20:15:00,2026-01-20,20:15:00,44474.89063,44479.89063,44434.89063,44449.89063,0,DIRECTA
DITAS,15M,2026-01-20 20:30:00,2026-01-20,20:30:00,44454.89063,44454.89063,44404.89063,44434.89063,0,DIRECTA
DITAS,15M,2026-01-20 20:45:00,2026-01-20,20:45:00,44429.89063,44454.89063,44424.89063,44439.89063,0,DIRECTA
DITAS,15M,2026-01-20 21:00:00,2026-01-20,21:00:00,44424.89063,44424.89063,44394.89063,44394.89063,0,DIRECTA
DITAS,15M,2026-01-20 21:15:00,2026-01-20,21:15:00,44394.89063,44449.89063,44379.89063,44409.89063,0,DIRECTA
DITAS,15M,2026-01-20 21:30:00,2026-01-20,21:30:00,44414.89063,44439.89063,44399.89063,44409.89063,0,DIRECTA
DITAS,15M,2026-01-20 21:45:00,2026-01-20,21:45:00,44414.89063,44429.89063,44389.89063,44389.89063,0,DIRECTA
DITAS,15M,2026-01-21 08:00:00,2026-01-21,08:00:00,44522.46094,44652.46094,44492.46094,44637.46094,0,DIRECTA
DITAS,15M,2026-01-21 08:15:00,2026-01-21,08:15:00,44632.46094,44647.46094,44617.46094,44627.46094,0,DIRECTA
DITAS,15M,2026-01-21 08:30:00,2026-01-21,08:30:00,44637.46094,44642.46094,44622.46094,44642.46094,0,DIRECTA
DITAS,15M,2026-01-21 08:45:00,2026-01-21,08:45:00,44637.46094,44667.46094,44577.46094,44602.46094,0,DIRECTA
DITAS,15M,2026-01-21 09:00:00,2026-01-21,09:00:00,44572.46094,44642.46094,44537.46094,44612.46094,0,DIRECTA
DITAS,15M,2026-01-21 09:15:00,2026-01-21,09:15:00,44572.46094,44632.46094,44517.46094,44562.46094,0,DIRECTA
DITAS,15M,2026-01-21 09:30:00,2026-01-21,09:30:00,44572.46094,44572.46094,44487.46094,44527.46094,0,DIRECTA
DITAS,15M,2026-01-21 09:45:00,2026-01-21,09:45:00,44542.46094,44567.46094,44487.46094,44502.46094,0,DIRECTA
DITAS,15M,2026-01-21 10:00:00,2026-01-21,10:00:00,44502.46094,44517.46094,44442.46094,44462.46094,0,DIRECTA
DITAS,15M,2026-01-21 10:15:00,2026-01-21,10:15:00,44467.46094,44537.46094,44427.46094,44462.46094,0,DIRECTA
DITAS,15M,2026-01-21 10:30:00,2026-01-21,10:30:00,44452.46094,44452.46094,44412.46094,44412.46094,0,DIRECTA
DITAS,15M,2026-01-21 10:45:00,2026-01-21,10:45:00,44407.46094,44407.46094,44322.46094,44327.46094,0,DIRECTA
DITAS,15M,2026-01-21 11:00:00,2026-01-21,11:00:00,44332.46094,44357.46094,44292.46094,44317.46094,0,DIRECTA
DITAS,15M,2026-01-21 11:15:00,2026-01-21,11:15:00,44337.46094,44387.46094,44312.46094,44387.46094,0,DIRECTA
DITAS,15M,2026-01-21 11:30:00,2026-01-21,11:30:00,44392.46094,44427.46094,44387.46094,44392.46094,0,DIRECTA
DITAS,15M,2026-01-21 11:45:00,2026-01-21,11:45:00,44397.46094,44397.46094,44317.46094,44322.46094,0,DIRECTA
DITAS,15M,2026-01-21 12:00:00,2026-01-21,12:00:00,44322.46094,44342.46094,44282.46094,44302.46094,0,DIRECTA
DITAS,15M,2026-01-21 12:15:00,2026-01-21,12:15:00,44297.46094,44337.46094,44297.46094,44302.46094,0,DIRECTA
DITAS,15M,2026-01-21 12:30:00,2026-01-21,12:30:00,44302.46094,44307.46094,44197.46094,44217.46094,0,DIRECTA
DITAS,15M,2026-01-21 12:45:00,2026-01-21,12:45:00,44217.46094,44237.46094,44177.46094,44192.46094,0,DIRECTA
DITAS,15M,2026-01-21 13:00:00,2026-01-21,13:00:00,44182.46094,44232.46094,44167.46094,44227.46094,0,DIRECTA
DITAS,15M,2026-01-21 13:15:00,2026-01-21,13:15:00,44232.46094,44232.46094,44187.46094,44202.46094,0,DIRECTA
DITAS,15M,2026-01-21 13:30:00,2026-01-21,13:30:00,44202.46094,44202.46094,44117.46094,44132.46094,0,DIRECTA
DITAS,15M,2026-01-21 13:45:00,2026-01-21,13:45:00,44132.46094,44202.46094,44117.46094,44197.46094,0,DIRECTA
DITAS,15M,2026-01-21 14:00:00,2026-01-21,14:00:00,44202.46094,44212.46094,44172.46094,44197.46094,0,DIRECTA
DITAS,15M,2026-01-21 14:15:00,2026-01-21,14:15:00,44187.46094,44187.46094,44077.46094,44082.46094,0,DIRECTA
DITAS,15M,2026-01-21 14:30:00,2026-01-21,14:30:00,44082.46094,44117.46094,44052.46094,44082.46094,0,DIRECTA
DITAS,15M,2026-01-21 14:45:00,2026-01-21,14:45:00,44077.46094,44252.46094,44072.46094,44237.46094,0,DIRECTA
DITAS,15M,2026-01-21 15:00:00,2026-01-21,15:00:00,44237.46094,44447.46094,44182.46094,44412.46094,0,DIRECTA
DITAS,15M,2026-01-21 15:15:00,2026-01-21,15:15:00,44417.46094,44437.46094,44327.46094,44327.46094,0,DIRECTA
DITAS,15M,2026-01-21 15:30:00,2026-01-21,15:30:00,44332.46094,44472.46094,44307.46094,44462.46094,0,DIRECTA
DITAS,15M,2026-01-21 15:45:00,2026-01-21,15:45:00,44462.46094,44602.46094,44457.46094,44582.46094,0,DIRECTA
DITAS,15M,2026-01-21 16:00:00,2026-01-21,16:00:00,44592.46094,44592.46094,44527.46094,44542.46094,0,DIRECTA
DITAS,15M,2026-01-21 16:15:00,2026-01-21,16:15:00,44552.46094,44612.46094,44537.46094,44577.46094,0,DIRECTA
DITAS,15M,2026-01-21 16:30:00,2026-01-21,16:30:00,44587.46094,44672.46094,44582.46094,44662.46094,0,DIRECTA
DITAS,15M,2026-01-21 16:45:00,2026-01-21,16:45:00,44672.46094,44672.46094,44587.46094,44592.46094,0,DIRECTA
DITAS,15M,2026-01-21 17:00:00,2026-01-21,17:00:00,44592.46094,44592.46094,44497.46094,44532.46094,0,DIRECTA
DITAS,15M,2026-01-21 17:15:00,2026-01-21,17:15:00,44527.46094,44527.46094,44482.46094,44517.46094,0,DIRECTA
DITAS,15M,2026-01-21 17:30:00,2026-01-21,17:30:00,44517.46094,44517.46094,44352.46094,44352.46094,0,DIRECTA
DITAS,15M,2026-01-21 17:45:00,2026-01-21,17:45:00,44352.46094,44402.46094,44312.46094,44322.46094,0,DIRECTA
DITAS,15M,2026-01-21 18:00:00,2026-01-21,18:00:00,44337.46094,44347.46094,44212.46094,44212.46094,0,DIRECTA
DITAS,15M,2026-01-21 18:15:00,2026-01-21,18:15:00,44217.46094,44307.46094,44207.46094,44277.46094,0,DIRECTA
DITAS,15M,2026-01-21 18:30:00,2026-01-21,18:30:00,44262.46094,44297.46094,44227.46094,44272.46094,0,DIRECTA
DITAS,15M,2026-01-21 18:45:00,2026-01-21,18:45:00,44257.46094,44377.46094,44257.46094,44377.46094,0,DIRECTA
DITAS,15M,2026-01-21 19:00:00,2026-01-21,19:00:00,44347.46094,44362.46094,44292.46094,44342.46094,0,DIRECTA
DITAS,15M,2026-01-21 19:15:00,2026-01-21,19:15:00,44337.46094,44377.46094,44337.46094,44377.46094,0,DIRECTA
DITAS,15M,2026-01-21 19:30:00,2026-01-21,19:30:00,44372.46094,44382.46094,44357.46094,44367.46094,0,DIRECTA
DITAS,15M,2026-01-21 19:45:00,2026-01-21,19:45:00,44357.46094,44422.46094,44357.46094,44402.46094,0,DIRECTA
DITAS,15M,2026-01-21 20:00:00,2026-01-21,20:00:00,44412.46094,44417.46094,44377.46094,44392.46094,0,DIRECTA
DITAS,15M,2026-01-21 20:15:00,2026-01-21,20:15:00,44377.46094,44692.46094,44377.46094,44632.46094,0,DIRECTA
DITAS,15M,2026-01-21 20:30:00,2026-01-21,20:30:00,44607.46094,44962.46094,44607.46094,44927.46094,0,DIRECTA
DITAS,15M,2026-01-21 20:45:00,2026-01-21,20:45:00,44922.46094,44982.46094,44892.46094,44982.46094,0,DIRECTA
DITAS,15M,2026-01-21 21:00:00,2026-01-21,21:00:00,44987.46094,44987.46094,44927.46094,44952.46094,0,DIRECTA
DITAS,15M,2026-01-21 21:15:00,2026-01-21,21:15:00,44937.46094,44942.46094,44857.46094,44857.46094,0,DIRECTA
DITAS,15M,2026-01-21 21:30:00,2026-01-21,21:30:00,44842.46094,44917.46094,44842.46094,44872.46094,0,DIRECTA
DITAS,15M,2026-01-21 21:45:00,2026-01-21,21:45:00,44872.46094,44902.46094,44837.46094,44902.46094,0,DIRECTA
DITAS,15M,2026-01-22 08:00:00,2026-01-22,08:00:00,44922.35938,44922.35938,44842.35938,44862.35938,0,DIRECTA
DITAS,15M,2026-01-22 08:15:00,2026-01-22,08:15:00,44857.35938,44882.35938,44837.35938,44877.35938,0,DIRECTA
DITAS,15M,2026-01-22 08:30:00,2026-01-22,08:30:00,44887.35938,44947.35938,44887.35938,44942.35938,0,DIRECTA
DITAS,15M,2026-01-22 08:45:00,2026-01-22,08:45:00,44932.35938,44952.35938,44852.35938,44932.35938,0,DIRECTA
DITAS,15M,2026-01-22 09:00:00,2026-01-22,09:00:00,44937.35938,44977.35938,44902.35938,44917.35938,0,DIRECTA
DITAS,15M,2026-01-22 09:15:00,2026-01-22,09:15:00,44917.35938,44997.35938,44887.35938,44897.35938,0,DIRECTA
DITAS,15M,2026-01-22 09:30:00,2026-01-22,09:30:00,44892.35938,44892.35938,44792.35938,44802.35938,0,DIRECTA
DITAS,15M,2026-01-22 09:45:00,2026-01-22,09:45:00,44797.35938,44832.35938,44762.35938,44792.35938,0,DIRECTA
DITAS,15M,2026-01-22 10:00:00,2026-01-22,10:00:00,44797.35938,44877.35938,44792.35938,44872.35938,0,DIRECTA
DITAS,15M,2026-01-22 10:15:00,2026-01-22,10:15:00,44882.35938,44917.35938,44857.35938,44902.35938,0,DIRECTA
DITAS,15M,2026-01-22 10:30:00,2026-01-22,10:30:00,44907.35938,44952.35938,44867.35938,44952.35938,0,DIRECTA
DITAS,15M,2026-01-22 10:45:00,2026-01-22,10:45:00,44952.35938,45012.35938,44952.35938,44997.35938,0,DIRECTA
DITAS,15M,2026-01-22 11:00:00,2026-01-22,11:00:00,45002.35938,45037.35938,44992.35938,45022.35938,0,DIRECTA
DITAS,15M,2026-01-22 11:15:00,2026-01-22,11:15:00,45022.35938,45027.35938,44967.35938,44972.35938,0,DIRECTA
DITAS,15M,2026-01-22 11:30:00,2026-01-22,11:30:00,44972.35938,44972.35938,44902.35938,44932.35938,0,DIRECTA
DITAS,15M,2026-01-22 11:45:00,2026-01-22,11:45:00,44932.35938,44932.35938,44857.35938,44872.35938,0,DIRECTA
DITAS,15M,2026-01-22 12:00:00,2026-01-22,12:00:00,44882.35938,44972.35938,44882.35938,44947.35938,0,DIRECTA
DITAS,15M,2026-01-22 12:15:00,2026-01-22,12:15:00,44947.35938,44947.35938,44867.35938,44877.35938,0,DIRECTA
DITAS,15M,2026-01-22 12:30:00,2026-01-22,12:30:00,44872.35938,44907.35938,44792.35938,44807.35938,0,DIRECTA
DITAS,15M,2026-01-22 12:45:00,2026-01-22,12:45:00,44817.35938,44882.35938,44817.35938,44872.35938,0,DIRECTA
DITAS,15M,2026-01-22 13:00:00,2026-01-22,13:00:00,44867.35938,44917.35938,44857.35938,44917.35938,0,DIRECTA
DITAS,15M,2026-01-22 13:15:00,2026-01-22,13:15:00,44922.35938,44952.35938,44917.35938,44952.35938,0,DIRECTA
DITAS,15M,2026-01-22 13:30:00,2026-01-22,13:30:00,44957.35938,44997.35938,44957.35938,44992.35938,0,DIRECTA
DITAS,15M,2026-01-22 13:45:00,2026-01-22,13:45:00,44992.35938,44992.35938,44927.35938,44937.35938,0,DIRECTA
DITAS,15M,2026-01-22 14:00:00,2026-01-22,14:00:00,44942.35938,44942.35938,44892.35938,44902.35938,0,DIRECTA
DITAS,15M,2026-01-22 14:15:00,2026-01-22,14:15:00,44897.35938,44947.35938,44897.35938,44947.35938,0,DIRECTA
DITAS,15M,2026-01-22 14:30:00,2026-01-22,14:30:00,44947.35938,45012.35938,44947.35938,44997.35938,0,DIRECTA
DITAS,15M,2026-01-22 14:45:00,2026-01-22,14:45:00,44987.35938,45017.35938,44987.35938,45012.35938,0,DIRECTA
DITAS,15M,2026-01-22 15:00:00,2026-01-22,15:00:00,45017.35938,45027.35938,44972.35938,44992.35938,0,DIRECTA
DITAS,15M,2026-01-22 15:15:00,2026-01-22,15:15:00,44997.35938,45047.35938,44977.35938,45037.35938,0,DIRECTA
DITAS,15M,2026-01-22 15:30:00,2026-01-22,15:30:00,45047.35938,45182.35938,45047.35938,45162.35938,0,DIRECTA
DITAS,15M,2026-01-22 15:45:00,2026-01-22,15:45:00,45162.35938,45162.35938,45077.35938,45097.35938,0,DIRECTA
DITAS,15M,2026-01-22 16:00:00,2026-01-22,16:00:00,45097.35938,45097.35938,44947.35938,44957.35938,0,DIRECTA
DITAS,15M,2026-01-22 16:15:00,2026-01-22,16:15:00,44957.35938,45062.35938,44957.35938,45052.35938,0,DIRECTA
DITAS,15M,2026-01-22 16:30:00,2026-01-22,16:30:00,45062.35938,45082.35938,45032.35938,45072.35938,0,DIRECTA
DITAS,15M,2026-01-22 16:45:00,2026-01-22,16:45:00,45072.35938,45097.35938,45062.35938,45067.35938,0,DIRECTA
DITAS,15M,2026-01-22 17:00:00,2026-01-22,17:00:00,45092.35938,45137.35938,45082.35938,45137.35938,0,DIRECTA
DITAS,15M,2026-01-22 17:15:00,2026-01-22,17:15:00,45127.35938,45157.35938,45122.35938,45137.35938,0,DIRECTA
DITAS,15M,2026-01-22 17:30:00,2026-01-22,17:30:00,45132.35938,45137.35938,45052.35938,45067.35938,0,DIRECTA
DITAS,15M,2026-01-22 17:45:00,2026-01-22,17:45:00,45077.35938,45087.35938,45052.35938,45057.35938,0,DIRECTA
DITAS,15M,2026-01-22 18:00:00,2026-01-22,18:00:00,45052.35938,45077.35938,45052.35938,45062.35938,0,DIRECTA
DITAS,15M,2026-01-22 18:15:00,2026-01-22,18:15:00,45062.35938,45062.35938,45032.35938,45037.35938,0,DIRECTA
DITAS,15M,2026-01-22 18:30:00,2026-01-22,18:30:00,45042.35938,45077.35938,45042.35938,45052.35938,0,DIRECTA
DITAS,15M,2026-01-22 18:45:00,2026-01-22,18:45:00,45042.35938,45052.35938,45032.35938,45052.35938,0,DIRECTA
DITAS,15M,2026-01-22 19:00:00,2026-01-22,19:00:00,45042.35938,45047.35938,45022.35938,45032.35938,0,DIRECTA
DITAS,15M,2026-01-22 19:15:00,2026-01-22,19:15:00,45032.35938,45047.35938,45032.35938,45042.35938,0,DIRECTA
DITAS,15M,2026-01-22 19:30:00,2026-01-22,19:30:00,45037.35938,45062.35938,45037.35938,45042.35938,0,DIRECTA
DITAS,15M,2026-01-22 19:45:00,2026-01-22,19:45:00,45052.35938,45052.35938,45042.35938,45042.35938,0,DIRECTA
DITAS,15M,2026-01-22 20:00:00,2026-01-22,20:00:00,45057.35938,45077.35938,45057.35938,45072.35938,0,DIRECTA
DITAS,15M,2026-01-22 20:15:00,2026-01-22,20:15:00,45062.35938,45067.35938,45057.35938,45057.35938,0,DIRECTA
DITAS,15M,2026-01-22 20:30:00,2026-01-22,20:30:00,45052.35938,45052.35938,45027.35938,45027.35938,0,DIRECTA
DITAS,15M,2026-01-22 20:45:00,2026-01-22,20:45:00,45022.35938,45037.35938,44992.35938,44997.35938,0,DIRECTA
DITAS,15M,2026-01-22 21:00:00,2026-01-22,21:00:00,44992.35938,45022.35938,44992.35938,45022.35938,0,DIRECTA
DITAS,15M,2026-01-22 21:15:00,2026-01-22,21:15:00,45037.35938,45037.35938,45012.35938,45022.35938,0,DIRECTA
DITAS,15M,2026-01-22 21:30:00,2026-01-22,21:30:00,45007.35938,45007.35938,44982.35938,44982.35938,0,DIRECTA
DITAS,15M,2026-01-22 21:45:00,2026-01-22,21:45:00,44992.35938,45027.35938,44987.35938,45002.35938,0,DIRECTA
DITAS,15M,2026-01-23 08:00:00,2026-01-23,08:00:00,44997.23047,44997.23047,44937.23047,44947.23047,0,DIRECTA
DITAS,15M,2026-01-23 08:15:00,2026-01-23,08:15:00,44957.23047,44992.23047,44957.23047,44972.23047,0,DIRECTA
DITAS,15M,2026-01-23 08:30:00,2026-01-23,08:30:00,44972.23047,44972.23047,44952.23047,44972.23047,0,DIRECTA
DITAS,15M,2026-01-23 08:45:00,2026-01-23,08:45:00,44977.23047,44987.23047,44952.23047,44967.23047,0,DIRECTA
DITAS,15M,2026-01-23 09:00:00,2026-01-23,09:00:00,44977.23047,44977.23047,44822.23047,44837.23047,0,DIRECTA
DITAS,15M,2026-01-23 09:15:00,2026-01-23,09:15:00,44832.23047,44907.23047,44817.23047,44842.23047,0,DIRECTA
DITAS,15M,2026-01-23 09:30:00,2026-01-23,09:30:00,44852.23047,44877.23047,44797.23047,44842.23047,0,DIRECTA
DITAS,15M,2026-01-23 09:45:00,2026-01-23,09:45:00,44827.23047,44842.23047,44797.23047,44817.23047,0,DIRECTA
DITAS,15M,2026-01-23 10:00:00,2026-01-23,10:00:00,44827.23047,44872.23047,44812.23047,44872.23047,0,DIRECTA
DITAS,15M,2026-01-23 10:15:00,2026-01-23,10:15:00,44872.23047,44972.23047,44872.23047,44962.23047,0,DIRECTA
DITAS,15M,2026-01-23 10:30:00,2026-01-23,10:30:00,44967.23047,44977.23047,44887.23047,44907.23047,0,DIRECTA
DITAS,15M,2026-01-23 10:45:00,2026-01-23,10:45:00,44907.23047,44922.23047,44882.23047,44902.23047,0,DIRECTA
DITAS,15M,2026-01-23 11:00:00,2026-01-23,11:00:00,44897.23047,44902.23047,44852.23047,44857.23047,0,DIRECTA
DITAS,15M,2026-01-23 11:15:00,2026-01-23,11:15:00,44852.23047,44892.23047,44852.23047,44852.23047,0,DIRECTA
DITAS,15M,2026-01-23 11:30:00,2026-01-23,11:30:00,44857.23047,44857.23047,44817.23047,44817.23047,0,DIRECTA
DITAS,15M,2026-01-23 11:45:00,2026-01-23,11:45:00,44817.23047,44847.23047,44807.23047,44837.23047,0,DIRECTA
DITAS,15M,2026-01-23 12:00:00,2026-01-23,12:00:00,44847.23047,44882.23047,44832.23047,44882.23047,0,DIRECTA
DITAS,15M,2026-01-23 12:15:00,2026-01-23,12:15:00,44897.23047,44907.23047,44867.23047,44907.23047,0,DIRECTA
DITAS,15M,2026-01-23 12:30:00,2026-01-23,12:30:00,44907.23047,44912.23047,44857.23047,44857.23047,0,DIRECTA
DITAS,15M,2026-01-23 12:45:00,2026-01-23,12:45:00,44852.23047,44867.23047,44837.23047,44852.23047,0,DIRECTA
DITAS,15M,2026-01-23 13:00:00,2026-01-23,13:00:00,44857.23047,44877.23047,44857.23047,44857.23047,0,DIRECTA
DITAS,15M,2026-01-23 13:15:00,2026-01-23,13:15:00,44842.23047,44842.23047,44787.23047,44797.23047,0,DIRECTA
DITAS,15M,2026-01-23 13:30:00,2026-01-23,13:30:00,44797.23047,44802.23047,44727.23047,44752.23047,0,DIRECTA
DITAS,15M,2026-01-23 13:45:00,2026-01-23,13:45:00,44762.23047,44792.23047,44737.23047,44792.23047,0,DIRECTA
DITAS,15M,2026-01-23 14:00:00,2026-01-23,14:00:00,44792.23047,44802.23047,44762.23047,44777.23047,0,DIRECTA
DITAS,15M,2026-01-23 14:15:00,2026-01-23,14:15:00,44777.23047,44777.23047,44737.23047,44737.23047,0,DIRECTA
DITAS,15M,2026-01-23 14:30:00,2026-01-23,14:30:00,44742.23047,44767.23047,44727.23047,44752.23047,0,DIRECTA
DITAS,15M,2026-01-23 14:45:00,2026-01-23,14:45:00,44747.23047,44767.23047,44722.23047,44737.23047,0,DIRECTA
DITAS,15M,2026-01-23 15:00:00,2026-01-23,15:00:00,44732.23047,44762.23047,44727.23047,44747.23047,0,DIRECTA
DITAS,15M,2026-01-23 15:15:00,2026-01-23,15:15:00,44742.23047,44747.23047,44722.23047,44737.23047,0,DIRECTA
DITAS,15M,2026-01-23 15:30:00,2026-01-23,15:30:00,44732.23047,44732.23047,44622.23047,44637.23047,0,DIRECTA
DITAS,15M,2026-01-23 15:45:00,2026-01-23,15:45:00,44642.23047,44702.23047,44637.23047,44702.23047,0,DIRECTA
DITAS,15M,2026-01-23 16:00:00,2026-01-23,16:00:00,44702.23047,44722.23047,44667.23047,44667.23047,0,DIRECTA
DITAS,15M,2026-01-23 16:15:00,2026-01-23,16:15:00,44667.23047,44722.23047,44667.23047,44712.23047,0,DIRECTA
DITAS,15M,2026-01-23 16:30:00,2026-01-23,16:30:00,44717.23047,44762.23047,44707.23047,44762.23047,0,DIRECTA
DITAS,15M,2026-01-23 16:45:00,2026-01-23,16:45:00,44747.23047,44762.23047,44732.23047,44752.23047,0,DIRECTA
DITAS,15M,2026-01-23 17:00:00,2026-01-23,17:00:00,44732.23047,44747.23047,44722.23047,44722.23047,0,DIRECTA
DITAS,15M,2026-01-23 17:15:00,2026-01-23,17:15:00,44737.23047,44757.23047,44732.23047,44732.23047,0,DIRECTA
DITAS,15M,2026-01-23 17:30:00,2026-01-23,17:30:00,44742.23047,44877.23047,44717.23047,44867.23047,0,DIRECTA
DITAS,15M,2026-01-23 17:45:00,2026-01-23,17:45:00,44857.23047,44857.23047,44822.23047,44842.23047,0,DIRECTA
DITAS,15M,2026-01-23 18:00:00,2026-01-23,18:00:00,44837.23047,44852.23047,44832.23047,44852.23047,0,DIRECTA
DITAS,15M,2026-01-23 18:15:00,2026-01-23,18:15:00,44857.23047,44867.23047,44847.23047,44852.23047,0,DIRECTA
DITAS,15M,2026-01-23 18:30:00,2026-01-23,18:30:00,44847.23047,44852.23047,44817.23047,44827.23047,0,DIRECTA
DITAS,15M,2026-01-23 18:45:00,2026-01-23,18:45:00,44812.23047,44812.23047,44757.23047,44767.23047,0,DIRECTA
DITAS,15M,2026-01-23 19:00:00,2026-01-23,19:00:00,44777.23047,44822.23047,44772.23047,44807.23047,0,DIRECTA
DITAS,15M,2026-01-23 19:15:00,2026-01-23,19:15:00,44807.23047,44837.23047,44807.23047,44832.23047,0,DIRECTA
DITAS,15M,2026-01-23 19:30:00,2026-01-23,19:30:00,44842.23047,44852.23047,44837.23047,44847.23047,0,DIRECTA
DITAS,15M,2026-01-23 19:45:00,2026-01-23,19:45:00,44842.23047,44847.23047,44842.23047,44847.23047,0,DIRECTA
DITAS,15M,2026-01-23 20:00:00,2026-01-23,20:00:00,44847.23047,44872.23047,44847.23047,44857.23047,0,DIRECTA
DITAS,15M,2026-01-23 20:15:00,2026-01-23,20:15:00,44882.23047,44882.23047,44872.23047,44872.23047,0,DIRECTA
DITAS,15M,2026-01-23 20:30:00,2026-01-23,20:30:00,44872.23047,44872.23047,44847.23047,44852.23047,0,DIRECTA
DITAS,15M,2026-01-23 20:45:00,2026-01-23,20:45:00,44847.23047,44862.23047,44842.23047,44857.23047,0,DIRECTA
DITAS,15M,2026-01-23 21:00:00,2026-01-23,21:00:00,44857.23047,44857.23047,44827.23047,44847.23047,0,DIRECTA
DITAS,15M,2026-01-23 21:15:00,2026-01-23,21:15:00,44847.23047,44867.23047,44832.23047,44832.23047,0,DIRECTA
DITAS,15M,2026-01-23 21:30:00,2026-01-23,21:30:00,44822.23047,44832.23047,44817.23047,44822.23047,0,DIRECTA
DITAS,15M,2026-01-23 21:45:00,2026-01-23,21:45:00,44837.23047,44847.23047,44827.23047,44842.23047,0,DIRECTA
DITAS,15M,2026-01-26 08:00:00,2026-01-26,08:00:00,44846.60156,44846.60156,44796.60156,44831.60156,0,DIRECTA
DITAS,15M,2026-01-26 08:15:00,2026-01-26,08:15:00,44836.60156,44846.60156,44826.60156,44836.60156,0,DIRECTA
DITAS,15M,2026-01-26 08:30:00,2026-01-26,08:30:00,44821.60156,44836.60156,44796.60156,44836.60156,0,DIRECTA
DITAS,15M,2026-01-26 08:45:00,2026-01-26,08:45:00,44846.60156,44871.60156,44821.60156,44866.60156,0,DIRECTA
DITAS,15M,2026-01-26 09:00:00,2026-01-26,09:00:00,44881.60156,44941.60156,44851.60156,44926.60156,0,DIRECTA
DITAS,15M,2026-01-26 09:15:00,2026-01-26,09:15:00,44916.60156,44961.60156,44906.60156,44916.60156,0,DIRECTA
DITAS,15M,2026-01-26 09:30:00,2026-01-26,09:30:00,44906.60156,44966.60156,44871.60156,44966.60156,0,DIRECTA
DITAS,15M,2026-01-26 09:45:00,2026-01-26,09:45:00,44966.60156,44981.60156,44936.60156,44966.60156,0,DIRECTA
DITAS,15M,2026-01-26 10:00:00,2026-01-26,10:00:00,44956.60156,44986.60156,44931.60156,44941.60156,0,DIRECTA
DITAS,15M,2026-01-26 10:15:00,2026-01-26,10:15:00,44951.60156,44966.60156,44906.60156,44966.60156,0,DIRECTA
DITAS,15M,2026-01-26 10:30:00,2026-01-26,10:30:00,44951.60156,44951.60156,44851.60156,44876.60156,0,DIRECTA
DITAS,15M,2026-01-26 10:45:00,2026-01-26,10:45:00,44866.60156,44906.60156,44841.60156,44906.60156,0,DIRECTA
DITAS,15M,2026-01-26 11:00:00,2026-01-26,11:00:00,44906.60156,44921.60156,44866.60156,44921.60156,0,DIRECTA
DITAS,15M,2026-01-26 11:15:00,2026-01-26,11:15:00,44921.60156,44981.60156,44921.60156,44981.60156,0,DIRECTA
DITAS,15M,2026-01-26 11:30:00,2026-01-26,11:30:00,44971.60156,45021.60156,44971.60156,44996.60156,0,DIRECTA
DITAS,15M,2026-01-26 11:45:00,2026-01-26,11:45:00,44996.60156,45006.60156,44951.60156,44961.60156,0,DIRECTA
DITAS,15M,2026-01-26 12:00:00,2026-01-26,12:00:00,44966.60156,44981.60156,44961.60156,44966.60156,0,DIRECTA
DITAS,15M,2026-01-26 12:15:00,2026-01-26,12:15:00,44971.60156,44981.60156,44966.60156,44966.60156,0,DIRECTA
DITAS,15M,2026-01-26 12:30:00,2026-01-26,12:30:00,44966.60156,44981.60156,44961.60156,44971.60156,0,DIRECTA
DITAS,15M,2026-01-26 12:45:00,2026-01-26,12:45:00,44961.60156,44976.60156,44961.60156,44976.60156,0,DIRECTA
DITAS,15M,2026-01-26 13:00:00,2026-01-26,13:00:00,44986.60156,45011.60156,44986.60156,45001.60156,0,DIRECTA
DITAS,15M,2026-01-26 13:15:00,2026-01-26,13:15:00,44996.60156,45021.60156,44971.60156,45011.60156,0,DIRECTA
DITAS,15M,2026-01-26 13:30:00,2026-01-26,13:30:00,45011.60156,45011.60156,44981.60156,44986.60156,0,DIRECTA
DITAS,15M,2026-01-26 13:45:00,2026-01-26,13:45:00,44996.60156,45001.60156,44986.60156,45001.60156,0,DIRECTA
DITAS,15M,2026-01-26 14:00:00,2026-01-26,14:00:00,45006.60156,45021.60156,45001.60156,45021.60156,0,DIRECTA
DITAS,15M,2026-01-26 14:15:00,2026-01-26,14:15:00,45011.60156,45026.60156,45001.60156,45001.60156,0,DIRECTA
DITAS,15M,2026-01-26 14:30:00,2026-01-26,14:30:00,45011.60156,45011.60156,44916.60156,44926.60156,0,DIRECTA
DITAS,15M,2026-01-26 14:45:00,2026-01-26,14:45:00,44936.60156,44981.60156,44931.60156,44976.60156,0,DIRECTA
DITAS,15M,2026-01-26 15:00:00,2026-01-26,15:00:00,44976.60156,45021.60156,44966.60156,45021.60156,0,DIRECTA
DITAS,15M,2026-01-26 15:15:00,2026-01-26,15:15:00,45021.60156,45051.60156,45011.60156,45021.60156,0,DIRECTA
DITAS,15M,2026-01-26 15:30:00,2026-01-26,15:30:00,45036.60156,45066.60156,45021.60156,45056.60156,0,DIRECTA
DITAS,15M,2026-01-26 15:45:00,2026-01-26,15:45:00,45046.60156,45061.60156,45026.60156,45051.60156,0,DIRECTA
DITAS,15M,2026-01-26 16:00:00,2026-01-26,16:00:00,45061.60156,45096.60156,45061.60156,45086.60156,0,DIRECTA
DITAS,15M,2026-01-26 16:15:00,2026-01-26,16:15:00,45091.60156,45091.60156,44991.60156,45001.60156,0,DIRECTA
DITAS,15M,2026-01-26 16:30:00,2026-01-26,16:30:00,44996.60156,44996.60156,44936.60156,44936.60156,0,DIRECTA
DITAS,15M,2026-01-26 16:45:00,2026-01-26,16:45:00,44961.60156,45011.60156,44961.60156,45001.60156,0,DIRECTA
DITAS,15M,2026-01-26 17:00:00,2026-01-26,17:00:00,45001.60156,45006.60156,44941.60156,44971.60156,0,DIRECTA
DITAS,15M,2026-01-26 17:15:00,2026-01-26,17:15:00,44966.60156,44976.60156,44951.60156,44956.60156,0,DIRECTA
DITAS,15M,2026-01-26 17:30:00,2026-01-26,17:30:00,44961.60156,44971.60156,44911.60156,44931.60156,0,DIRECTA
DITAS,15M,2026-01-26 17:45:00,2026-01-26,17:45:00,44921.60156,44951.60156,44921.60156,44946.60156,0,DIRECTA
DITAS,15M,2026-01-26 18:00:00,2026-01-26,18:00:00,44941.60156,44971.60156,44941.60156,44971.60156,0,DIRECTA
DITAS,15M,2026-01-26 18:15:00,2026-01-26,18:15:00,44976.60156,45001.60156,44971.60156,44996.60156,0,DIRECTA
DITAS,15M,2026-01-26 18:30:00,2026-01-26,18:30:00,45006.60156,45006.60156,44986.60156,44991.60156,0,DIRECTA
DITAS,15M,2026-01-26 18:45:00,2026-01-26,18:45:00,44976.60156,44976.60156,44961.60156,44976.60156,0,DIRECTA
DITAS,15M,2026-01-26 19:00:00,2026-01-26,19:00:00,44966.60156,44976.60156,44956.60156,44956.60156,0,DIRECTA
DITAS,15M,2026-01-26 19:15:00,2026-01-26,19:15:00,44956.60156,44991.60156,44956.60156,44991.60156,0,DIRECTA
DITAS,15M,2026-01-26 19:30:00,2026-01-26,19:30:00,44996.60156,44996.60156,44981.60156,44986.60156,0,DIRECTA
DITAS,15M,2026-01-26 19:45:00,2026-01-26,19:45:00,44981.60156,44986.60156,44976.60156,44986.60156,0,DIRECTA
DITAS,15M,2026-01-26 20:00:00,2026-01-26,20:00:00,44981.60156,44981.60156,44971.60156,44981.60156,0,DIRECTA
DITAS,15M,2026-01-26 20:15:00,2026-01-26,20:15:00,44986.60156,44986.60156,44976.60156,44976.60156,0,DIRECTA
DITAS,15M,2026-01-26 20:30:00,2026-01-26,20:30:00,44976.60156,44976.60156,44961.60156,44971.60156,0,DIRECTA
DITAS,15M,2026-01-26 20:45:00,2026-01-26,20:45:00,44956.60156,44956.60156,44941.60156,44941.60156,0,DIRECTA
DITAS,15M,2026-01-26 21:00:00,2026-01-26,21:00:00,44946.60156,44976.60156,44946.60156,44976.60156,0,DIRECTA
DITAS,15M,2026-01-26 21:15:00,2026-01-26,21:15:00,44981.60156,44986.60156,44981.60156,44981.60156,0,DIRECTA
DITAS,15M,2026-01-26 21:30:00,2026-01-26,21:30:00,44981.60156,45016.60156,44976.60156,44976.60156,0,DIRECTA
DITAS,15M,2026-01-26 21:45:00,2026-01-26,21:45:00,44981.60156,44991.60156,44966.60156,44971.60156,0,DIRECTA
DITAS,15M,2026-01-27 08:00:00,2026-01-27,08:00:00,44949.60156,44989.60156,44944.60156,44954.60156,0,DIRECTA
DITAS,15M,2026-01-27 08:15:00,2026-01-27,08:15:00,44949.60156,44954.60156,44944.60156,44944.60156,0,DIRECTA
DITAS,15M,2026-01-27 08:30:00,2026-01-27,08:30:00,44939.60156,45009.60156,44934.60156,45009.60156,0,DIRECTA
DITAS,15M,2026-01-27 08:45:00,2026-01-27,08:45:00,44994.60156,44994.60156,44969.60156,44989.60156,0,DIRECTA
DITAS,15M,2026-01-27 09:00:00,2026-01-27,09:00:00,44989.60156,45109.60156,44954.60156,45084.60156,0,DIRECTA
DITAS,15M,2026-01-27 09:15:00,2026-01-27,09:15:00,45069.60156,45094.60156,44979.60156,44984.60156,0,DIRECTA
DITAS,15M,2026-01-27 09:30:00,2026-01-27,09:30:00,44989.60156,44999.60156,44879.60156,44924.60156,0,DIRECTA
DITAS,15M,2026-01-27 09:45:00,2026-01-27,09:45:00,44929.60156,44954.60156,44909.60156,44924.60156,0,DIRECTA
DITAS,15M,2026-01-27 10:00:00,2026-01-27,10:00:00,44914.60156,44929.60156,44864.60156,44884.60156,0,DIRECTA
DITAS,15M,2026-01-27 10:15:00,2026-01-27,10:15:00,44899.60156,44934.60156,44879.60156,44889.60156,0,DIRECTA
DITAS,15M,2026-01-27 10:30:00,2026-01-27,10:30:00,44899.60156,44954.60156,44894.60156,44944.60156,0,DIRECTA
DITAS,15M,2026-01-27 10:45:00,2026-01-27,10:45:00,44939.60156,44944.60156,44919.60156,44944.60156,0,DIRECTA
DITAS,15M,2026-01-27 11:00:00,2026-01-27,11:00:00,44949.60156,44969.60156,44934.60156,44944.60156,0,DIRECTA
DITAS,15M,2026-01-27 11:15:00,2026-01-27,11:15:00,44949.60156,44984.60156,44949.60156,44979.60156,0,DIRECTA
DITAS,15M,2026-01-27 11:30:00,2026-01-27,11:30:00,44984.60156,45044.60156,44984.60156,45019.60156,0,DIRECTA
DITAS,15M,2026-01-27 11:45:00,2026-01-27,11:45:00,45024.60156,45029.60156,44994.60156,44994.60156,0,DIRECTA
DITAS,15M,2026-01-27 12:00:00,2026-01-27,12:00:00,44984.60156,45014.60156,44984.60156,44999.60156,0,DIRECTA
DITAS,15M,2026-01-27 12:15:00,2026-01-27,12:15:00,44999.60156,44999.60156,44974.60156,44989.60156,0,DIRECTA
DITAS,15M,2026-01-27 12:30:00,2026-01-27,12:30:00,44999.60156,45024.60156,44994.60156,45024.60156,0,DIRECTA
DITAS,15M,2026-01-27 12:45:00,2026-01-27,12:45:00,45009.60156,45019.60156,44984.60156,44989.60156,0,DIRECTA
DITAS,15M,2026-01-27 13:00:00,2026-01-27,13:00:00,44994.60156,45014.60156,44984.60156,45004.60156,0,DIRECTA
DITAS,15M,2026-01-27 13:15:00,2026-01-27,13:15:00,45004.60156,45014.60156,44979.60156,44984.60156,0,DIRECTA
DITAS,15M,2026-01-27 13:30:00,2026-01-27,13:30:00,44984.60156,45009.60156,44984.60156,44999.60156,0,DIRECTA
DITAS,15M,2026-01-27 13:45:00,2026-01-27,13:45:00,44994.60156,45024.60156,44979.60156,45014.60156,0,DIRECTA
DITAS,15M,2026-01-27 14:00:00,2026-01-27,14:00:00,45024.60156,45094.60156,45024.60156,45079.60156,0,DIRECTA
DITAS,15M,2026-01-27 14:15:00,2026-01-27,14:15:00,45084.60156,45084.60156,45049.60156,45054.60156,0,DIRECTA
DITAS,15M,2026-01-27 14:30:00,2026-01-27,14:30:00,45059.60156,45154.60156,45059.60156,45134.60156,0,DIRECTA
DITAS,15M,2026-01-27 14:45:00,2026-01-27,14:45:00,45144.60156,45164.60156,45129.60156,45164.60156,0,DIRECTA
DITAS,15M,2026-01-27 15:00:00,2026-01-27,15:00:00,45169.60156,45209.60156,45164.60156,45199.60156,0,DIRECTA
DITAS,15M,2026-01-27 15:15:00,2026-01-27,15:15:00,45194.60156,45224.60156,45194.60156,45214.60156,0,DIRECTA
DITAS,15M,2026-01-27 15:30:00,2026-01-27,15:30:00,45219.60156,45309.60156,45199.60156,45279.60156,0,DIRECTA
DITAS,15M,2026-01-27 15:45:00,2026-01-27,15:45:00,45274.60156,45284.60156,45234.60156,45254.60156,0,DIRECTA
DITAS,15M,2026-01-27 16:00:00,2026-01-27,16:00:00,45259.60156,45259.60156,45234.60156,45254.60156,0,DIRECTA
DITAS,15M,2026-01-27 16:15:00,2026-01-27,16:15:00,45254.60156,45259.60156,45199.60156,45219.60156,0,DIRECTA
DITAS,15M,2026-01-27 16:30:00,2026-01-27,16:30:00,45229.60156,45284.60156,45214.60156,45279.60156,0,DIRECTA
DITAS,15M,2026-01-27 16:45:00,2026-01-27,16:45:00,45284.60156,45299.60156,45234.60156,45294.60156,0,DIRECTA
DITAS,15M,2026-01-27 17:00:00,2026-01-27,17:00:00,45299.60156,45399.60156,45284.60156,45394.60156,0,DIRECTA
DITAS,15M,2026-01-27 17:15:00,2026-01-27,17:15:00,45399.60156,45404.60156,45329.60156,45344.60156,0,DIRECTA
DITAS,15M,2026-01-27 17:30:00,2026-01-27,17:30:00,45339.60156,45339.60156,45274.60156,45294.60156,0,DIRECTA
DITAS,15M,2026-01-27 17:45:00,2026-01-27,17:45:00,45279.60156,45304.60156,45259.60156,45299.60156,0,DIRECTA
DITAS,15M,2026-01-27 18:00:00,2026-01-27,18:00:00,45289.60156,45309.60156,45289.60156,45304.60156,0,DIRECTA
DITAS,15M,2026-01-27 18:15:00,2026-01-27,18:15:00,45304.60156,45319.60156,45274.60156,45319.60156,0,DIRECTA
DITAS,15M,2026-01-27 18:30:00,2026-01-27,18:30:00,45329.60156,45329.60156,45299.60156,45299.60156,0,DIRECTA
DITAS,15M,2026-01-27 18:45:00,2026-01-27,18:45:00,45309.60156,45314.60156,45304.60156,45304.60156,0,DIRECTA
DITAS,15M,2026-01-27 19:00:00,2026-01-27,19:00:00,45294.60156,45299.60156,45269.60156,45299.60156,0,DIRECTA
DITAS,15M,2026-01-27 19:15:00,2026-01-27,19:15:00,45304.60156,45309.60156,45299.60156,45304.60156,0,DIRECTA
DITAS,15M,2026-01-27 19:30:00,2026-01-27,19:30:00,45309.60156,45314.60156,45289.60156,45289.60156,0,DIRECTA
DITAS,15M,2026-01-27 19:45:00,2026-01-27,19:45:00,45299.60156,45319.60156,45299.60156,45319.60156,0,DIRECTA
DITAS,15M,2026-01-27 20:00:00,2026-01-27,20:00:00,45314.60156,45344.60156,45314.60156,45339.60156,0,DIRECTA
DITAS,15M,2026-01-27 20:15:00,2026-01-27,20:15:00,45344.60156,45364.60156,45344.60156,45359.60156,0,DIRECTA
DITAS,15M,2026-01-27 20:30:00,2026-01-27,20:30:00,45364.60156,45374.60156,45359.60156,45369.60156,0,DIRECTA
DITAS,15M,2026-01-27 20:45:00,2026-01-27,20:45:00,45369.60156,45394.60156,45369.60156,45389.60156,0,DIRECTA
DITAS,15M,2026-01-27 21:00:00,2026-01-27,21:00:00,45389.60156,45414.60156,45389.60156,45414.60156,0,DIRECTA
DITAS,15M,2026-01-27 21:15:00,2026-01-27,21:15:00,45404.60156,45404.60156,45374.60156,45379.60156,0,DIRECTA
DITAS,15M,2026-01-27 21:30:00,2026-01-27,21:30:00,45374.60156,45399.60156,45369.60156,45379.60156,0,DIRECTA
DITAS,15M,2026-01-27 21:45:00,2026-01-27,21:45:00,45374.60156,45379.60156,45289.60156,45304.60156,0,DIRECTA
DITAS,15M,2026-01-28 08:00:00,2026-01-28,08:00:00,44937.60156,44967.60156,44852.60156,44872.60156,0,DIRECTA
DITAS,15M,2026-01-28 08:15:00,2026-01-28,08:15:00,44872.60156,44877.60156,44822.60156,44857.60156,0,DIRECTA
DITAS,15M,2026-01-28 08:30:00,2026-01-28,08:30:00,44852.60156,44862.60156,44837.60156,44847.60156,0,DIRECTA
DITAS,15M,2026-01-28 08:45:00,2026-01-28,08:45:00,44852.60156,44857.60156,44822.60156,44857.60156,0,DIRECTA
DITAS,15M,2026-01-28 09:00:00,2026-01-28,09:00:00,44897.60156,44897.60156,44732.60156,44732.60156,0,DIRECTA
DITAS,15M,2026-01-28 09:15:00,2026-01-28,09:15:00,44747.60156,44767.60156,44647.60156,44677.60156,0,DIRECTA
DITAS,15M,2026-01-28 09:30:00,2026-01-28,09:30:00,44677.60156,44687.60156,44582.60156,44587.60156,0,DIRECTA
DITAS,15M,2026-01-28 09:45:00,2026-01-28,09:45:00,44582.60156,44582.60156,44482.60156,44492.60156,0,DIRECTA
DITAS,15M,2026-01-28 10:00:00,2026-01-28,10:00:00,44502.60156,44622.60156,44502.60156,44607.60156,0,DIRECTA
DITAS,15M,2026-01-28 10:15:00,2026-01-28,10:15:00,44597.60156,45576.44144,44592.60156,45211.44141,0,DIRECTA
DITAS,15M,2026-01-28 10:30:00,2026-01-28,10:30:00,45221.44141,45231.44141,45141.44141,45146.44141,0,DIRECTA
DITAS,15M,2026-01-28 10:45:00,2026-01-28,10:45:00,45146.44141,45216.44141,45136.44141,45171.44141,0,DIRECTA
DITAS,15M,2026-01-28 11:00:00,2026-01-28,11:00:00,45166.44141,45191.44141,45136.44141,45171.44141,0,DIRECTA
DITAS,15M,2026-01-28 11:15:00,2026-01-28,11:15:00,45166.44141,45171.44141,45141.44141,45146.44141,0,DIRECTA
DITAS,15M,2026-01-28 11:30:00,2026-01-28,11:30:00,45151.44141,45166.44141,45121.44141,45121.44141,0,DIRECTA
DITAS,15M,2026-01-28 11:45:00,2026-01-28,11:45:00,45116.44141,45126.44141,45101.44141,45111.44141,0,DIRECTA
DITAS,15M,2026-01-28 12:00:00,2026-01-28,12:00:00,45126.44141,45136.44141,45101.44141,45136.44141,0,DIRECTA
DITAS,15M,2026-01-28 12:15:00,2026-01-28,12:15:00,45136.44141,45151.44141,45111.44141,45116.44141,0,DIRECTA
DITAS,15M,2026-01-28 12:30:00,2026-01-28,12:30:00,45116.44141,45141.44141,45106.44141,45111.44141,0,DIRECTA
DITAS,15M,2026-01-28 12:45:00,2026-01-28,12:45:00,45106.44141,45111.44141,45071.44141,45081.44141,0,DIRECTA
DITAS,15M,2026-01-28 13:00:00,2026-01-28,13:00:00,45071.44141,45076.44141,44946.44141,44981.44141,0,DIRECTA
DITAS,15M,2026-01-28 13:15:00,2026-01-28,13:15:00,44991.44141,44996.44141,44906.44141,44951.44141,0,DIRECTA
DITAS,15M,2026-01-28 13:30:00,2026-01-28,13:30:00,44961.44141,44961.44141,44901.44141,44946.44141,0,DIRECTA
DITAS,15M,2026-01-28 13:45:00,2026-01-28,13:45:00,44956.44141,44966.44141,44906.44141,44931.44141,0,DIRECTA
DITAS,15M,2026-01-28 14:00:00,2026-01-28,14:00:00,44931.44141,45016.44141,44926.44141,44966.44141,0,DIRECTA
DITAS,15M,2026-01-28 14:15:00,2026-01-28,14:15:00,44966.44141,44981.44141,44926.44141,44926.44141,0,DIRECTA
DITAS,15M,2026-01-28 14:30:00,2026-01-28,14:30:00,44946.44141,45011.44141,44946.44141,44996.44141,0,DIRECTA
DITAS,15M,2026-01-28 14:45:00,2026-01-28,14:45:00,45006.44141,45046.44141,44986.44141,45021.44141,0,DIRECTA
DITAS,15M,2026-01-28 15:00:00,2026-01-28,15:00:00,45026.44141,45066.44141,45026.44141,45061.44141,0,DIRECTA
DITAS,15M,2026-01-28 15:15:00,2026-01-28,15:15:00,45071.44141,45131.44141,45061.44141,45116.44141,0,DIRECTA
DITAS,15M,2026-01-28 15:30:00,2026-01-28,15:30:00,45111.44141,45201.44141,45106.44141,45191.44141,0,DIRECTA
DITAS,15M,2026-01-28 15:45:00,2026-01-28,15:45:00,45196.44141,45206.44141,45136.44141,45141.44141,0,DIRECTA
DITAS,15M,2026-01-28 16:00:00,2026-01-28,16:00:00,45146.44141,45156.44141,45106.44141,45106.44141,0,DIRECTA
DITAS,15M,2026-01-28 16:15:00,2026-01-28,16:15:00,45116.44141,45151.44141,45101.44141,45136.44141,0,DIRECTA
DITAS,15M,2026-01-28 16:30:00,2026-01-28,16:30:00,45146.44141,45176.44141,45111.44141,45131.44141,0,DIRECTA
DITAS,15M,2026-01-28 16:45:00,2026-01-28,16:45:00,45131.44141,45216.44141,45131.44141,45181.44141,0,DIRECTA
DITAS,15M,2026-01-28 17:00:00,2026-01-28,17:00:00,45186.44141,45221.44141,45186.44141,45201.44141,0,DIRECTA
DITAS,15M,2026-01-28 17:15:00,2026-01-28,17:15:00,45191.44141,45206.44141,45156.44141,45166.44141,0,DIRECTA
DITAS,15M,2026-01-28 17:30:00,2026-01-28,17:30:00,45161.44141,45161.44141,45066.44141,45101.44141,0,DIRECTA
DITAS,15M,2026-01-28 17:45:00,2026-01-28,17:45:00,45096.44141,45121.44141,45091.44141,45101.44141,0,DIRECTA
DITAS,15M,2026-01-28 18:00:00,2026-01-28,18:00:00,45111.44141,45161.44141,45111.44141,45161.44141,0,DIRECTA
DITAS,15M,2026-01-28 18:15:00,2026-01-28,18:15:00,45161.44141,45171.44141,45146.44141,45151.44141,0,DIRECTA
DITAS,15M,2026-01-28 18:30:00,2026-01-28,18:30:00,45151.44141,45161.44141,45151.44141,45161.44141,0,DIRECTA
DITAS,15M,2026-01-28 18:45:00,2026-01-28,18:45:00,45166.44141,45176.44141,45166.44141,45176.44141,0,DIRECTA
DITAS,15M,2026-01-28 19:00:00,2026-01-28,19:00:00,45156.44141,45181.44141,45156.44141,45176.44141,0,DIRECTA
DITAS,15M,2026-01-28 19:15:00,2026-01-28,19:15:00,45176.44141,45196.44141,45176.44141,45186.44141,0,DIRECTA
DITAS,15M,2026-01-28 19:30:00,2026-01-28,19:30:00,45176.44141,45176.44141,45161.44141,45176.44141,0,DIRECTA
DITAS,15M,2026-01-28 19:45:00,2026-01-28,19:45:00,45171.44141,45176.44141,45151.44141,45161.44141,0,DIRECTA
DITAS,15M,2026-01-28 20:00:00,2026-01-28,20:00:00,45171.44141,45191.44141,45136.44141,45191.44141,0,DIRECTA
DITAS,15M,2026-01-28 20:15:00,2026-01-28,20:15:00,45181.44141,45191.44141,45156.44141,45156.44141,0,DIRECTA
DITAS,15M,2026-01-28 20:30:00,2026-01-28,20:30:00,45141.44141,45201.44141,45141.44141,45166.44141,0,DIRECTA
DITAS,15M,2026-01-28 20:45:00,2026-01-28,20:45:00,45166.44141,45216.44141,45166.44141,45186.44141,0,DIRECTA
DITAS,15M,2026-01-28 21:00:00,2026-01-28,21:00:00,45186.44141,45216.44141,45186.44141,45211.44141,0,DIRECTA
DITAS,15M,2026-01-28 21:15:00,2026-01-28,21:15:00,45216.44141,45231.44141,45201.44141,45201.44141,0,DIRECTA
DITAS,15M,2026-01-28 21:30:00,2026-01-28,21:30:00,45206.44141,45221.44141,45196.44141,45201.44141,0,DIRECTA
DITAS,15M,2026-01-28 21:45:00,2026-01-28,21:45:00,45196.44141,45211.44141,45161.44141,45161.44141,0,DIRECTA
DITAS,15M,2026-01-29 08:00:00,2026-01-29,08:00:00,45233.73047,45348.73047,45223.73047,45343.73047,0,DIRECTA
DITAS,15M,2026-01-29 08:15:00,2026-01-29,08:15:00,45338.73047,45338.73047,45298.73047,45318.73047,0,DIRECTA
DITAS,15M,2026-01-29 08:30:00,2026-01-29,08:30:00,45333.73047,45343.73047,45328.73047,45333.73047,0,DIRECTA
DITAS,15M,2026-01-29 08:45:00,2026-01-29,08:45:00,45338.73047,45343.73047,45328.73047,45343.73047,0,DIRECTA
DITAS,15M,2026-01-29 09:00:00,2026-01-29,09:00:00,45348.73047,45403.73047,45268.73047,45393.73047,0,DIRECTA
DITAS,15M,2026-01-29 09:15:00,2026-01-29,09:15:00,45393.73047,45418.73047,45313.73047,45383.73047,0,DIRECTA
DITAS,15M,2026-01-29 09:30:00,2026-01-29,09:30:00,45398.73047,45433.73047,45373.73047,45398.73047,0,DIRECTA
DITAS,15M,2026-01-29 09:45:00,2026-01-29,09:45:00,45403.73047,45403.73047,45318.73047,45368.73047,0,DIRECTA
DITAS,15M,2026-01-29 10:00:00,2026-01-29,10:00:00,45368.73047,45418.73047,45363.73047,45398.73047,0,DIRECTA
DITAS,15M,2026-01-29 10:15:00,2026-01-29,10:15:00,45398.73047,45458.73047,45398.73047,45418.73047,0,DIRECTA
DITAS,15M,2026-01-29 10:30:00,2026-01-29,10:30:00,45428.73047,45448.73047,45413.73047,45423.73047,0,DIRECTA
DITAS,15M,2026-01-29 10:45:00,2026-01-29,10:45:00,45418.73047,45423.73047,45343.73047,45343.73047,0,DIRECTA
DITAS,15M,2026-01-29 11:00:00,2026-01-29,11:00:00,45343.73047,45393.73047,45308.73047,45378.73047,0,DIRECTA
DITAS,15M,2026-01-29 11:15:00,2026-01-29,11:15:00,45383.73047,45448.73047,45383.73047,45413.73047,0,DIRECTA
DITAS,15M,2026-01-29 11:30:00,2026-01-29,11:30:00,45418.73047,45418.73047,45348.73047,45358.73047,0,DIRECTA
DITAS,15M,2026-01-29 11:45:00,2026-01-29,11:45:00,45348.73047,45398.73047,45313.73047,45323.73047,0,DIRECTA
DITAS,15M,2026-01-29 12:00:00,2026-01-29,12:00:00,45318.73047,45363.73047,45288.73047,45348.73047,0,DIRECTA
DITAS,15M,2026-01-29 12:15:00,2026-01-29,12:15:00,45338.73047,45398.73047,45333.73047,45383.73047,0,DIRECTA
DITAS,15M,2026-01-29 12:30:00,2026-01-29,12:30:00,45388.73047,45393.73047,45348.73047,45348.73047,0,DIRECTA
DITAS,15M,2026-01-29 12:45:00,2026-01-29,12:45:00,45348.73047,45408.73047,45348.73047,45388.73047,0,DIRECTA
DITAS,15M,2026-01-29 13:00:00,2026-01-29,13:00:00,45388.73047,45408.73047,45378.73047,45393.73047,0,DIRECTA
DITAS,15M,2026-01-29 13:15:00,2026-01-29,13:15:00,45393.73047,45398.73047,45333.73047,45358.73047,0,DIRECTA
DITAS,15M,2026-01-29 13:30:00,2026-01-29,13:30:00,45358.73047,45373.73047,45333.73047,45353.73047,0,DIRECTA
DITAS,15M,2026-01-29 13:45:00,2026-01-29,13:45:00,45353.73047,45388.73047,45343.73047,45388.73047,0,DIRECTA
DITAS,15M,2026-01-29 14:00:00,2026-01-29,14:00:00,45388.73047,45443.73047,45378.73047,45443.73047,0,DIRECTA
DITAS,15M,2026-01-29 14:15:00,2026-01-29,14:15:00,45433.73047,45468.73047,45418.73047,45463.73047,0,DIRECTA
DITAS,15M,2026-01-29 14:30:00,2026-01-29,14:30:00,45463.73047,45508.73047,45463.73047,45493.73047,0,DIRECTA
DITAS,15M,2026-01-29 14:45:00,2026-01-29,14:45:00,45493.73047,45508.73047,45483.73047,45498.73047,0,DIRECTA
DITAS,15M,2026-01-29 15:00:00,2026-01-29,15:00:00,45493.73047,45493.73047,45458.73047,45458.73047,0,DIRECTA
DITAS,15M,2026-01-29 15:15:00,2026-01-29,15:15:00,45463.73047,45528.73047,45463.73047,45503.73047,0,DIRECTA
DITAS,15M,2026-01-29 15:30:00,2026-01-29,15:30:00,45528.73047,45578.73047,45498.73047,45563.73047,0,DIRECTA
DITAS,15M,2026-01-29 15:45:00,2026-01-29,15:45:00,45548.73047,45548.73047,45313.73047,45313.73047,0,DIRECTA
DITAS,15M,2026-01-29 16:00:00,2026-01-29,16:00:00,45323.73047,45333.73047,45268.73047,45298.73047,0,DIRECTA
DITAS,15M,2026-01-29 16:15:00,2026-01-29,16:15:00,45288.73047,45298.73047,45208.73047,45218.73047,0,DIRECTA
DITAS,15M,2026-01-29 16:30:00,2026-01-29,16:30:00,45203.73047,45203.73047,45103.73047,45108.73047,0,DIRECTA
DITAS,15M,2026-01-29 16:45:00,2026-01-29,16:45:00,45103.73047,45218.73047,45038.73047,45073.73047,0,DIRECTA
DITAS,15M,2026-01-29 17:00:00,2026-01-29,17:00:00,45078.73047,45133.73047,44973.73047,45133.73047,0,DIRECTA
DITAS,15M,2026-01-29 17:15:00,2026-01-29,17:15:00,45138.73047,45173.73047,45028.73047,45033.73047,0,DIRECTA
DITAS,15M,2026-01-29 17:30:00,2026-01-29,17:30:00,45048.73047,45138.73047,45023.73047,45108.73047,0,DIRECTA
DITAS,15M,2026-01-29 17:45:00,2026-01-29,17:45:00,45098.73047,45123.73047,45063.73047,45083.73047,0,DIRECTA
DITAS,15M,2026-01-29 18:00:00,2026-01-29,18:00:00,45083.73047,45218.73047,45083.73047,45218.73047,0,DIRECTA
DITAS,15M,2026-01-29 18:15:00,2026-01-29,18:15:00,45218.73047,45243.73047,45203.73047,45233.73047,0,DIRECTA
DITAS,15M,2026-01-29 18:30:00,2026-01-29,18:30:00,45223.73047,45273.73047,45208.73047,45233.73047,0,DIRECTA
DITAS,15M,2026-01-29 18:45:00,2026-01-29,18:45:00,45223.73047,45223.73047,45153.73047,45163.73047,0,DIRECTA
DITAS,15M,2026-01-29 19:00:00,2026-01-29,19:00:00,45168.73047,45243.73047,45148.73047,45243.73047,0,DIRECTA
DITAS,15M,2026-01-29 19:15:00,2026-01-29,19:15:00,45228.73047,45258.73047,45228.73047,45258.73047,0,DIRECTA
DITAS,15M,2026-01-29 19:30:00,2026-01-29,19:30:00,45258.73047,45273.73047,45228.73047,45263.73047,0,DIRECTA
DITAS,15M,2026-01-29 19:45:00,2026-01-29,19:45:00,45258.73047,45268.73047,45228.73047,45228.73047,0,DIRECTA
DITAS,15M,2026-01-29 20:00:00,2026-01-29,20:00:00,45218.73047,45283.73047,45213.73047,45278.73047,0,DIRECTA
DITAS,15M,2026-01-29 20:15:00,2026-01-29,20:15:00,45273.73047,45298.73047,45273.73047,45298.73047,0,DIRECTA
DITAS,15M,2026-01-29 20:30:00,2026-01-29,20:30:00,45303.73047,45308.73047,45258.73047,45293.73047,0,DIRECTA
DITAS,15M,2026-01-29 20:45:00,2026-01-29,20:45:00,45298.73047,45308.73047,45283.73047,45283.73047,0,DIRECTA
DITAS,15M,2026-01-29 21:00:00,2026-01-29,21:00:00,45283.73047,45313.73047,45278.73047,45298.73047,0,DIRECTA
DITAS,15M,2026-01-29 21:15:00,2026-01-29,21:15:00,45293.73047,45308.73047,45278.73047,45278.73047,0,DIRECTA
DITAS,15M,2026-01-29 21:30:00,2026-01-29,21:30:00,45283.73047,45308.73047,45283.73047,45293.73047,0,DIRECTA
DITAS,15M,2026-01-29 21:45:00,2026-01-29,21:45:00,45293.73047,45318.73047,45293.73047,45318.73047,0,DIRECTA
DITAS,15M,2026-01-30 08:00:00,2026-01-30,08:00:00,45192.60156,45207.60156,45127.60156,45192.60156,0,DIRECTA
DITAS,15M,2026-01-30 08:15:00,2026-01-30,08:15:00,45202.60156,45207.60156,45177.60156,45177.60156,0,DIRECTA
DITAS,15M,2026-01-30 08:30:00,2026-01-30,08:30:00,45172.60156,45207.60156,45147.60156,45172.60156,0,DIRECTA
DITAS,15M,2026-01-30 08:45:00,2026-01-30,08:45:00,45192.60156,45192.60156,45132.60156,45147.60156,0,DIRECTA
DITAS,15M,2026-01-30 09:00:00,2026-01-30,09:00:00,45112.60156,45337.60156,45097.60156,45297.60156,0,DIRECTA
DITAS,15M,2026-01-30 09:15:00,2026-01-30,09:15:00,45282.60156,45367.60156,45267.60156,45347.60156,0,DIRECTA
DITAS,15M,2026-01-30 09:30:00,2026-01-30,09:30:00,45357.60156,45377.60156,45287.60156,45377.60156,0,DIRECTA
DITAS,15M,2026-01-30 09:45:00,2026-01-30,09:45:00,45387.60156,45432.60156,45382.60156,45417.60156,0,DIRECTA
DITAS,15M,2026-01-30 10:00:00,2026-01-30,10:00:00,45422.60156,45472.60156,45387.60156,45397.60156,0,DIRECTA
DITAS,15M,2026-01-30 10:15:00,2026-01-30,10:15:00,45397.60156,45427.60156,45352.60156,45427.60156,0,DIRECTA
DITAS,15M,2026-01-30 10:30:00,2026-01-30,10:30:00,45432.60156,45432.60156,45337.60156,45337.60156,0,DIRECTA
DITAS,15M,2026-01-30 10:45:00,2026-01-30,10:45:00,45332.60156,45337.60156,45267.60156,45287.60156,0,DIRECTA
DITAS,15M,2026-01-30 11:00:00,2026-01-30,11:00:00,45302.60156,45312.60156,45247.60156,45297.60156,0,DIRECTA
DITAS,15M,2026-01-30 11:15:00,2026-01-30,11:15:00,45292.60156,45312.60156,45257.60156,45267.60156,0,DIRECTA
DITAS,15M,2026-01-30 11:30:00,2026-01-30,11:30:00,45272.60156,45357.60156,45272.60156,45322.60156,0,DIRECTA
DITAS,15M,2026-01-30 11:45:00,2026-01-30,11:45:00,45337.60156,45352.60156,45307.60156,45317.60156,0,DIRECTA
DITAS,15M,2026-01-30 12:00:00,2026-01-30,12:00:00,45322.60156,45407.60156,45317.60156,45392.60156,0,DIRECTA
DITAS,15M,2026-01-30 12:15:00,2026-01-30,12:15:00,45402.60156,45452.60156,45402.60156,45452.60156,0,DIRECTA
DITAS,15M,2026-01-30 12:30:00,2026-01-30,12:30:00,45447.60156,45502.60156,45442.60156,45487.60156,0,DIRECTA
DITAS,15M,2026-01-30 12:45:00,2026-01-30,12:45:00,45482.60156,45532.60156,45472.60156,45512.60156,0,DIRECTA
DITAS,15M,2026-01-30 13:00:00,2026-01-30,13:00:00,45522.60156,45557.60156,45522.60156,45542.60156,0,DIRECTA
DITAS,15M,2026-01-30 13:15:00,2026-01-30,13:15:00,45552.60156,45552.60156,45507.60156,45507.60156,0,DIRECTA
DITAS,15M,2026-01-30 13:30:00,2026-01-30,13:30:00,45512.60156,45527.60156,45502.60156,45507.60156,0,DIRECTA
DITAS,15M,2026-01-30 13:45:00,2026-01-30,13:45:00,45502.60156,45502.60156,45467.60156,45482.60156,0,DIRECTA
DITAS,15M,2026-01-30 14:00:00,2026-01-30,14:00:00,45472.60156,45522.60156,45442.60156,45507.60156,0,DIRECTA
DITAS,15M,2026-01-30 14:15:00,2026-01-30,14:15:00,45502.60156,45502.60156,45462.60156,45502.60156,0,DIRECTA
DITAS,15M,2026-01-30 14:30:00,2026-01-30,14:30:00,45502.60156,45502.60156,45457.60156,45467.60156,0,DIRECTA
DITAS,15M,2026-01-30 14:45:00,2026-01-30,14:45:00,45462.60156,45477.60156,45432.60156,45437.60156,0,DIRECTA
DITAS,15M,2026-01-30 15:00:00,2026-01-30,15:00:00,45447.60156,45497.60156,45447.60156,45497.60156,0,DIRECTA
DITAS,15M,2026-01-30 15:15:00,2026-01-30,15:15:00,45497.60156,45537.60156,45487.60156,45537.60156,0,DIRECTA
DITAS,15M,2026-01-30 15:30:00,2026-01-30,15:30:00,45542.60156,45582.60156,45537.60156,45552.60156,0,DIRECTA
DITAS,15M,2026-01-30 15:45:00,2026-01-30,15:45:00,45552.60156,45572.60156,45487.60156,45497.60156,0,DIRECTA
DITAS,15M,2026-01-30 16:00:00,2026-01-30,16:00:00,45522.60156,45577.60156,45512.60156,45552.60156,0,DIRECTA
DITAS,15M,2026-01-30 16:15:00,2026-01-30,16:15:00,45552.60156,45577.60156,45502.60156,45502.60156,0,DIRECTA
DITAS,15M,2026-01-30 16:30:00,2026-01-30,16:30:00,45492.60156,45587.60156,45492.60156,45577.60156,0,DIRECTA
DITAS,15M,2026-01-30 16:45:00,2026-01-30,16:45:00,45562.60156,45567.60156,45482.60156,45482.60156,0,DIRECTA
DITAS,15M,2026-01-30 17:00:00,2026-01-30,17:00:00,45477.60156,45522.60156,45477.60156,45507.60156,0,DIRECTA
DITAS,15M,2026-01-30 17:15:00,2026-01-30,17:15:00,45497.60156,45497.60156,45422.60156,45457.60156,0,DIRECTA
DITAS,15M,2026-01-30 17:30:00,2026-01-30,17:30:00,45472.60156,45577.60156,45457.60156,45557.60156,0,DIRECTA
DITAS,15M,2026-01-30 17:45:00,2026-01-30,17:45:00,45547.60156,45557.60156,45482.60156,45482.60156,0,DIRECTA
DITAS,15M,2026-01-30 18:00:00,2026-01-30,18:00:00,45482.60156,45492.60156,45402.60156,45442.60156,0,DIRECTA
DITAS,15M,2026-01-30 18:15:00,2026-01-30,18:15:00,45422.60156,45502.60156,45417.60156,45502.60156,0,DIRECTA
DITAS,15M,2026-01-30 18:30:00,2026-01-30,18:30:00,45507.60156,45517.60156,45457.60156,45487.60156,0,DIRECTA
DITAS,15M,2026-01-30 18:45:00,2026-01-30,18:45:00,45482.60156,45522.60156,45442.60156,45442.60156,0,DIRECTA
DITAS,15M,2026-01-30 19:00:00,2026-01-30,19:00:00,45437.60156,45467.60156,45417.60156,45417.60156,0,DIRECTA
DITAS,15M,2026-01-30 19:15:00,2026-01-30,19:15:00,45417.60156,45422.60156,45302.60156,45422.60156,0,DIRECTA
DITAS,15M,2026-01-30 19:30:00,2026-01-30,19:30:00,45417.60156,45417.60156,45352.60156,45367.60156,0,DIRECTA
DITAS,15M,2026-01-30 19:45:00,2026-01-30,19:45:00,45367.60156,45502.60156,45367.60156,45482.60156,0,DIRECTA
DITAS,15M,2026-01-30 20:00:00,2026-01-30,20:00:00,45497.60156,45507.60156,45477.60156,45487.60156,0,DIRECTA
DITAS,15M,2026-01-30 20:15:00,2026-01-30,20:15:00,45497.60156,45527.60156,45497.60156,45497.60156,0,DIRECTA
DITAS,15M,2026-01-30 20:30:00,2026-01-30,20:30:00,45472.60156,45512.60156,45447.60156,45502.60156,0,DIRECTA
DITAS,15M,2026-01-30 20:45:00,2026-01-30,20:45:00,45492.60156,45537.60156,45492.60156,45492.60156,0,DIRECTA
DITAS,15M,2026-01-30 21:00:00,2026-01-30,21:00:00,45492.60156,45517.60156,45472.60156,45472.60156,0,DIRECTA
DITAS,15M,2026-01-30 21:15:00,2026-01-30,21:15:00,45462.60156,45487.60156,45447.60156,45462.60156,0,DIRECTA
DITAS,15M,2026-01-30 21:30:00,2026-01-30,21:30:00,45467.60156,45497.60156,45467.60156,45487.60156,0,DIRECTA
DITAS,15M,2026-01-30 21:45:00,2026-01-30,21:45:00,45497.60156,45552.60156,45492.60156,45512.60156,0,DIRECTA
DITAS,15M,2026-02-02 08:00:00,2026-02-02,08:00:00,45141.42188,45196.42188,45121.42188,45151.42188,0,DIRECTA
DITAS,15M,2026-02-02 08:15:00,2026-02-02,08:15:00,45151.42188,45246.42188,45146.42188,45236.42188,0,DIRECTA
DITAS,15M,2026-02-02 08:30:00,2026-02-02,08:30:00,45251.42188,45281.42188,45241.42188,45251.42188,0,DIRECTA
DITAS,15M,2026-02-02 08:45:00,2026-02-02,08:45:00,45256.42188,45276.42188,45196.42188,45216.42188,0,DIRECTA
DITAS,15M,2026-02-02 09:00:00,2026-02-02,09:00:00,45226.42188,45311.42188,45136.42188,45296.42188,0,DIRECTA
DITAS,15M,2026-02-02 09:15:00,2026-02-02,09:15:00,45301.42188,45426.42188,45276.42188,45366.42188,0,DIRECTA
DITAS,15M,2026-02-02 09:30:00,2026-02-02,09:30:00,45371.42188,45516.42188,45361.42188,45506.42188,0,DIRECTA
DITAS,15M,2026-02-02 09:45:00,2026-02-02,09:45:00,45491.42188,45516.42188,45461.42188,45461.42188,0,DIRECTA
DITAS,15M,2026-02-02 10:00:00,2026-02-02,10:00:00,45456.42188,45486.42188,45356.42188,45396.42188,0,DIRECTA
DITAS,15M,2026-02-02 10:15:00,2026-02-02,10:15:00,45381.42188,45461.42188,45351.42188,45451.42188,0,DIRECTA
DITAS,15M,2026-02-02 10:30:00,2026-02-02,10:30:00,45451.42188,45511.42188,45436.42188,45506.42188,0,DIRECTA
DITAS,15M,2026-02-02 10:45:00,2026-02-02,10:45:00,45506.42188,45551.42188,45491.42188,45511.42188,0,DIRECTA
DITAS,15M,2026-02-02 11:00:00,2026-02-02,11:00:00,45526.42188,45566.42188,45521.42188,45541.42188,0,DIRECTA
DITAS,15M,2026-02-02 11:15:00,2026-02-02,11:15:00,45551.42188,45606.42188,45536.42188,45596.42188,0,DIRECTA
DITAS,15M,2026-02-02 11:30:00,2026-02-02,11:30:00,45596.42188,45641.42188,45596.42188,45621.42188,0,DIRECTA
DITAS,15M,2026-02-02 11:45:00,2026-02-02,11:45:00,45621.42188,45676.42188,45611.42188,45676.42188,0,DIRECTA
DITAS,15M,2026-02-02 12:00:00,2026-02-02,12:00:00,45676.42188,45731.42188,45671.42188,45731.42188,0,DIRECTA
DITAS,15M,2026-02-02 12:15:00,2026-02-02,12:15:00,45736.42188,45756.42188,45726.42188,45756.42188,0,DIRECTA
DITAS,15M,2026-02-02 12:30:00,2026-02-02,12:30:00,45761.42188,45761.42188,45726.42188,45741.42188,0,DIRECTA
DITAS,15M,2026-02-02 12:45:00,2026-02-02,12:45:00,45741.42188,45841.42188,45741.42188,45836.42188,0,DIRECTA
DITAS,15M,2026-02-02 13:00:00,2026-02-02,13:00:00,45846.42188,45876.42188,45836.42188,45846.42188,0,DIRECTA
DITAS,15M,2026-02-02 13:15:00,2026-02-02,13:15:00,45841.42188,45896.42188,45831.42188,45891.42188,0,DIRECTA
DITAS,15M,2026-02-02 13:30:00,2026-02-02,13:30:00,45896.42188,45906.42188,45856.42188,45886.42188,0,DIRECTA
DITAS,15M,2026-02-02 13:45:00,2026-02-02,13:45:00,45891.42188,45916.42188,45846.42188,45851.42188,0,DIRECTA
DITAS,15M,2026-02-02 14:00:00,2026-02-02,14:00:00,45856.42188,45861.42188,45796.42188,45851.42188,0,DIRECTA
DITAS,15M,2026-02-02 14:15:00,2026-02-02,14:15:00,45856.42188,45856.42188,45786.42188,45791.42188,0,DIRECTA
DITAS,15M,2026-02-02 14:30:00,2026-02-02,14:30:00,45791.42188,45811.42188,45761.42188,45786.42188,0,DIRECTA
DITAS,15M,2026-02-02 14:45:00,2026-02-02,14:45:00,45796.42188,45881.42188,45796.42188,45871.42188,0,DIRECTA
DITAS,15M,2026-02-02 15:00:00,2026-02-02,15:00:00,45876.42188,45931.42188,45876.42188,45926.42188,0,DIRECTA
DITAS,15M,2026-02-02 15:15:00,2026-02-02,15:15:00,45921.42188,45946.42188,45911.42188,45946.42188,0,DIRECTA
DITAS,15M,2026-02-02 15:30:00,2026-02-02,15:30:00,45951.42188,46006.42188,45916.42188,45921.42188,0,DIRECTA
DITAS,15M,2026-02-02 15:45:00,2026-02-02,15:45:00,45921.42188,45966.42188,45916.42188,45931.42188,0,DIRECTA
DITAS,15M,2026-02-02 16:00:00,2026-02-02,16:00:00,45956.42188,46026.42188,45916.42188,46006.42188,0,DIRECTA
DITAS,15M,2026-02-02 16:15:00,2026-02-02,16:15:00,46001.42188,46061.42188,45986.42188,46026.42188,0,DIRECTA
DITAS,15M,2026-02-02 16:30:00,2026-02-02,16:30:00,46021.42188,46041.42188,45996.42188,46016.42188,0,DIRECTA
DITAS,15M,2026-02-02 16:45:00,2026-02-02,16:45:00,46016.42188,46016.42188,45951.42188,46011.42188,0,DIRECTA
DITAS,15M,2026-02-02 17:00:00,2026-02-02,17:00:00,46021.42188,46096.42188,45996.42188,46096.42188,0,DIRECTA
DITAS,15M,2026-02-02 17:15:00,2026-02-02,17:15:00,46081.42188,46101.42188,46001.42188,46006.42188,0,DIRECTA
DITAS,15M,2026-02-02 17:30:00,2026-02-02,17:30:00,45996.42188,46021.42188,45971.42188,46016.42188,0,DIRECTA
DITAS,15M,2026-02-02 17:45:00,2026-02-02,17:45:00,46001.42188,46031.42188,46001.42188,46031.42188,0,DIRECTA
DITAS,15M,2026-02-02 18:00:00,2026-02-02,18:00:00,46041.42188,46096.42188,46041.42188,46096.42188,0,DIRECTA
DITAS,15M,2026-02-02 18:15:00,2026-02-02,18:15:00,46101.42188,46101.42188,46076.42188,46086.42188,0,DIRECTA
DITAS,15M,2026-02-02 18:30:00,2026-02-02,18:30:00,46081.42188,46096.42188,46081.42188,46081.42188,0,DIRECTA
DITAS,15M,2026-02-02 18:45:00,2026-02-02,18:45:00,46086.42188,46126.42188,46086.42188,46116.42188,0,DIRECTA
DITAS,15M,2026-02-02 19:00:00,2026-02-02,19:00:00,46121.42188,46126.42188,46111.42188,46126.42188,0,DIRECTA
DITAS,15M,2026-02-02 19:15:00,2026-02-02,19:15:00,46121.42188,46121.42188,46081.42188,46086.42188,0,DIRECTA
DITAS,15M,2026-02-02 19:30:00,2026-02-02,19:30:00,46091.42188,46101.42188,46081.42188,46101.42188,0,DIRECTA
DITAS,15M,2026-02-02 19:45:00,2026-02-02,19:45:00,46121.42188,46126.42188,46116.42188,46121.42188,0,DIRECTA
DITAS,15M,2026-02-02 20:00:00,2026-02-02,20:00:00,46111.42188,46136.42188,46106.42188,46126.42188,0,DIRECTA
DITAS,15M,2026-02-02 20:15:00,2026-02-02,20:15:00,46111.42188,46121.42188,46111.42188,46121.42188,0,DIRECTA
DITAS,15M,2026-02-02 20:30:00,2026-02-02,20:30:00,46121.42188,46121.42188,46101.42188,46111.42188,0,DIRECTA
DITAS,15M,2026-02-02 20:45:00,2026-02-02,20:45:00,46121.42188,46136.42188,46096.42188,46096.42188,0,DIRECTA
DITAS,15M,2026-02-02 21:00:00,2026-02-02,21:00:00,46101.42188,46131.42188,46101.42188,46111.42188,0,DIRECTA
DITAS,15M,2026-02-02 21:15:00,2026-02-02,21:15:00,46096.42188,46116.42188,46096.42188,46106.42188,0,DIRECTA
DITAS,15M,2026-02-02 21:30:00,2026-02-02,21:30:00,46101.42188,46141.42188,46096.42188,46111.42188,0,DIRECTA
DITAS,15M,2026-02-02 21:45:00,2026-02-02,21:45:00,46101.42188,46146.42188,46101.42188,46146.42188,0,DIRECTA
DITAS,15M,2026-02-03 08:00:00,2026-02-03,08:00:00,46193.21094,46458.21094,46133.21094,46313.21094,0,DIRECTA
DITAS,15M,2026-02-03 08:15:00,2026-02-03,08:15:00,46308.21094,46338.21094,46288.21094,46328.21094,0,DIRECTA
DITAS,15M,2026-02-03 08:30:00,2026-02-03,08:30:00,46328.21094,46423.21094,46328.21094,46393.21094,0,DIRECTA
DITAS,15M,2026-02-03 08:45:00,2026-02-03,08:45:00,46403.21094,46403.21094,46358.21094,46383.21094,0,DIRECTA
DITAS,15M,2026-02-03 09:00:00,2026-02-03,09:00:00,46368.21094,46413.21094,46203.21094,46413.21094,0,DIRECTA
DITAS,15M,2026-02-03 09:15:00,2026-02-03,09:15:00,46413.21094,46473.21094,46383.21094,46453.21094,0,DIRECTA
DITAS,15M,2026-02-03 09:30:00,2026-02-03,09:30:00,46448.21094,46463.21094,46403.21094,46443.21094,0,DIRECTA
DITAS,15M,2026-02-03 09:45:00,2026-02-03,09:45:00,46453.21094,46473.21094,46398.21094,46438.21094,0,DIRECTA
DITAS,15M,2026-02-03 10:00:00,2026-02-03,10:00:00,46448.21094,46503.21094,46448.21094,46453.21094,0,DIRECTA
DITAS,15M,2026-02-03 10:15:00,2026-02-03,10:15:00,46448.21094,46448.21094,46388.21094,46388.21094,0,DIRECTA
DITAS,15M,2026-02-03 10:30:00,2026-02-03,10:30:00,46398.21094,46398.21094,46323.21094,46363.21094,0,DIRECTA
DITAS,15M,2026-02-03 10:45:00,2026-02-03,10:45:00,46368.21094,46418.21094,46328.21094,46418.21094,0,DIRECTA
DITAS,15M,2026-02-03 11:00:00,2026-02-03,11:00:00,46423.21094,46483.21094,46423.21094,46448.21094,0,DIRECTA
DITAS,15M,2026-02-03 11:15:00,2026-02-03,11:15:00,46448.21094,46483.21094,46433.21094,46448.21094,0,DIRECTA
DITAS,15M,2026-02-03 11:30:00,2026-02-03,11:30:00,46443.21094,46458.21094,46408.21094,46423.21094,0,DIRECTA
DITAS,15M,2026-02-03 11:45:00,2026-02-03,11:45:00,46423.21094,46433.21094,46398.21094,46433.21094,0,DIRECTA
DITAS,15M,2026-02-03 12:00:00,2026-02-03,12:00:00,46433.21094,46438.21094,46338.21094,46388.21094,0,DIRECTA
DITAS,15M,2026-02-03 12:15:00,2026-02-03,12:15:00,46383.21094,46393.21094,46363.21094,46378.21094,0,DIRECTA
DITAS,15M,2026-02-03 12:30:00,2026-02-03,12:30:00,46378.21094,46403.21094,46358.21094,46403.21094,0,DIRECTA
DITAS,15M,2026-02-03 12:45:00,2026-02-03,12:45:00,46418.21094,46423.21094,46368.21094,46408.21094,0,DIRECTA
DITAS,15M,2026-02-03 13:00:00,2026-02-03,13:00:00,46393.21094,46448.21094,46393.21094,46433.21094,0,DIRECTA
DITAS,15M,2026-02-03 13:15:00,2026-02-03,13:15:00,46443.21094,46458.21094,46423.21094,46458.21094,0,DIRECTA
DITAS,15M,2026-02-03 13:30:00,2026-02-03,13:30:00,46458.21094,46528.21094,46458.21094,46523.21094,0,DIRECTA
DITAS,15M,2026-02-03 13:45:00,2026-02-03,13:45:00,46518.21094,46523.21094,46468.21094,46468.21094,0,DIRECTA
DITAS,15M,2026-02-03 14:00:00,2026-02-03,14:00:00,46468.21094,46468.21094,46398.21094,46398.21094,0,DIRECTA
DITAS,15M,2026-02-03 14:15:00,2026-02-03,14:15:00,46398.21094,46398.21094,46323.21094,46358.21094,0,DIRECTA
DITAS,15M,2026-02-03 14:30:00,2026-02-03,14:30:00,46378.21094,46383.21094,46343.21094,46353.21094,0,DIRECTA
DITAS,15M,2026-02-03 14:45:00,2026-02-03,14:45:00,46353.21094,46393.21094,46333.21094,46393.21094,0,DIRECTA
DITAS,15M,2026-02-03 15:00:00,2026-02-03,15:00:00,46388.21094,46388.21094,46303.21094,46313.21094,0,DIRECTA
DITAS,15M,2026-02-03 15:15:00,2026-02-03,15:15:00,46308.21094,46308.21094,46253.21094,46268.21094,0,DIRECTA
DITAS,15M,2026-02-03 15:30:00,2026-02-03,15:30:00,46263.21094,46403.21094,46263.21094,46398.21094,0,DIRECTA
DITAS,15M,2026-02-03 15:45:00,2026-02-03,15:45:00,46403.21094,46443.21094,46248.21094,46248.21094,0,DIRECTA
DITAS,15M,2026-02-03 16:00:00,2026-02-03,16:00:00,46243.21094,46353.21094,46243.21094,46303.21094,0,DIRECTA
DITAS,15M,2026-02-03 16:15:00,2026-02-03,16:15:00,46298.21094,46373.21094,46288.21094,46373.21094,0,DIRECTA
DITAS,15M,2026-02-03 16:30:00,2026-02-03,16:30:00,46378.21094,46378.21094,46278.21094,46308.21094,0,DIRECTA
DITAS,15M,2026-02-03 16:45:00,2026-02-03,16:45:00,46303.21094,46383.21094,46298.21094,46358.21094,0,DIRECTA
DITAS,15M,2026-02-03 17:00:00,2026-02-03,17:00:00,46358.21094,46393.21094,46338.21094,46368.21094,0,DIRECTA
DITAS,15M,2026-02-03 17:15:00,2026-02-03,17:15:00,46368.21094,46383.21094,46338.21094,46358.21094,0,DIRECTA
DITAS,15M,2026-02-03 17:30:00,2026-02-03,17:30:00,46363.21094,46398.21094,46333.21094,46388.21094,0,DIRECTA
DITAS,15M,2026-02-03 17:45:00,2026-02-03,17:45:00,46393.21094,46398.21094,46353.21094,46388.21094,0,DIRECTA
DITAS,15M,2026-02-03 18:00:00,2026-02-03,18:00:00,46378.21094,46388.21094,46288.21094,46313.21094,0,DIRECTA
DITAS,15M,2026-02-03 18:15:00,2026-02-03,18:15:00,46298.21094,46353.21094,46288.21094,46298.21094,0,DIRECTA
DITAS,15M,2026-02-03 18:30:00,2026-02-03,18:30:00,46288.21094,46303.21094,46278.21094,46288.21094,0,DIRECTA
DITAS,15M,2026-02-03 18:45:00,2026-02-03,18:45:00,46298.21094,46333.21094,46268.21094,46268.21094,0,DIRECTA
DITAS,15M,2026-02-03 19:00:00,2026-02-03,19:00:00,46273.21094,46303.21094,46188.21094,46188.21094,0,DIRECTA
DITAS,15M,2026-02-03 19:15:00,2026-02-03,19:15:00,46188.21094,46238.21094,46163.21094,46208.21094,0,DIRECTA
DITAS,15M,2026-02-03 19:30:00,2026-02-03,19:30:00,46213.21094,46253.21094,46208.21094,46218.21094,0,DIRECTA
DITAS,15M,2026-02-03 19:45:00,2026-02-03,19:45:00,46208.21094,46238.21094,46188.21094,46188.21094,0,DIRECTA
DITAS,15M,2026-02-03 20:00:00,2026-02-03,20:00:00,46173.21094,46233.21094,46128.21094,46233.21094,0,DIRECTA
DITAS,15M,2026-02-03 20:15:00,2026-02-03,20:15:00,46233.21094,46268.21094,46208.21094,46228.21094,0,DIRECTA
DITAS,15M,2026-02-03 20:30:00,2026-02-03,20:30:00,46228.21094,46258.21094,46213.21094,46253.21094,0,DIRECTA
DITAS,15M,2026-02-03 20:45:00,2026-02-03,20:45:00,46243.21094,46273.21094,46203.21094,46268.21094,0,DIRECTA
DITAS,15M,2026-02-03 21:00:00,2026-02-03,21:00:00,46273.21094,46278.21094,46248.21094,46273.21094,0,DIRECTA
DITAS,15M,2026-02-03 21:15:00,2026-02-03,21:15:00,46263.21094,46303.21094,46263.21094,46303.21094,0,DIRECTA
DITAS,15M,2026-02-03 21:30:00,2026-02-03,21:30:00,46308.21094,46343.21094,46308.21094,46328.21094,0,DIRECTA
DITAS,15M,2026-02-03 21:45:00,2026-02-03,21:45:00,46338.21094,46408.21094,46318.21094,46403.21094,0,DIRECTA
DITAS,15M,2026-02-04 08:00:00,2026-02-04,08:00:00,46450.51953,46535.51953,46450.51953,46530.51953,0,DIRECTA
DITAS,15M,2026-02-04 08:15:00,2026-02-04,08:15:00,46515.51953,46605.51953,46515.51953,46590.51953,0,DIRECTA
DITAS,15M,2026-02-04 08:30:00,2026-02-04,08:30:00,46585.51953,46605.51953,46575.51953,46575.51953,0,DIRECTA
DITAS,15M,2026-02-04 08:45:00,2026-02-04,08:45:00,46580.51953,46585.51953,46540.51953,46550.51953,0,DIRECTA
DITAS,15M,2026-02-04 09:00:00,2026-02-04,09:00:00,46585.51953,46745.51953,46540.51953,46720.51953,0,DIRECTA
DITAS,15M,2026-02-04 09:15:00,2026-02-04,09:15:00,46720.51953,46755.51953,46620.51953,46650.51953,0,DIRECTA
DITAS,15M,2026-02-04 09:30:00,2026-02-04,09:30:00,46655.51953,46670.51953,46620.51953,46660.51953,0,DIRECTA
DITAS,15M,2026-02-04 09:45:00,2026-02-04,09:45:00,46645.51953,46710.51953,46630.51953,46695.51953,0,DIRECTA
DITAS,15M,2026-02-04 10:00:00,2026-02-04,10:00:00,46700.51953,46715.51953,46585.51953,46605.51953,0,DIRECTA
DITAS,15M,2026-02-04 10:15:00,2026-02-04,10:15:00,46615.51953,46620.51953,46565.51953,46565.51953,0,DIRECTA
DITAS,15M,2026-02-04 10:30:00,2026-02-04,10:30:00,46560.51953,46580.51953,46495.51953,46550.51953,0,DIRECTA
DITAS,15M,2026-02-04 10:45:00,2026-02-04,10:45:00,46550.51953,46675.51953,46550.51953,46675.51953,0,DIRECTA
DITAS,15M,2026-02-04 11:00:00,2026-02-04,11:00:00,46675.51953,46760.51953,46675.51953,46760.51953,0,DIRECTA
DITAS,15M,2026-02-04 11:15:00,2026-02-04,11:15:00,46750.51953,46755.51953,46725.51953,46750.51953,0,DIRECTA
DITAS,15M,2026-02-04 11:30:00,2026-02-04,11:30:00,46745.51953,46810.51953,46745.51953,46805.51953,0,DIRECTA
DITAS,15M,2026-02-04 11:45:00,2026-02-04,11:45:00,46810.51953,46830.51953,46790.51953,46825.51953,0,DIRECTA
DITAS,15M,2026-02-04 12:00:00,2026-02-04,12:00:00,46830.51953,46860.51953,46820.51953,46830.51953,0,DIRECTA
DITAS,15M,2026-02-04 12:15:00,2026-02-04,12:15:00,46840.51953,46850.51953,46820.51953,46830.51953,0,DIRECTA
DITAS,15M,2026-02-04 12:30:00,2026-02-04,12:30:00,46820.51953,46885.51953,46810.51953,46870.51953,0,DIRECTA
DITAS,15M,2026-02-04 12:45:00,2026-02-04,12:45:00,46880.51953,46975.51953,46875.51953,46965.51953,0,DIRECTA
DITAS,15M,2026-02-04 13:00:00,2026-02-04,13:00:00,46970.51953,46990.51953,46945.51953,46955.51953,0,DIRECTA
DITAS,15M,2026-02-04 13:15:00,2026-02-04,13:15:00,46955.51953,46955.51953,46890.51953,46895.51953,0,DIRECTA
DITAS,15M,2026-02-04 13:30:00,2026-02-04,13:30:00,46895.51953,46900.51953,46865.51953,46870.51953,0,DIRECTA
DITAS,15M,2026-02-04 13:45:00,2026-02-04,13:45:00,46890.51953,46915.51953,46845.51953,46860.51953,0,DIRECTA
DITAS,15M,2026-02-04 14:00:00,2026-02-04,14:00:00,46850.51953,46865.51953,46790.51953,46815.51953,0,DIRECTA
DITAS,15M,2026-02-04 14:15:00,2026-02-04,14:15:00,46815.51953,46850.51953,46815.51953,46840.51953,0,DIRECTA
DITAS,15M,2026-02-04 14:30:00,2026-02-04,14:30:00,46830.51953,46875.51953,46825.51953,46875.51953,0,DIRECTA
DITAS,15M,2026-02-04 14:45:00,2026-02-04,14:45:00,46870.51953,46905.51953,46870.51953,46880.51953,0,DIRECTA
DITAS,15M,2026-02-04 15:00:00,2026-02-04,15:00:00,46885.51953,46890.51953,46850.51953,46875.51953,0,DIRECTA
DITAS,15M,2026-02-04 15:15:00,2026-02-04,15:15:00,46890.51953,46960.51953,46890.51953,46955.51953,0,DIRECTA
DITAS,15M,2026-02-04 15:30:00,2026-02-04,15:30:00,46960.51953,47030.51953,46955.51953,47030.51953,0,DIRECTA
DITAS,15M,2026-02-04 15:45:00,2026-02-04,15:45:00,47025.51953,47100.51953,46980.51953,46980.51953,0,DIRECTA
DITAS,15M,2026-02-04 16:00:00,2026-02-04,16:00:00,47000.51953,47030.51953,46950.51953,46980.51953,0,DIRECTA
DITAS,15M,2026-02-04 16:15:00,2026-02-04,16:15:00,47010.51953,47035.51953,46920.51953,46930.51953,0,DIRECTA
DITAS,15M,2026-02-04 16:30:00,2026-02-04,16:30:00,46935.51953,46960.51953,46850.51953,46915.51953,0,DIRECTA
DITAS,15M,2026-02-04 16:45:00,2026-02-04,16:45:00,46905.51953,46920.51953,46820.51953,46825.51953,0,DIRECTA
DITAS,15M,2026-02-04 17:00:00,2026-02-04,17:00:00,46845.51953,46850.51953,46710.51953,46750.51953,0,DIRECTA
DITAS,15M,2026-02-04 17:15:00,2026-02-04,17:15:00,46745.51953,46765.51953,46680.51953,46720.51953,0,DIRECTA
DITAS,15M,2026-02-04 17:30:00,2026-02-04,17:30:00,46715.51953,46715.51953,46575.51953,46575.51953,0,DIRECTA
DITAS,15M,2026-02-04 17:45:00,2026-02-04,17:45:00,46580.51953,46665.51953,46530.51953,46660.51953,0,DIRECTA
DITAS,15M,2026-02-04 18:00:00,2026-02-04,18:00:00,46655.51953,46690.51953,46640.51953,46690.51953,0,DIRECTA
DITAS,15M,2026-02-04 18:15:00,2026-02-04,18:15:00,46690.51953,46695.51953,46520.51953,46525.51953,0,DIRECTA
DITAS,15M,2026-02-04 18:30:00,2026-02-04,18:30:00,46520.51953,46565.51953,46480.51953,46525.51953,0,DIRECTA
DITAS,15M,2026-02-04 18:45:00,2026-02-04,18:45:00,46520.51953,46540.51953,46455.51953,46515.51953,0,DIRECTA
DITAS,15M,2026-02-04 19:00:00,2026-02-04,19:00:00,46505.51953,46525.51953,46450.51953,46470.51953,0,DIRECTA
DITAS,15M,2026-02-04 19:15:00,2026-02-04,19:15:00,46455.51953,46540.51953,46420.51953,46530.51953,0,DIRECTA
DITAS,15M,2026-02-04 19:30:00,2026-02-04,19:30:00,46535.51953,46535.51953,46450.51953,46495.51953,0,DIRECTA
DITAS,15M,2026-02-04 19:45:00,2026-02-04,19:45:00,46470.51953,46540.51953,46445.51953,46495.51953,0,DIRECTA
DITAS,15M,2026-02-04 20:00:00,2026-02-04,20:00:00,46490.51953,46495.51953,46445.51953,46490.51953,0,DIRECTA
DITAS,15M,2026-02-04 20:15:00,2026-02-04,20:15:00,46495.51953,46525.51953,46470.51953,46490.51953,0,DIRECTA
DITAS,15M,2026-02-04 20:30:00,2026-02-04,20:30:00,46505.51953,46560.51953,46505.51953,46550.51953,0,DIRECTA
DITAS,15M,2026-02-04 20:45:00,2026-02-04,20:45:00,46545.51953,46610.51953,46540.51953,46610.51953,0,DIRECTA
DITAS,15M,2026-02-04 21:00:00,2026-02-04,21:00:00,46620.51953,46625.51953,46565.51953,46595.51953,0,DIRECTA
DITAS,15M,2026-02-04 21:15:00,2026-02-04,21:15:00,46595.51953,46620.51953,46570.51953,46580.51953,0,DIRECTA
DITAS,15M,2026-02-04 21:30:00,2026-02-04,21:30:00,46590.51953,46620.51953,46580.51953,46595.51953,0,DIRECTA
DITAS,15M,2026-02-04 21:45:00,2026-02-04,21:45:00,46615.51953,46620.51953,46570.51953,46570.51953,0,DIRECTA
DITAS,15M,2026-02-05 08:00:00,2026-02-05,08:00:00,46645.42969,46690.42969,46610.42969,46645.42969,0,DIRECTA
DITAS,15M,2026-02-05 08:15:00,2026-02-05,08:15:00,46625.42969,46650.42969,46575.42969,46645.42969,0,DIRECTA
DITAS,15M,2026-02-05 08:30:00,2026-02-05,08:30:00,46640.42969,46685.42969,46640.42969,46665.42969,0,DIRECTA
DITAS,15M,2026-02-05 08:45:00,2026-02-05,08:45:00,46665.42969,46685.42969,46570.42969,46610.42969,0,DIRECTA
DITAS,15M,2026-02-05 09:00:00,2026-02-05,09:00:00,46610.42969,46755.42969,46525.42969,46755.42969,0,DIRECTA
DITAS,15M,2026-02-05 09:15:00,2026-02-05,09:15:00,46745.42969,46750.42969,46670.42969,46695.42969,0,DIRECTA
DITAS,15M,2026-02-05 09:30:00,2026-02-05,09:30:00,46700.42969,46700.42969,46545.42969,46560.42969,0,DIRECTA
DITAS,15M,2026-02-05 09:45:00,2026-02-05,09:45:00,46555.42969,46555.42969,46395.42969,46435.42969,0,DIRECTA
DITAS,15M,2026-02-05 10:00:00,2026-02-05,10:00:00,46430.42969,46450.42969,46325.42969,46340.42969,0,DIRECTA
DITAS,15M,2026-02-05 10:15:00,2026-02-05,10:15:00,46340.42969,46460.42969,46305.42969,46440.42969,0,DIRECTA
DITAS,15M,2026-02-05 10:30:00,2026-02-05,10:30:00,46425.42969,46515.42969,46355.42969,46355.42969,0,DIRECTA
DITAS,15M,2026-02-05 10:45:00,2026-02-05,10:45:00,46365.42969,46365.42969,46250.42969,46325.42969,0,DIRECTA
DITAS,15M,2026-02-05 11:00:00,2026-02-05,11:00:00,46295.42969,46415.42969,46255.42969,46415.42969,0,DIRECTA
DITAS,15M,2026-02-05 11:15:00,2026-02-05,11:15:00,46415.42969,46435.42969,46375.42969,46430.42969,0,DIRECTA
DITAS,15M,2026-02-05 11:30:00,2026-02-05,11:30:00,46440.42969,46485.42969,46430.42969,46470.42969,0,DIRECTA
DITAS,15M,2026-02-05 11:45:00,2026-02-05,11:45:00,46480.42969,46545.42969,46470.42969,46535.42969,0,DIRECTA
DITAS,15M,2026-02-05 12:00:00,2026-02-05,12:00:00,46525.42969,46530.42969,46490.42969,46490.42969,0,DIRECTA
DITAS,15M,2026-02-05 12:15:00,2026-02-05,12:15:00,46505.42969,46545.42969,46485.42969,46540.42969,0,DIRECTA
DITAS,15M,2026-02-05 12:30:00,2026-02-05,12:30:00,46545.42969,46545.42969,46475.42969,46510.42969,0,DIRECTA
DITAS,15M,2026-02-05 12:45:00,2026-02-05,12:45:00,46520.42969,46540.42969,46500.42969,46505.42969,0,DIRECTA
DITAS,15M,2026-02-05 13:00:00,2026-02-05,13:00:00,46505.42969,46580.42969,46505.42969,46510.42969,0,DIRECTA
DITAS,15M,2026-02-05 13:15:00,2026-02-05,13:15:00,46515.42969,46530.42969,46370.42969,46370.42969,0,DIRECTA
DITAS,15M,2026-02-05 13:30:00,2026-02-05,13:30:00,46360.42969,46370.42969,46230.42969,46250.42969,0,DIRECTA
DITAS,15M,2026-02-05 13:45:00,2026-02-05,13:45:00,46265.42969,46265.42969,46165.42969,46220.42969,0,DIRECTA
DITAS,15M,2026-02-05 14:00:00,2026-02-05,14:00:00,46215.42969,46290.42969,46190.42969,46275.42969,0,DIRECTA
DITAS,15M,2026-02-05 14:15:00,2026-02-05,14:15:00,46285.42969,46285.42969,46190.42969,46215.42969,0,DIRECTA
DITAS,15M,2026-02-05 14:30:00,2026-02-05,14:30:00,46200.42969,46300.42969,46175.42969,46205.42969,0,DIRECTA
DITAS,15M,2026-02-05 14:45:00,2026-02-05,14:45:00,46200.42969,46225.42969,46040.42969,46045.42969,0,DIRECTA
DITAS,15M,2026-02-05 15:00:00,2026-02-05,15:00:00,46050.42969,46070.42969,45955.42969,45970.42969,0,DIRECTA
DITAS,15M,2026-02-05 15:15:00,2026-02-05,15:15:00,45965.42969,45980.42969,45850.42969,45885.42969,0,DIRECTA
DITAS,15M,2026-02-05 15:30:00,2026-02-05,15:30:00,45880.42969,46105.42969,45855.42969,46105.42969,0,DIRECTA
DITAS,15M,2026-02-05 15:45:00,2026-02-05,15:45:00,46095.42969,46130.42969,45890.42969,45900.42969,0,DIRECTA
DITAS,15M,2026-02-05 16:00:00,2026-02-05,16:00:00,45890.42969,45910.42969,45705.42969,45715.42969,0,DIRECTA
DITAS,15M,2026-02-05 16:15:00,2026-02-05,16:15:00,45720.42969,45805.42969,45570.42969,45620.42969,0,DIRECTA
DITAS,15M,2026-02-05 16:30:00,2026-02-05,16:30:00,45635.42969,45815.42969,45595.42969,45795.42969,0,DIRECTA
DITAS,15M,2026-02-05 16:45:00,2026-02-05,16:45:00,45795.42969,45795.42969,45660.42969,45685.42969,0,DIRECTA
DITAS,15M,2026-02-05 17:00:00,2026-02-05,17:00:00,45675.42969,45710.42969,45605.42969,45605.42969,0,DIRECTA
DITAS,15M,2026-02-05 17:15:00,2026-02-05,17:15:00,45600.42969,45825.42969,45575.42969,45780.42969,0,DIRECTA
DITAS,15M,2026-02-05 17:30:00,2026-02-05,17:30:00,45795.42969,45815.42969,45745.42969,45795.42969,0,DIRECTA
DITAS,15M,2026-02-05 17:45:00,2026-02-05,17:45:00,45800.42969,45855.42969,45760.42969,45855.42969,0,DIRECTA
DITAS,15M,2026-02-05 18:00:00,2026-02-05,18:00:00,45855.42969,45855.42969,45765.42969,45805.42969,0,DIRECTA
DITAS,15M,2026-02-05 18:15:00,2026-02-05,18:15:00,45795.42969,45855.42969,45750.42969,45855.42969,0,DIRECTA
DITAS,15M,2026-02-05 18:30:00,2026-02-05,18:30:00,45860.42969,45870.42969,45815.42969,45855.42969,0,DIRECTA
DITAS,15M,2026-02-05 18:45:00,2026-02-05,18:45:00,45865.42969,45895.42969,45780.42969,45785.42969,0,DIRECTA
DITAS,15M,2026-02-05 19:00:00,2026-02-05,19:00:00,45790.42969,45830.42969,45760.42969,45770.42969,0,DIRECTA
DITAS,15M,2026-02-05 19:15:00,2026-02-05,19:15:00,45765.42969,45785.42969,45715.42969,45735.42969,0,DIRECTA
DITAS,15M,2026-02-05 19:30:00,2026-02-05,19:30:00,45755.42969,45760.42969,45680.42969,45710.42969,0,DIRECTA
DITAS,15M,2026-02-05 19:45:00,2026-02-05,19:45:00,45720.42969,45720.42969,45645.42969,45690.42969,0,DIRECTA
DITAS,15M,2026-02-05 20:00:00,2026-02-05,20:00:00,45680.42969,45775.42969,45665.42969,45765.42969,0,DIRECTA
DITAS,15M,2026-02-05 20:15:00,2026-02-05,20:15:00,45750.42969,45795.42969,45750.42969,45750.42969,0,DIRECTA
DITAS,15M,2026-02-05 20:30:00,2026-02-05,20:30:00,45740.42969,45740.42969,45695.42969,45715.42969,0,DIRECTA
DITAS,15M,2026-02-05 20:45:00,2026-02-05,20:45:00,45740.42969,45740.42969,45680.42969,45735.42969,0,DIRECTA
DITAS,15M,2026-02-05 21:00:00,2026-02-05,21:00:00,45725.42969,45785.42969,45710.42969,45745.42969,0,DIRECTA
DITAS,15M,2026-02-05 21:15:00,2026-02-05,21:15:00,45715.42969,45735.42969,45665.42969,45665.42969,0,DIRECTA
DITAS,15M,2026-02-05 21:30:00,2026-02-05,21:30:00,45660.42969,45675.42969,45625.42969,45625.42969,0,DIRECTA
DITAS,15M,2026-02-05 21:45:00,2026-02-05,21:45:00,45640.42969,45650.42969,45585.42969,45600.42969,0,DIRECTA
DITAS,15M,2026-02-06 08:00:00,2026-02-06,08:00:00,45728.57031,45743.57031,45488.57031,45503.57031,0,DIRECTA
DITAS,15M,2026-02-06 08:15:00,2026-02-06,08:15:00,45508.57031,45548.57031,45428.57031,45528.57031,0,DIRECTA
DITAS,15M,2026-02-06 08:30:00,2026-02-06,08:30:00,45523.57031,45528.57031,45473.57031,45478.57031,0,DIRECTA
DITAS,15M,2026-02-06 08:45:00,2026-02-06,08:45:00,45478.57031,45573.57031,45468.57031,45573.57031,0,DIRECTA
DITAS,15M,2026-02-06 09:00:00,2026-02-06,09:00:00,45593.57031,45683.57031,45378.57031,45618.57031,0,DIRECTA
DITAS,15M,2026-02-06 09:15:00,2026-02-06,09:15:00,45603.57031,45658.57031,45548.57031,45568.57031,0,DIRECTA
DITAS,15M,2026-02-06 09:30:00,2026-02-06,09:30:00,45578.57031,45618.57031,45418.57031,45458.57031,0,DIRECTA
DITAS,15M,2026-02-06 09:45:00,2026-02-06,09:45:00,45428.57031,45603.57031,45408.57031,45513.57031,0,DIRECTA
DITAS,15M,2026-02-06 10:00:00,2026-02-06,10:00:00,45503.57031,45618.57031,45473.57031,45618.57031,0,DIRECTA
DITAS,15M,2026-02-06 10:15:00,2026-02-06,10:15:00,45613.57031,45703.57031,45608.57031,45663.57031,0,DIRECTA
DITAS,15M,2026-02-06 10:30:00,2026-02-06,10:30:00,45658.57031,45718.57031,45658.57031,45708.57031,0,DIRECTA
DITAS,15M,2026-02-06 10:45:00,2026-02-06,10:45:00,45688.57031,45713.57031,45648.57031,45653.57031,0,DIRECTA
DITAS,15M,2026-02-06 11:00:00,2026-02-06,11:00:00,45658.57031,45703.57031,45613.57031,45628.57031,0,DIRECTA
DITAS,15M,2026-02-06 11:15:00,2026-02-06,11:15:00,45633.57031,45663.57031,45613.57031,45643.57031,0,DIRECTA
DITAS,15M,2026-02-06 11:30:00,2026-02-06,11:30:00,45648.57031,45658.57031,45618.57031,45648.57031,0,DIRECTA
DITAS,15M,2026-02-06 11:45:00,2026-02-06,11:45:00,45633.57031,45693.57031,45623.57031,45688.57031,0,DIRECTA
DITAS,15M,2026-02-06 12:00:00,2026-02-06,12:00:00,45683.57031,45698.57031,45638.57031,45663.57031,0,DIRECTA
DITAS,15M,2026-02-06 12:15:00,2026-02-06,12:15:00,45673.57031,45698.57031,45668.57031,45668.57031,0,DIRECTA
DITAS,15M,2026-02-06 12:30:00,2026-02-06,12:30:00,45673.57031,45713.57031,45623.57031,45638.57031,0,DIRECTA
DITAS,15M,2026-02-06 12:45:00,2026-02-06,12:45:00,45633.57031,45713.57031,45633.57031,45698.57031,0,DIRECTA
DITAS,15M,2026-02-06 13:00:00,2026-02-06,13:00:00,45693.57031,45708.57031,45663.57031,45663.57031,0,DIRECTA
DITAS,15M,2026-02-06 13:15:00,2026-02-06,13:15:00,45673.57031,45688.57031,45638.57031,45658.57031,0,DIRECTA
DITAS,15M,2026-02-06 13:30:00,2026-02-06,13:30:00,45658.57031,45658.57031,45608.57031,45633.57031,0,DIRECTA
DITAS,15M,2026-02-06 13:45:00,2026-02-06,13:45:00,45633.57031,45663.57031,45608.57031,45633.57031,0,DIRECTA
DITAS,15M,2026-02-06 14:00:00,2026-02-06,14:00:00,45633.57031,45663.57031,45623.57031,45663.57031,0,DIRECTA
DITAS,15M,2026-02-06 14:15:00,2026-02-06,14:15:00,45653.57031,45728.57031,45628.57031,45713.57031,0,DIRECTA
DITAS,15M,2026-02-06 14:30:00,2026-02-06,14:30:00,45713.57031,45773.57031,45688.57031,45693.57031,0,DIRECTA
DITAS,15M,2026-02-06 14:45:00,2026-02-06,14:45:00,45698.57031,45723.57031,45673.57031,45713.57031,0,DIRECTA
DITAS,15M,2026-02-06 15:00:00,2026-02-06,15:00:00,45708.57031,45723.57031,45693.57031,45708.57031,0,DIRECTA
DITAS,15M,2026-02-06 15:15:00,2026-02-06,15:15:00,45698.57031,45753.57031,45698.57031,45753.57031,0,DIRECTA
DITAS,15M,2026-02-06 15:30:00,2026-02-06,15:30:00,45733.57031,45863.57031,45733.57031,45863.57031,0,DIRECTA
DITAS,15M,2026-02-06 15:45:00,2026-02-06,15:45:00,45863.57031,45903.57031,45818.57031,45858.57031,0,DIRECTA
DITAS,15M,2026-02-06 16:00:00,2026-02-06,16:00:00,45863.57031,45878.57031,45793.57031,45843.57031,0,DIRECTA
DITAS,15M,2026-02-06 16:15:00,2026-02-06,16:15:00,45833.57031,45938.57031,45808.57031,45918.57031,0,DIRECTA
DITAS,15M,2026-02-06 16:30:00,2026-02-06,16:30:00,45928.57031,45963.57031,45908.57031,45953.57031,0,DIRECTA
DITAS,15M,2026-02-06 16:45:00,2026-02-06,16:45:00,45943.57031,45958.57031,45843.57031,45893.57031,0,DIRECTA
DITAS,15M,2026-02-06 17:00:00,2026-02-06,17:00:00,45893.57031,45923.57031,45863.57031,45908.57031,0,DIRECTA
DITAS,15M,2026-02-06 17:15:00,2026-02-06,17:15:00,45898.57031,45903.57031,45843.57031,45853.57031,0,DIRECTA
DITAS,15M,2026-02-06 17:30:00,2026-02-06,17:30:00,45858.57031,45883.57031,45828.57031,45868.57031,0,DIRECTA
DITAS,15M,2026-02-06 17:45:00,2026-02-06,17:45:00,45868.57031,45878.57031,45838.57031,45853.57031,0,DIRECTA
DITAS,15M,2026-02-06 18:00:00,2026-02-06,18:00:00,45858.57031,45903.57031,45848.57031,45883.57031,0,DIRECTA
DITAS,15M,2026-02-06 18:15:00,2026-02-06,18:15:00,45873.57031,45898.57031,45868.57031,45898.57031,0,DIRECTA
DITAS,15M,2026-02-06 18:30:00,2026-02-06,18:30:00,45908.57031,45918.57031,45883.57031,45898.57031,0,DIRECTA
DITAS,15M,2026-02-06 18:45:00,2026-02-06,18:45:00,45908.57031,45918.57031,45903.57031,45903.57031,0,DIRECTA
DITAS,15M,2026-02-06 19:00:00,2026-02-06,19:00:00,45888.57031,45908.57031,45883.57031,45903.57031,0,DIRECTA
DITAS,15M,2026-02-06 19:15:00,2026-02-06,19:15:00,45908.57031,45918.57031,45898.57031,45908.57031,0,DIRECTA
DITAS,15M,2026-02-06 19:30:00,2026-02-06,19:30:00,45913.57031,45938.57031,45903.57031,45938.57031,0,DIRECTA
DITAS,15M,2026-02-06 19:45:00,2026-02-06,19:45:00,45938.57031,45958.57031,45923.57031,45923.57031,0,DIRECTA
DITAS,15M,2026-02-06 20:00:00,2026-02-06,20:00:00,45933.57031,45943.57031,45928.57031,45928.57031,0,DIRECTA
DITAS,15M,2026-02-06 20:15:00,2026-02-06,20:15:00,45933.57031,45948.57031,45918.57031,45948.57031,0,DIRECTA
DITAS,15M,2026-02-06 20:30:00,2026-02-06,20:30:00,45938.57031,45938.57031,45938.57031,45938.57031,0,DIRECTA
DITAS,15M,2026-02-06 20:45:00,2026-02-06,20:45:00,45953.57031,45958.57031,45948.57031,45948.57031,0,DIRECTA
DITAS,15M,2026-02-06 21:00:00,2026-02-06,21:00:00,45938.57031,45958.57031,45938.57031,45948.57031,0,DIRECTA
DITAS,15M,2026-02-06 21:15:00,2026-02-06,21:15:00,45958.57031,45978.57031,45958.57031,45973.57031,0,DIRECTA
DITAS,15M,2026-02-06 21:30:00,2026-02-06,21:30:00,45968.57031,45983.57031,45953.57031,45978.57031,0,DIRECTA
DITAS,15M,2026-02-06 21:45:00,2026-02-06,21:45:00,45978.57031,46028.57031,45978.57031,46013.57031,0,DIRECTA
DITAS,15M,2026-02-09 08:00:00,2026-02-09,08:00:00,46218.19922,46273.19922,46158.19922,46258.19922,0,DIRECTA
DITAS,15M,2026-02-09 08:15:00,2026-02-09,08:15:00,46258.19922,46263.19922,46228.19922,46228.19922,0,DIRECTA
DITAS,15M,2026-02-09 08:30:00,2026-02-09,08:30:00,46218.19922,46218.19922,46148.19922,46183.19922,0,DIRECTA
DITAS,15M,2026-02-09 08:45:00,2026-02-09,08:45:00,46198.19922,46228.19922,46158.19922,46193.19922,0,DIRECTA
DITAS,15M,2026-02-09 09:00:00,2026-02-09,09:00:00,46223.19922,46463.19922,46163.19922,46458.19922,0,DIRECTA
DITAS,15M,2026-02-09 09:15:00,2026-02-09,09:15:00,46468.19922,46483.19922,46338.19922,46338.19922,0,DIRECTA
DITAS,15M,2026-02-09 09:30:00,2026-02-09,09:30:00,46338.19922,46378.19922,46303.19922,46328.19922,0,DIRECTA
DITAS,15M,2026-02-09 09:45:00,2026-02-09,09:45:00,46333.19922,46378.19922,46323.19922,46363.19922,0,DIRECTA
DITAS,15M,2026-02-09 10:00:00,2026-02-09,10:00:00,46368.19922,46443.19922,46343.19922,46393.19922,0,DIRECTA
DITAS,15M,2026-02-09 10:15:00,2026-02-09,10:15:00,46393.19922,46408.19922,46338.19922,46403.19922,0,DIRECTA
DITAS,15M,2026-02-09 10:30:00,2026-02-09,10:30:00,46408.19922,46488.19922,46398.19922,46488.19922,0,DIRECTA
DITAS,15M,2026-02-09 10:45:00,2026-02-09,10:45:00,46493.19922,46503.19922,46403.19922,46418.19922,0,DIRECTA
DITAS,15M,2026-02-09 11:00:00,2026-02-09,11:00:00,46413.19922,46413.19922,46338.19922,46383.19922,0,DIRECTA
DITAS,15M,2026-02-09 11:15:00,2026-02-09,11:15:00,46373.19922,46383.19922,46328.19922,46363.19922,0,DIRECTA
DITAS,15M,2026-02-09 11:30:00,2026-02-09,11:30:00,46358.19922,46358.19922,46273.19922,46323.19922,0,DIRECTA
DITAS,15M,2026-02-09 11:45:00,2026-02-09,11:45:00,46323.19922,46363.19922,46303.19922,46353.19922,0,DIRECTA
DITAS,15M,2026-02-09 12:00:00,2026-02-09,12:00:00,46348.19922,46363.19922,46293.19922,46363.19922,0,DIRECTA
DITAS,15M,2026-02-09 12:15:00,2026-02-09,12:15:00,46358.19922,46433.19922,46358.19922,46423.19922,0,DIRECTA
DITAS,15M,2026-02-09 12:30:00,2026-02-09,12:30:00,46418.19922,46418.19922,46368.19922,46393.19922,0,DIRECTA
DITAS,15M,2026-02-09 12:45:00,2026-02-09,12:45:00,46388.19922,46448.19922,46358.19922,46438.19922,0,DIRECTA
DITAS,15M,2026-02-09 13:00:00,2026-02-09,13:00:00,46433.19922,46448.19922,46398.19922,46423.19922,0,DIRECTA
DITAS,15M,2026-02-09 13:15:00,2026-02-09,13:15:00,46433.19922,46458.19922,46418.19922,46418.19922,0,DIRECTA
DITAS,15M,2026-02-09 13:30:00,2026-02-09,13:30:00,46413.19922,46453.19922,46388.19922,46423.19922,0,DIRECTA
DITAS,15M,2026-02-09 13:45:00,2026-02-09,13:45:00,46428.19922,46458.19922,46413.19922,46458.19922,0,DIRECTA
DITAS,15M,2026-02-09 14:00:00,2026-02-09,14:00:00,46458.19922,46503.19922,46448.19922,46483.19922,0,DIRECTA
DITAS,15M,2026-02-09 14:15:00,2026-02-09,14:15:00,46488.19922,46488.19922,46448.19922,46453.19922,0,DIRECTA
DITAS,15M,2026-02-09 14:30:00,2026-02-09,14:30:00,46463.19922,46513.19922,46458.19922,46508.19922,0,DIRECTA
DITAS,15M,2026-02-09 14:45:00,2026-02-09,14:45:00,46513.19922,46553.19922,46513.19922,46528.19922,0,DIRECTA
DITAS,15M,2026-02-09 15:00:00,2026-02-09,15:00:00,46523.19922,46523.19922,46433.19922,46463.19922,0,DIRECTA
DITAS,15M,2026-02-09 15:15:00,2026-02-09,15:15:00,46478.19922,46493.19922,46453.19922,46493.19922,0,DIRECTA
DITAS,15M,2026-02-09 15:30:00,2026-02-09,15:30:00,46483.19922,46558.19922,46468.19922,46558.19922,0,DIRECTA
DITAS,15M,2026-02-09 15:45:00,2026-02-09,15:45:00,46558.19922,46573.19922,46473.19922,46538.19922,0,DIRECTA
DITAS,15M,2026-02-09 16:00:00,2026-02-09,16:00:00,46533.19922,46683.19922,46533.19922,46668.19922,0,DIRECTA
DITAS,15M,2026-02-09 16:15:00,2026-02-09,16:15:00,46678.19922,46693.19922,46643.19922,46678.19922,0,DIRECTA
DITAS,15M,2026-02-09 16:30:00,2026-02-09,16:30:00,46688.19922,46793.19922,46688.19922,46788.19922,0,DIRECTA
DITAS,15M,2026-02-09 16:45:00,2026-02-09,16:45:00,46783.19922,46823.19922,46758.19922,46803.19922,0,DIRECTA
DITAS,15M,2026-02-09 17:00:00,2026-02-09,17:00:00,46808.19922,46833.19922,46768.19922,46773.19922,0,DIRECTA
DITAS,15M,2026-02-09 17:15:00,2026-02-09,17:15:00,46773.19922,46798.19922,46763.19922,46793.19922,0,DIRECTA
DITAS,15M,2026-02-09 17:30:00,2026-02-09,17:30:00,46798.19922,46813.19922,46773.19922,46803.19922,0,DIRECTA
DITAS,15M,2026-02-09 17:45:00,2026-02-09,17:45:00,46803.19922,46813.19922,46788.19922,46793.19922,0,DIRECTA
DITAS,15M,2026-02-09 18:00:00,2026-02-09,18:00:00,46803.19922,46803.19922,46778.19922,46783.19922,0,DIRECTA
DITAS,15M,2026-02-09 18:15:00,2026-02-09,18:15:00,46793.19922,46808.19922,46793.19922,46808.19922,0,DIRECTA
DITAS,15M,2026-02-09 18:30:00,2026-02-09,18:30:00,46813.19922,46823.19922,46808.19922,46808.19922,0,DIRECTA
DITAS,15M,2026-02-09 18:45:00,2026-02-09,18:45:00,46808.19922,46808.19922,46798.19922,46798.19922,0,DIRECTA
DITAS,15M,2026-02-09 19:00:00,2026-02-09,19:00:00,46793.19922,46808.19922,46793.19922,46803.19922,0,DIRECTA
DITAS,15M,2026-02-09 19:15:00,2026-02-09,19:15:00,46803.19922,46808.19922,46743.19922,46803.19922,0,DIRECTA
DITAS,15M,2026-02-09 19:30:00,2026-02-09,19:30:00,46788.19922,46823.19922,46788.19922,46813.19922,0,DIRECTA
DITAS,15M,2026-02-09 19:45:00,2026-02-09,19:45:00,46818.19922,46818.19922,46808.19922,46808.19922,0,DIRECTA
DITAS,15M,2026-02-09 20:00:00,2026-02-09,20:00:00,46813.19922,46838.19922,46813.19922,46838.19922,0,DIRECTA
DITAS,15M,2026-02-09 20:15:00,2026-02-09,20:15:00,46833.19922,46863.19922,46833.19922,46858.19922,0,DIRECTA
DITAS,15M,2026-02-09 20:30:00,2026-02-09,20:30:00,46858.19922,46858.19922,46833.19922,46838.19922,0,DIRECTA
DITAS,15M,2026-02-09 20:45:00,2026-02-09,20:45:00,46833.19922,46848.19922,46828.19922,46843.19922,0,DIRECTA
DITAS,15M,2026-02-09 21:00:00,2026-02-09,21:00:00,46838.19922,46848.19922,46838.19922,46843.19922,0,DIRECTA
DITAS,15M,2026-02-09 21:15:00,2026-02-09,21:15:00,46838.19922,46848.19922,46828.19922,46828.19922,0,DIRECTA
DITAS,15M,2026-02-09 21:30:00,2026-02-09,21:30:00,46833.19922,46838.19922,46823.19922,46838.19922,0,DIRECTA
DITAS,15M,2026-02-09 21:45:00,2026-02-09,21:45:00,46838.19922,46848.19922,46818.19922,46828.19922,0,DIRECTA
DITAS,15M,2026-02-10 08:00:00,2026-02-10,08:00:00,46826.80859,46861.80859,46781.80859,46851.80859,0,DIRECTA
DITAS,15M,2026-02-10 08:15:00,2026-02-10,08:15:00,46831.80859,46876.80859,46826.80859,46871.80859,0,DIRECTA
DITAS,15M,2026-02-10 08:30:00,2026-02-10,08:30:00,46871.80859,46886.80859,46846.80859,46871.80859,0,DIRECTA
DITAS,15M,2026-02-10 08:45:00,2026-02-10,08:45:00,46876.80859,46916.80859,46861.80859,46916.80859,0,DIRECTA
DITAS,15M,2026-02-10 09:00:00,2026-02-10,09:00:00,46896.80859,46921.80859,46656.80859,46666.80859,0,DIRECTA
DITAS,15M,2026-02-10 09:15:00,2026-02-10,09:15:00,46666.80859,46741.80859,46621.80859,46691.80859,0,DIRECTA
DITAS,15M,2026-02-10 09:30:00,2026-02-10,09:30:00,46691.80859,46791.80859,46691.80859,46736.80859,0,DIRECTA
DITAS,15M,2026-02-10 09:45:00,2026-02-10,09:45:00,46736.80859,46811.80859,46736.80859,46811.80859,0,DIRECTA
DITAS,15M,2026-02-10 10:00:00,2026-02-10,10:00:00,46816.80859,46861.80859,46816.80859,46851.80859,0,DIRECTA
DITAS,15M,2026-02-10 10:15:00,2026-02-10,10:15:00,46856.80859,46886.80859,46816.80859,46836.80859,0,DIRECTA
DITAS,15M,2026-02-10 10:30:00,2026-02-10,10:30:00,46841.80859,46851.80859,46751.80859,46751.80859,0,DIRECTA
DITAS,15M,2026-02-10 10:45:00,2026-02-10,10:45:00,46751.80859,46776.80859,46721.80859,46776.80859,0,DIRECTA
DITAS,15M,2026-02-10 11:00:00,2026-02-10,11:00:00,46766.80859,46801.80859,46761.80859,46786.80859,0,DIRECTA
DITAS,15M,2026-02-10 11:15:00,2026-02-10,11:15:00,46801.80859,46806.80859,46746.80859,46746.80859,0,DIRECTA
DITAS,15M,2026-02-10 11:30:00,2026-02-10,11:30:00,46741.80859,46751.80859,46726.80859,46741.80859,0,DIRECTA
DITAS,15M,2026-02-10 11:45:00,2026-02-10,11:45:00,46756.80859,46791.80859,46756.80859,46781.80859,0,DIRECTA
DITAS,15M,2026-02-10 12:00:00,2026-02-10,12:00:00,46771.80859,46781.80859,46746.80859,46751.80859,0,DIRECTA
DITAS,15M,2026-02-10 12:15:00,2026-02-10,12:15:00,46766.80859,46766.80859,46741.80859,46746.80859,0,DIRECTA
DITAS,15M,2026-02-10 12:30:00,2026-02-10,12:30:00,46741.80859,46936.80859,46731.80859,46921.80859,0,DIRECTA
DITAS,15M,2026-02-10 12:45:00,2026-02-10,12:45:00,46911.80859,46991.80859,46901.80859,46911.80859,0,DIRECTA
DITAS,15M,2026-02-10 13:00:00,2026-02-10,13:00:00,46916.80859,46971.80859,46916.80859,46956.80859,0,DIRECTA
DITAS,15M,2026-02-10 13:15:00,2026-02-10,13:15:00,46951.80859,46951.80859,46921.80859,46931.80859,0,DIRECTA
DITAS,15M,2026-02-10 13:30:00,2026-02-10,13:30:00,46931.80859,46966.80859,46896.80859,46916.80859,0,DIRECTA
DITAS,15M,2026-02-10 13:45:00,2026-02-10,13:45:00,46901.80859,46971.80859,46901.80859,46956.80859,0,DIRECTA
DITAS,15M,2026-02-10 14:00:00,2026-02-10,14:00:00,46956.80859,46956.80859,46881.80859,46906.80859,0,DIRECTA
DITAS,15M,2026-02-10 14:15:00,2026-02-10,14:15:00,46911.80859,46921.80859,46891.80859,46916.80859,0,DIRECTA
DITAS,15M,2026-02-10 14:30:00,2026-02-10,14:30:00,46916.80859,46936.80859,46911.80859,46931.80859,0,DIRECTA
DITAS,15M,2026-02-10 14:45:00,2026-02-10,14:45:00,46936.80859,46941.80859,46871.80859,46901.80859,0,DIRECTA
DITAS,15M,2026-02-10 15:00:00,2026-02-10,15:00:00,46906.80859,46921.80859,46886.80859,46886.80859,0,DIRECTA
DITAS,15M,2026-02-10 15:15:00,2026-02-10,15:15:00,46891.80859,46891.80859,46851.80859,46856.80859,0,DIRECTA
DITAS,15M,2026-02-10 15:30:00,2026-02-10,15:30:00,46846.80859,46876.80859,46806.80859,46851.80859,0,DIRECTA
DITAS,15M,2026-02-10 15:45:00,2026-02-10,15:45:00,46841.80859,46871.80859,46826.80859,46861.80859,0,DIRECTA
DITAS,15M,2026-02-10 16:00:00,2026-02-10,16:00:00,46866.80859,46866.80859,46811.80859,46826.80859,0,DIRECTA
DITAS,15M,2026-02-10 16:15:00,2026-02-10,16:15:00,46821.80859,46861.80859,46791.80859,46826.80859,0,DIRECTA
DITAS,15M,2026-02-10 16:30:00,2026-02-10,16:30:00,46831.80859,46876.80859,46806.80859,46851.80859,0,DIRECTA
DITAS,15M,2026-02-10 16:45:00,2026-02-10,16:45:00,46841.80859,46866.80859,46806.80859,46826.80859,0,DIRECTA
DITAS,15M,2026-02-10 17:00:00,2026-02-10,17:00:00,46841.80859,46841.80859,46811.80859,46821.80859,0,DIRECTA
DITAS,15M,2026-02-10 17:15:00,2026-02-10,17:15:00,46816.80859,46821.80859,46741.80859,46761.80859,0,DIRECTA
DITAS,15M,2026-02-10 17:30:00,2026-02-10,17:30:00,46761.80859,46816.80859,46746.80859,46791.80859,0,DIRECTA
DITAS,15M,2026-02-10 17:45:00,2026-02-10,17:45:00,46796.80859,46841.80859,46786.80859,46836.80859,0,DIRECTA
DITAS,15M,2026-02-10 18:00:00,2026-02-10,18:00:00,46846.80859,46851.80859,46816.80859,46846.80859,0,DIRECTA
DITAS,15M,2026-02-10 18:15:00,2026-02-10,18:15:00,46846.80859,46856.80859,46821.80859,46821.80859,0,DIRECTA
DITAS,15M,2026-02-10 18:30:00,2026-02-10,18:30:00,46811.80859,46816.80859,46796.80859,46816.80859,0,DIRECTA
DITAS,15M,2026-02-10 18:45:00,2026-02-10,18:45:00,46841.80859,46851.80859,46841.80859,46851.80859,0,DIRECTA
DITAS,15M,2026-02-10 19:00:00,2026-02-10,19:00:00,46836.80859,46836.80859,46806.80859,46811.80859,0,DIRECTA
DITAS,15M,2026-02-10 19:15:00,2026-02-10,19:15:00,46816.80859,46821.80859,46786.80859,46791.80859,0,DIRECTA
DITAS,15M,2026-02-10 19:30:00,2026-02-10,19:30:00,46781.80859,46811.80859,46781.80859,46811.80859,0,DIRECTA
DITAS,15M,2026-02-10 19:45:00,2026-02-10,19:45:00,46786.80859,46786.80859,46741.80859,46781.80859,0,DIRECTA
DITAS,15M,2026-02-10 20:00:00,2026-02-10,20:00:00,46781.80859,46791.80859,46766.80859,46786.80859,0,DIRECTA
DITAS,15M,2026-02-10 20:15:00,2026-02-10,20:15:00,46766.80859,46811.80859,46766.80859,46806.80859,0,DIRECTA
DITAS,15M,2026-02-10 20:30:00,2026-02-10,20:30:00,46806.80859,46821.80859,46801.80859,46801.80859,0,DIRECTA
DITAS,15M,2026-02-10 20:45:00,2026-02-10,20:45:00,46806.80859,46806.80859,46791.80859,46791.80859,0,DIRECTA
DITAS,15M,2026-02-10 21:00:00,2026-02-10,21:00:00,46806.80859,46806.80859,46771.80859,46776.80859,0,DIRECTA
DITAS,15M,2026-02-10 21:15:00,2026-02-10,21:15:00,46771.80859,46791.80859,46771.80859,46786.80859,0,DIRECTA
DITAS,15M,2026-02-10 21:30:00,2026-02-10,21:30:00,46791.80859,46801.80859,46771.80859,46776.80859,0,DIRECTA
DITAS,15M,2026-02-10 21:45:00,2026-02-10,21:45:00,46776.80859,46776.80859,46696.80859,46701.80859,0,DIRECTA
DITAS,15M,2026-02-11 08:00:00,2026-02-11,08:00:00,46793.98828,46858.98828,46743.98828,46743.98828,0,DIRECTA
DITAS,15M,2026-02-11 08:15:00,2026-02-11,08:15:00,46738.98828,46768.98828,46738.98828,46758.98828,0,DIRECTA
DITAS,15M,2026-02-11 08:30:00,2026-02-11,08:30:00,46753.98828,46768.98828,46718.98828,46768.98828,0,DIRECTA
DITAS,15M,2026-02-11 08:45:00,2026-02-11,08:45:00,46778.98828,46838.98828,46778.98828,46833.98828,0,DIRECTA
DITAS,15M,2026-02-11 09:00:00,2026-02-11,09:00:00,46833.98828,46848.98828,46738.98828,46748.98828,0,DIRECTA
DITAS,15M,2026-02-11 09:15:00,2026-02-11,09:15:00,46738.98828,46743.98828,46588.98828,46588.98828,0,DIRECTA
DITAS,15M,2026-02-11 09:30:00,2026-02-11,09:30:00,46598.98828,46638.98828,46493.98828,46503.98828,0,DIRECTA
DITAS,15M,2026-02-11 09:45:00,2026-02-11,09:45:00,46498.98828,46498.98828,46268.98828,46288.98828,0,DIRECTA
DITAS,15M,2026-02-11 10:00:00,2026-02-11,10:00:00,46293.98828,46448.98828,46288.98828,46438.98828,0,DIRECTA
DITAS,15M,2026-02-11 10:15:00,2026-02-11,10:15:00,46448.98828,46498.98828,46418.98828,46478.98828,0,DIRECTA
DITAS,15M,2026-02-11 10:30:00,2026-02-11,10:30:00,46473.98828,46488.98828,46318.98828,46328.98828,0,DIRECTA
DITAS,15M,2026-02-11 10:45:00,2026-02-11,10:45:00,46328.98828,46328.98828,46218.98828,46293.98828,0,DIRECTA
DITAS,15M,2026-02-11 11:00:00,2026-02-11,11:00:00,46278.98828,46378.98828,46243.98828,46333.98828,0,DIRECTA
DITAS,15M,2026-02-11 11:15:00,2026-02-11,11:15:00,46343.98828,46403.98828,46333.98828,46383.98828,0,DIRECTA
DITAS,15M,2026-02-11 11:30:00,2026-02-11,11:30:00,46378.98828,46463.98828,46358.98828,46463.98828,0,DIRECTA
DITAS,15M,2026-02-11 11:45:00,2026-02-11,11:45:00,46453.98828,46463.98828,46388.98828,46408.98828,0,DIRECTA
DITAS,15M,2026-02-11 12:00:00,2026-02-11,12:00:00,46423.98828,46453.98828,46408.98828,46438.98828,0,DIRECTA
DITAS,15M,2026-02-11 12:15:00,2026-02-11,12:15:00,46443.98828,46468.98828,46433.98828,46453.98828,0,DIRECTA
DITAS,15M,2026-02-11 12:30:00,2026-02-11,12:30:00,46458.98828,46473.98828,46423.98828,46448.98828,0,DIRECTA
DITAS,15M,2026-02-11 12:45:00,2026-02-11,12:45:00,46443.98828,46463.98828,46353.98828,46353.98828,0,DIRECTA
DITAS,15M,2026-02-11 13:00:00,2026-02-11,13:00:00,46363.98828,46443.98828,46343.98828,46443.98828,0,DIRECTA
DITAS,15M,2026-02-11 13:15:00,2026-02-11,13:15:00,46433.98828,46468.98828,46418.98828,46468.98828,0,DIRECTA
DITAS,15M,2026-02-11 13:30:00,2026-02-11,13:30:00,46468.98828,46473.98828,46423.98828,46453.98828,0,DIRECTA
DITAS,15M,2026-02-11 13:45:00,2026-02-11,13:45:00,46448.98828,46483.98828,46413.98828,46413.98828,0,DIRECTA
DITAS,15M,2026-02-11 14:00:00,2026-02-11,14:00:00,46408.98828,46453.98828,46368.98828,46453.98828,0,DIRECTA
DITAS,15M,2026-02-11 14:15:00,2026-02-11,14:15:00,46463.98828,46473.98828,46423.98828,46448.98828,0,DIRECTA
DITAS,15M,2026-02-11 14:30:00,2026-02-11,14:30:00,46468.98828,46628.98828,46468.98828,46543.98828,0,DIRECTA
DITAS,15M,2026-02-11 14:45:00,2026-02-11,14:45:00,46553.98828,46648.98828,46543.98828,46623.98828,0,DIRECTA
DITAS,15M,2026-02-11 15:00:00,2026-02-11,15:00:00,46628.98828,46653.98828,46583.98828,46598.98828,0,DIRECTA
DITAS,15M,2026-02-11 15:15:00,2026-02-11,15:15:00,46598.98828,46663.98828,46588.98828,46653.98828,0,DIRECTA
DITAS,15M,2026-02-11 15:30:00,2026-02-11,15:30:00,46653.98828,46718.98828,46583.98828,46598.98828,0,DIRECTA
DITAS,15M,2026-02-11 15:45:00,2026-02-11,15:45:00,46613.98828,46668.98828,46518.98828,46543.98828,0,DIRECTA
DITAS,15M,2026-02-11 16:00:00,2026-02-11,16:00:00,46558.98828,46558.98828,46433.98828,46478.98828,0,DIRECTA
DITAS,15M,2026-02-11 16:15:00,2026-02-11,16:15:00,46468.98828,46508.98828,46393.98828,46393.98828,0,DIRECTA
DITAS,15M,2026-02-11 16:30:00,2026-02-11,16:30:00,46393.98828,46523.98828,46353.98828,46478.98828,0,DIRECTA
DITAS,15M,2026-02-11 16:45:00,2026-02-11,16:45:00,46478.98828,46513.98828,46418.98828,46498.98828,0,DIRECTA
DITAS,15M,2026-02-11 17:00:00,2026-02-11,17:00:00,46513.98828,46658.98828,46508.98828,46643.98828,0,DIRECTA
DITAS,15M,2026-02-11 17:15:00,2026-02-11,17:15:00,46648.98828,46648.98828,46528.98828,46528.98828,0,DIRECTA
DITAS,15M,2026-02-11 17:30:00,2026-02-11,17:30:00,46523.98828,46533.98828,46478.98828,46518.98828,0,DIRECTA
DITAS,15M,2026-02-11 17:45:00,2026-02-11,17:45:00,46503.98828,46523.98828,46458.98828,46463.98828,0,DIRECTA
DITAS,15M,2026-02-11 18:00:00,2026-02-11,18:00:00,46468.98828,46528.98828,46468.98828,46513.98828,0,DIRECTA
DITAS,15M,2026-02-11 18:15:00,2026-02-11,18:15:00,46513.98828,46593.98828,46513.98828,46578.98828,0,DIRECTA
DITAS,15M,2026-02-11 18:30:00,2026-02-11,18:30:00,46563.98828,46578.98828,46548.98828,46563.98828,0,DIRECTA
DITAS,15M,2026-02-11 18:45:00,2026-02-11,18:45:00,46558.98828,46588.98828,46543.98828,46548.98828,0,DIRECTA
DITAS,15M,2026-02-11 19:00:00,2026-02-11,19:00:00,46548.98828,46563.98828,46503.98828,46508.98828,0,DIRECTA
DITAS,15M,2026-02-11 19:15:00,2026-02-11,19:15:00,46523.98828,46573.98828,46523.98828,46573.98828,0,DIRECTA
DITAS,15M,2026-02-11 19:30:00,2026-02-11,19:30:00,46568.98828,46568.98828,46533.98828,46533.98828,0,DIRECTA
DITAS,15M,2026-02-11 19:45:00,2026-02-11,19:45:00,46558.98828,46573.98828,46533.98828,46558.98828,0,DIRECTA
DITAS,15M,2026-02-11 20:00:00,2026-02-11,20:00:00,46563.98828,46628.98828,46563.98828,46628.98828,0,DIRECTA
DITAS,15M,2026-02-11 20:15:00,2026-02-11,20:15:00,46633.98828,46678.98828,46633.98828,46678.98828,0,DIRECTA
DITAS,15M,2026-02-11 20:30:00,2026-02-11,20:30:00,46658.98828,46688.98828,46658.98828,46683.98828,0,DIRECTA
DITAS,15M,2026-02-11 20:45:00,2026-02-11,20:45:00,46688.98828,46698.98828,46663.98828,46688.98828,0,DIRECTA
DITAS,15M,2026-02-11 21:00:00,2026-02-11,21:00:00,46678.98828,46698.98828,46678.98828,46688.98828,0,DIRECTA
DITAS,15M,2026-02-11 21:15:00,2026-02-11,21:15:00,46683.98828,46693.98828,46668.98828,46683.98828,0,DIRECTA
DITAS,15M,2026-02-11 21:30:00,2026-02-11,21:30:00,46663.98828,46698.98828,46653.98828,46683.98828,0,DIRECTA
DITAS,15M,2026-02-11 21:45:00,2026-02-11,21:45:00,46683.98828,46683.98828,46623.98828,46648.98828,0,DIRECTA
DITAS,15M,2026-02-12 08:00:00,2026-02-12,08:00:00,46698.82813,46708.82813,46663.82813,46673.82813,0,DIRECTA
DITAS,15M,2026-02-12 08:15:00,2026-02-12,08:15:00,46673.82813,46733.82813,46663.82813,46728.82813,0,DIRECTA
DITAS,15M,2026-02-12 08:30:00,2026-02-12,08:30:00,46733.82813,46733.82813,46713.82813,46713.82813,0,DIRECTA
DITAS,15M,2026-02-12 08:45:00,2026-02-12,08:45:00,46703.82813,46738.82813,46703.82813,46738.82813,0,DIRECTA
DITAS,15M,2026-02-12 09:00:00,2026-02-12,09:00:00,46693.82813,46943.82813,46658.82813,46898.82813,0,DIRECTA
DITAS,15M,2026-02-12 09:15:00,2026-02-12,09:15:00,46898.82813,46938.82813,46868.82813,46913.82813,0,DIRECTA
DITAS,15M,2026-02-12 09:30:00,2026-02-12,09:30:00,46908.82813,46923.82813,46798.82813,46798.82813,0,DIRECTA
DITAS,15M,2026-02-12 09:45:00,2026-02-12,09:45:00,46798.82813,46858.82813,46778.82813,46853.82813,0,DIRECTA
DITAS,15M,2026-02-12 10:00:00,2026-02-12,10:00:00,46858.82813,46913.82813,46833.82813,46853.82813,0,DIRECTA
DITAS,15M,2026-02-12 10:15:00,2026-02-12,10:15:00,46863.82813,46863.82813,46743.82813,46763.82813,0,DIRECTA
DITAS,15M,2026-02-12 10:30:00,2026-02-12,10:30:00,46758.82813,46768.82813,46683.82813,46683.82813,0,DIRECTA
DITAS,15M,2026-02-12 10:45:00,2026-02-12,10:45:00,46673.82813,46718.82813,46643.82813,46698.82813,0,DIRECTA
DITAS,15M,2026-02-12 11:00:00,2026-02-12,11:00:00,46693.82813,46693.82813,46623.82813,46643.82813,0,DIRECTA
DITAS,15M,2026-02-12 11:15:00,2026-02-12,11:15:00,46638.82813,46728.82813,46613.82813,46713.82813,0,DIRECTA
DITAS,15M,2026-02-12 11:30:00,2026-02-12,11:30:00,46713.82813,46733.82813,46658.82813,46658.82813,0,DIRECTA
DITAS,15M,2026-02-12 11:45:00,2026-02-12,11:45:00,46648.82813,46693.82813,46648.82813,46673.82813,0,DIRECTA
DITAS,15M,2026-02-12 12:00:00,2026-02-12,12:00:00,46663.82813,46718.82813,46658.82813,46718.82813,0,DIRECTA
DITAS,15M,2026-02-12 12:15:00,2026-02-12,12:15:00,46708.82813,46723.82813,46683.82813,46693.82813,0,DIRECTA
DITAS,15M,2026-02-12 12:30:00,2026-02-12,12:30:00,46693.82813,46693.82813,46598.82813,46608.82813,0,DIRECTA
DITAS,15M,2026-02-12 12:45:00,2026-02-12,12:45:00,46603.82813,46643.82813,46573.82813,46633.82813,0,DIRECTA
DITAS,15M,2026-02-12 13:00:00,2026-02-12,13:00:00,46633.82813,46658.82813,46608.82813,46653.82813,0,DIRECTA
DITAS,15M,2026-02-12 13:15:00,2026-02-12,13:15:00,46648.82813,46683.82813,46628.82813,46683.82813,0,DIRECTA
DITAS,15M,2026-02-12 13:30:00,2026-02-12,13:30:00,46678.82813,46678.82813,46638.82813,46638.82813,0,DIRECTA
DITAS,15M,2026-02-12 13:45:00,2026-02-12,13:45:00,46628.82813,46693.82813,46628.82813,46688.82813,0,DIRECTA
DITAS,15M,2026-02-12 14:00:00,2026-02-12,14:00:00,46683.82813,46698.82813,46648.82813,46648.82813,0,DIRECTA
DITAS,15M,2026-02-12 14:15:00,2026-02-12,14:15:00,46653.82813,46693.82813,46643.82813,46693.82813,0,DIRECTA
DITAS,15M,2026-02-12 14:30:00,2026-02-12,14:30:00,46698.82813,46743.82813,46698.82813,46723.82813,0,DIRECTA
DITAS,15M,2026-02-12 14:45:00,2026-02-12,14:45:00,46728.82813,46738.82813,46708.82813,46718.82813,0,DIRECTA
DITAS,15M,2026-02-12 15:00:00,2026-02-12,15:00:00,46718.82813,46753.82813,46713.82813,46723.82813,0,DIRECTA
DITAS,15M,2026-02-12 15:15:00,2026-02-12,15:15:00,46723.82813,46738.82813,46703.82813,46728.82813,0,DIRECTA
DITAS,15M,2026-02-12 15:30:00,2026-02-12,15:30:00,46723.82813,46778.82813,46688.82813,46688.82813,0,DIRECTA
DITAS,15M,2026-02-12 15:45:00,2026-02-12,15:45:00,46673.82813,46688.82813,46578.82813,46593.82813,0,DIRECTA
DITAS,15M,2026-02-12 16:00:00,2026-02-12,16:00:00,46588.82813,46643.82813,46438.82813,46528.82813,0,DIRECTA
DITAS,15M,2026-02-12 16:15:00,2026-02-12,16:15:00,46528.82813,46553.82813,46488.82813,46498.82813,0,DIRECTA
DITAS,15M,2026-02-12 16:30:00,2026-02-12,16:30:00,46518.82813,46548.82813,46458.82813,46478.82813,0,DIRECTA
DITAS,15M,2026-02-12 16:45:00,2026-02-12,16:45:00,46493.82813,46533.82813,46433.82813,46438.82813,0,DIRECTA
DITAS,15M,2026-02-12 17:00:00,2026-02-12,17:00:00,46438.82813,46438.82813,46258.82813,46263.82813,0,DIRECTA
DITAS,15M,2026-02-12 17:15:00,2026-02-12,17:15:00,46253.82813,46258.82813,46113.82813,46123.82813,0,DIRECTA
DITAS,15M,2026-02-12 17:30:00,2026-02-12,17:30:00,46123.82813,46333.82813,46123.82813,46268.82813,0,DIRECTA
DITAS,15M,2026-02-12 17:45:00,2026-02-12,17:45:00,46278.82813,46278.82813,46203.82813,46213.82813,0,DIRECTA
DITAS,15M,2026-02-12 18:00:00,2026-02-12,18:00:00,46223.82813,46223.82813,46133.82813,46198.82813,0,DIRECTA
DITAS,15M,2026-02-12 18:15:00,2026-02-12,18:15:00,46188.82813,46293.82813,46178.82813,46213.82813,0,DIRECTA
DITAS,15M,2026-02-12 18:30:00,2026-02-12,18:30:00,46218.82813,46273.82813,46218.82813,46263.82813,0,DIRECTA
DITAS,15M,2026-02-12 18:45:00,2026-02-12,18:45:00,46258.82813,46258.82813,46128.82813,46128.82813,0,DIRECTA
DITAS,15M,2026-02-12 19:00:00,2026-02-12,19:00:00,46128.82813,46178.82813,46113.82813,46143.82813,0,DIRECTA
DITAS,15M,2026-02-12 19:15:00,2026-02-12,19:15:00,46138.82813,46188.82813,46123.82813,46143.82813,0,DIRECTA
DITAS,15M,2026-02-12 19:30:00,2026-02-12,19:30:00,46153.82813,46263.82813,46153.82813,46258.82813,0,DIRECTA
DITAS,15M,2026-02-12 19:45:00,2026-02-12,19:45:00,46263.82813,46288.82813,46248.82813,46248.82813,0,DIRECTA
DITAS,15M,2026-02-12 20:00:00,2026-02-12,20:00:00,46273.82813,46298.82813,46263.82813,46283.82813,0,DIRECTA
DITAS,15M,2026-02-12 20:15:00,2026-02-12,20:15:00,46298.82813,46338.82813,46278.82813,46283.82813,0,DIRECTA
DITAS,15M,2026-02-12 20:30:00,2026-02-12,20:30:00,46288.82813,46343.82813,46288.82813,46338.82813,0,DIRECTA
DITAS,15M,2026-02-12 20:45:00,2026-02-12,20:45:00,46343.82813,46353.82813,46308.82813,46308.82813,0,DIRECTA
DITAS,15M,2026-02-12 21:00:00,2026-02-12,21:00:00,46333.82813,46348.82813,46308.82813,46323.82813,0,DIRECTA
DITAS,15M,2026-02-12 21:15:00,2026-02-12,21:15:00,46318.82813,46318.82813,46283.82813,46283.82813,0,DIRECTA
DITAS,15M,2026-02-12 21:30:00,2026-02-12,21:30:00,46273.82813,46273.82813,46238.82813,46243.82813,0,DIRECTA
DITAS,15M,2026-02-12 21:45:00,2026-02-12,21:45:00,46253.82813,46253.82813,46173.82813,46193.82813,0,DIRECTA
DITAS,15M,2026-02-13 08:00:00,2026-02-13,08:00:00,46150.94922,46200.94922,46130.94922,46155.94922,0,DIRECTA
DITAS,15M,2026-02-13 08:15:00,2026-02-13,08:15:00,46160.94922,46205.94922,46145.94922,46170.94922,0,DIRECTA
DITAS,15M,2026-02-13 08:30:00,2026-02-13,08:30:00,46165.94922,46175.94922,46120.94922,46160.94922,0,DIRECTA
DITAS,15M,2026-02-13 08:45:00,2026-02-13,08:45:00,46155.94922,46170.94922,46135.94922,46150.94922,0,DIRECTA
DITAS,15M,2026-02-13 09:00:00,2026-02-13,09:00:00,46135.94922,46160.94922,46030.94922,46070.94922,0,DIRECTA
DITAS,15M,2026-02-13 09:15:00,2026-02-13,09:15:00,46075.94922,46085.94922,45855.94922,46000.94922,0,DIRECTA
DITAS,15M,2026-02-13 09:30:00,2026-02-13,09:30:00,46010.94922,46080.94922,45995.94922,46030.94922,0,DIRECTA
DITAS,15M,2026-02-13 09:45:00,2026-02-13,09:45:00,46045.94922,46085.94922,46030.94922,46035.94922,0,DIRECTA
DITAS,15M,2026-02-13 10:00:00,2026-02-13,10:00:00,46050.94922,46050.94922,45890.94922,45890.94922,0,DIRECTA
DITAS,15M,2026-02-13 10:15:00,2026-02-13,10:15:00,45885.94922,46050.94922,45885.94922,45985.94922,0,DIRECTA
DITAS,15M,2026-02-13 10:30:00,2026-02-13,10:30:00,45980.94922,45980.94922,45795.94922,45800.94922,0,DIRECTA
DITAS,15M,2026-02-13 10:45:00,2026-02-13,10:45:00,45805.94922,45875.94922,45720.94922,45730.94922,0,DIRECTA
DITAS,15M,2026-02-13 11:00:00,2026-02-13,11:00:00,45710.94922,45735.94922,45585.94922,45675.94922,0,DIRECTA
DITAS,15M,2026-02-13 11:15:00,2026-02-13,11:15:00,45685.94922,45780.94922,45685.94922,45705.94922,0,DIRECTA
DITAS,15M,2026-02-13 11:30:00,2026-02-13,11:30:00,45705.94922,45725.94922,45560.94922,45570.94922,0,DIRECTA
DITAS,15M,2026-02-13 11:45:00,2026-02-13,11:45:00,45585.94922,45605.94922,45495.94922,45550.94922,0,DIRECTA
DITAS,15M,2026-02-13 12:00:00,2026-02-13,12:00:00,45545.94922,45555.94922,45495.94922,45525.94922,0,DIRECTA
DITAS,15M,2026-02-13 12:15:00,2026-02-13,12:15:00,45520.94922,45570.94922,45480.94922,45490.94922,0,DIRECTA
DITAS,15M,2026-02-13 12:30:00,2026-02-13,12:30:00,45475.94922,45485.94922,45390.94922,45420.94922,0,DIRECTA
DITAS,15M,2026-02-13 12:45:00,2026-02-13,12:45:00,45410.94922,45525.94922,45320.94922,45525.94922,0,DIRECTA
DITAS,15M,2026-02-13 13:00:00,2026-02-13,13:00:00,45530.94922,45565.94922,45440.94922,45515.94922,0,DIRECTA
DITAS,15M,2026-02-13 13:15:00,2026-02-13,13:15:00,45490.94922,45555.94922,45460.94922,45515.94922,0,DIRECTA
DITAS,15M,2026-02-13 13:30:00,2026-02-13,13:30:00,45505.94922,45525.94922,45430.94922,45435.94922,0,DIRECTA
DITAS,15M,2026-02-13 13:45:00,2026-02-13,13:45:00,45430.94922,45500.94922,45370.94922,45445.94922,0,DIRECTA
DITAS,15M,2026-02-13 14:00:00,2026-02-13,14:00:00,45445.94922,45480.94922,45305.94922,45310.94922,0,DIRECTA
DITAS,15M,2026-02-13 14:15:00,2026-02-13,14:15:00,45315.94922,45410.94922,45285.94922,45405.94922,0,DIRECTA
DITAS,15M,2026-02-13 14:30:00,2026-02-13,14:30:00,45415.94922,45535.94922,45415.94922,45510.94922,0,DIRECTA
DITAS,15M,2026-02-13 14:45:00,2026-02-13,14:45:00,45500.94922,45560.94922,45435.94922,45450.94922,0,DIRECTA
DITAS,15M,2026-02-13 15:00:00,2026-02-13,15:00:00,45435.94922,45535.94922,45380.94922,45405.94922,0,DIRECTA
DITAS,15M,2026-02-13 15:15:00,2026-02-13,15:15:00,45405.94922,45410.94922,45275.94922,45330.94922,0,DIRECTA
DITAS,15M,2026-02-13 15:30:00,2026-02-13,15:30:00,45340.94922,45355.94922,45115.94922,45255.94922,0,DIRECTA
DITAS,15M,2026-02-13 15:45:00,2026-02-13,15:45:00,45260.94922,45390.94922,45105.94922,45180.94922,0,DIRECTA
DITAS,15M,2026-02-13 16:00:00,2026-02-13,16:00:00,45200.94922,45445.94922,45195.94922,45405.94922,0,DIRECTA
DITAS,15M,2026-02-13 16:15:00,2026-02-13,16:15:00,45405.94922,45460.94922,45335.94922,45460.94922,0,DIRECTA
DITAS,15M,2026-02-13 16:30:00,2026-02-13,16:30:00,45465.94922,45510.94922,45395.94922,45395.94922,0,DIRECTA
DITAS,15M,2026-02-13 16:45:00,2026-02-13,16:45:00,45385.94922,45470.94922,45365.94922,45385.94922,0,DIRECTA
DITAS,15M,2026-02-13 17:00:00,2026-02-13,17:00:00,45390.94922,45475.94922,45380.94922,45445.94922,0,DIRECTA
DITAS,15M,2026-02-13 17:15:00,2026-02-13,17:15:00,45460.94922,45525.94922,45430.94922,45445.94922,0,DIRECTA
DITAS,15M,2026-02-13 17:30:00,2026-02-13,17:30:00,45445.94922,45475.94922,45395.94922,45415.94922,0,DIRECTA
DITAS,15M,2026-02-13 17:45:00,2026-02-13,17:45:00,45420.94922,45475.94922,45415.94922,45445.94922,0,DIRECTA
DITAS,15M,2026-02-13 18:00:00,2026-02-13,18:00:00,45435.94922,45485.94922,45430.94922,45485.94922,0,DIRECTA
DITAS,15M,2026-02-13 18:15:00,2026-02-13,18:15:00,45485.94922,45495.94922,45445.94922,45490.94922,0,DIRECTA
DITAS,15M,2026-02-13 18:30:00,2026-02-13,18:30:00,45485.94922,45545.94922,45480.94922,45515.94922,0,DIRECTA
DITAS,15M,2026-02-13 18:45:00,2026-02-13,18:45:00,45520.94922,45530.94922,45505.94922,45505.94922,0,DIRECTA
DITAS,15M,2026-02-13 19:00:00,2026-02-13,19:00:00,45475.94922,45515.94922,45455.94922,45515.94922,0,DIRECTA
DITAS,15M,2026-02-13 19:15:00,2026-02-13,19:15:00,45510.94922,45540.94922,45490.94922,45500.94922,0,DIRECTA
DITAS,15M,2026-02-13 19:30:00,2026-02-13,19:30:00,45495.94922,45520.94922,45495.94922,45500.94922,0,DIRECTA
DITAS,15M,2026-02-13 19:45:00,2026-02-13,19:45:00,45505.94922,45525.94922,45470.94922,45475.94922,0,DIRECTA
DITAS,15M,2026-02-13 20:00:00,2026-02-13,20:00:00,45470.94922,45505.94922,45470.94922,45505.94922,0,DIRECTA
DITAS,15M,2026-02-13 20:15:00,2026-02-13,20:15:00,45505.94922,45505.94922,45470.94922,45470.94922,0,DIRECTA
DITAS,15M,2026-02-13 20:30:00,2026-02-13,20:30:00,45485.94922,45495.94922,45435.94922,45440.94922,0,DIRECTA
DITAS,15M,2026-02-13 20:45:00,2026-02-13,20:45:00,45450.94922,45465.94922,45390.94922,45390.94922,0,DIRECTA
DITAS,15M,2026-02-13 21:00:00,2026-02-13,21:00:00,45405.94922,45410.94922,45375.94922,45385.94922,0,DIRECTA
DITAS,15M,2026-02-13 21:15:00,2026-02-13,21:15:00,45370.94922,45390.94922,45295.94922,45305.94922,0,DIRECTA
DITAS,15M,2026-02-13 21:30:00,2026-02-13,21:30:00,45285.94922,45315.94922,45275.94922,45315.94922,0,DIRECTA
DITAS,15M,2026-02-13 21:45:00,2026-02-13,21:45:00,45315.94922,45375.94922,45315.94922,45355.94922,0,DIRECTA
DITAS,15M,2026-02-16 08:00:00,2026-02-16,08:00:00,45460.62109,45535.62109,45390.62109,45535.62109,0,DIRECTA
DITAS,15M,2026-02-16 08:15:00,2026-02-16,08:15:00,45540.62109,45545.62109,45525.62109,45530.62109,0,DIRECTA
DITAS,15M,2026-02-16 08:30:00,2026-02-16,08:30:00,45540.62109,45560.62109,45530.62109,45555.62109,0,DIRECTA
DITAS,15M,2026-02-16 08:45:00,2026-02-16,08:45:00,45545.62109,45590.62109,45540.62109,45590.62109,0,DIRECTA
DITAS,15M,2026-02-16 09:00:00,2026-02-16,09:00:00,45595.62109,45700.62109,45485.62109,45675.62109,0,DIRECTA
DITAS,15M,2026-02-16 09:15:00,2026-02-16,09:15:00,45675.62109,45710.62109,45560.62109,45565.62109,0,DIRECTA
DITAS,15M,2026-02-16 09:30:00,2026-02-16,09:30:00,45565.62109,45640.62109,45480.62109,45525.62109,0,DIRECTA
DITAS,15M,2026-02-16 09:45:00,2026-02-16,09:45:00,45535.62109,45630.62109,45530.62109,45590.62109,0,DIRECTA
DITAS,15M,2026-02-16 10:00:00,2026-02-16,10:00:00,45600.62109,45745.62109,45595.62109,45730.62109,0,DIRECTA
DITAS,15M,2026-02-16 10:15:00,2026-02-16,10:15:00,45730.62109,45760.62109,45700.62109,45740.62109,0,DIRECTA
DITAS,15M,2026-02-16 10:30:00,2026-02-16,10:30:00,45730.62109,45730.62109,45640.62109,45640.62109,0,DIRECTA
DITAS,15M,2026-02-16 10:45:00,2026-02-16,10:45:00,45630.62109,45680.62109,45610.62109,45665.62109,0,DIRECTA
DITAS,15M,2026-02-16 11:00:00,2026-02-16,11:00:00,45670.62109,45670.62109,45560.62109,45575.62109,0,DIRECTA
DITAS,15M,2026-02-16 11:15:00,2026-02-16,11:15:00,45560.62109,45610.62109,45550.62109,45600.62109,0,DIRECTA
DITAS,15M,2026-02-16 11:30:00,2026-02-16,11:30:00,45595.62109,45615.62109,45555.62109,45605.62109,0,DIRECTA
DITAS,15M,2026-02-16 11:45:00,2026-02-16,11:45:00,45605.62109,45630.62109,45595.62109,45605.62109,0,DIRECTA
DITAS,15M,2026-02-16 12:00:00,2026-02-16,12:00:00,45595.62109,45605.62109,45560.62109,45560.62109,0,DIRECTA
DITAS,15M,2026-02-16 12:15:00,2026-02-16,12:15:00,45580.62109,45630.62109,45560.62109,45620.62109,0,DIRECTA
DITAS,15M,2026-02-16 12:30:00,2026-02-16,12:30:00,45625.62109,45630.62109,45575.62109,45580.62109,0,DIRECTA
DITAS,15M,2026-02-16 12:45:00,2026-02-16,12:45:00,45570.62109,45600.62109,45535.62109,45535.62109,0,DIRECTA
DITAS,15M,2026-02-16 13:00:00,2026-02-16,13:00:00,45530.62109,45610.62109,45530.62109,45605.62109,0,DIRECTA
DITAS,15M,2026-02-16 13:15:00,2026-02-16,13:15:00,45600.62109,45635.62109,45600.62109,45630.62109,0,DIRECTA
DITAS,15M,2026-02-16 13:30:00,2026-02-16,13:30:00,45615.62109,45615.62109,45550.62109,45550.62109,0,DIRECTA
DITAS,15M,2026-02-16 13:45:00,2026-02-16,13:45:00,45570.62109,45615.62109,45570.62109,45615.62109,0,DIRECTA
DITAS,15M,2026-02-16 14:00:00,2026-02-16,14:00:00,45620.62109,45620.62109,45565.62109,45565.62109,0,DIRECTA
DITAS,15M,2026-02-16 14:15:00,2026-02-16,14:15:00,45565.62109,45610.62109,45545.62109,45590.62109,0,DIRECTA
DITAS,15M,2026-02-16 14:30:00,2026-02-16,14:30:00,45590.62109,45605.62109,45545.62109,45560.62109,0,DIRECTA
DITAS,15M,2026-02-16 14:45:00,2026-02-16,14:45:00,45570.62109,45590.62109,45570.62109,45575.62109,0,DIRECTA
DITAS,15M,2026-02-16 15:00:00,2026-02-16,15:00:00,45565.62109,45565.62109,45515.62109,45515.62109,0,DIRECTA
DITAS,15M,2026-02-16 15:15:00,2026-02-16,15:15:00,45510.62109,45540.62109,45495.62109,45495.62109,0,DIRECTA
DITAS,15M,2026-02-16 15:30:00,2026-02-16,15:30:00,45495.62109,45550.62109,45480.62109,45515.62109,0,DIRECTA
DITAS,15M,2026-02-16 15:45:00,2026-02-16,15:45:00,45505.62109,45560.62109,45495.62109,45550.62109,0,DIRECTA
DITAS,15M,2026-02-16 16:00:00,2026-02-16,16:00:00,45550.62109,45570.62109,45535.62109,45540.62109,0,DIRECTA
DITAS,15M,2026-02-16 16:15:00,2026-02-16,16:15:00,45555.62109,45580.62109,45550.62109,45550.62109,0,DIRECTA
DITAS,15M,2026-02-16 16:30:00,2026-02-16,16:30:00,45550.62109,45565.62109,45540.62109,45560.62109,0,DIRECTA
DITAS,15M,2026-02-16 16:45:00,2026-02-16,16:45:00,45555.62109,45625.62109,45505.62109,45515.62109,0,DIRECTA
DITAS,15M,2026-02-16 17:00:00,2026-02-16,17:00:00,45515.62109,45530.62109,45490.62109,45510.62109,0,DIRECTA
DITAS,15M,2026-02-16 17:15:00,2026-02-16,17:15:00,45515.62109,45520.62109,45465.62109,45490.62109,0,DIRECTA
DITAS,15M,2026-02-16 17:30:00,2026-02-16,17:30:00,45500.62109,45530.62109,45380.62109,45455.62109,0,DIRECTA
DITAS,15M,2026-02-16 17:45:00,2026-02-16,17:45:00,45460.62109,45475.62109,45450.62109,45450.62109,0,DIRECTA
DITAS,15M,2026-02-16 18:00:00,2026-02-16,18:00:00,45450.62109,45470.62109,45450.62109,45455.62109,0,DIRECTA
DITAS,15M,2026-02-16 18:15:00,2026-02-16,18:15:00,45450.62109,45455.62109,45445.62109,45455.62109,0,DIRECTA
DITAS,15M,2026-02-16 18:30:00,2026-02-16,18:30:00,45455.62109,45470.62109,45455.62109,45460.62109,0,DIRECTA
DITAS,15M,2026-02-16 18:45:00,2026-02-16,18:45:00,45460.62109,45460.62109,45435.62109,45435.62109,0,DIRECTA
DITAS,15M,2026-02-16 19:00:00,2026-02-16,19:00:00,45435.62109,45435.62109,45435.62109,45435.62109,0,DIRECTA
DITAS,15M,2026-02-16 19:15:00,2026-02-16,19:15:00,45435.62109,45445.62109,45435.62109,45445.62109,0,DIRECTA
DITAS,15M,2026-02-16 19:30:00,2026-02-16,19:30:00,45435.62109,45435.62109,45435.62109,45435.62109,0,DIRECTA
DITAS,15M,2026-02-16 19:45:00,2026-02-16,19:45:00,45430.62109,45430.62109,45415.62109,45415.62109,0,DIRECTA
DITAS,15M,2026-02-16 20:00:00,2026-02-16,20:00:00,45410.62109,45420.62109,45405.62109,45405.62109,0,DIRECTA
DITAS,15M,2026-02-16 20:15:00,2026-02-16,20:15:00,45415.62109,45415.62109,45415.62109,45415.62109,0,DIRECTA
DITAS,15M,2026-02-16 20:30:00,2026-02-16,20:30:00,45410.62109,45410.62109,45410.62109,45410.62109,0,DIRECTA
DITAS,15M,2026-02-16 20:45:00,2026-02-16,20:45:00,45405.62109,45415.62109,45405.62109,45415.62109,0,DIRECTA
DITAS,15M,2026-02-16 21:00:00,2026-02-16,21:00:00,45420.62109,45425.62109,45420.62109,45425.62109,0,DIRECTA
DITAS,15M,2026-02-16 21:15:00,2026-02-16,21:15:00,45425.62109,45430.62109,45425.62109,45430.62109,0,DIRECTA
DITAS,15M,2026-02-16 21:30:00,2026-02-16,21:30:00,45435.62109,45435.62109,45380.62109,45405.62109,0,DIRECTA
DITAS,15M,2026-02-16 21:45:00,2026-02-16,21:45:00,45395.62109,45425.62109,45390.62109,45425.62109,0,DIRECTA
DITAS,15M,2026-02-17 08:00:00,2026-02-17,08:00:00,45283.19922,45283.19922,45243.19922,45263.19922,0,DIRECTA
DITAS,15M,2026-02-17 08:15:00,2026-02-17,08:15:00,45258.19922,45278.19922,45228.19922,45228.19922,0,DIRECTA
DITAS,15M,2026-02-17 08:30:00,2026-02-17,08:30:00,45223.19922,45238.19922,45208.19922,45213.19922,0,DIRECTA
DITAS,15M,2026-02-17 08:45:00,2026-02-17,08:45:00,45223.19922,45308.19922,45223.19922,45253.19922,0,DIRECTA
DITAS,15M,2026-02-17 09:00:00,2026-02-17,09:00:00,45308.19922,45573.19922,45298.19922,45523.19922,0,DIRECTA
DITAS,15M,2026-02-17 09:15:00,2026-02-17,09:15:00,45518.19922,45518.19922,45428.19922,45508.19922,0,DIRECTA
DITAS,15M,2026-02-17 09:30:00,2026-02-17,09:30:00,45513.19922,45618.19922,45508.19922,45518.19922,0,DIRECTA
DITAS,15M,2026-02-17 09:45:00,2026-02-17,09:45:00,45533.19922,45588.19922,45498.19922,45503.19922,0,DIRECTA
DITAS,15M,2026-02-17 10:00:00,2026-02-17,10:00:00,45528.19922,45643.19922,45528.19922,45563.19922,0,DIRECTA
DITAS,15M,2026-02-17 10:15:00,2026-02-17,10:15:00,45563.19922,45663.19922,45558.19922,45658.19922,0,DIRECTA
DITAS,15M,2026-02-17 10:30:00,2026-02-17,10:30:00,45663.19922,45673.19922,45633.19922,45638.19922,0,DIRECTA
DITAS,15M,2026-02-17 10:45:00,2026-02-17,10:45:00,45648.19922,45693.19922,45618.19922,45668.19922,0,DIRECTA
DITAS,15M,2026-02-17 11:00:00,2026-02-17,11:00:00,45683.19922,45703.19922,45663.19922,45673.19922,0,DIRECTA
DITAS,15M,2026-02-17 11:15:00,2026-02-17,11:15:00,45688.19922,45718.19922,45653.19922,45663.19922,0,DIRECTA
DITAS,15M,2026-02-17 11:30:00,2026-02-17,11:30:00,45658.19922,45693.19922,45618.19922,45623.19922,0,DIRECTA
DITAS,15M,2026-02-17 11:45:00,2026-02-17,11:45:00,45628.19922,45648.19922,45588.19922,45603.19922,0,DIRECTA
DITAS,15M,2026-02-17 12:00:00,2026-02-17,12:00:00,45593.19922,45618.19922,45553.19922,45608.19922,0,DIRECTA
DITAS,15M,2026-02-17 12:15:00,2026-02-17,12:15:00,45608.19922,45648.19922,45593.19922,45648.19922,0,DIRECTA
DITAS,15M,2026-02-17 12:30:00,2026-02-17,12:30:00,45648.19922,45728.19922,45648.19922,45713.19922,0,DIRECTA
DITAS,15M,2026-02-17 12:45:00,2026-02-17,12:45:00,45708.19922,45763.19922,45708.19922,45738.19922,0,DIRECTA
DITAS,15M,2026-02-17 13:00:00,2026-02-17,13:00:00,45728.19922,45748.19922,45713.19922,45713.19922,0,DIRECTA
DITAS,15M,2026-02-17 13:15:00,2026-02-17,13:15:00,45713.19922,45718.19922,45613.19922,45638.19922,0,DIRECTA
DITAS,15M,2026-02-17 13:30:00,2026-02-17,13:30:00,45638.19922,45638.19922,45563.19922,45563.19922,0,DIRECTA
DITAS,15M,2026-02-17 13:45:00,2026-02-17,13:45:00,45578.19922,45583.19922,45473.19922,45473.19922,0,DIRECTA
DITAS,15M,2026-02-17 14:00:00,2026-02-17,14:00:00,45468.19922,45483.19922,45398.19922,45448.19922,0,DIRECTA
DITAS,15M,2026-02-17 14:15:00,2026-02-17,14:15:00,45458.19922,45538.19922,45448.19922,45533.19922,0,DIRECTA
DITAS,15M,2026-02-17 14:30:00,2026-02-17,14:30:00,45543.19922,45563.19922,45518.19922,45558.19922,0,DIRECTA
DITAS,15M,2026-02-17 14:45:00,2026-02-17,14:45:00,45568.19922,45643.19922,45533.19922,45543.19922,0,DIRECTA
DITAS,15M,2026-02-17 15:00:00,2026-02-17,15:00:00,45573.19922,45633.19922,45558.19922,45628.19922,0,DIRECTA
DITAS,15M,2026-02-17 15:15:00,2026-02-17,15:15:00,45633.19922,45643.19922,45598.19922,45633.19922,0,DIRECTA
DITAS,15M,2026-02-17 15:30:00,2026-02-17,15:30:00,45648.19922,45743.19922,45648.19922,45658.19922,0,DIRECTA
DITAS,15M,2026-02-17 15:45:00,2026-02-17,15:45:00,45668.19922,45698.19922,45538.19922,45548.19922,0,DIRECTA
DITAS,15M,2026-02-17 16:00:00,2026-02-17,16:00:00,45568.19922,45728.19922,45568.19922,45603.19922,0,DIRECTA
DITAS,15M,2026-02-17 16:15:00,2026-02-17,16:15:00,45613.19922,45683.19922,45533.19922,45548.19922,0,DIRECTA
DITAS,15M,2026-02-17 16:30:00,2026-02-17,16:30:00,45563.19922,45593.19922,45528.19922,45558.19922,0,DIRECTA
DITAS,15M,2026-02-17 16:45:00,2026-02-17,16:45:00,45558.19922,45638.19922,45558.19922,45573.19922,0,DIRECTA
DITAS,15M,2026-02-17 17:00:00,2026-02-17,17:00:00,45608.19922,45748.19922,45583.19922,45728.19922,0,DIRECTA
DITAS,15M,2026-02-17 17:15:00,2026-02-17,17:15:00,45733.19922,45798.19922,45723.19922,45753.19922,0,DIRECTA
DITAS,15M,2026-02-17 17:30:00,2026-02-17,17:30:00,45753.19922,45778.19922,45728.19922,45758.19922,0,DIRECTA
DITAS,15M,2026-02-17 17:45:00,2026-02-17,17:45:00,45738.19922,45763.19922,45713.19922,45753.19922,0,DIRECTA
DITAS,15M,2026-02-17 18:00:00,2026-02-17,18:00:00,45748.19922,45748.19922,45663.19922,45688.19922,0,DIRECTA
DITAS,15M,2026-02-17 18:15:00,2026-02-17,18:15:00,45698.19922,45718.19922,45683.19922,45718.19922,0,DIRECTA
DITAS,15M,2026-02-17 18:30:00,2026-02-17,18:30:00,45728.19922,45728.19922,45653.19922,45653.19922,0,DIRECTA
DITAS,15M,2026-02-17 18:45:00,2026-02-17,18:45:00,45638.19922,45698.19922,45618.19922,45698.19922,0,DIRECTA
DITAS,15M,2026-02-17 19:00:00,2026-02-17,19:00:00,45698.19922,45698.19922,45668.19922,45668.19922,0,DIRECTA
DITAS,15M,2026-02-17 19:15:00,2026-02-17,19:15:00,45668.19922,45758.19922,45668.19922,45758.19922,0,DIRECTA
DITAS,15M,2026-02-17 19:30:00,2026-02-17,19:30:00,45743.19922,45813.19922,45743.19922,45798.19922,0,DIRECTA
DITAS,15M,2026-02-17 19:45:00,2026-02-17,19:45:00,45813.19922,45863.19922,45808.19922,45843.19922,0,DIRECTA
DITAS,15M,2026-02-17 20:00:00,2026-02-17,20:00:00,45848.19922,45848.19922,45813.19922,45838.19922,0,DIRECTA
DITAS,15M,2026-02-17 20:15:00,2026-02-17,20:15:00,45828.19922,45848.19922,45823.19922,45823.19922,0,DIRECTA
DITAS,15M,2026-02-17 20:30:00,2026-02-17,20:30:00,45833.19922,45863.19922,45833.19922,45858.19922,0,DIRECTA
DITAS,15M,2026-02-17 20:45:00,2026-02-17,20:45:00,45848.19922,45863.19922,45838.19922,45858.19922,0,DIRECTA
DITAS,15M,2026-02-17 21:00:00,2026-02-17,21:00:00,45843.19922,45848.19922,45818.19922,45823.19922,0,DIRECTA
DITAS,15M,2026-02-17 21:15:00,2026-02-17,21:15:00,45823.19922,45828.19922,45813.19922,45823.19922,0,DIRECTA
DITAS,15M,2026-02-17 21:30:00,2026-02-17,21:30:00,45818.19922,45853.19922,45798.19922,45853.19922,0,DIRECTA
DITAS,15M,2026-02-17 21:45:00,2026-02-17,21:45:00,45853.19922,45858.19922,45828.19922,45838.19922,0,DIRECTA
DITAS,15M,2026-02-18 08:00:00,2026-02-18,08:00:00,45890.07031,45905.07031,45860.07031,45885.07031,0,DIRECTA
DITAS,15M,2026-02-18 08:15:00,2026-02-18,08:15:00,45885.07031,45890.07031,45870.07031,45890.07031,0,DIRECTA
DITAS,15M,2026-02-18 08:30:00,2026-02-18,08:30:00,45895.07031,45930.07031,45895.07031,45925.07031,0,DIRECTA
DITAS,15M,2026-02-18 08:45:00,2026-02-18,08:45:00,45925.07031,45940.07031,45880.07031,45940.07031,0,DIRECTA
DITAS,15M,2026-02-18 09:00:00,2026-02-18,09:00:00,45935.07031,46125.07031,45905.07031,46005.07031,0,DIRECTA
DITAS,15M,2026-02-18 09:15:00,2026-02-18,09:15:00,46015.07031,46110.07031,46005.07031,46050.07031,0,DIRECTA
DITAS,15M,2026-02-18 09:30:00,2026-02-18,09:30:00,46060.07031,46140.07031,46050.07031,46140.07031,0,DIRECTA
DITAS,15M,2026-02-18 09:45:00,2026-02-18,09:45:00,46135.07031,46215.07031,46115.07031,46200.07031,0,DIRECTA
DITAS,15M,2026-02-18 10:00:00,2026-02-18,10:00:00,46205.07031,46225.07031,46145.07031,46160.07031,0,DIRECTA
DITAS,15M,2026-02-18 10:15:00,2026-02-18,10:15:00,46155.07031,46155.07031,46075.07031,46140.07031,0,DIRECTA
DITAS,15M,2026-02-18 10:30:00,2026-02-18,10:30:00,46130.07031,46190.07031,46125.07031,46185.07031,0,DIRECTA
DITAS,15M,2026-02-18 10:45:00,2026-02-18,10:45:00,46175.07031,46210.07031,46165.07031,46205.07031,0,DIRECTA
DITAS,15M,2026-02-18 11:00:00,2026-02-18,11:00:00,46210.07031,46290.07031,46205.07031,46270.07031,0,DIRECTA
DITAS,15M,2026-02-18 11:15:00,2026-02-18,11:15:00,46265.07031,46310.07031,46265.07031,46305.07031,0,DIRECTA
DITAS,15M,2026-02-18 11:30:00,2026-02-18,11:30:00,46310.07031,46350.07031,46305.07031,46345.07031,0,DIRECTA
DITAS,15M,2026-02-18 11:45:00,2026-02-18,11:45:00,46350.07031,46355.07031,46320.07031,46340.07031,0,DIRECTA
DITAS,15M,2026-02-18 12:00:00,2026-02-18,12:00:00,46345.07031,46360.07031,46300.07031,46330.07031,0,DIRECTA
DITAS,15M,2026-02-18 12:15:00,2026-02-18,12:15:00,46335.07031,46380.07031,46325.07031,46375.07031,0,DIRECTA
DITAS,15M,2026-02-18 12:30:00,2026-02-18,12:30:00,46370.07031,46395.07031,46320.07031,46320.07031,0,DIRECTA
DITAS,15M,2026-02-18 12:45:00,2026-02-18,12:45:00,46320.07031,46330.07031,46300.07031,46300.07031,0,DIRECTA
DITAS,15M,2026-02-18 13:00:00,2026-02-18,13:00:00,46310.07031,46390.07031,46305.07031,46390.07031,0,DIRECTA
DITAS,15M,2026-02-18 13:15:00,2026-02-18,13:15:00,46385.07031,46385.07031,46305.07031,46315.07031,0,DIRECTA
DITAS,15M,2026-02-18 13:30:00,2026-02-18,13:30:00,46320.07031,46320.07031,46240.07031,46315.07031,0,DIRECTA
DITAS,15M,2026-02-18 13:45:00,2026-02-18,13:45:00,46320.07031,46345.07031,46310.07031,46320.07031,0,DIRECTA
DITAS,15M,2026-02-18 14:00:00,2026-02-18,14:00:00,46310.07031,46315.07031,46290.07031,46310.07031,0,DIRECTA
DITAS,15M,2026-02-18 14:15:00,2026-02-18,14:15:00,46320.07031,46320.07031,46260.07031,46285.07031,0,DIRECTA
DITAS,15M,2026-02-18 14:30:00,2026-02-18,14:30:00,46290.07031,46295.07031,46255.07031,46270.07031,0,DIRECTA
DITAS,15M,2026-02-18 14:45:00,2026-02-18,14:45:00,46265.07031,46290.07031,46235.07031,46235.07031,0,DIRECTA
DITAS,15M,2026-02-18 15:00:00,2026-02-18,15:00:00,46235.07031,46300.07031,46210.07031,46290.07031,0,DIRECTA
DITAS,15M,2026-02-18 15:15:00,2026-02-18,15:15:00,46295.07031,46310.07031,46270.07031,46295.07031,0,DIRECTA
DITAS,15M,2026-02-18 15:30:00,2026-02-18,15:30:00,46295.07031,46385.07031,46240.07031,46380.07031,0,DIRECTA
DITAS,15M,2026-02-18 15:45:00,2026-02-18,15:45:00,46380.07031,46395.07031,46335.07031,46380.07031,0,DIRECTA
DITAS,15M,2026-02-18 16:00:00,2026-02-18,16:00:00,46390.07031,46415.07031,46370.07031,46410.07031,0,DIRECTA
DITAS,15M,2026-02-18 16:15:00,2026-02-18,16:15:00,46405.07031,46415.07031,46345.07031,46365.07031,0,DIRECTA
DITAS,15M,2026-02-18 16:30:00,2026-02-18,16:30:00,46370.07031,46370.07031,46325.07031,46345.07031,0,DIRECTA
DITAS,15M,2026-02-18 16:45:00,2026-02-18,16:45:00,46345.07031,46405.07031,46345.07031,46390.07031,0,DIRECTA
DITAS,15M,2026-02-18 17:00:00,2026-02-18,17:00:00,46385.07031,46410.07031,46370.07031,46405.07031,0,DIRECTA
DITAS,15M,2026-02-18 17:15:00,2026-02-18,17:15:00,46405.07031,46410.07031,46350.07031,46385.07031,0,DIRECTA
DITAS,15M,2026-02-18 17:30:00,2026-02-18,17:30:00,46390.07031,46395.07031,46300.07031,46365.07031,0,DIRECTA
DITAS,15M,2026-02-18 17:45:00,2026-02-18,17:45:00,46360.07031,46375.07031,46340.07031,46340.07031,0,DIRECTA
DITAS,15M,2026-02-18 18:00:00,2026-02-18,18:00:00,46340.07031,46375.07031,46335.07031,46360.07031,0,DIRECTA
DITAS,15M,2026-02-18 18:15:00,2026-02-18,18:15:00,46365.07031,46380.07031,46365.07031,46375.07031,0,DIRECTA
DITAS,15M,2026-02-18 18:30:00,2026-02-18,18:30:00,46375.07031,46380.07031,46360.07031,46375.07031,0,DIRECTA
DITAS,15M,2026-02-18 18:45:00,2026-02-18,18:45:00,46375.07031,46385.07031,46375.07031,46375.07031,0,DIRECTA
DITAS,15M,2026-02-18 19:00:00,2026-02-18,19:00:00,46380.07031,46400.07031,46365.07031,46370.07031,0,DIRECTA
DITAS,15M,2026-02-18 19:15:00,2026-02-18,19:15:00,46370.07031,46375.07031,46310.07031,46310.07031,0,DIRECTA
DITAS,15M,2026-02-18 19:30:00,2026-02-18,19:30:00,46325.07031,46355.07031,46305.07031,46320.07031,0,DIRECTA
DITAS,15M,2026-02-18 19:45:00,2026-02-18,19:45:00,46330.07031,46355.07031,46300.07031,46355.07031,0,DIRECTA
DITAS,15M,2026-02-18 20:00:00,2026-02-18,20:00:00,46340.07031,46350.07031,46295.07031,46295.07031,0,DIRECTA
DITAS,15M,2026-02-18 20:15:00,2026-02-18,20:15:00,46290.07031,46320.07031,46275.07031,46300.07031,0,DIRECTA
DITAS,15M,2026-02-18 20:30:00,2026-02-18,20:30:00,46300.07031,46300.07031,46250.07031,46275.07031,0,DIRECTA
DITAS,15M,2026-02-18 20:45:00,2026-02-18,20:45:00,46270.07031,46290.07031,46235.07031,46245.07031,0,DIRECTA
DITAS,15M,2026-02-18 21:00:00,2026-02-18,21:00:00,46265.07031,46285.07031,46235.07031,46240.07031,0,DIRECTA
DITAS,15M,2026-02-18 21:15:00,2026-02-18,21:15:00,46235.07031,46245.07031,46205.07031,46205.07031,0,DIRECTA
DITAS,15M,2026-02-18 21:30:00,2026-02-18,21:30:00,46205.07031,46265.07031,46205.07031,46265.07031,0,DIRECTA
DITAS,15M,2026-02-18 21:45:00,2026-02-18,21:45:00,46260.07031,46315.07031,46260.07031,46310.07031,0,DIRECTA
DITAS,15M,2026-02-19 08:00:00,2026-02-19,08:00:00,46324.08984,46344.08984,46304.08984,46329.08984,0,DIRECTA
DITAS,15M,2026-02-19 08:15:00,2026-02-19,08:15:00,46319.08984,46354.08984,46319.08984,46354.08984,0,DIRECTA
DITAS,15M,2026-02-19 08:30:00,2026-02-19,08:30:00,46349.08984,46349.08984,46334.08984,46339.08984,0,DIRECTA
DITAS,15M,2026-02-19 08:45:00,2026-02-19,08:45:00,46344.08984,46344.08984,46259.08984,46274.08984,0,DIRECTA
DITAS,15M,2026-02-19 09:00:00,2026-02-19,09:00:00,46239.08984,46294.08984,46084.08984,46214.08984,0,DIRECTA
DITAS,15M,2026-02-19 09:15:00,2026-02-19,09:15:00,46219.08984,46269.08984,46134.08984,46134.08984,0,DIRECTA
DITAS,15M,2026-02-19 09:30:00,2026-02-19,09:30:00,46144.08984,46154.08984,46004.08984,46069.08984,0,DIRECTA
DITAS,15M,2026-02-19 09:45:00,2026-02-19,09:45:00,46064.08984,46074.08984,45989.08984,46044.08984,0,DIRECTA
DITAS,15M,2026-02-19 10:00:00,2026-02-19,10:00:00,46034.08984,46079.08984,46004.08984,46069.08984,0,DIRECTA
DITAS,15M,2026-02-19 10:15:00,2026-02-19,10:15:00,46064.08984,46069.08984,46024.08984,46034.08984,0,DIRECTA
DITAS,15M,2026-02-19 10:30:00,2026-02-19,10:30:00,46019.08984,46034.08984,45939.08984,45954.08984,0,DIRECTA
DITAS,15M,2026-02-19 10:45:00,2026-02-19,10:45:00,45954.08984,45954.08984,45904.08984,45909.08984,0,DIRECTA
DITAS,15M,2026-02-19 11:00:00,2026-02-19,11:00:00,45904.08984,45909.08984,45774.08984,45789.08984,0,DIRECTA
DITAS,15M,2026-02-19 11:15:00,2026-02-19,11:15:00,45784.08984,45839.08984,45774.08984,45779.08984,0,DIRECTA
DITAS,15M,2026-02-19 11:30:00,2026-02-19,11:30:00,45779.08984,45809.08984,45754.08984,45779.08984,0,DIRECTA
DITAS,15M,2026-02-19 11:45:00,2026-02-19,11:45:00,45774.08984,45789.08984,45734.08984,45734.08984,0,DIRECTA
DITAS,15M,2026-02-19 12:00:00,2026-02-19,12:00:00,45744.08984,45789.08984,45699.08984,45784.08984,0,DIRECTA
DITAS,15M,2026-02-19 12:15:00,2026-02-19,12:15:00,45789.08984,45799.08984,45744.08984,45784.08984,0,DIRECTA
DITAS,15M,2026-02-19 12:30:00,2026-02-19,12:30:00,45784.08984,45784.08984,45744.08984,45754.08984,0,DIRECTA
DITAS,15M,2026-02-19 12:45:00,2026-02-19,12:45:00,45754.08984,45754.08984,45659.08984,45684.08984,0,DIRECTA
DITAS,15M,2026-02-19 13:00:00,2026-02-19,13:00:00,45679.08984,45709.08984,45639.08984,45699.08984,0,DIRECTA
DITAS,15M,2026-02-19 13:15:00,2026-02-19,13:15:00,45704.08984,45734.08984,45699.08984,45724.08984,0,DIRECTA
DITAS,15M,2026-02-19 13:30:00,2026-02-19,13:30:00,45724.08984,45749.08984,45724.08984,45724.08984,0,DIRECTA
DITAS,15M,2026-02-19 13:45:00,2026-02-19,13:45:00,45719.08984,45744.08984,45714.08984,45719.08984,0,DIRECTA
DITAS,15M,2026-02-19 14:00:00,2026-02-19,14:00:00,45724.08984,45724.08984,45679.08984,45684.08984,0,DIRECTA
DITAS,15M,2026-02-19 14:15:00,2026-02-19,14:15:00,45684.08984,45689.08984,45584.08984,45609.08984,0,DIRECTA
DITAS,15M,2026-02-19 14:30:00,2026-02-19,14:30:00,45609.08984,45739.08984,45609.08984,45709.08984,0,DIRECTA
DITAS,15M,2026-02-19 14:45:00,2026-02-19,14:45:00,45704.08984,45724.08984,45609.08984,45624.08984,0,DIRECTA
DITAS,15M,2026-02-19 15:00:00,2026-02-19,15:00:00,45624.08984,45644.08984,45604.08984,45629.08984,0,DIRECTA
DITAS,15M,2026-02-19 15:15:00,2026-02-19,15:15:00,45639.08984,45664.08984,45594.08984,45614.08984,0,DIRECTA
DITAS,15M,2026-02-19 15:30:00,2026-02-19,15:30:00,45614.08984,45649.08984,45549.08984,45649.08984,0,DIRECTA
DITAS,15M,2026-02-19 15:45:00,2026-02-19,15:45:00,45634.08984,45634.08984,45559.08984,45569.08984,0,DIRECTA
DITAS,15M,2026-02-19 16:00:00,2026-02-19,16:00:00,45574.08984,45719.08984,45574.08984,45624.08984,0,DIRECTA
DITAS,15M,2026-02-19 16:15:00,2026-02-19,16:15:00,45639.08984,45739.08984,45639.08984,45704.08984,0,DIRECTA
DITAS,15M,2026-02-19 16:30:00,2026-02-19,16:30:00,45714.08984,45759.08984,45694.08984,45759.08984,0,DIRECTA
DITAS,15M,2026-02-19 16:45:00,2026-02-19,16:45:00,45749.08984,45764.08984,45699.08984,45734.08984,0,DIRECTA
DITAS,15M,2026-02-19 17:00:00,2026-02-19,17:00:00,45739.08984,45744.08984,45644.08984,45684.08984,0,DIRECTA
DITAS,15M,2026-02-19 17:15:00,2026-02-19,17:15:00,45704.08984,45774.08984,45699.08984,45724.08984,0,DIRECTA
DITAS,15M,2026-02-19 17:30:00,2026-02-19,17:30:00,45724.08984,45824.08984,45719.08984,45824.08984,0,DIRECTA
DITAS,15M,2026-02-19 17:45:00,2026-02-19,17:45:00,45804.08984,45839.08984,45769.08984,45819.08984,0,DIRECTA
DITAS,15M,2026-02-19 18:00:00,2026-02-19,18:00:00,45824.08984,45824.08984,45774.08984,45794.08984,0,DIRECTA
DITAS,15M,2026-02-19 18:15:00,2026-02-19,18:15:00,45794.08984,45839.08984,45789.08984,45824.08984,0,DIRECTA
DITAS,15M,2026-02-19 18:30:00,2026-02-19,18:30:00,45824.08984,45834.08984,45824.08984,45829.08984,0,DIRECTA
DITAS,15M,2026-02-19 18:45:00,2026-02-19,18:45:00,45809.08984,45814.08984,45769.08984,45789.08984,0,DIRECTA
DITAS,15M,2026-02-19 19:00:00,2026-02-19,19:00:00,45784.08984,45819.08984,45759.08984,45819.08984,0,DIRECTA
DITAS,15M,2026-02-19 19:15:00,2026-02-19,19:15:00,45809.08984,45809.08984,45749.08984,45779.08984,0,DIRECTA
DITAS,15M,2026-02-19 19:30:00,2026-02-19,19:30:00,45779.08984,45809.08984,45779.08984,45809.08984,0,DIRECTA
DITAS,15M,2026-02-19 19:45:00,2026-02-19,19:45:00,45809.08984,45839.08984,45809.08984,45834.08984,0,DIRECTA
DITAS,15M,2026-02-19 20:00:00,2026-02-19,20:00:00,45834.08984,45834.08984,45814.08984,45829.08984,0,DIRECTA
DITAS,15M,2026-02-19 20:15:00,2026-02-19,20:15:00,45824.08984,45839.08984,45814.08984,45819.08984,0,DIRECTA
DITAS,15M,2026-02-19 20:30:00,2026-02-19,20:30:00,45819.08984,45824.08984,45779.08984,45799.08984,0,DIRECTA
DITAS,15M,2026-02-19 20:45:00,2026-02-19,20:45:00,45799.08984,45829.08984,45789.08984,45814.08984,0,DIRECTA
DITAS,15M,2026-02-19 21:00:00,2026-02-19,21:00:00,45834.08984,45849.08984,45829.08984,45844.08984,0,DIRECTA
DITAS,15M,2026-02-19 21:15:00,2026-02-19,21:15:00,45834.08984,45844.08984,45834.08984,45839.08984,0,DIRECTA
DITAS,15M,2026-02-19 21:30:00,2026-02-19,21:30:00,45834.08984,45864.08984,45814.08984,45824.08984,0,DIRECTA
DITAS,15M,2026-02-19 21:45:00,2026-02-19,21:45:00,45829.08984,45869.08984,45829.08984,45869.08984,0,DIRECTA
DITAS,15M,2026-02-20 08:00:00,2026-02-20,08:00:00,45926.21875,45996.21875,45926.21875,45971.21875,0,DIRECTA
DITAS,15M,2026-02-20 08:15:00,2026-02-20,08:15:00,45971.21875,45996.21875,45956.21875,45976.21875,0,DIRECTA
DITAS,15M,2026-02-20 08:30:00,2026-02-20,08:30:00,45966.21875,45996.21875,45966.21875,45971.21875,0,DIRECTA
DITAS,15M,2026-02-20 08:45:00,2026-02-20,08:45:00,45976.21875,46021.21875,45951.21875,45991.21875,0,DIRECTA
DITAS,15M,2026-02-20 09:00:00,2026-02-20,09:00:00,45996.21875,46016.21875,45881.21875,45926.21875,0,DIRECTA
DITAS,15M,2026-02-20 09:15:00,2026-02-20,09:15:00,45936.21875,46046.21875,45891.21875,46046.21875,0,DIRECTA
DITAS,15M,2026-02-20 09:30:00,2026-02-20,09:30:00,46046.21875,46086.21875,45991.21875,46076.21875,0,DIRECTA
DITAS,15M,2026-02-20 09:45:00,2026-02-20,09:45:00,46076.21875,46136.21875,46041.21875,46121.21875,0,DIRECTA
DITAS,15M,2026-02-20 10:00:00,2026-02-20,10:00:00,46136.21875,46221.21875,46136.21875,46211.21875,0,DIRECTA
DITAS,15M,2026-02-20 10:15:00,2026-02-20,10:15:00,46216.21875,46256.21875,46211.21875,46231.21875,0,DIRECTA
DITAS,15M,2026-02-20 10:30:00,2026-02-20,10:30:00,46221.21875,46236.21875,46186.21875,46221.21875,0,DIRECTA
DITAS,15M,2026-02-20 10:45:00,2026-02-20,10:45:00,46226.21875,46226.21875,46191.21875,46226.21875,0,DIRECTA
DITAS,15M,2026-02-20 11:00:00,2026-02-20,11:00:00,46231.21875,46266.21875,46221.21875,46261.21875,0,DIRECTA
DITAS,15M,2026-02-20 11:15:00,2026-02-20,11:15:00,46266.21875,46291.21875,46261.21875,46271.21875,0,DIRECTA
DITAS,15M,2026-02-20 11:30:00,2026-02-20,11:30:00,46271.21875,46276.21875,46231.21875,46271.21875,0,DIRECTA
DITAS,15M,2026-02-20 11:45:00,2026-02-20,11:45:00,46281.21875,46281.21875,46236.21875,46246.21875,0,DIRECTA
DITAS,15M,2026-02-20 12:00:00,2026-02-20,12:00:00,46231.21875,46241.21875,46196.21875,46241.21875,0,DIRECTA
DITAS,15M,2026-02-20 12:15:00,2026-02-20,12:15:00,46246.21875,46246.21875,46206.21875,46246.21875,0,DIRECTA
DITAS,15M,2026-02-20 12:30:00,2026-02-20,12:30:00,46246.21875,46281.21875,46241.21875,46271.21875,0,DIRECTA
DITAS,15M,2026-02-20 12:45:00,2026-02-20,12:45:00,46261.21875,46261.21875,46201.21875,46236.21875,0,DIRECTA
DITAS,15M,2026-02-20 13:00:00,2026-02-20,13:00:00,46211.21875,46241.21875,46196.21875,46236.21875,0,DIRECTA
DITAS,15M,2026-02-20 13:15:00,2026-02-20,13:15:00,46246.21875,46251.21875,46226.21875,46246.21875,0,DIRECTA
DITAS,15M,2026-02-20 13:30:00,2026-02-20,13:30:00,46241.21875,46241.21875,46211.21875,46226.21875,0,DIRECTA
DITAS,15M,2026-02-20 13:45:00,2026-02-20,13:45:00,46216.21875,46241.21875,46211.21875,46226.21875,0,DIRECTA
DITAS,15M,2026-02-20 14:00:00,2026-02-20,14:00:00,46226.21875,46266.21875,46221.21875,46266.21875,0,DIRECTA
DITAS,15M,2026-02-20 14:15:00,2026-02-20,14:15:00,46266.21875,46321.21875,46266.21875,46311.21875,0,DIRECTA
DITAS,15M,2026-02-20 14:30:00,2026-02-20,14:30:00,46306.21875,46306.21875,46241.21875,46246.21875,0,DIRECTA
DITAS,15M,2026-02-20 14:45:00,2026-02-20,14:45:00,46261.21875,46301.21875,46236.21875,46301.21875,0,DIRECTA
DITAS,15M,2026-02-20 15:00:00,2026-02-20,15:00:00,46301.21875,46351.21875,46291.21875,46351.21875,0,DIRECTA
DITAS,15M,2026-02-20 15:15:00,2026-02-20,15:15:00,46356.21875,46381.21875,46346.21875,46371.21875,0,DIRECTA
DITAS,15M,2026-02-20 15:30:00,2026-02-20,15:30:00,46376.21875,46431.21875,46336.21875,46386.21875,0,DIRECTA
DITAS,15M,2026-02-20 15:45:00,2026-02-20,15:45:00,46386.21875,46386.21875,46336.21875,46381.21875,0,DIRECTA
DITAS,15M,2026-02-20 16:00:00,2026-02-20,16:00:00,46406.21875,46716.21875,46346.21875,46346.21875,0,DIRECTA
DITAS,15M,2026-02-20 16:15:00,2026-02-20,16:15:00,46346.21875,46476.21875,46336.21875,46406.21875,0,DIRECTA
DITAS,15M,2026-02-20 16:30:00,2026-02-20,16:30:00,46416.21875,46456.21875,46376.21875,46446.21875,0,DIRECTA
DITAS,15M,2026-02-20 16:45:00,2026-02-20,16:45:00,46441.21875,46486.21875,46431.21875,46481.21875,0,DIRECTA
DITAS,15M,2026-02-20 17:00:00,2026-02-20,17:00:00,46476.21875,46486.21875,46426.21875,46476.21875,0,DIRECTA
DITAS,15M,2026-02-20 17:15:00,2026-02-20,17:15:00,46471.21875,46496.21875,46456.21875,46476.21875,0,DIRECTA
DITAS,15M,2026-02-20 17:30:00,2026-02-20,17:30:00,46476.21875,46536.21875,46446.21875,46526.21875,0,DIRECTA
DITAS,15M,2026-02-20 17:45:00,2026-02-20,17:45:00,46536.21875,46536.21875,46496.21875,46496.21875,0,DIRECTA
DITAS,15M,2026-02-20 18:00:00,2026-02-20,18:00:00,46516.21875,46516.21875,46406.21875,46431.21875,0,DIRECTA
DITAS,15M,2026-02-20 18:15:00,2026-02-20,18:15:00,46396.21875,46406.21875,46376.21875,46391.21875,0,DIRECTA
DITAS,15M,2026-02-20 18:30:00,2026-02-20,18:30:00,46401.21875,46441.21875,46391.21875,46426.21875,0,DIRECTA
DITAS,15M,2026-02-20 18:45:00,2026-02-20,18:45:00,46441.21875,46461.21875,46411.21875,46441.21875,0,DIRECTA
DITAS,15M,2026-02-20 19:00:00,2026-02-20,19:00:00,46451.21875,46451.21875,46446.21875,46446.21875,0,DIRECTA
DITAS,15M,2026-02-20 19:15:00,2026-02-20,19:15:00,46436.21875,46466.21875,46416.21875,46456.21875,0,DIRECTA
DITAS,15M,2026-02-20 19:30:00,2026-02-20,19:30:00,46441.21875,46541.21875,46416.21875,46506.21875,0,DIRECTA
DITAS,15M,2026-02-20 19:45:00,2026-02-20,19:45:00,46536.21875,46556.21875,46501.21875,46541.21875,0,DIRECTA
DITAS,15M,2026-02-20 20:00:00,2026-02-20,20:00:00,46546.21875,46546.21875,46511.21875,46511.21875,0,DIRECTA
DITAS,15M,2026-02-20 20:15:00,2026-02-20,20:15:00,46516.21875,46526.21875,46506.21875,46516.21875,0,DIRECTA
DITAS,15M,2026-02-20 20:30:00,2026-02-20,20:30:00,46521.21875,46521.21875,46501.21875,46506.21875,0,DIRECTA
DITAS,15M,2026-02-20 20:45:00,2026-02-20,20:45:00,46496.21875,46506.21875,46486.21875,46506.21875,0,DIRECTA
DITAS,15M,2026-02-20 21:00:00,2026-02-20,21:00:00,46496.21875,46551.21875,46496.21875,46551.21875,0,DIRECTA
DITAS,15M,2026-02-20 21:15:00,2026-02-20,21:15:00,46546.21875,46561.21875,46541.21875,46561.21875,0,DIRECTA
DITAS,15M,2026-02-20 21:30:00,2026-02-20,21:30:00,46566.21875,46581.21875,46561.21875,46561.21875,0,DIRECTA
DITAS,15M,2026-02-20 21:45:00,2026-02-20,21:45:00,46561.21875,46596.21875,46501.21875,46566.21875,0,DIRECTA
DITAS,15M,2026-02-23 08:00:00,2026-02-23,08:00:00,46382.98047,46467.98047,46352.98047,46467.98047,0,DIRECTA
DITAS,15M,2026-02-23 08:15:00,2026-02-23,08:15:00,46457.98047,46512.98047,46457.98047,46502.98047,0,DIRECTA
DITAS,15M,2026-02-23 08:30:00,2026-02-23,08:30:00,46502.98047,46532.98047,46477.98047,46522.98047,0,DIRECTA
DITAS,15M,2026-02-23 08:45:00,2026-02-23,08:45:00,46537.98047,46612.98047,46512.98047,46612.98047,0,DIRECTA
DITAS,15M,2026-02-23 09:00:00,2026-02-23,09:00:00,46622.98047,46677.98047,46457.98047,46502.98047,0,DIRECTA
DITAS,15M,2026-02-23 09:15:00,2026-02-23,09:15:00,46522.98047,46642.98047,46512.98047,46642.98047,0,DIRECTA
DITAS,15M,2026-02-23 09:30:00,2026-02-23,09:30:00,46647.98047,46707.98047,46577.98047,46597.98047,0,DIRECTA
DITAS,15M,2026-02-23 09:45:00,2026-02-23,09:45:00,46602.98047,46762.98047,46602.98047,46737.98047,0,DIRECTA
DITAS,15M,2026-02-23 10:00:00,2026-02-23,10:00:00,46757.98047,46812.98047,46747.98047,46812.98047,0,DIRECTA
DITAS,15M,2026-02-23 10:15:00,2026-02-23,10:15:00,46812.98047,46832.98047,46777.98047,46802.98047,0,DIRECTA
DITAS,15M,2026-02-23 10:30:00,2026-02-23,10:30:00,46792.98047,46797.98047,46762.98047,46787.98047,0,DIRECTA
DITAS,15M,2026-02-23 10:45:00,2026-02-23,10:45:00,46787.98047,46822.98047,46782.98047,46792.98047,0,DIRECTA
DITAS,15M,2026-02-23 11:00:00,2026-02-23,11:00:00,46787.98047,46827.98047,46777.98047,46827.98047,0,DIRECTA
DITAS,15M,2026-02-23 11:15:00,2026-02-23,11:15:00,46832.98047,46837.98047,46682.98047,46807.98047,0,DIRECTA
DITAS,15M,2026-02-23 11:30:00,2026-02-23,11:30:00,46812.98047,46887.98047,46812.98047,46872.98047,0,DIRECTA
DITAS,15M,2026-02-23 11:45:00,2026-02-23,11:45:00,46872.98047,46882.98047,46817.98047,46832.98047,0,DIRECTA
DITAS,15M,2026-02-23 12:00:00,2026-02-23,12:00:00,46867.98047,46887.98047,46842.98047,46887.98047,0,DIRECTA
DITAS,15M,2026-02-23 12:15:00,2026-02-23,12:15:00,46892.98047,46902.98047,46852.98047,46872.98047,0,DIRECTA
DITAS,15M,2026-02-23 12:30:00,2026-02-23,12:30:00,46877.98047,46942.98047,46857.98047,46937.98047,0,DIRECTA
DITAS,15M,2026-02-23 12:45:00,2026-02-23,12:45:00,46937.98047,46942.98047,46882.98047,46892.98047,0,DIRECTA
DITAS,15M,2026-02-23 13:00:00,2026-02-23,13:00:00,46897.98047,46912.98047,46862.98047,46882.98047,0,DIRECTA
DITAS,15M,2026-02-23 13:15:00,2026-02-23,13:15:00,46857.98047,46867.98047,46847.98047,46852.98047,0,DIRECTA
DITAS,15M,2026-02-23 13:30:00,2026-02-23,13:30:00,46857.98047,46857.98047,46822.98047,46857.98047,0,DIRECTA
DITAS,15M,2026-02-23 13:45:00,2026-02-23,13:45:00,46862.98047,46862.98047,46832.98047,46847.98047,0,DIRECTA
DITAS,15M,2026-02-23 14:00:00,2026-02-23,14:00:00,46837.98047,46877.98047,46837.98047,46872.98047,0,DIRECTA
DITAS,15M,2026-02-23 14:15:00,2026-02-23,14:15:00,46867.98047,46897.98047,46847.98047,46892.98047,0,DIRECTA
DITAS,15M,2026-02-23 14:30:00,2026-02-23,14:30:00,46892.98047,46917.98047,46862.98047,46917.98047,0,DIRECTA
DITAS,15M,2026-02-23 14:45:00,2026-02-23,14:45:00,46917.98047,46932.98047,46897.98047,46912.98047,0,DIRECTA
DITAS,15M,2026-02-23 15:00:00,2026-02-23,15:00:00,46917.98047,47017.98047,46917.98047,47012.98047,0,DIRECTA
DITAS,15M,2026-02-23 15:15:00,2026-02-23,15:15:00,47017.98047,47052.98047,47012.98047,47027.98047,0,DIRECTA
DITAS,15M,2026-02-23 15:30:00,2026-02-23,15:30:00,47032.98047,47097.98047,47027.98047,47092.98047,0,DIRECTA
DITAS,15M,2026-02-23 15:45:00,2026-02-23,15:45:00,47082.98047,47102.98047,47022.98047,47022.98047,0,DIRECTA
DITAS,15M,2026-02-23 16:00:00,2026-02-23,16:00:00,47037.98047,47057.98047,46907.98047,46917.98047,0,DIRECTA
DITAS,15M,2026-02-23 16:15:00,2026-02-23,16:15:00,46902.98047,46937.98047,46887.98047,46932.98047,0,DIRECTA
DITAS,15M,2026-02-23 16:30:00,2026-02-23,16:30:00,46937.98047,46942.98047,46777.98047,46777.98047,0,DIRECTA
DITAS,15M,2026-02-23 16:45:00,2026-02-23,16:45:00,46777.98047,46782.98047,46657.98047,46662.98047,0,DIRECTA
DITAS,15M,2026-02-23 17:00:00,2026-02-23,17:00:00,46672.98047,46697.98047,46627.98047,46652.98047,0,DIRECTA
DITAS,15M,2026-02-23 17:15:00,2026-02-23,17:15:00,46672.98047,46712.98047,46622.98047,46702.98047,0,DIRECTA
DITAS,15M,2026-02-23 17:30:00,2026-02-23,17:30:00,46707.98047,46732.98047,46662.98047,46692.98047,0,DIRECTA
DITAS,15M,2026-02-23 17:45:00,2026-02-23,17:45:00,46682.98047,46692.98047,46647.98047,46647.98047,0,DIRECTA
DITAS,15M,2026-02-23 18:00:00,2026-02-23,18:00:00,46647.98047,46652.98047,46627.98047,46637.98047,0,DIRECTA
DITAS,15M,2026-02-23 18:15:00,2026-02-23,18:15:00,46632.98047,46642.98047,46592.98047,46602.98047,0,DIRECTA
DITAS,15M,2026-02-23 18:30:00,2026-02-23,18:30:00,46602.98047,46602.98047,46517.98047,46552.98047,0,DIRECTA
DITAS,15M,2026-02-23 18:45:00,2026-02-23,18:45:00,46552.98047,46612.98047,46522.98047,46597.98047,0,DIRECTA
DITAS,15M,2026-02-23 19:00:00,2026-02-23,19:00:00,46612.98047,46647.98047,46612.98047,46647.98047,0,DIRECTA
DITAS,15M,2026-02-23 19:15:00,2026-02-23,19:15:00,46652.98047,46692.98047,46652.98047,46692.98047,0,DIRECTA
DITAS,15M,2026-02-23 19:30:00,2026-02-23,19:30:00,46682.98047,46707.98047,46667.98047,46667.98047,0,DIRECTA
DITAS,15M,2026-02-23 19:45:00,2026-02-23,19:45:00,46667.98047,46687.98047,46647.98047,46647.98047,0,DIRECTA
DITAS,15M,2026-02-23 20:00:00,2026-02-23,20:00:00,46642.98047,46642.98047,46632.98047,46637.98047,0,DIRECTA
DITAS,15M,2026-02-23 20:15:00,2026-02-23,20:15:00,46637.98047,46637.98047,46612.98047,46627.98047,0,DIRECTA
DITAS,15M,2026-02-23 20:30:00,2026-02-23,20:30:00,46622.98047,46632.98047,46592.98047,46592.98047,0,DIRECTA
DITAS,15M,2026-02-23 20:45:00,2026-02-23,20:45:00,46592.98047,46647.98047,46592.98047,46632.98047,0,DIRECTA
DITAS,15M,2026-02-23 21:00:00,2026-02-23,21:00:00,46632.98047,46647.98047,46627.98047,46627.98047,0,DIRECTA
DITAS,15M,2026-02-23 21:15:00,2026-02-23,21:15:00,46627.98047,46627.98047,46612.98047,46617.98047,0,DIRECTA
DITAS,15M,2026-02-23 21:30:00,2026-02-23,21:30:00,46637.98047,46662.98047,46637.98047,46652.98047,0,DIRECTA
DITAS,15M,2026-02-23 21:45:00,2026-02-23,21:45:00,46662.98047,46672.98047,46617.98047,46647.98047,0,DIRECTA
DITAS,15M,2026-02-24 08:00:00,2026-02-24,08:00:00,46712.28906,46747.28906,46677.28906,46707.28906,0,DIRECTA
DITAS,15M,2026-02-24 08:15:00,2026-02-24,08:15:00,46687.28906,46717.28906,46687.28906,46707.28906,0,DIRECTA
DITAS,15M,2026-02-24 08:30:00,2026-02-24,08:30:00,46712.28906,46722.28906,46677.28906,46692.28906,0,DIRECTA
DITAS,15M,2026-02-24 08:45:00,2026-02-24,08:45:00,46677.28906,46697.28906,46612.28906,46637.28906,0,DIRECTA
DITAS,15M,2026-02-24 09:00:00,2026-02-24,09:00:00,46627.28906,46637.28906,46382.28906,46502.28906,0,DIRECTA
DITAS,15M,2026-02-24 09:15:00,2026-02-24,09:15:00,46482.28906,46637.28906,46457.28906,46622.28906,0,DIRECTA
DITAS,15M,2026-02-24 09:30:00,2026-02-24,09:30:00,46627.28906,46667.28906,46527.28906,46552.28906,0,DIRECTA
DITAS,15M,2026-02-24 09:45:00,2026-02-24,09:45:00,46557.28906,46577.28906,46467.28906,46552.28906,0,DIRECTA
DITAS,15M,2026-02-24 10:00:00,2026-02-24,10:00:00,46547.28906,46647.28906,46547.28906,46637.28906,0,DIRECTA
DITAS,15M,2026-02-24 10:15:00,2026-02-24,10:15:00,46622.28906,46647.28906,46522.28906,46532.28906,0,DIRECTA
DITAS,15M,2026-02-24 10:30:00,2026-02-24,10:30:00,46547.28906,46552.28906,46467.28906,46527.28906,0,DIRECTA
DITAS,15M,2026-02-24 10:45:00,2026-02-24,10:45:00,46532.28906,46602.28906,46517.28906,46567.28906,0,DIRECTA
DITAS,15M,2026-02-24 11:00:00,2026-02-24,11:00:00,46562.28906,46612.28906,46527.28906,46527.28906,0,DIRECTA
DITAS,15M,2026-02-24 11:15:00,2026-02-24,11:15:00,46532.28906,46532.28906,46497.28906,46507.28906,0,DIRECTA
DITAS,15M,2026-02-24 11:30:00,2026-02-24,11:30:00,46532.28906,46537.28906,46467.28906,46512.28906,0,DIRECTA
DITAS,15M,2026-02-24 11:45:00,2026-02-24,11:45:00,46502.28906,46532.28906,46452.28906,46527.28906,0,DIRECTA
DITAS,15M,2026-02-24 12:00:00,2026-02-24,12:00:00,46532.28906,46577.28906,46507.28906,46507.28906,0,DIRECTA
DITAS,15M,2026-02-24 12:15:00,2026-02-24,12:15:00,46502.28906,46527.28906,46497.28906,46512.28906,0,DIRECTA
DITAS,15M,2026-02-24 12:30:00,2026-02-24,12:30:00,46512.28906,46527.28906,46472.28906,46487.28906,0,DIRECTA
DITAS,15M,2026-02-24 12:45:00,2026-02-24,12:45:00,46482.28906,46537.28906,46467.28906,46537.28906,0,DIRECTA
DITAS,15M,2026-02-24 13:00:00,2026-02-24,13:00:00,46537.28906,46547.28906,46507.28906,46547.28906,0,DIRECTA
DITAS,15M,2026-02-24 13:15:00,2026-02-24,13:15:00,46552.28906,46557.28906,46477.28906,46477.28906,0,DIRECTA
DITAS,15M,2026-02-24 13:30:00,2026-02-24,13:30:00,46477.28906,46487.28906,46437.28906,46457.28906,0,DIRECTA
DITAS,15M,2026-02-24 13:45:00,2026-02-24,13:45:00,46437.28906,46477.28906,46412.28906,46467.28906,0,DIRECTA
DITAS,15M,2026-02-24 14:00:00,2026-02-24,14:00:00,46477.28906,46527.28906,46457.28906,46517.28906,0,DIRECTA
DITAS,15M,2026-02-24 14:15:00,2026-02-24,14:15:00,46522.28906,46582.28906,46522.28906,46552.28906,0,DIRECTA
DITAS,15M,2026-02-24 14:30:00,2026-02-24,14:30:00,46557.28906,46577.28906,46512.28906,46517.28906,0,DIRECTA
DITAS,15M,2026-02-24 14:45:00,2026-02-24,14:45:00,46527.28906,46557.28906,46527.28906,46557.28906,0,DIRECTA
DITAS,15M,2026-02-24 15:00:00,2026-02-24,15:00:00,46537.28906,46547.28906,46482.28906,46482.28906,0,DIRECTA
DITAS,15M,2026-02-24 15:15:00,2026-02-24,15:15:00,46487.28906,46517.28906,46477.28906,46502.28906,0,DIRECTA
DITAS,15M,2026-02-24 15:30:00,2026-02-24,15:30:00,46497.28906,46662.28906,46467.28906,46662.28906,0,DIRECTA
DITAS,15M,2026-02-24 15:45:00,2026-02-24,15:45:00,46672.28906,46692.28906,46597.28906,46622.28906,0,DIRECTA
DITAS,15M,2026-02-24 16:00:00,2026-02-24,16:00:00,46632.28906,46662.28906,46587.28906,46602.28906,0,DIRECTA
DITAS,15M,2026-02-24 16:15:00,2026-02-24,16:15:00,46602.28906,46737.28906,46587.28906,46737.28906,0,DIRECTA
DITAS,15M,2026-02-24 16:30:00,2026-02-24,16:30:00,46737.28906,46737.28906,46637.28906,46647.28906,0,DIRECTA
DITAS,15M,2026-02-24 16:45:00,2026-02-24,16:45:00,46637.28906,46652.28906,46602.28906,46617.28906,0,DIRECTA
DITAS,15M,2026-02-24 17:00:00,2026-02-24,17:00:00,46632.28906,46662.28906,46562.28906,46662.28906,0,DIRECTA
DITAS,15M,2026-02-24 17:15:00,2026-02-24,17:15:00,46662.28906,46682.28906,46622.28906,46672.28906,0,DIRECTA
DITAS,15M,2026-02-24 17:30:00,2026-02-24,17:30:00,46677.28906,46697.28906,46632.28906,46657.28906,0,DIRECTA
DITAS,15M,2026-02-24 17:45:00,2026-02-24,17:45:00,46652.28906,46682.28906,46627.28906,46682.28906,0,DIRECTA
DITAS,15M,2026-02-24 18:00:00,2026-02-24,18:00:00,46687.28906,46697.28906,46667.28906,46697.28906,0,DIRECTA
DITAS,15M,2026-02-24 18:15:00,2026-02-24,18:15:00,46702.28906,46702.28906,46687.28906,46702.28906,0,DIRECTA
DITAS,15M,2026-02-24 18:30:00,2026-02-24,18:30:00,46697.28906,46702.28906,46682.28906,46682.28906,0,DIRECTA
DITAS,15M,2026-02-24 18:45:00,2026-02-24,18:45:00,46682.28906,46702.28906,46682.28906,46692.28906,0,DIRECTA
DITAS,15M,2026-02-24 19:00:00,2026-02-24,19:00:00,46697.28906,46727.28906,46697.28906,46727.28906,0,DIRECTA
DITAS,15M,2026-02-24 19:15:00,2026-02-24,19:15:00,46722.28906,46732.28906,46707.28906,46707.28906,0,DIRECTA
DITAS,15M,2026-02-24 19:30:00,2026-02-24,19:30:00,46712.28906,46742.28906,46712.28906,46737.28906,0,DIRECTA
DITAS,15M,2026-02-24 19:45:00,2026-02-24,19:45:00,46747.28906,46762.28906,46737.28906,46737.28906,0,DIRECTA
DITAS,15M,2026-02-24 20:00:00,2026-02-24,20:00:00,46737.28906,46737.28906,46712.28906,46722.28906,0,DIRECTA
DITAS,15M,2026-02-24 20:15:00,2026-02-24,20:15:00,46717.28906,46727.28906,46707.28906,46727.28906,0,DIRECTA
DITAS,15M,2026-02-24 20:30:00,2026-02-24,20:30:00,46727.28906,46747.28906,46727.28906,46747.28906,0,DIRECTA
DITAS,15M,2026-02-24 20:45:00,2026-02-24,20:45:00,46737.28906,46752.28906,46737.28906,46747.28906,0,DIRECTA
DITAS,15M,2026-02-24 21:00:00,2026-02-24,21:00:00,46752.28906,46752.28906,46737.28906,46737.28906,0,DIRECTA
DITAS,15M,2026-02-24 21:15:00,2026-02-24,21:15:00,46762.28906,46762.28906,46752.28906,46752.28906,0,DIRECTA
DITAS,15M,2026-02-24 21:30:00,2026-02-24,21:30:00,46757.28906,46812.28906,46752.28906,46812.28906,0,DIRECTA
DITAS,15M,2026-02-24 21:45:00,2026-02-24,21:45:00,46812.28906,46827.28906,46772.28906,46792.28906,0,DIRECTA
DITAS,15M,2026-02-25 08:00:00,2026-02-25,08:00:00,46859.28906,46894.28906,46844.28906,46854.28906,0,DIRECTA
DITAS,15M,2026-02-25 08:15:00,2026-02-25,08:15:00,46859.28906,46899.28906,46854.28906,46899.28906,0,DIRECTA
DITAS,15M,2026-02-25 08:30:00,2026-02-25,08:30:00,46899.28906,46914.28906,46874.28906,46899.28906,0,DIRECTA
DITAS,15M,2026-02-25 08:45:00,2026-02-25,08:45:00,46904.28906,46989.28906,46904.28906,46944.28906,0,DIRECTA
DITAS,15M,2026-02-25 09:00:00,2026-02-25,09:00:00,46929.28906,47054.28906,46904.28906,46964.28906,0,DIRECTA
DITAS,15M,2026-02-25 09:15:00,2026-02-25,09:15:00,46949.28906,47114.28906,46949.28906,47104.28906,0,DIRECTA
DITAS,15M,2026-02-25 09:30:00,2026-02-25,09:30:00,47104.28906,47144.28906,47044.28906,47134.28906,0,DIRECTA
DITAS,15M,2026-02-25 09:45:00,2026-02-25,09:45:00,47139.28906,47144.28906,47079.28906,47139.28906,0,DIRECTA
DITAS,15M,2026-02-25 10:00:00,2026-02-25,10:00:00,47144.28906,47154.28906,47054.28906,47109.28906,0,DIRECTA
DITAS,15M,2026-02-25 10:15:00,2026-02-25,10:15:00,47104.28906,47124.28906,47079.28906,47114.28906,0,DIRECTA
DITAS,15M,2026-02-25 10:30:00,2026-02-25,10:30:00,47104.28906,47109.28906,47049.28906,47099.28906,0,DIRECTA
DITAS,15M,2026-02-25 10:45:00,2026-02-25,10:45:00,47089.28906,47134.28906,47079.28906,47134.28906,0,DIRECTA
DITAS,15M,2026-02-25 11:00:00,2026-02-25,11:00:00,47144.28906,47149.28906,47104.28906,47109.28906,0,DIRECTA
DITAS,15M,2026-02-25 11:15:00,2026-02-25,11:15:00,47109.28906,47144.28906,47109.28906,47129.28906,0,DIRECTA
DITAS,15M,2026-02-25 11:30:00,2026-02-25,11:30:00,47124.28906,47149.28906,47104.28906,47139.28906,0,DIRECTA
DITAS,15M,2026-02-25 11:45:00,2026-02-25,11:45:00,47144.28906,47154.28906,47124.28906,47129.28906,0,DIRECTA
DITAS,15M,2026-02-25 12:00:00,2026-02-25,12:00:00,47139.28906,47139.28906,47094.28906,47099.28906,0,DIRECTA
DITAS,15M,2026-02-25 12:15:00,2026-02-25,12:15:00,47099.28906,47099.28906,47069.28906,47069.28906,0,DIRECTA
DITAS,15M,2026-02-25 12:30:00,2026-02-25,12:30:00,47064.28906,47114.28906,47064.28906,47109.28906,0,DIRECTA
DITAS,15M,2026-02-25 12:45:00,2026-02-25,12:45:00,47109.28906,47164.28906,47104.28906,47149.28906,0,DIRECTA
DITAS,15M,2026-02-25 13:00:00,2026-02-25,13:00:00,47144.28906,47154.28906,47134.28906,47139.28906,0,DIRECTA
DITAS,15M,2026-02-25 13:15:00,2026-02-25,13:15:00,47144.28906,47154.28906,47124.28906,47124.28906,0,DIRECTA
DITAS,15M,2026-02-25 13:30:00,2026-02-25,13:30:00,47134.28906,47144.28906,47124.28906,47129.28906,0,DIRECTA
DITAS,15M,2026-02-25 13:45:00,2026-02-25,13:45:00,47129.28906,47164.28906,47129.28906,47144.28906,0,DIRECTA
DITAS,15M,2026-02-25 14:00:00,2026-02-25,14:00:00,47154.28906,47164.28906,47134.28906,47149.28906,0,DIRECTA
DITAS,15M,2026-02-25 14:15:00,2026-02-25,14:15:00,47149.28906,47154.28906,47119.28906,47119.28906,0,DIRECTA
DITAS,15M,2026-02-25 14:30:00,2026-02-25,14:30:00,47114.28906,47144.28906,47099.28906,47144.28906,0,DIRECTA
DITAS,15M,2026-02-25 14:45:00,2026-02-25,14:45:00,47134.28906,47154.28906,47129.28906,47154.28906,0,DIRECTA
DITAS,15M,2026-02-25 15:00:00,2026-02-25,15:00:00,47154.28906,47169.28906,47139.28906,47144.28906,0,DIRECTA
DITAS,15M,2026-02-25 15:15:00,2026-02-25,15:15:00,47139.28906,47149.28906,47109.28906,47109.28906,0,DIRECTA
DITAS,15M,2026-02-25 15:30:00,2026-02-25,15:30:00,47109.28906,47139.28906,47074.28906,47084.28906,0,DIRECTA
DITAS,15M,2026-02-25 15:45:00,2026-02-25,15:45:00,47079.28906,47094.28906,47009.28906,47019.28906,0,DIRECTA
DITAS,15M,2026-02-25 16:00:00,2026-02-25,16:00:00,47014.28906,47034.28906,46989.28906,46989.28906,0,DIRECTA
DITAS,15M,2026-02-25 16:15:00,2026-02-25,16:15:00,46984.28906,47029.28906,46954.28906,47019.28906,0,DIRECTA
DITAS,15M,2026-02-25 16:30:00,2026-02-25,16:30:00,47014.28906,47054.28906,47004.28906,47049.28906,0,DIRECTA
DITAS,15M,2026-02-25 16:45:00,2026-02-25,16:45:00,47054.28906,47129.28906,47044.28906,47119.28906,0,DIRECTA
DITAS,15M,2026-02-25 17:00:00,2026-02-25,17:00:00,47119.28906,47159.28906,47089.28906,47149.28906,0,DIRECTA
DITAS,15M,2026-02-25 17:15:00,2026-02-25,17:15:00,47149.28906,47184.28906,47149.28906,47184.28906,0,DIRECTA
DITAS,15M,2026-02-25 17:30:00,2026-02-25,17:30:00,47174.28906,47209.28906,47159.28906,47174.28906,0,DIRECTA
DITAS,15M,2026-02-25 17:45:00,2026-02-25,17:45:00,47174.28906,47199.28906,47169.28906,47174.28906,0,DIRECTA
DITAS,15M,2026-02-25 18:00:00,2026-02-25,18:00:00,47184.28906,47199.28906,47179.28906,47199.28906,0,DIRECTA
DITAS,15M,2026-02-25 18:15:00,2026-02-25,18:15:00,47204.28906,47229.28906,47204.28906,47224.28906,0,DIRECTA
DITAS,15M,2026-02-25 18:30:00,2026-02-25,18:30:00,47219.28906,47249.28906,47209.28906,47244.28906,0,DIRECTA
DITAS,15M,2026-02-25 18:45:00,2026-02-25,18:45:00,47244.28906,47244.28906,47224.28906,47234.28906,0,DIRECTA
DITAS,15M,2026-02-25 19:00:00,2026-02-25,19:00:00,47234.28906,47234.28906,47224.28906,47224.28906,0,DIRECTA
DITAS,15M,2026-02-25 19:15:00,2026-02-25,19:15:00,47229.28906,47229.28906,47214.28906,47214.28906,0,DIRECTA
DITAS,15M,2026-02-25 19:30:00,2026-02-25,19:30:00,47224.28906,47224.28906,47204.28906,47209.28906,0,DIRECTA
DITAS,15M,2026-02-25 19:45:00,2026-02-25,19:45:00,47214.28906,47229.28906,47214.28906,47229.28906,0,DIRECTA
DITAS,15M,2026-02-25 20:00:00,2026-02-25,20:00:00,47234.28906,47239.28906,47234.28906,47239.28906,0,DIRECTA
DITAS,15M,2026-02-25 20:15:00,2026-02-25,20:15:00,47234.28906,47244.28906,47229.28906,47244.28906,0,DIRECTA
DITAS,15M,2026-02-25 20:30:00,2026-02-25,20:30:00,47239.28906,47249.28906,47234.28906,47234.28906,0,DIRECTA
DITAS,15M,2026-02-25 20:45:00,2026-02-25,20:45:00,47234.28906,47244.28906,47234.28906,47239.28906,0,DIRECTA
DITAS,15M,2026-02-25 21:00:00,2026-02-25,21:00:00,47244.28906,47274.28906,47244.28906,47264.28906,0,DIRECTA
DITAS,15M,2026-02-25 21:15:00,2026-02-25,21:15:00,47259.28906,47274.28906,47254.28906,47259.28906,0,DIRECTA
DITAS,15M,2026-02-25 21:30:00,2026-02-25,21:30:00,47254.28906,47299.28906,47249.28906,47269.28906,0,DIRECTA
DITAS,15M,2026-02-25 21:45:00,2026-02-25,21:45:00,47269.28906,47279.28906,47254.28906,47264.28906,0,DIRECTA
DITAS,15M,2026-02-26 08:00:00,2026-02-26,08:00:00,47154.44141,47219.44141,47134.44141,47204.44141,0,DIRECTA
DITAS,15M,2026-02-26 08:15:00,2026-02-26,08:15:00,47179.44141,47184.44141,47144.44141,47154.44141,0,DIRECTA
DITAS,15M,2026-02-26 08:30:00,2026-02-26,08:30:00,47159.44141,47159.44141,47124.44141,47144.44141,0,DIRECTA
DITAS,15M,2026-02-26 08:45:00,2026-02-26,08:45:00,47149.44141,47154.44141,47094.44141,47099.44141,0,DIRECTA
DITAS,15M,2026-02-26 09:00:00,2026-02-26,09:00:00,47139.44141,47234.44141,47049.44141,47204.44141,0,DIRECTA
DITAS,15M,2026-02-26 09:15:00,2026-02-26,09:15:00,47194.44141,47234.44141,47104.44141,47184.44141,0,DIRECTA
DITAS,15M,2026-02-26 09:30:00,2026-02-26,09:30:00,47204.44141,47249.44141,47159.44141,47169.44141,0,DIRECTA
DITAS,15M,2026-02-26 09:45:00,2026-02-26,09:45:00,47164.44141,47274.44141,47164.44141,47254.44141,0,DIRECTA
DITAS,15M,2026-02-26 10:00:00,2026-02-26,10:00:00,47259.44141,47279.44141,47094.44141,47119.44141,0,DIRECTA
DITAS,15M,2026-02-26 10:15:00,2026-02-26,10:15:00,47124.44141,47189.44141,47124.44141,47189.44141,0,DIRECTA
DITAS,15M,2026-02-26 10:30:00,2026-02-26,10:30:00,47184.44141,47264.44141,47169.44141,47254.44141,0,DIRECTA
DITAS,15M,2026-02-26 10:45:00,2026-02-26,10:45:00,47249.44141,47264.44141,47199.44141,47214.44141,0,DIRECTA
DITAS,15M,2026-02-26 11:00:00,2026-02-26,11:00:00,47224.44141,47229.44141,47189.44141,47194.44141,0,DIRECTA
DITAS,15M,2026-02-26 11:15:00,2026-02-26,11:15:00,47189.44141,47204.44141,47144.44141,47184.44141,0,DIRECTA
DITAS,15M,2026-02-26 11:30:00,2026-02-26,11:30:00,47194.44141,47249.44141,47189.44141,47224.44141,0,DIRECTA
DITAS,15M,2026-02-26 11:45:00,2026-02-26,11:45:00,47229.44141,47249.44141,47204.44141,47204.44141,0,DIRECTA
DITAS,15M,2026-02-26 12:00:00,2026-02-26,12:00:00,47194.44141,47264.44141,47194.44141,47254.44141,0,DIRECTA
DITAS,15M,2026-02-26 12:15:00,2026-02-26,12:15:00,47249.44141,47264.44141,47234.44141,47244.44141,0,DIRECTA
DITAS,15M,2026-02-26 12:30:00,2026-02-26,12:30:00,47249.44141,47289.44141,47244.44141,47289.44141,0,DIRECTA
DITAS,15M,2026-02-26 12:45:00,2026-02-26,12:45:00,47284.44141,47314.44141,47284.44141,47294.44141,0,DIRECTA
DITAS,15M,2026-02-26 13:00:00,2026-02-26,13:00:00,47309.44141,47319.44141,47284.44141,47304.44141,0,DIRECTA
DITAS,15M,2026-02-26 13:15:00,2026-02-26,13:15:00,47309.44141,47309.44141,47274.44141,47284.44141,0,DIRECTA
DITAS,15M,2026-02-26 13:30:00,2026-02-26,13:30:00,47284.44141,47289.44141,47249.44141,47269.44141,0,DIRECTA
DITAS,15M,2026-02-26 13:45:00,2026-02-26,13:45:00,47279.44141,47289.44141,47254.44141,47269.44141,0,DIRECTA
DITAS,15M,2026-02-26 14:00:00,2026-02-26,14:00:00,47264.44141,47294.44141,47254.44141,47294.44141,0,DIRECTA
DITAS,15M,2026-02-26 14:15:00,2026-02-26,14:15:00,47299.44141,47319.44141,47299.44141,47314.44141,0,DIRECTA
DITAS,15M,2026-02-26 14:30:00,2026-02-26,14:30:00,47314.44141,47409.44141,47314.44141,47399.44141,0,DIRECTA
DITAS,15M,2026-02-26 14:45:00,2026-02-26,14:45:00,47404.44141,47409.44141,47349.44141,47349.44141,0,DIRECTA
DITAS,15M,2026-02-26 15:00:00,2026-02-26,15:00:00,47354.44141,47419.44141,47354.44141,47394.44141,0,DIRECTA
DITAS,15M,2026-02-26 15:15:00,2026-02-26,15:15:00,47404.44141,47404.44141,47349.44141,47354.44141,0,DIRECTA
DITAS,15M,2026-02-26 15:30:00,2026-02-26,15:30:00,47354.44141,47429.44141,47339.44141,47344.44141,0,DIRECTA
DITAS,15M,2026-02-26 15:45:00,2026-02-26,15:45:00,47349.44141,47349.44141,47299.44141,47314.44141,0,DIRECTA
DITAS,15M,2026-02-26 16:00:00,2026-02-26,16:00:00,47339.44141,47379.44141,47284.44141,47334.44141,0,DIRECTA
DITAS,15M,2026-02-26 16:15:00,2026-02-26,16:15:00,47324.44141,47324.44141,47229.44141,47294.44141,0,DIRECTA
DITAS,15M,2026-02-26 16:30:00,2026-02-26,16:30:00,47299.44141,47399.44141,47294.44141,47374.44141,0,DIRECTA
DITAS,15M,2026-02-26 16:45:00,2026-02-26,16:45:00,47389.44141,47389.44141,47304.44141,47364.44141,0,DIRECTA
DITAS,15M,2026-02-26 17:00:00,2026-02-26,17:00:00,47384.44141,47409.44141,47349.44141,47374.44141,0,DIRECTA
DITAS,15M,2026-02-26 17:15:00,2026-02-26,17:15:00,47369.44141,47439.44141,47369.44141,47419.44141,0,DIRECTA
DITAS,15M,2026-02-26 17:30:00,2026-02-26,17:30:00,47419.44141,47449.44141,47344.44141,47344.44141,0,DIRECTA
DITAS,15M,2026-02-26 17:45:00,2026-02-26,17:45:00,47339.44141,47379.44141,47304.44141,47304.44141,0,DIRECTA
DITAS,15M,2026-02-26 18:00:00,2026-02-26,18:00:00,47319.44141,47334.44141,47309.44141,47309.44141,0,DIRECTA
DITAS,15M,2026-02-26 18:15:00,2026-02-26,18:15:00,47299.44141,47314.44141,47294.44141,47304.44141,0,DIRECTA
DITAS,15M,2026-02-26 18:30:00,2026-02-26,18:30:00,47304.44141,47329.44141,47269.44141,47269.44141,0,DIRECTA
DITAS,15M,2026-02-26 18:45:00,2026-02-26,18:45:00,47269.44141,47284.44141,47249.44141,47279.44141,0,DIRECTA
DITAS,15M,2026-02-26 19:00:00,2026-02-26,19:00:00,47274.44141,47294.44141,47259.44141,47289.44141,0,DIRECTA
DITAS,15M,2026-02-26 19:15:00,2026-02-26,19:15:00,47284.44141,47319.44141,47279.44141,47314.44141,0,DIRECTA
DITAS,15M,2026-02-26 19:30:00,2026-02-26,19:30:00,47314.44141,47399.44141,47314.44141,47399.44141,0,DIRECTA
DITAS,15M,2026-02-26 19:45:00,2026-02-26,19:45:00,47404.44141,47414.44141,47364.44141,47374.44141,0,DIRECTA
DITAS,15M,2026-02-26 20:00:00,2026-02-26,20:00:00,47364.44141,47409.44141,47364.44141,47404.44141,0,DIRECTA
DITAS,15M,2026-02-26 20:15:00,2026-02-26,20:15:00,47409.44141,47429.44141,47404.44141,47409.44141,0,DIRECTA
DITAS,15M,2026-02-26 20:30:00,2026-02-26,20:30:00,47404.44141,47424.44141,47404.44141,47424.44141,0,DIRECTA
DITAS,15M,2026-02-26 20:45:00,2026-02-26,20:45:00,47419.44141,47434.44141,47414.44141,47424.44141,0,DIRECTA
DITAS,15M,2026-02-26 21:00:00,2026-02-26,21:00:00,47424.44141,47469.44141,47424.44141,47439.44141,0,DIRECTA
DITAS,15M,2026-02-26 21:15:00,2026-02-26,21:15:00,47439.44141,47449.44141,47439.44141,47449.44141,0,DIRECTA
DITAS,15M,2026-02-26 21:30:00,2026-02-26,21:30:00,47454.44141,47489.44141,47449.44141,47474.44141,0,DIRECTA
DITAS,15M,2026-02-26 21:45:00,2026-02-26,21:45:00,47484.44141,47489.44141,47454.44141,47479.44141,0,DIRECTA
DITAS,15M,2026-02-27 08:00:00,2026-02-27,08:00:00,47424.94141,47464.94141,47389.94141,47444.94141,0,DIRECTA
DITAS,15M,2026-02-27 08:15:00,2026-02-27,08:15:00,47449.94141,47459.94141,47444.94141,47449.94141,0,DIRECTA
DITAS,15M,2026-02-27 08:30:00,2026-02-27,08:30:00,47444.94141,47459.94141,47444.94141,47459.94141,0,DIRECTA
DITAS,15M,2026-02-27 08:45:00,2026-02-27,08:45:00,47454.94141,47574.94141,47454.94141,47514.94141,0,DIRECTA
DITAS,15M,2026-02-27 09:00:00,2026-02-27,09:00:00,47499.94141,47519.94141,47369.94141,47369.94141,0,DIRECTA
DITAS,15M,2026-02-27 09:15:00,2026-02-27,09:15:00,47364.94141,47529.94141,47334.94141,47474.94141,0,DIRECTA
DITAS,15M,2026-02-27 09:30:00,2026-02-27,09:30:00,47499.94141,47539.94141,47449.94141,47479.94141,0,DIRECTA
DITAS,15M,2026-02-27 09:45:00,2026-02-27,09:45:00,47494.94141,47619.94141,47494.94141,47584.94141,0,DIRECTA
DITAS,15M,2026-02-27 10:00:00,2026-02-27,10:00:00,47604.94141,47659.94141,47579.94141,47589.94141,0,DIRECTA
DITAS,15M,2026-02-27 10:15:00,2026-02-27,10:15:00,47594.94141,47624.94141,47519.94141,47539.94141,0,DIRECTA
DITAS,15M,2026-02-27 10:30:00,2026-02-27,10:30:00,47534.94141,47564.94141,47434.94141,47434.94141,0,DIRECTA
DITAS,15M,2026-02-27 10:45:00,2026-02-27,10:45:00,47424.94141,47474.94141,47419.94141,47449.94141,0,DIRECTA
DITAS,15M,2026-02-27 11:00:00,2026-02-27,11:00:00,47454.94141,47479.94141,47419.94141,47439.94141,0,DIRECTA
DITAS,15M,2026-02-27 11:15:00,2026-02-27,11:15:00,47459.94141,47529.94141,47459.94141,47474.94141,0,DIRECTA
DITAS,15M,2026-02-27 11:30:00,2026-02-27,11:30:00,47489.94141,47499.94141,47424.94141,47469.94141,0,DIRECTA
DITAS,15M,2026-02-27 11:45:00,2026-02-27,11:45:00,47474.94141,47484.94141,47424.94141,47459.94141,0,DIRECTA
DITAS,15M,2026-02-27 12:00:00,2026-02-27,12:00:00,47464.94141,47479.94141,47439.94141,47444.94141,0,DIRECTA
DITAS,15M,2026-02-27 12:15:00,2026-02-27,12:15:00,47444.94141,47499.94141,47429.94141,47489.94141,0,DIRECTA
DITAS,15M,2026-02-27 12:30:00,2026-02-27,12:30:00,47484.94141,47504.94141,47454.94141,47454.94141,0,DIRECTA
DITAS,15M,2026-02-27 12:45:00,2026-02-27,12:45:00,47459.94141,47479.94141,47454.94141,47474.94141,0,DIRECTA
DITAS,15M,2026-02-27 13:00:00,2026-02-27,13:00:00,47469.94141,47489.94141,47424.94141,47459.94141,0,DIRECTA
DITAS,15M,2026-02-27 13:15:00,2026-02-27,13:15:00,47459.94141,47469.94141,47439.94141,47444.94141,0,DIRECTA
DITAS,15M,2026-02-27 13:30:00,2026-02-27,13:30:00,47454.94141,47459.94141,47394.94141,47409.94141,0,DIRECTA
DITAS,15M,2026-02-27 13:45:00,2026-02-27,13:45:00,47419.94141,47429.94141,47369.94141,47419.94141,0,DIRECTA
DITAS,15M,2026-02-27 14:00:00,2026-02-27,14:00:00,47424.94141,47434.94141,47379.94141,47384.94141,0,DIRECTA
DITAS,15M,2026-02-27 14:15:00,2026-02-27,14:15:00,47384.94141,47384.94141,47209.94141,47224.94141,0,DIRECTA
DITAS,15M,2026-02-27 14:30:00,2026-02-27,14:30:00,47174.94141,47254.94141,47149.94141,47254.94141,0,DIRECTA
DITAS,15M,2026-02-27 14:45:00,2026-02-27,14:45:00,47249.94141,47314.94141,47239.94141,47314.94141,0,DIRECTA
DITAS,15M,2026-02-27 15:00:00,2026-02-27,15:00:00,47314.94141,47334.94141,47274.94141,47299.94141,0,DIRECTA
DITAS,15M,2026-02-27 15:15:00,2026-02-27,15:15:00,47304.94141,47314.94141,47254.94141,47314.94141,0,DIRECTA
DITAS,15M,2026-02-27 15:30:00,2026-02-27,15:30:00,47309.94141,47384.94141,47189.94141,47239.94141,0,DIRECTA
DITAS,15M,2026-02-27 15:45:00,2026-02-27,15:45:00,47229.94141,47249.94141,47124.94141,47129.94141,0,DIRECTA
DITAS,15M,2026-02-27 16:00:00,2026-02-27,16:00:00,47129.94141,47254.94141,47114.94141,47194.94141,0,DIRECTA
DITAS,15M,2026-02-27 16:15:00,2026-02-27,16:15:00,47214.94141,47234.94141,47184.94141,47194.94141,0,DIRECTA
DITAS,15M,2026-02-27 16:30:00,2026-02-27,16:30:00,47194.94141,47284.94141,47184.94141,47279.94141,0,DIRECTA
DITAS,15M,2026-02-27 16:45:00,2026-02-27,16:45:00,47274.94141,47294.94141,47239.94141,47239.94141,0,DIRECTA
DITAS,15M,2026-02-27 17:00:00,2026-02-27,17:00:00,47249.94141,47279.94141,47219.94141,47239.94141,0,DIRECTA
DITAS,15M,2026-02-27 17:15:00,2026-02-27,17:15:00,47234.94141,47274.94141,47209.94141,47229.94141,0,DIRECTA
DITAS,15M,2026-02-27 17:30:00,2026-02-27,17:30:00,47219.94141,47244.94141,47069.94141,47069.94141,0,DIRECTA
DITAS,15M,2026-02-27 17:45:00,2026-02-27,17:45:00,47064.94141,47064.94141,46994.94141,47004.94141,0,DIRECTA
DITAS,15M,2026-02-27 18:00:00,2026-02-27,18:00:00,46999.94141,47084.94141,46999.94141,47019.94141,0,DIRECTA
DITAS,15M,2026-02-27 18:15:00,2026-02-27,18:15:00,47019.94141,47019.94141,46944.94141,46959.94141,0,DIRECTA
DITAS,15M,2026-02-27 18:30:00,2026-02-27,18:30:00,46954.94141,46994.94141,46924.94141,46949.94141,0,DIRECTA
DITAS,15M,2026-02-27 18:45:00,2026-02-27,18:45:00,46944.94141,46944.94141,46884.94141,46919.94141,0,DIRECTA
DITAS,15M,2026-02-27 19:00:00,2026-02-27,19:00:00,46939.94141,46939.94141,46909.94141,46924.94141,0,DIRECTA
DITAS,15M,2026-02-27 19:15:00,2026-02-27,19:15:00,46919.94141,46924.94141,46864.94141,46889.94141,0,DIRECTA
DITAS,15M,2026-02-27 19:30:00,2026-02-27,19:30:00,46889.94141,46919.94141,46884.94141,46919.94141,0,DIRECTA
DITAS,15M,2026-02-27 19:45:00,2026-02-27,19:45:00,46909.94141,46914.94141,46894.94141,46914.94141,0,DIRECTA
DITAS,15M,2026-02-27 20:00:00,2026-02-27,20:00:00,46914.94141,46944.94141,46894.94141,46894.94141,0,DIRECTA
DITAS,15M,2026-02-27 20:15:00,2026-02-27,20:15:00,46884.94141,46899.94141,46869.94141,46869.94141,0,DIRECTA
DITAS,15M,2026-02-27 20:30:00,2026-02-27,20:30:00,46864.94141,46869.94141,46819.94141,46834.94141,0,DIRECTA
DITAS,15M,2026-02-27 20:45:00,2026-02-27,20:45:00,46839.94141,46844.94141,46804.94141,46804.94141,0,DIRECTA
DITAS,15M,2026-02-27 21:00:00,2026-02-27,21:00:00,46809.94141,46879.94141,46809.94141,46879.94141,0,DIRECTA
DITAS,15M,2026-02-27 21:15:00,2026-02-27,21:15:00,46879.94141,46924.94141,46879.94141,46909.94141,0,DIRECTA
DITAS,15M,2026-02-27 21:30:00,2026-02-27,21:30:00,46904.94141,46919.94141,46859.94141,46874.94141,0,DIRECTA
DITAS,15M,2026-02-27 21:45:00,2026-02-27,21:45:00,46874.94141,46919.94141,46864.94141,46909.94141,0,DIRECTA
DITAS,15M,2026-03-02 08:00:00,2026-03-02,08:00:00,46343.89063,46368.89063,46038.89063,46188.89063,0,DIRECTA
DITAS,15M,2026-03-02 08:15:00,2026-03-02,08:15:00,46193.89063,46308.89063,46178.89063,46223.89063,0,DIRECTA
DITAS,15M,2026-03-02 08:30:00,2026-03-02,08:30:00,46218.89063,46238.89063,46188.89063,46223.89063,0,DIRECTA
DITAS,15M,2026-03-02 08:45:00,2026-03-02,08:45:00,46213.89063,46213.89063,45958.89063,46038.89063,0,DIRECTA
DITAS,15M,2026-03-02 09:00:00,2026-03-02,09:00:00,46043.89063,46233.89063,45838.89063,46218.89063,0,DIRECTA
DITAS,15M,2026-03-02 09:15:00,2026-03-02,09:15:00,46183.89063,46183.89063,45978.89063,46053.89063,0,DIRECTA
DITAS,15M,2026-03-02 09:30:00,2026-03-02,09:30:00,46033.89063,46223.89063,46033.89063,46158.89063,0,DIRECTA
DITAS,15M,2026-03-02 09:45:00,2026-03-02,09:45:00,46148.89063,46268.89063,46103.89063,46163.89063,0,DIRECTA
DITAS,15M,2026-03-02 10:00:00,2026-03-02,10:00:00,46183.89063,46273.89063,46073.89063,46263.89063,0,DIRECTA
DITAS,15M,2026-03-02 10:15:00,2026-03-02,10:15:00,46273.89063,46378.89063,46248.89063,46268.89063,0,DIRECTA
DITAS,15M,2026-03-02 10:30:00,2026-03-02,10:30:00,46283.89063,46353.89063,46178.89063,46258.89063,0,DIRECTA
DITAS,15M,2026-03-02 10:45:00,2026-03-02,10:45:00,46243.89063,46278.89063,46163.89063,46278.89063,0,DIRECTA
DITAS,15M,2026-03-02 11:00:00,2026-03-02,11:00:00,46273.89063,46358.89063,46243.89063,46338.89063,0,DIRECTA
DITAS,15M,2026-03-02 11:15:00,2026-03-02,11:15:00,46338.89063,46433.89063,46298.89063,46368.89063,0,DIRECTA
DITAS,15M,2026-03-02 11:30:00,2026-03-02,11:30:00,46368.89063,46443.89063,46363.89063,46428.89063,0,DIRECTA
DITAS,15M,2026-03-02 11:45:00,2026-03-02,11:45:00,46443.89063,46448.89063,46328.89063,46403.89063,0,DIRECTA
DITAS,15M,2026-03-02 12:00:00,2026-03-02,12:00:00,46418.89063,46448.89063,46328.89063,46338.89063,0,DIRECTA
DITAS,15M,2026-03-02 12:15:00,2026-03-02,12:15:00,46338.89063,46443.89063,46308.89063,46393.89063,0,DIRECTA
DITAS,15M,2026-03-02 12:30:00,2026-03-02,12:30:00,46398.89063,46438.89063,46398.89063,46433.89063,0,DIRECTA
DITAS,15M,2026-03-02 12:45:00,2026-03-02,12:45:00,46428.89063,46503.89063,46338.89063,46348.89063,0,DIRECTA
DITAS,15M,2026-03-02 13:00:00,2026-03-02,13:00:00,46363.89063,46393.89063,46283.89063,46328.89063,0,DIRECTA
DITAS,15M,2026-03-02 13:15:00,2026-03-02,13:15:00,46333.89063,46333.89063,46273.89063,46293.89063,0,DIRECTA
DITAS,15M,2026-03-02 13:30:00,2026-03-02,13:30:00,46293.89063,46318.89063,46208.89063,46208.89063,0,DIRECTA
DITAS,15M,2026-03-02 13:45:00,2026-03-02,13:45:00,46218.89063,46258.89063,46158.89063,46218.89063,0,DIRECTA
DITAS,15M,2026-03-02 14:00:00,2026-03-02,14:00:00,46223.89063,46228.89063,46048.89063,46048.89063,0,DIRECTA
DITAS,15M,2026-03-02 14:15:00,2026-03-02,14:15:00,46053.89063,46138.89063,46023.89063,46078.89063,0,DIRECTA
DITAS,15M,2026-03-02 14:30:00,2026-03-02,14:30:00,46073.89063,46073.89063,45993.89063,46008.89063,0,DIRECTA
DITAS,15M,2026-03-02 14:45:00,2026-03-02,14:45:00,46013.89063,46028.89063,45968.89063,46008.89063,0,DIRECTA
DITAS,15M,2026-03-02 15:00:00,2026-03-02,15:00:00,46003.89063,46068.89063,45953.89063,46043.89063,0,DIRECTA
DITAS,15M,2026-03-02 15:15:00,2026-03-02,15:15:00,46053.89063,46058.89063,45993.89063,46023.89063,0,DIRECTA
DITAS,15M,2026-03-02 15:30:00,2026-03-02,15:30:00,46023.89063,46188.89063,46023.89063,46173.89063,0,DIRECTA
DITAS,15M,2026-03-02 15:45:00,2026-03-02,15:45:00,46183.89063,46223.89063,46033.89063,46093.89063,0,DIRECTA
DITAS,15M,2026-03-02 16:00:00,2026-03-02,16:00:00,46108.89063,46258.89063,46083.89063,46218.89063,0,DIRECTA
DITAS,15M,2026-03-02 16:15:00,2026-03-02,16:15:00,46218.89063,46258.89063,46098.89063,46128.89063,0,DIRECTA
DITAS,15M,2026-03-02 16:30:00,2026-03-02,16:30:00,46163.89063,46183.89063,46043.89063,46118.89063,0,DIRECTA
DITAS,15M,2026-03-02 16:45:00,2026-03-02,16:45:00,46113.89063,46148.89063,46058.89063,46073.89063,0,DIRECTA
DITAS,15M,2026-03-02 17:00:00,2026-03-02,17:00:00,46058.89063,46253.89063,46048.89063,46253.89063,0,DIRECTA
DITAS,15M,2026-03-02 17:15:00,2026-03-02,17:15:00,46248.89063,46273.89063,46218.89063,46233.89063,0,DIRECTA
DITAS,15M,2026-03-02 17:30:00,2026-03-02,17:30:00,46238.89063,46373.89063,46203.89063,46373.89063,0,DIRECTA
DITAS,15M,2026-03-02 17:45:00,2026-03-02,17:45:00,46368.89063,46388.89063,46333.89063,46358.89063,0,DIRECTA
DITAS,15M,2026-03-02 18:00:00,2026-03-02,18:00:00,46358.89063,46393.89063,46333.89063,46373.89063,0,DIRECTA
DITAS,15M,2026-03-02 18:15:00,2026-03-02,18:15:00,46383.89063,46418.89063,46373.89063,46378.89063,0,DIRECTA
DITAS,15M,2026-03-02 18:30:00,2026-03-02,18:30:00,46373.89063,46398.89063,46358.89063,46373.89063,0,DIRECTA
DITAS,15M,2026-03-02 18:45:00,2026-03-02,18:45:00,46378.89063,46403.89063,46378.89063,46393.89063,0,DIRECTA
DITAS,15M,2026-03-02 19:00:00,2026-03-02,19:00:00,46388.89063,46393.89063,46373.89063,46378.89063,0,DIRECTA
DITAS,15M,2026-03-02 19:15:00,2026-03-02,19:15:00,46373.89063,46393.89063,46363.89063,46393.89063,0,DIRECTA
DITAS,15M,2026-03-02 19:30:00,2026-03-02,19:30:00,46388.89063,46388.89063,46348.89063,46353.89063,0,DIRECTA
DITAS,15M,2026-03-02 19:45:00,2026-03-02,19:45:00,46343.89063,46343.89063,46308.89063,46308.89063,0,DIRECTA
DITAS,15M,2026-03-02 20:00:00,2026-03-02,20:00:00,46318.89063,46343.89063,46298.89063,46338.89063,0,DIRECTA
DITAS,15M,2026-03-02 20:15:00,2026-03-02,20:15:00,46353.89063,46398.89063,46353.89063,46393.89063,0,DIRECTA
DITAS,15M,2026-03-02 20:30:00,2026-03-02,20:30:00,46398.89063,46428.89063,46388.89063,46393.89063,0,DIRECTA
DITAS,15M,2026-03-02 20:45:00,2026-03-02,20:45:00,46393.89063,46423.89063,46393.89063,46423.89063,0,DIRECTA
DITAS,15M,2026-03-02 21:00:00,2026-03-02,21:00:00,46428.89063,46428.89063,46233.89063,46233.89063,0,DIRECTA
DITAS,15M,2026-03-02 21:15:00,2026-03-02,21:15:00,46223.89063,46313.89063,46223.89063,46268.89063,0,DIRECTA
DITAS,15M,2026-03-02 21:30:00,2026-03-02,21:30:00,46283.89063,46328.89063,46273.89063,46323.89063,0,DIRECTA
DITAS,15M,2026-03-02 21:45:00,2026-03-02,21:45:00,46338.89063,46388.89063,46318.89063,46358.89063,0,DIRECTA
DITAS,15M,2026-03-03 08:00:00,2026-03-03,08:00:00,45959.39844,46029.39844,45884.39844,45884.39844,0,DIRECTA
DITAS,15M,2026-03-03 08:15:00,2026-03-03,08:15:00,45879.39844,45884.39844,45699.39844,45724.39844,0,DIRECTA
DITAS,15M,2026-03-03 08:30:00,2026-03-03,08:30:00,45714.39844,45729.39844,45664.39844,45709.39844,0,DIRECTA
DITAS,15M,2026-03-03 08:45:00,2026-03-03,08:45:00,45709.39844,45729.39844,45649.39844,45709.39844,0,DIRECTA
DITAS,15M,2026-03-03 09:00:00,2026-03-03,09:00:00,45724.39844,45724.39844,45169.39844,45179.39844,0,DIRECTA
DITAS,15M,2026-03-03 09:15:00,2026-03-03,09:15:00,45199.39844,45264.39844,45039.39844,45059.39844,0,DIRECTA
DITAS,15M,2026-03-03 09:30:00,2026-03-03,09:30:00,45049.39844,45094.39844,44709.39844,44719.39844,0,DIRECTA
DITAS,15M,2026-03-03 09:45:00,2026-03-03,09:45:00,44714.39844,44819.39844,44499.39844,44539.39844,0,DIRECTA
DITAS,15M,2026-03-03 10:00:00,2026-03-03,10:00:00,44564.39844,44839.39844,44564.39844,44814.39844,0,DIRECTA
DITAS,15M,2026-03-03 10:15:00,2026-03-03,10:15:00,44809.39844,44809.39844,44654.39844,44699.39844,0,DIRECTA
DITAS,15M,2026-03-03 10:30:00,2026-03-03,10:30:00,44694.39844,44744.39844,44544.39844,44564.39844,0,DIRECTA
DITAS,15M,2026-03-03 10:45:00,2026-03-03,10:45:00,44554.39844,44669.39844,44514.39844,44624.39844,0,DIRECTA
DITAS,15M,2026-03-03 11:00:00,2026-03-03,11:00:00,44624.39844,44634.39844,44359.39844,44374.39844,0,DIRECTA
DITAS,15M,2026-03-03 11:15:00,2026-03-03,11:15:00,44389.39844,44434.39844,44274.39844,44284.39844,0,DIRECTA
DITAS,15M,2026-03-03 11:30:00,2026-03-03,11:30:00,44279.39844,44279.39844,44019.39844,44209.39844,0,DIRECTA
DITAS,15M,2026-03-03 11:45:00,2026-03-03,11:45:00,44224.39844,44374.39844,44224.39844,44374.39844,0,DIRECTA
DITAS,15M,2026-03-03 12:00:00,2026-03-03,12:00:00,44349.39844,44404.39844,44279.39844,44329.39844,0,DIRECTA
DITAS,15M,2026-03-03 12:15:00,2026-03-03,12:15:00,44344.39844,44364.39844,44159.39844,44279.39844,0,DIRECTA
DITAS,15M,2026-03-03 12:30:00,2026-03-03,12:30:00,44289.39844,44394.39844,44289.39844,44389.39844,0,DIRECTA
DITAS,15M,2026-03-03 12:45:00,2026-03-03,12:45:00,44384.39844,44479.39844,44314.39844,44444.39844,0,DIRECTA
DITAS,15M,2026-03-03 13:00:00,2026-03-03,13:00:00,44439.39844,44604.39844,44359.39844,44574.39844,0,DIRECTA
DITAS,15M,2026-03-03 13:15:00,2026-03-03,13:15:00,44554.39844,44619.39844,44539.39844,44569.39844,0,DIRECTA
DITAS,15M,2026-03-03 13:30:00,2026-03-03,13:30:00,44574.39844,44609.39844,44504.39844,44609.39844,0,DIRECTA
DITAS,15M,2026-03-03 13:45:00,2026-03-03,13:45:00,44619.39844,44664.39844,44554.39844,44609.39844,0,DIRECTA
DITAS,15M,2026-03-03 14:00:00,2026-03-03,14:00:00,44619.39844,44619.39844,44439.39844,44439.39844,0,DIRECTA
DITAS,15M,2026-03-03 14:15:00,2026-03-03,14:15:00,44429.39844,44494.39844,44409.39844,44444.39844,0,DIRECTA
DITAS,15M,2026-03-03 14:30:00,2026-03-03,14:30:00,44424.39844,44424.39844,44294.39844,44324.39844,0,DIRECTA
DITAS,15M,2026-03-03 14:45:00,2026-03-03,14:45:00,44324.39844,44364.39844,44289.39844,44299.39844,0,DIRECTA
DITAS,15M,2026-03-03 15:00:00,2026-03-03,15:00:00,44299.39844,44299.39844,44209.39844,44219.39844,0,DIRECTA
DITAS,15M,2026-03-03 15:15:00,2026-03-03,15:15:00,44214.39844,44304.39844,44174.39844,44274.39844,0,DIRECTA
DITAS,15M,2026-03-03 15:30:00,2026-03-03,15:30:00,44294.39844,44379.39844,44124.39844,44149.39844,0,DIRECTA
DITAS,15M,2026-03-03 15:45:00,2026-03-03,15:45:00,44139.39844,44244.39844,44059.39844,44114.39844,0,DIRECTA
DITAS,15M,2026-03-03 16:00:00,2026-03-03,16:00:00,44129.39844,44209.39844,44054.39844,44189.39844,0,DIRECTA
DITAS,15M,2026-03-03 16:15:00,2026-03-03,16:15:00,44199.39844,44204.39844,44024.39844,44079.39844,0,DIRECTA
DITAS,15M,2026-03-03 16:30:00,2026-03-03,16:30:00,44114.39844,44164.39844,44049.39844,44124.39844,0,DIRECTA
DITAS,15M,2026-03-03 16:45:00,2026-03-03,16:45:00,44124.39844,44389.39844,44119.39844,44374.39844,0,DIRECTA
DITAS,15M,2026-03-03 17:00:00,2026-03-03,17:00:00,44369.39844,44509.39844,44274.39844,44434.39844,0,DIRECTA
DITAS,15M,2026-03-03 17:15:00,2026-03-03,17:15:00,44449.39844,44499.39844,44384.39844,44404.39844,0,DIRECTA
DITAS,15M,2026-03-03 17:30:00,2026-03-03,17:30:00,44394.39844,44574.39844,44354.39844,44574.39844,0,DIRECTA
DITAS,15M,2026-03-03 17:45:00,2026-03-03,17:45:00,44564.39844,44684.39844,44554.39844,44599.39844,0,DIRECTA
DITAS,15M,2026-03-03 18:00:00,2026-03-03,18:00:00,44579.39844,44609.39844,44469.39844,44539.39844,0,DIRECTA
DITAS,15M,2026-03-03 18:15:00,2026-03-03,18:15:00,44524.39844,44659.39844,44514.39844,44649.39844,0,DIRECTA
DITAS,15M,2026-03-03 18:30:00,2026-03-03,18:30:00,44654.39844,44699.39844,44589.39844,44689.39844,0,DIRECTA
DITAS,15M,2026-03-03 18:45:00,2026-03-03,18:45:00,44679.39844,44709.39844,44619.39844,44654.39844,0,DIRECTA
DITAS,15M,2026-03-03 19:00:00,2026-03-03,19:00:00,44659.39844,44744.39844,44659.39844,44669.39844,0,DIRECTA
DITAS,15M,2026-03-03 19:15:00,2026-03-03,19:15:00,44694.39844,44849.39844,44694.39844,44829.39844,0,DIRECTA
DITAS,15M,2026-03-03 19:30:00,2026-03-03,19:30:00,44829.39844,44964.39844,44824.39844,44934.39844,0,DIRECTA
DITAS,15M,2026-03-03 19:45:00,2026-03-03,19:45:00,44939.39844,44969.39844,44904.39844,44904.39844,0,DIRECTA
DITAS,15M,2026-03-03 20:00:00,2026-03-03,20:00:00,44914.39844,44934.39844,44804.39844,44859.39844,0,DIRECTA
DITAS,15M,2026-03-03 20:15:00,2026-03-03,20:15:00,44869.39844,44924.39844,44869.39844,44894.39844,0,DIRECTA
DITAS,15M,2026-03-03 20:30:00,2026-03-03,20:30:00,44909.39844,45069.39844,44869.39844,45069.39844,0,DIRECTA
DITAS,15M,2026-03-03 20:45:00,2026-03-03,20:45:00,45074.39844,45074.39844,45004.39844,45039.39844,0,DIRECTA
DITAS,15M,2026-03-03 21:00:00,2026-03-03,21:00:00,45034.39844,45069.39844,45024.39844,45044.39844,0,DIRECTA
DITAS,15M,2026-03-03 21:15:00,2026-03-03,21:15:00,45019.39844,45059.39844,45009.39844,45034.39844,0,DIRECTA
DITAS,15M,2026-03-03 21:30:00,2026-03-03,21:30:00,45049.39844,45094.39844,44994.39844,44999.39844,0,DIRECTA
DITAS,15M,2026-03-03 21:45:00,2026-03-03,21:45:00,44999.39844,45019.39844,44939.39844,44949.39844,0,DIRECTA
DITAS,15M,2026-03-04 08:00:00,2026-03-04,08:00:00,44596.46094,44616.46094,44376.46094,44391.46094,0,DIRECTA
DITAS,15M,2026-03-04 08:15:00,2026-03-04,08:15:00,44376.46094,44611.46094,44376.46094,44611.46094,0,DIRECTA
DITAS,15M,2026-03-04 08:30:00,2026-03-04,08:30:00,44606.46094,44761.46094,44596.46094,44756.46094,0,DIRECTA
DITAS,15M,2026-03-04 08:45:00,2026-03-04,08:45:00,44736.46094,44801.46094,44511.46094,44511.46094,0,DIRECTA
DITAS,15M,2026-03-04 09:00:00,2026-03-04,09:00:00,44476.46094,44696.46094,44441.46094,44691.46094,0,DIRECTA
DITAS,15M,2026-03-04 09:15:00,2026-03-04,09:15:00,44696.46094,44696.46094,44321.46094,44421.46094,0,DIRECTA
DITAS,15M,2026-03-04 09:30:00,2026-03-04,09:30:00,44421.46094,44541.46094,44376.46094,44536.46094,0,DIRECTA
DITAS,15M,2026-03-04 09:45:00,2026-03-04,09:45:00,44556.46094,44611.46094,44401.46094,44441.46094,0,DIRECTA
DITAS,15M,2026-03-04 10:00:00,2026-03-04,10:00:00,44421.46094,44611.46094,44361.46094,44591.46094,0,DIRECTA
DITAS,15M,2026-03-04 10:15:00,2026-03-04,10:15:00,44576.46094,44661.46094,44561.46094,44656.46094,0,DIRECTA
DITAS,15M,2026-03-04 10:30:00,2026-03-04,10:30:00,44636.46094,44736.46094,44611.46094,44701.46094,0,DIRECTA
DITAS,15M,2026-03-04 10:45:00,2026-03-04,10:45:00,44701.46094,44866.46094,44676.46094,44861.46094,0,DIRECTA
DITAS,15M,2026-03-04 11:00:00,2026-03-04,11:00:00,44836.46094,45081.46094,44796.46094,45036.46094,0,DIRECTA
DITAS,15M,2026-03-04 11:15:00,2026-03-04,11:15:00,45056.46094,45076.46094,44936.46094,45041.46094,0,DIRECTA
DITAS,15M,2026-03-04 11:30:00,2026-03-04,11:30:00,45046.46094,45111.46094,45001.46094,45086.46094,0,DIRECTA
DITAS,15M,2026-03-04 11:45:00,2026-03-04,11:45:00,45081.46094,45101.46094,45001.46094,45086.46094,0,DIRECTA
DITAS,15M,2026-03-04 12:00:00,2026-03-04,12:00:00,45091.46094,45236.46094,45086.46094,45211.46094,0,DIRECTA
DITAS,15M,2026-03-04 12:15:00,2026-03-04,12:15:00,45216.46094,45256.46094,45131.46094,45141.46094,0,DIRECTA
DITAS,15M,2026-03-04 12:30:00,2026-03-04,12:30:00,45146.46094,45191.46094,45051.46094,45056.46094,0,DIRECTA
DITAS,15M,2026-03-04 12:45:00,2026-03-04,12:45:00,45046.46094,45131.46094,45041.46094,45076.46094,0,DIRECTA
DITAS,15M,2026-03-04 13:00:00,2026-03-04,13:00:00,45071.46094,45151.46094,45051.46094,45131.46094,0,DIRECTA
DITAS,15M,2026-03-04 13:15:00,2026-03-04,13:15:00,45136.46094,45136.46094,44956.46094,44956.46094,0,DIRECTA
DITAS,15M,2026-03-04 13:30:00,2026-03-04,13:30:00,44971.46094,45016.46094,44921.46094,45016.46094,0,DIRECTA
DITAS,15M,2026-03-04 13:45:00,2026-03-04,13:45:00,45016.46094,45121.46094,44986.46094,45121.46094,0,DIRECTA
DITAS,15M,2026-03-04 14:00:00,2026-03-04,14:00:00,45136.46094,45286.46094,45136.46094,45286.46094,0,DIRECTA
DITAS,15M,2026-03-04 14:15:00,2026-03-04,14:15:00,45286.46094,45286.46094,45206.46094,45261.46094,0,DIRECTA
DITAS,15M,2026-03-04 14:30:00,2026-03-04,14:30:00,45266.46094,45291.46094,45231.46094,45291.46094,0,DIRECTA
DITAS,15M,2026-03-04 14:45:00,2026-03-04,14:45:00,45281.46094,45296.46094,45186.46094,45236.46094,0,DIRECTA
DITAS,15M,2026-03-04 15:00:00,2026-03-04,15:00:00,45241.46094,45256.46094,45186.46094,45211.46094,0,DIRECTA
DITAS,15M,2026-03-04 15:15:00,2026-03-04,15:15:00,45206.46094,45276.46094,45206.46094,45246.46094,0,DIRECTA
DITAS,15M,2026-03-04 15:30:00,2026-03-04,15:30:00,45246.46094,45296.46094,45106.46094,45196.46094,0,DIRECTA
DITAS,15M,2026-03-04 15:45:00,2026-03-04,15:45:00,45171.46094,45261.46094,45146.46094,45241.46094,0,DIRECTA
DITAS,15M,2026-03-04 16:00:00,2026-03-04,16:00:00,45256.46094,45396.46094,45256.46094,45316.46094,0,DIRECTA
DITAS,15M,2026-03-04 16:15:00,2026-03-04,16:15:00,45321.46094,45431.46094,45321.46094,45426.46094,0,DIRECTA
DITAS,15M,2026-03-04 16:30:00,2026-03-04,16:30:00,45436.46094,45466.46094,45356.46094,45391.46094,0,DIRECTA
DITAS,15M,2026-03-04 16:45:00,2026-03-04,16:45:00,45381.46094,45491.46094,45371.46094,45466.46094,0,DIRECTA
DITAS,15M,2026-03-04 17:00:00,2026-03-04,17:00:00,45466.46094,45516.46094,45391.46094,45391.46094,0,DIRECTA
DITAS,15M,2026-03-04 17:15:00,2026-03-04,17:15:00,45401.46094,45431.46094,45306.46094,45321.46094,0,DIRECTA
DITAS,15M,2026-03-04 17:30:00,2026-03-04,17:30:00,45316.46094,45376.46094,45256.46094,45361.46094,0,DIRECTA
DITAS,15M,2026-03-04 17:45:00,2026-03-04,17:45:00,45356.46094,45376.46094,45321.46094,45356.46094,0,DIRECTA
DITAS,15M,2026-03-04 18:00:00,2026-03-04,18:00:00,45351.46094,45381.46094,45346.46094,45356.46094,0,DIRECTA
DITAS,15M,2026-03-04 18:15:00,2026-03-04,18:15:00,45361.46094,45381.46094,45301.46094,45311.46094,0,DIRECTA
DITAS,15M,2026-03-04 18:30:00,2026-03-04,18:30:00,45301.46094,45351.46094,45261.46094,45311.46094,0,DIRECTA
DITAS,15M,2026-03-04 18:45:00,2026-03-04,18:45:00,45336.46094,45361.46094,45336.46094,45351.46094,0,DIRECTA
DITAS,15M,2026-03-04 19:00:00,2026-03-04,19:00:00,45366.46094,45376.46094,45346.46094,45351.46094,0,DIRECTA
DITAS,15M,2026-03-04 19:15:00,2026-03-04,19:15:00,45351.46094,45376.46094,45351.46094,45371.46094,0,DIRECTA
DITAS,15M,2026-03-04 19:30:00,2026-03-04,19:30:00,45381.46094,45446.46094,45381.46094,45441.46094,0,DIRECTA
DITAS,15M,2026-03-04 19:45:00,2026-03-04,19:45:00,45441.46094,45441.46094,45426.46094,45436.46094,0,DIRECTA
DITAS,15M,2026-03-04 20:00:00,2026-03-04,20:00:00,45441.46094,45461.46094,45436.46094,45451.46094,0,DIRECTA
DITAS,15M,2026-03-04 20:15:00,2026-03-04,20:15:00,45451.46094,45451.46094,45426.46094,45426.46094,0,DIRECTA
DITAS,15M,2026-03-04 20:30:00,2026-03-04,20:30:00,45426.46094,45451.46094,45426.46094,45441.46094,0,DIRECTA
DITAS,15M,2026-03-04 20:45:00,2026-03-04,20:45:00,45441.46094,45466.46094,45436.46094,45451.46094,0,DIRECTA
DITAS,15M,2026-03-04 21:00:00,2026-03-04,21:00:00,45446.46094,45446.46094,45416.46094,45416.46094,0,DIRECTA
DITAS,15M,2026-03-04 21:15:00,2026-03-04,21:15:00,45411.46094,45441.46094,45411.46094,45441.46094,0,DIRECTA
DITAS,15M,2026-03-04 21:30:00,2026-03-04,21:30:00,45441.46094,45476.46094,45421.46094,45471.46094,0,DIRECTA
DITAS,15M,2026-03-04 21:45:00,2026-03-04,21:45:00,45471.46094,45486.46094,45446.46094,45461.46094,0,DIRECTA
DITAS,15M,2026-03-05 08:00:00,2026-03-05,08:00:00,45247.87891,45302.87891,45117.87891,45197.87891,0,DIRECTA
DITAS,15M,2026-03-05 08:15:00,2026-03-05,08:15:00,45182.87891,45262.87891,45177.87891,45242.87891,0,DIRECTA
DITAS,15M,2026-03-05 08:30:00,2026-03-05,08:30:00,45242.87891,45242.87891,45117.87891,45127.87891,0,DIRECTA
DITAS,15M,2026-03-05 08:45:00,2026-03-05,08:45:00,45132.87891,45242.87891,45092.87891,45242.87891,0,DIRECTA
DITAS,15M,2026-03-05 09:00:00,2026-03-05,09:00:00,45282.87891,45282.87891,44937.87891,44977.87891,0,DIRECTA
DITAS,15M,2026-03-05 09:15:00,2026-03-05,09:15:00,44962.87891,45047.87891,44927.87891,44962.87891,0,DIRECTA
DITAS,15M,2026-03-05 09:30:00,2026-03-05,09:30:00,44972.87891,45092.87891,44912.87891,44932.87891,0,DIRECTA
DITAS,15M,2026-03-05 09:45:00,2026-03-05,09:45:00,44942.87891,45202.87891,44937.87891,45202.87891,0,DIRECTA
DITAS,15M,2026-03-05 10:00:00,2026-03-05,10:00:00,45192.87891,45627.87891,45187.87891,45542.87891,0,DIRECTA
DITAS,15M,2026-03-05 10:15:00,2026-03-05,10:15:00,45522.87891,45677.87891,45412.87891,45447.87891,0,DIRECTA
DITAS,15M,2026-03-05 10:30:00,2026-03-05,10:30:00,45447.87891,45472.87891,45337.87891,45397.87891,0,DIRECTA
DITAS,15M,2026-03-05 10:45:00,2026-03-05,10:45:00,45422.87891,45542.87891,45412.87891,45532.87891,0,DIRECTA
DITAS,15M,2026-03-05 11:00:00,2026-03-05,11:00:00,45522.87891,45612.87891,45502.87891,45562.87891,0,DIRECTA
DITAS,15M,2026-03-05 11:15:00,2026-03-05,11:15:00,45577.87891,45627.87891,45572.87891,45607.87891,0,DIRECTA
DITAS,15M,2026-03-05 11:30:00,2026-03-05,11:30:00,45612.87891,45617.87891,45462.87891,45472.87891,0,DIRECTA
DITAS,15M,2026-03-05 11:45:00,2026-03-05,11:45:00,45487.87891,45517.87891,45442.87891,45477.87891,0,DIRECTA
DITAS,15M,2026-03-05 12:00:00,2026-03-05,12:00:00,45507.87891,45612.87891,45472.87891,45602.87891,0,DIRECTA
DITAS,15M,2026-03-05 12:15:00,2026-03-05,12:15:00,45612.87891,45632.87891,45552.87891,45577.87891,0,DIRECTA
DITAS,15M,2026-03-05 12:30:00,2026-03-05,12:30:00,45557.87891,45572.87891,45452.87891,45502.87891,0,DIRECTA
DITAS,15M,2026-03-05 12:45:00,2026-03-05,12:45:00,45502.87891,45522.87891,45477.87891,45497.87891,0,DIRECTA
DITAS,15M,2026-03-05 13:00:00,2026-03-05,13:00:00,45487.87891,45487.87891,45372.87891,45392.87891,0,DIRECTA
DITAS,15M,2026-03-05 13:15:00,2026-03-05,13:15:00,45382.87891,45472.87891,45362.87891,45447.87891,0,DIRECTA
DITAS,15M,2026-03-05 13:30:00,2026-03-05,13:30:00,45437.87891,45482.87891,45342.87891,45347.87891,0,DIRECTA
DITAS,15M,2026-03-05 13:45:00,2026-03-05,13:45:00,45332.87891,45382.87891,45237.87891,45257.87891,0,DIRECTA
DITAS,15M,2026-03-05 14:00:00,2026-03-05,14:00:00,45262.87891,45262.87891,45197.87891,45227.87891,0,DIRECTA
DITAS,15M,2026-03-05 14:15:00,2026-03-05,14:15:00,45237.87891,45262.87891,45192.87891,45242.87891,0,DIRECTA
DITAS,15M,2026-03-05 14:30:00,2026-03-05,14:30:00,45252.87891,45252.87891,45132.87891,45172.87891,0,DIRECTA
DITAS,15M,2026-03-05 14:45:00,2026-03-05,14:45:00,45182.87891,45197.87891,45067.87891,45092.87891,0,DIRECTA
DITAS,15M,2026-03-05 15:00:00,2026-03-05,15:00:00,45092.87891,45117.87891,45022.87891,45042.87891,0,DIRECTA
DITAS,15M,2026-03-05 15:15:00,2026-03-05,15:15:00,45042.87891,45062.87891,44967.87891,44997.87891,0,DIRECTA
DITAS,15M,2026-03-05 15:30:00,2026-03-05,15:30:00,45007.87891,45172.87891,45002.87891,45002.87891,0,DIRECTA
DITAS,15M,2026-03-05 15:45:00,2026-03-05,15:45:00,44987.87891,45157.87891,44977.87891,45137.87891,0,DIRECTA
DITAS,15M,2026-03-05 16:00:00,2026-03-05,16:00:00,45132.87891,45182.87891,44977.87891,45017.87891,0,DIRECTA
DITAS,15M,2026-03-05 16:15:00,2026-03-05,16:15:00,44997.87891,45017.87891,44777.87891,44827.87891,0,DIRECTA
DITAS,15M,2026-03-05 16:30:00,2026-03-05,16:30:00,44822.87891,44852.87891,44672.87891,44787.87891,0,DIRECTA
DITAS,15M,2026-03-05 16:45:00,2026-03-05,16:45:00,44797.87891,44902.87891,44772.87891,44862.87891,0,DIRECTA
DITAS,15M,2026-03-05 17:00:00,2026-03-05,17:00:00,44862.87891,44877.87891,44612.87891,44697.87891,0,DIRECTA
DITAS,15M,2026-03-05 17:15:00,2026-03-05,17:15:00,44707.87891,44732.87891,44542.87891,44552.87891,0,DIRECTA
DITAS,15M,2026-03-05 17:30:00,2026-03-05,17:30:00,44552.87891,44702.87891,44552.87891,44677.87891,0,DIRECTA
DITAS,15M,2026-03-05 17:45:00,2026-03-05,17:45:00,44672.87891,44747.87891,44657.87891,44727.87891,0,DIRECTA
DITAS,15M,2026-03-05 18:00:00,2026-03-05,18:00:00,44717.87891,44802.87891,44682.87891,44697.87891,0,DIRECTA
DITAS,15M,2026-03-05 18:15:00,2026-03-05,18:15:00,44677.87891,44677.87891,44607.87891,44632.87891,0,DIRECTA
DITAS,15M,2026-03-05 18:30:00,2026-03-05,18:30:00,44597.87891,44612.87891,44502.87891,44502.87891,0,DIRECTA
DITAS,15M,2026-03-05 18:45:00,2026-03-05,18:45:00,44512.87891,44527.87891,44397.87891,44437.87891,0,DIRECTA
DITAS,15M,2026-03-05 19:00:00,2026-03-05,19:00:00,44422.87891,44517.87891,44422.87891,44512.87891,0,DIRECTA
DITAS,15M,2026-03-05 19:15:00,2026-03-05,19:15:00,44512.87891,44512.87891,44382.87891,44412.87891,0,DIRECTA
DITAS,15M,2026-03-05 19:30:00,2026-03-05,19:30:00,44417.87891,44562.87891,44412.87891,44557.87891,0,DIRECTA
DITAS,15M,2026-03-05 19:45:00,2026-03-05,19:45:00,44562.87891,44562.87891,44447.87891,44482.87891,0,DIRECTA
DITAS,15M,2026-03-05 20:00:00,2026-03-05,20:00:00,44492.87891,44527.87891,44472.87891,44522.87891,0,DIRECTA
DITAS,15M,2026-03-05 20:15:00,2026-03-05,20:15:00,44517.87891,44542.87891,44472.87891,44472.87891,0,DIRECTA
DITAS,15M,2026-03-05 20:30:00,2026-03-05,20:30:00,44472.87891,44472.87891,44397.87891,44447.87891,0,DIRECTA
DITAS,15M,2026-03-05 20:45:00,2026-03-05,20:45:00,44442.87891,44512.87891,44437.87891,44457.87891,0,DIRECTA
DITAS,15M,2026-03-05 21:00:00,2026-03-05,21:00:00,44467.87891,44582.87891,44442.87891,44572.87891,0,DIRECTA
DITAS,15M,2026-03-05 21:15:00,2026-03-05,21:15:00,44582.87891,44702.87891,44572.87891,44637.87891,0,DIRECTA
DITAS,15M,2026-03-05 21:30:00,2026-03-05,21:30:00,44642.87891,44692.87891,44622.87891,44662.87891,0,DIRECTA
DITAS,15M,2026-03-05 21:45:00,2026-03-05,21:45:00,44667.87891,44702.87891,44622.87891,44657.87891,0,DIRECTA
DITAS,15M,2026-03-06 08:00:00,2026-03-06,08:00:00,44908.55078,44958.55078,44853.55078,44903.55078,0,DIRECTA
DITAS,15M,2026-03-06 08:15:00,2026-03-06,08:15:00,44918.55078,44978.55078,44893.55078,44968.55078,0,DIRECTA
DITAS,15M,2026-03-06 08:30:00,2026-03-06,08:30:00,44938.55078,44968.55078,44928.55078,44958.55078,0,DIRECTA
DITAS,15M,2026-03-06 08:45:00,2026-03-06,08:45:00,44968.55078,44968.55078,44913.55078,44918.55078,0,DIRECTA
DITAS,15M,2026-03-06 09:00:00,2026-03-06,09:00:00,44858.55078,44878.55078,44648.55078,44773.55078,0,DIRECTA
DITAS,15M,2026-03-06 09:15:00,2026-03-06,09:15:00,44768.55078,44818.55078,44698.55078,44768.55078,0,DIRECTA
DITAS,15M,2026-03-06 09:30:00,2026-03-06,09:30:00,44763.55078,44993.55078,44733.55078,44983.55078,0,DIRECTA
DITAS,15M,2026-03-06 09:45:00,2026-03-06,09:45:00,44968.55078,45063.55078,44913.55078,44933.55078,0,DIRECTA
DITAS,15M,2026-03-06 10:00:00,2026-03-06,10:00:00,44933.55078,44943.55078,44733.55078,44808.55078,0,DIRECTA
DITAS,15M,2026-03-06 10:15:00,2026-03-06,10:15:00,44793.55078,44843.55078,44558.55078,44583.55078,0,DIRECTA
DITAS,15M,2026-03-06 10:30:00,2026-03-06,10:30:00,44573.55078,44628.55078,44383.55078,44438.55078,0,DIRECTA
DITAS,15M,2026-03-06 10:45:00,2026-03-06,10:45:00,44438.55078,44553.55078,44348.55078,44508.55078,0,DIRECTA
DITAS,15M,2026-03-06 11:00:00,2026-03-06,11:00:00,44503.55078,44668.55078,44493.55078,44588.55078,0,DIRECTA
DITAS,15M,2026-03-06 11:15:00,2026-03-06,11:15:00,44593.55078,44633.55078,44523.55078,44628.55078,0,DIRECTA
DITAS,15M,2026-03-06 11:30:00,2026-03-06,11:30:00,44633.55078,44633.55078,44508.55078,44523.55078,0,DIRECTA
DITAS,15M,2026-03-06 11:45:00,2026-03-06,11:45:00,44533.55078,44553.55078,44478.55078,44478.55078,0,DIRECTA
DITAS,15M,2026-03-06 12:00:00,2026-03-06,12:00:00,44463.55078,44478.55078,44303.55078,44418.55078,0,DIRECTA
DITAS,15M,2026-03-06 12:15:00,2026-03-06,12:15:00,44413.55078,44478.55078,44398.55078,44448.55078,0,DIRECTA
DITAS,15M,2026-03-06 12:30:00,2026-03-06,12:30:00,44448.55078,44453.55078,44113.55078,44133.55078,0,DIRECTA
DITAS,15M,2026-03-06 12:45:00,2026-03-06,12:45:00,44143.55078,44208.55078,44053.55078,44098.55078,0,DIRECTA
DITAS,15M,2026-03-06 13:00:00,2026-03-06,13:00:00,44093.55078,44128.55078,44043.55078,44123.55078,0,DIRECTA
DITAS,15M,2026-03-06 13:15:00,2026-03-06,13:15:00,44128.55078,44238.55078,44128.55078,44208.55078,0,DIRECTA
DITAS,15M,2026-03-06 13:30:00,2026-03-06,13:30:00,44203.55078,44208.55078,44103.55078,44153.55078,0,DIRECTA
DITAS,15M,2026-03-06 13:45:00,2026-03-06,13:45:00,44178.55078,44208.55078,44098.55078,44208.55078,0,DIRECTA
DITAS,15M,2026-03-06 14:00:00,2026-03-06,14:00:00,44198.55078,44358.55078,44198.55078,44343.55078,0,DIRECTA
DITAS,15M,2026-03-06 14:15:00,2026-03-06,14:15:00,44348.55078,44413.55078,44308.55078,44368.55078,0,DIRECTA
DITAS,15M,2026-03-06 14:30:00,2026-03-06,14:30:00,44383.55078,44383.55078,44168.55078,44183.55078,0,DIRECTA
DITAS,15M,2026-03-06 14:45:00,2026-03-06,14:45:00,44168.55078,44168.55078,43893.55078,43938.55078,0,DIRECTA
DITAS,15M,2026-03-06 15:00:00,2026-03-06,15:00:00,43948.55078,44003.55078,43838.55078,43878.55078,0,DIRECTA
DITAS,15M,2026-03-06 15:15:00,2026-03-06,15:15:00,43873.55078,43878.55078,43773.55078,43848.55078,0,DIRECTA
DITAS,15M,2026-03-06 15:30:00,2026-03-06,15:30:00,43878.55078,43918.55078,43663.55078,43738.55078,0,DIRECTA
DITAS,15M,2026-03-06 15:45:00,2026-03-06,15:45:00,43748.55078,43893.55078,43678.55078,43798.55078,0,DIRECTA
DITAS,15M,2026-03-06 16:00:00,2026-03-06,16:00:00,43818.55078,44013.55078,43818.55078,43978.55078,0,DIRECTA
DITAS,15M,2026-03-06 16:15:00,2026-03-06,16:15:00,43983.55078,44128.55078,43978.55078,44098.55078,0,DIRECTA
DITAS,15M,2026-03-06 16:30:00,2026-03-06,16:30:00,44103.55078,44148.55078,44033.55078,44038.55078,0,DIRECTA
DITAS,15M,2026-03-06 16:45:00,2026-03-06,16:45:00,44038.55078,44083.55078,43908.55078,44083.55078,0,DIRECTA
DITAS,15M,2026-03-06 17:00:00,2026-03-06,17:00:00,44068.55078,44148.55078,44013.55078,44033.55078,0,DIRECTA
DITAS,15M,2026-03-06 17:15:00,2026-03-06,17:15:00,44023.55078,44083.55078,43998.55078,44083.55078,0,DIRECTA
DITAS,15M,2026-03-06 17:30:00,2026-03-06,17:30:00,44088.55078,44258.55078,44043.55078,44198.55078,0,DIRECTA
DITAS,15M,2026-03-06 17:45:00,2026-03-06,17:45:00,44198.55078,44273.55078,44163.55078,44213.55078,0,DIRECTA
DITAS,15M,2026-03-06 18:00:00,2026-03-06,18:00:00,44198.55078,44248.55078,44143.55078,44178.55078,0,DIRECTA
DITAS,15M,2026-03-06 18:15:00,2026-03-06,18:15:00,44183.55078,44263.55078,44148.55078,44178.55078,0,DIRECTA
DITAS,15M,2026-03-06 18:30:00,2026-03-06,18:30:00,44178.55078,44208.55078,44108.55078,44123.55078,0,DIRECTA
DITAS,15M,2026-03-06 18:45:00,2026-03-06,18:45:00,44128.55078,44193.55078,44128.55078,44163.55078,0,DIRECTA
DITAS,15M,2026-03-06 19:00:00,2026-03-06,19:00:00,44173.55078,44348.55078,44163.55078,44328.55078,0,DIRECTA
DITAS,15M,2026-03-06 19:15:00,2026-03-06,19:15:00,44323.55078,44348.55078,44288.55078,44293.55078,0,DIRECTA
DITAS,15M,2026-03-06 19:30:00,2026-03-06,19:30:00,44298.55078,44348.55078,44268.55078,44313.55078,0,DIRECTA
DITAS,15M,2026-03-06 19:45:00,2026-03-06,19:45:00,44313.55078,44318.55078,44248.55078,44278.55078,0,DIRECTA
DITAS,15M,2026-03-06 20:00:00,2026-03-06,20:00:00,44283.55078,44323.55078,44278.55078,44308.55078,0,DIRECTA
DITAS,15M,2026-03-06 20:15:00,2026-03-06,20:15:00,44303.55078,44318.55078,44248.55078,44308.55078,0,DIRECTA
DITAS,15M,2026-03-06 20:30:00,2026-03-06,20:30:00,44318.55078,44368.55078,44318.55078,44338.55078,0,DIRECTA
DITAS,15M,2026-03-06 20:45:00,2026-03-06,20:45:00,44333.55078,44353.55078,44313.55078,44353.55078,0,DIRECTA
DITAS,15M,2026-03-06 21:00:00,2026-03-06,21:00:00,44358.55078,44388.55078,44343.55078,44353.55078,0,DIRECTA
DITAS,15M,2026-03-06 21:15:00,2026-03-06,21:15:00,44358.55078,44373.55078,44248.55078,44268.55078,0,DIRECTA
DITAS,15M,2026-03-06 21:30:00,2026-03-06,21:30:00,44273.55078,44293.55078,44198.55078,44248.55078,0,DIRECTA
DITAS,15M,2026-03-06 21:45:00,2026-03-06,21:45:00,44228.55078,44268.55078,44218.55078,44253.55078,0,DIRECTA
DITAS,15M,2026-03-09 08:00:00,2026-03-09,08:00:00,43108.26172,43128.26172,42693.26172,43073.26172,0,DIRECTA
DITAS,15M,2026-03-09 08:15:00,2026-03-09,08:15:00,43083.26172,43303.26172,43058.26172,43283.26172,0,DIRECTA
DITAS,15M,2026-03-09 08:30:00,2026-03-09,08:30:00,43283.26172,43283.26172,43173.26172,43208.26172,0,DIRECTA
DITAS,15M,2026-03-09 08:45:00,2026-03-09,08:45:00,43198.26172,43208.26172,42993.26172,42993.26172,0,DIRECTA
DITAS,15M,2026-03-09 09:00:00,2026-03-09,09:00:00,43013.26172,43078.26172,42823.26172,43003.26172,0,DIRECTA
DITAS,15M,2026-03-09 09:15:00,2026-03-09,09:15:00,42958.26172,43178.26172,42908.26172,43043.26172,0,DIRECTA
DITAS,15M,2026-03-09 09:30:00,2026-03-09,09:30:00,43043.26172,43208.26172,42973.26172,42983.26172,0,DIRECTA
DITAS,15M,2026-03-09 09:45:00,2026-03-09,09:45:00,42988.26172,43138.26172,42948.26172,43048.26172,0,DIRECTA
DITAS,15M,2026-03-09 10:00:00,2026-03-09,10:00:00,43063.26172,43128.26172,42918.26172,43113.26172,0,DIRECTA
DITAS,15M,2026-03-09 10:15:00,2026-03-09,10:15:00,43108.26172,43348.26172,43073.26172,43348.26172,0,DIRECTA
DITAS,15M,2026-03-09 10:30:00,2026-03-09,10:30:00,43368.26172,43523.26172,43273.26172,43463.26172,0,DIRECTA
DITAS,15M,2026-03-09 10:45:00,2026-03-09,10:45:00,43428.26172,43473.26172,43393.26172,43473.26172,0,DIRECTA
DITAS,15M,2026-03-09 11:00:00,2026-03-09,11:00:00,43478.26172,43523.26172,43323.26172,43353.26172,0,DIRECTA
DITAS,15M,2026-03-09 11:15:00,2026-03-09,11:15:00,43393.26172,43433.26172,43298.26172,43298.26172,0,DIRECTA
DITAS,15M,2026-03-09 11:30:00,2026-03-09,11:30:00,43288.26172,43433.26172,43263.26172,43388.26172,0,DIRECTA
DITAS,15M,2026-03-09 11:45:00,2026-03-09,11:45:00,43383.26172,43433.26172,43288.26172,43433.26172,0,DIRECTA
DITAS,15M,2026-03-09 12:00:00,2026-03-09,12:00:00,43423.26172,43538.26172,43423.26172,43488.26172,0,DIRECTA
DITAS,15M,2026-03-09 12:15:00,2026-03-09,12:15:00,43468.26172,43508.26172,43403.26172,43418.26172,0,DIRECTA
DITAS,15M,2026-03-09 12:30:00,2026-03-09,12:30:00,43418.26172,43563.26172,43358.26172,43468.26172,0,DIRECTA
DITAS,15M,2026-03-09 12:45:00,2026-03-09,12:45:00,43463.26172,43548.26172,43453.26172,43503.26172,0,DIRECTA
DITAS,15M,2026-03-09 13:00:00,2026-03-09,13:00:00,43508.26172,43623.26172,43498.26172,43613.26172,0,DIRECTA
DITAS,15M,2026-03-09 13:15:00,2026-03-09,13:15:00,43618.26172,43688.26172,43598.26172,43663.26172,0,DIRECTA
DITAS,15M,2026-03-09 13:30:00,2026-03-09,13:30:00,43663.26172,43673.26172,43483.26172,43498.26172,0,DIRECTA
DITAS,15M,2026-03-09 13:45:00,2026-03-09,13:45:00,43503.26172,43503.26172,43383.26172,43448.26172,0,DIRECTA
DITAS,15M,2026-03-09 14:00:00,2026-03-09,14:00:00,43463.26172,43648.26172,43458.26172,43628.26172,0,DIRECTA
DITAS,15M,2026-03-09 14:15:00,2026-03-09,14:15:00,43638.26172,43713.26172,43618.26172,43683.26172,0,DIRECTA
DITAS,15M,2026-03-09 14:30:00,2026-03-09,14:30:00,43698.26172,43743.26172,43568.26172,43608.26172,0,DIRECTA
DITAS,15M,2026-03-09 14:45:00,2026-03-09,14:45:00,43628.26172,43653.26172,43388.26172,43543.26172,0,DIRECTA
DITAS,15M,2026-03-09 15:00:00,2026-03-09,15:00:00,43543.26172,43658.26172,43343.26172,43448.26172,0,DIRECTA
DITAS,15M,2026-03-09 15:15:00,2026-03-09,15:15:00,43453.26172,43638.26172,43453.26172,43583.26172,0,DIRECTA
DITAS,15M,2026-03-09 15:30:00,2026-03-09,15:30:00,43618.26172,43788.26172,43618.26172,43778.26172,0,DIRECTA
DITAS,15M,2026-03-09 15:45:00,2026-03-09,15:45:00,43773.26172,43848.26172,43703.26172,43828.26172,0,DIRECTA
DITAS,15M,2026-03-09 16:00:00,2026-03-09,16:00:00,43843.26172,43903.26172,43808.26172,43903.26172,0,DIRECTA
DITAS,15M,2026-03-09 16:15:00,2026-03-09,16:15:00,43918.26172,44033.26172,43888.26172,44013.26172,0,DIRECTA
DITAS,15M,2026-03-09 16:30:00,2026-03-09,16:30:00,44028.26172,44048.26172,43958.26172,43958.26172,0,DIRECTA
DITAS,15M,2026-03-09 16:45:00,2026-03-09,16:45:00,43958.26172,44023.26172,43923.26172,43983.26172,0,DIRECTA
DITAS,15M,2026-03-09 17:00:00,2026-03-09,17:00:00,43988.26172,44063.26172,43943.26172,44013.26172,0,DIRECTA
DITAS,15M,2026-03-09 17:15:00,2026-03-09,17:15:00,44008.26172,44053.26172,43883.26172,43988.26172,0,DIRECTA
DITAS,15M,2026-03-09 17:30:00,2026-03-09,17:30:00,44003.26172,44153.26172,43933.26172,44153.26172,0,DIRECTA
DITAS,15M,2026-03-09 17:45:00,2026-03-09,17:45:00,44148.26172,44158.26172,44098.26172,44108.26172,0,DIRECTA
DITAS,15M,2026-03-09 18:00:00,2026-03-09,18:00:00,44108.26172,44108.26172,44008.26172,44013.26172,0,DIRECTA
DITAS,15M,2026-03-09 18:15:00,2026-03-09,18:15:00,44018.26172,44018.26172,43908.26172,43918.26172,0,DIRECTA
DITAS,15M,2026-03-09 18:30:00,2026-03-09,18:30:00,43928.26172,43933.26172,43853.26172,43883.26172,0,DIRECTA
DITAS,15M,2026-03-09 18:45:00,2026-03-09,18:45:00,43883.26172,43928.26172,43883.26172,43893.26172,0,DIRECTA
DITAS,15M,2026-03-09 19:00:00,2026-03-09,19:00:00,43913.26172,43988.26172,43913.26172,43988.26172,0,DIRECTA
DITAS,15M,2026-03-09 19:15:00,2026-03-09,19:15:00,43973.26172,44078.26172,43973.26172,43993.26172,0,DIRECTA
DITAS,15M,2026-03-09 19:30:00,2026-03-09,19:30:00,44018.26172,44038.26172,44003.26172,44023.26172,0,DIRECTA
DITAS,15M,2026-03-09 19:45:00,2026-03-09,19:45:00,44028.26172,44053.26172,43998.26172,43998.26172,0,DIRECTA
DITAS,15M,2026-03-09 20:00:00,2026-03-09,20:00:00,44018.26172,44033.26172,43988.26172,44018.26172,0,DIRECTA
DITAS,15M,2026-03-09 20:15:00,2026-03-09,20:15:00,44018.26172,44618.26172,44018.26172,44588.26172,0,DIRECTA
DITAS,15M,2026-03-09 20:30:00,2026-03-09,20:30:00,44588.26172,44953.26172,44513.26172,44788.26172,0,DIRECTA
DITAS,15M,2026-03-09 20:45:00,2026-03-09,20:45:00,44768.26172,44798.26172,44718.26172,44738.26172,0,DIRECTA
DITAS,15M,2026-03-09 21:00:00,2026-03-09,21:00:00,44758.26172,44803.26172,44643.26172,44713.26172,0,DIRECTA
DITAS,15M,2026-03-09 21:15:00,2026-03-09,21:15:00,44723.26172,44743.26172,44688.26172,44743.26172,0,DIRECTA
DITAS,15M,2026-03-09 21:30:00,2026-03-09,21:30:00,44728.26172,44788.26172,44723.26172,44763.26172,0,DIRECTA
DITAS,15M,2026-03-09 21:45:00,2026-03-09,21:45:00,44768.26172,44828.26172,44748.26172,44798.26172,0,DIRECTA
DITAS,15M,2026-03-10 08:00:00,2026-03-10,08:00:00,44642.96094,44862.96094,44617.96094,44777.96094,0,DIRECTA
DITAS,15M,2026-03-10 08:15:00,2026-03-10,08:15:00,44757.96094,44947.96094,44752.96094,44937.96094,0,DIRECTA
DITAS,15M,2026-03-10 08:30:00,2026-03-10,08:30:00,44952.96094,44992.96094,44872.96094,44957.96094,0,DIRECTA
DITAS,15M,2026-03-10 08:45:00,2026-03-10,08:45:00,44957.96094,45007.96094,44927.96094,44957.96094,0,DIRECTA
DITAS,15M,2026-03-10 09:00:00,2026-03-10,09:00:00,44942.96094,45232.96094,44932.96094,45072.96094,0,DIRECTA
DITAS,15M,2026-03-10 09:15:00,2026-03-10,09:15:00,45072.96094,45087.96094,44917.96094,45087.96094,0,DIRECTA
DITAS,15M,2026-03-10 09:30:00,2026-03-10,09:30:00,45062.96094,45197.96094,45042.96094,45182.96094,0,DIRECTA
DITAS,15M,2026-03-10 09:45:00,2026-03-10,09:45:00,45192.96094,45257.96094,45112.96094,45147.96094,0,DIRECTA
DITAS,15M,2026-03-10 10:00:00,2026-03-10,10:00:00,45142.96094,45277.96094,45117.96094,45267.96094,0,DIRECTA
DITAS,15M,2026-03-10 10:15:00,2026-03-10,10:15:00,45267.96094,45267.96094,45167.96094,45232.96094,0,DIRECTA
DITAS,15M,2026-03-10 10:30:00,2026-03-10,10:30:00,45227.96094,45322.96094,45227.96094,45307.96094,0,DIRECTA
DITAS,15M,2026-03-10 10:45:00,2026-03-10,10:45:00,45302.96094,45302.96094,45187.96094,45192.96094,0,DIRECTA
DITAS,15M,2026-03-10 11:00:00,2026-03-10,11:00:00,45192.96094,45202.96094,45127.96094,45132.96094,0,DIRECTA
DITAS,15M,2026-03-10 11:15:00,2026-03-10,11:15:00,45137.96094,45227.96094,45102.96094,45227.96094,0,DIRECTA
DITAS,15M,2026-03-10 11:30:00,2026-03-10,11:30:00,45232.96094,45247.96094,45127.96094,45212.96094,0,DIRECTA
DITAS,15M,2026-03-10 11:45:00,2026-03-10,11:45:00,45212.96094,45267.96094,45157.96094,45257.96094,0,DIRECTA
DITAS,15M,2026-03-10 12:00:00,2026-03-10,12:00:00,45262.96094,45302.96094,45172.96094,45172.96094,0,DIRECTA
DITAS,15M,2026-03-10 12:15:00,2026-03-10,12:15:00,45167.96094,45167.96094,45107.96094,45147.96094,0,DIRECTA
DITAS,15M,2026-03-10 12:30:00,2026-03-10,12:30:00,45147.96094,45157.96094,45027.96094,45032.96094,0,DIRECTA
DITAS,15M,2026-03-10 12:45:00,2026-03-10,12:45:00,45027.96094,45052.96094,44982.96094,45017.96094,0,DIRECTA
DITAS,15M,2026-03-10 13:00:00,2026-03-10,13:00:00,45002.96094,45017.96094,44847.96094,44917.96094,0,DIRECTA
DITAS,15M,2026-03-10 13:15:00,2026-03-10,13:15:00,44907.96094,44942.96094,44847.96094,44847.96094,0,DIRECTA
DITAS,15M,2026-03-10 13:30:00,2026-03-10,13:30:00,44847.96094,44987.96094,44792.96094,44967.96094,0,DIRECTA
DITAS,15M,2026-03-10 13:45:00,2026-03-10,13:45:00,44962.96094,45042.96094,44962.96094,45022.96094,0,DIRECTA
DITAS,15M,2026-03-10 14:00:00,2026-03-10,14:00:00,45017.96094,45057.96094,44982.96094,45037.96094,0,DIRECTA
DITAS,15M,2026-03-10 14:15:00,2026-03-10,14:15:00,45052.96094,45092.96094,45012.96094,45092.96094,0,DIRECTA
DITAS,15M,2026-03-10 14:30:00,2026-03-10,14:30:00,45092.96094,45127.96094,44982.96094,45042.96094,0,DIRECTA
DITAS,15M,2026-03-10 14:45:00,2026-03-10,14:45:00,45027.96094,45027.96094,44877.96094,44907.96094,0,DIRECTA
DITAS,15M,2026-03-10 15:00:00,2026-03-10,15:00:00,44897.96094,44952.96094,44817.96094,44857.96094,0,DIRECTA
DITAS,15M,2026-03-10 15:15:00,2026-03-10,15:15:00,44857.96094,45077.96094,44852.96094,45057.96094,0,DIRECTA
DITAS,15M,2026-03-10 15:30:00,2026-03-10,15:30:00,45062.96094,45267.96094,45062.96094,45267.96094,0,DIRECTA
DITAS,15M,2026-03-10 15:45:00,2026-03-10,15:45:00,45262.96094,45397.96094,45227.96094,45382.96094,0,DIRECTA
DITAS,15M,2026-03-10 16:00:00,2026-03-10,16:00:00,45392.96094,45407.96094,45252.96094,45277.96094,0,DIRECTA
DITAS,15M,2026-03-10 16:15:00,2026-03-10,16:15:00,45272.96094,45337.96094,45252.96094,45302.96094,0,DIRECTA
DITAS,15M,2026-03-10 16:30:00,2026-03-10,16:30:00,45307.96094,45337.96094,45267.96094,45337.96094,0,DIRECTA
DITAS,15M,2026-03-10 16:45:00,2026-03-10,16:45:00,45332.96094,45352.96094,45212.96094,45232.96094,0,DIRECTA
DITAS,15M,2026-03-10 17:00:00,2026-03-10,17:00:00,45222.96094,45262.96094,45147.96094,45247.96094,0,DIRECTA
DITAS,15M,2026-03-10 17:15:00,2026-03-10,17:15:00,45247.96094,45267.96094,45197.96094,45227.96094,0,DIRECTA
DITAS,15M,2026-03-10 17:30:00,2026-03-10,17:30:00,45212.96094,45277.96094,45147.96094,45272.96094,0,DIRECTA
DITAS,15M,2026-03-10 17:45:00,2026-03-10,17:45:00,45267.96094,45322.96094,45217.96094,45322.96094,0,DIRECTA
DITAS,15M,2026-03-10 18:00:00,2026-03-10,18:00:00,45322.96094,45447.96094,45317.96094,45407.96094,0,DIRECTA
DITAS,15M,2026-03-10 18:15:00,2026-03-10,18:15:00,45427.96094,45477.96094,45407.96094,45457.96094,0,DIRECTA
DITAS,15M,2026-03-10 18:30:00,2026-03-10,18:30:00,45442.96094,45447.96094,45277.96094,45307.96094,0,DIRECTA
DITAS,15M,2026-03-10 18:45:00,2026-03-10,18:45:00,45317.96094,45392.96094,45312.96094,45342.96094,0,DIRECTA
DITAS,15M,2026-03-10 19:00:00,2026-03-10,19:00:00,45332.96094,45347.96094,45067.96094,45067.96094,0,DIRECTA
DITAS,15M,2026-03-10 19:15:00,2026-03-10,19:15:00,45082.96094,45112.96094,44897.96094,45042.96094,0,DIRECTA
DITAS,15M,2026-03-10 19:30:00,2026-03-10,19:30:00,45052.96094,45077.96094,44967.96094,44977.96094,0,DIRECTA
DITAS,15M,2026-03-10 19:45:00,2026-03-10,19:45:00,44977.96094,45032.96094,44947.96094,44952.96094,0,DIRECTA
DITAS,15M,2026-03-10 20:00:00,2026-03-10,20:00:00,44957.96094,45017.96094,44952.96094,45017.96094,0,DIRECTA
DITAS,15M,2026-03-10 20:15:00,2026-03-10,20:15:00,45022.96094,45042.96094,44942.96094,44942.96094,0,DIRECTA
DITAS,15M,2026-03-10 20:30:00,2026-03-10,20:30:00,44922.96094,44987.96094,44877.96094,44957.96094,0,DIRECTA
DITAS,15M,2026-03-10 20:45:00,2026-03-10,20:45:00,44937.96094,44937.96094,44862.96094,44912.96094,0,DIRECTA
DITAS,15M,2026-03-10 21:00:00,2026-03-10,21:00:00,44897.96094,44962.96094,44897.96094,44952.96094,0,DIRECTA
DITAS,15M,2026-03-10 21:15:00,2026-03-10,21:15:00,44922.96094,44952.96094,44922.96094,44927.96094,0,DIRECTA
DITAS,15M,2026-03-10 21:30:00,2026-03-10,21:30:00,44942.96094,44942.96094,44892.96094,44927.96094,0,DIRECTA
DITAS,15M,2026-03-10 21:45:00,2026-03-10,21:45:00,44927.96094,44927.96094,44882.96094,44887.96094,0,DIRECTA
DITAS,15M,2026-03-11 08:00:00,2026-03-11,08:00:00,45021.69141,45061.69141,44951.69141,45016.69141,0,DIRECTA
DITAS,15M,2026-03-11 08:15:00,2026-03-11,08:15:00,45001.69141,45001.69141,44891.69141,44891.69141,0,DIRECTA
DITAS,15M,2026-03-11 08:30:00,2026-03-11,08:30:00,44896.69141,44906.69141,44731.69141,44756.69141,0,DIRECTA
DITAS,15M,2026-03-11 08:45:00,2026-03-11,08:45:00,44741.69141,44791.69141,44646.69141,44726.69141,0,DIRECTA
DITAS,15M,2026-03-11 09:00:00,2026-03-11,09:00:00,44761.69141,44851.69141,44716.69141,44826.69141,0,DIRECTA
DITAS,15M,2026-03-11 09:15:00,2026-03-11,09:15:00,44841.69141,44946.69141,44751.69141,44906.69141,0,DIRECTA
DITAS,15M,2026-03-11 09:30:00,2026-03-11,09:30:00,44901.69141,44936.69141,44776.69141,44871.69141,0,DIRECTA
DITAS,15M,2026-03-11 09:45:00,2026-03-11,09:45:00,44851.69141,44866.69141,44711.69141,44761.69141,0,DIRECTA
DITAS,15M,2026-03-11 10:00:00,2026-03-11,10:00:00,44746.69141,44746.69141,44631.69141,44661.69141,0,DIRECTA
DITAS,15M,2026-03-11 10:15:00,2026-03-11,10:15:00,44666.69141,44821.69141,44666.69141,44726.69141,0,DIRECTA
DITAS,15M,2026-03-11 10:30:00,2026-03-11,10:30:00,44731.69141,44821.69141,44721.69141,44746.69141,0,DIRECTA
DITAS,15M,2026-03-11 10:45:00,2026-03-11,10:45:00,44766.69141,44811.69141,44686.69141,44686.69141,0,DIRECTA
DITAS,15M,2026-03-11 11:00:00,2026-03-11,11:00:00,44686.69141,44886.69141,44681.69141,44861.69141,0,DIRECTA
DITAS,15M,2026-03-11 11:15:00,2026-03-11,11:15:00,44861.69141,44901.69141,44826.69141,44861.69141,0,DIRECTA
DITAS,15M,2026-03-11 11:30:00,2026-03-11,11:30:00,44866.69141,45071.69141,44866.69141,45066.69141,0,DIRECTA
DITAS,15M,2026-03-11 11:45:00,2026-03-11,11:45:00,45066.69141,45106.69141,45036.69141,45076.69141,0,DIRECTA
DITAS,15M,2026-03-11 12:00:00,2026-03-11,12:00:00,45061.69141,45121.69141,45036.69141,45056.69141,0,DIRECTA
DITAS,15M,2026-03-11 12:15:00,2026-03-11,12:15:00,45061.69141,45061.69141,44836.69141,44856.69141,0,DIRECTA
DITAS,15M,2026-03-11 12:30:00,2026-03-11,12:30:00,44861.69141,44881.69141,44771.69141,44781.69141,0,DIRECTA
DITAS,15M,2026-03-11 12:45:00,2026-03-11,12:45:00,44776.69141,44836.69141,44741.69141,44771.69141,0,DIRECTA
DITAS,15M,2026-03-11 13:00:00,2026-03-11,13:00:00,44771.69141,44806.69141,44701.69141,44746.69141,0,DIRECTA
DITAS,15M,2026-03-11 13:15:00,2026-03-11,13:15:00,44751.69141,44806.69141,44706.69141,44796.69141,0,DIRECTA
DITAS,15M,2026-03-11 13:30:00,2026-03-11,13:30:00,44806.69141,44836.69141,44636.69141,44646.69141,0,DIRECTA
DITAS,15M,2026-03-11 13:45:00,2026-03-11,13:45:00,44641.69141,44681.69141,44581.69141,44676.69141,0,DIRECTA
DITAS,15M,2026-03-11 14:00:00,2026-03-11,14:00:00,44686.69141,44781.69141,44666.69141,44666.69141,0,DIRECTA
DITAS,15M,2026-03-11 14:15:00,2026-03-11,14:15:00,44671.69141,44776.69141,44666.69141,44776.69141,0,DIRECTA
DITAS,15M,2026-03-11 14:30:00,2026-03-11,14:30:00,44761.69141,44826.69141,44751.69141,44771.69141,0,DIRECTA
DITAS,15M,2026-03-11 14:45:00,2026-03-11,14:45:00,44766.69141,44881.69141,44731.69141,44876.69141,0,DIRECTA
DITAS,15M,2026-03-11 15:00:00,2026-03-11,15:00:00,44871.69141,45061.69141,44861.69141,44936.69141,0,DIRECTA
DITAS,15M,2026-03-11 15:15:00,2026-03-11,15:15:00,44941.69141,44941.69141,44706.69141,44766.69141,0,DIRECTA
DITAS,15M,2026-03-11 15:30:00,2026-03-11,15:30:00,44771.69141,44901.69141,44741.69141,44896.69141,0,DIRECTA
DITAS,15M,2026-03-11 15:45:00,2026-03-11,15:45:00,44886.69141,44991.69141,44881.69141,44981.69141,0,DIRECTA
DITAS,15M,2026-03-11 16:00:00,2026-03-11,16:00:00,44976.69141,44996.69141,44806.69141,44816.69141,0,DIRECTA
DITAS,15M,2026-03-11 16:15:00,2026-03-11,16:15:00,44806.69141,44821.69141,44726.69141,44726.69141,0,DIRECTA
DITAS,15M,2026-03-11 16:30:00,2026-03-11,16:30:00,44741.69141,44756.69141,44656.69141,44656.69141,0,DIRECTA
DITAS,15M,2026-03-11 16:45:00,2026-03-11,16:45:00,44651.69141,44756.69141,44641.69141,44681.69141,0,DIRECTA
DITAS,15M,2026-03-11 17:00:00,2026-03-11,17:00:00,44676.69141,44711.69141,44656.69141,44676.69141,0,DIRECTA
DITAS,15M,2026-03-11 17:15:00,2026-03-11,17:15:00,44676.69141,44691.69141,44606.69141,44666.69141,0,DIRECTA
DITAS,15M,2026-03-11 17:30:00,2026-03-11,17:30:00,44666.69141,44861.69141,44666.69141,44811.69141,0,DIRECTA
DITAS,15M,2026-03-11 17:45:00,2026-03-11,17:45:00,44821.69141,44866.69141,44801.69141,44861.69141,0,DIRECTA
DITAS,15M,2026-03-11 18:00:00,2026-03-11,18:00:00,44856.69141,44886.69141,44841.69141,44856.69141,0,DIRECTA
DITAS,15M,2026-03-11 18:15:00,2026-03-11,18:15:00,44861.69141,44886.69141,44821.69141,44881.69141,0,DIRECTA
DITAS,15M,2026-03-11 18:30:00,2026-03-11,18:30:00,44886.69141,44896.69141,44701.69141,44741.69141,0,DIRECTA
DITAS,15M,2026-03-11 18:45:00,2026-03-11,18:45:00,44746.69141,44811.69141,44746.69141,44806.69141,0,DIRECTA
DITAS,15M,2026-03-11 19:00:00,2026-03-11,19:00:00,44796.69141,44806.69141,44741.69141,44751.69141,0,DIRECTA
DITAS,15M,2026-03-11 19:15:00,2026-03-11,19:15:00,44791.69141,44851.69141,44766.69141,44851.69141,0,DIRECTA
DITAS,15M,2026-03-11 19:30:00,2026-03-11,19:30:00,44851.69141,44861.69141,44846.69141,44851.69141,0,DIRECTA
DITAS,15M,2026-03-11 19:45:00,2026-03-11,19:45:00,44871.69141,44881.69141,44846.69141,44866.69141,0,DIRECTA
DITAS,15M,2026-03-11 20:00:00,2026-03-11,20:00:00,44871.69141,44871.69141,44821.69141,44831.69141,0,DIRECTA
DITAS,15M,2026-03-11 20:15:00,2026-03-11,20:15:00,44836.69141,44861.69141,44836.69141,44846.69141,0,DIRECTA
DITAS,15M,2026-03-11 20:30:00,2026-03-11,20:30:00,44861.69141,44926.69141,44861.69141,44896.69141,0,DIRECTA
DITAS,15M,2026-03-11 20:45:00,2026-03-11,20:45:00,44896.69141,44931.69141,44881.69141,44916.69141,0,DIRECTA
DITAS,15M,2026-03-11 21:00:00,2026-03-11,21:00:00,44926.69141,44926.69141,44871.69141,44876.69141,0,DIRECTA
DITAS,15M,2026-03-11 21:15:00,2026-03-11,21:15:00,44846.69141,44846.69141,44816.69141,44816.69141,0,DIRECTA
DITAS,15M,2026-03-11 21:30:00,2026-03-11,21:30:00,44806.69141,44816.69141,44786.69141,44786.69141,0,DIRECTA
DITAS,15M,2026-03-11 21:45:00,2026-03-11,21:45:00,44786.69141,44806.69141,44771.69141,44791.69141,0,DIRECTA
DITAS,15M,2026-03-12 08:00:00,2026-03-12,08:00:00,44548.96094,44548.96094,44418.96094,44478.96094,0,DIRECTA
DITAS,15M,2026-03-12 08:15:00,2026-03-12,08:15:00,44478.96094,44508.96094,44438.96094,44478.96094,0,DIRECTA
DITAS,15M,2026-03-12 08:30:00,2026-03-12,08:30:00,44473.96094,44473.96094,44383.96094,44453.96094,0,DIRECTA
DITAS,15M,2026-03-12 08:45:00,2026-03-12,08:45:00,44453.96094,44628.96094,44398.96094,44623.96094,0,DIRECTA
DITAS,15M,2026-03-12 09:00:00,2026-03-12,09:00:00,44618.96094,44818.96094,44583.96094,44668.96094,0,DIRECTA
DITAS,15M,2026-03-12 09:15:00,2026-03-12,09:15:00,44653.96094,44693.96094,44553.96094,44553.96094,0,DIRECTA
DITAS,15M,2026-03-12 09:30:00,2026-03-12,09:30:00,44543.96094,44658.96094,44528.96094,44643.96094,0,DIRECTA
DITAS,15M,2026-03-12 09:45:00,2026-03-12,09:45:00,44633.96094,44748.96094,44613.96094,44743.96094,0,DIRECTA
DITAS,15M,2026-03-12 10:00:00,2026-03-12,10:00:00,44758.96094,44758.96094,44483.96094,44498.96094,0,DIRECTA
DITAS,15M,2026-03-12 10:15:00,2026-03-12,10:15:00,44493.96094,44613.96094,44433.96094,44588.96094,0,DIRECTA
DITAS,15M,2026-03-12 10:30:00,2026-03-12,10:30:00,44603.96094,44703.96094,44598.96094,44688.96094,0,DIRECTA
DITAS,15M,2026-03-12 10:45:00,2026-03-12,10:45:00,44683.96094,44733.96094,44673.96094,44698.96094,0,DIRECTA
DITAS,15M,2026-03-12 11:00:00,2026-03-12,11:00:00,44688.96094,44718.96094,44618.96094,44668.96094,0,DIRECTA
DITAS,15M,2026-03-12 11:15:00,2026-03-12,11:15:00,44663.96094,44663.96094,44588.96094,44593.96094,0,DIRECTA
DITAS,15M,2026-03-12 11:30:00,2026-03-12,11:30:00,44618.96094,44698.96094,44558.96094,44563.96094,0,DIRECTA
DITAS,15M,2026-03-12 11:45:00,2026-03-12,11:45:00,44568.96094,44653.96094,44508.96094,44508.96094,0,DIRECTA
DITAS,15M,2026-03-12 12:00:00,2026-03-12,12:00:00,44503.96094,44533.96094,44438.96094,44518.96094,0,DIRECTA
DITAS,15M,2026-03-12 12:15:00,2026-03-12,12:15:00,44503.96094,44588.96094,44503.96094,44583.96094,0,DIRECTA
DITAS,15M,2026-03-12 12:30:00,2026-03-12,12:30:00,44593.96094,44668.96094,44593.96094,44653.96094,0,DIRECTA
DITAS,15M,2026-03-12 12:45:00,2026-03-12,12:45:00,44643.96094,44663.96094,44513.96094,44513.96094,0,DIRECTA
DITAS,15M,2026-03-12 13:00:00,2026-03-12,13:00:00,44533.96094,44533.96094,44323.96094,44353.96094,0,DIRECTA
DITAS,15M,2026-03-12 13:15:00,2026-03-12,13:15:00,44353.96094,44378.96094,44278.96094,44348.96094,0,DIRECTA
DITAS,15M,2026-03-12 13:30:00,2026-03-12,13:30:00,44348.96094,44368.96094,44288.96094,44368.96094,0,DIRECTA
DITAS,15M,2026-03-12 13:45:00,2026-03-12,13:45:00,44353.96094,44398.96094,44303.96094,44398.96094,0,DIRECTA
DITAS,15M,2026-03-12 14:00:00,2026-03-12,14:00:00,44408.96094,44468.96094,44383.96094,44383.96094,0,DIRECTA
DITAS,15M,2026-03-12 14:15:00,2026-03-12,14:15:00,44383.96094,44383.96094,44168.96094,44308.96094,0,DIRECTA
DITAS,15M,2026-03-12 14:30:00,2026-03-12,14:30:00,44308.96094,44343.96094,44228.96094,44228.96094,0,DIRECTA
DITAS,15M,2026-03-12 14:45:00,2026-03-12,14:45:00,44213.96094,44303.96094,44088.96094,44153.96094,0,DIRECTA
DITAS,15M,2026-03-12 15:00:00,2026-03-12,15:00:00,44153.96094,44253.96094,44153.96094,44228.96094,0,DIRECTA
DITAS,15M,2026-03-12 15:15:00,2026-03-12,15:15:00,44223.96094,44243.96094,44003.96094,44023.96094,0,DIRECTA
DITAS,15M,2026-03-12 15:30:00,2026-03-12,15:30:00,44033.96094,44123.96094,43998.96094,44123.96094,0,DIRECTA
DITAS,15M,2026-03-12 15:45:00,2026-03-12,15:45:00,44123.96094,44243.96094,44063.96094,44178.96094,0,DIRECTA
DITAS,15M,2026-03-12 16:00:00,2026-03-12,16:00:00,44173.96094,44178.96094,43978.96094,44038.96094,0,DIRECTA
DITAS,15M,2026-03-12 16:15:00,2026-03-12,16:15:00,44048.96094,44198.96094,44018.96094,44153.96094,0,DIRECTA
DITAS,15M,2026-03-12 16:30:00,2026-03-12,16:30:00,44143.96094,44328.96094,44108.96094,44278.96094,0,DIRECTA
DITAS,15M,2026-03-12 16:45:00,2026-03-12,16:45:00,44268.96094,44348.96094,44253.96094,44343.96094,0,DIRECTA
DITAS,15M,2026-03-12 17:00:00,2026-03-12,17:00:00,44343.96094,44403.96094,44243.96094,44348.96094,0,DIRECTA
DITAS,15M,2026-03-12 17:15:00,2026-03-12,17:15:00,44338.96094,44543.96094,44338.96094,44438.96094,0,DIRECTA
DITAS,15M,2026-03-12 17:30:00,2026-03-12,17:30:00,44433.96094,44518.96094,44433.96094,44473.96094,0,DIRECTA
DITAS,15M,2026-03-12 17:45:00,2026-03-12,17:45:00,44463.96094,44463.96094,44383.96094,44423.96094,0,DIRECTA
DITAS,15M,2026-03-12 18:00:00,2026-03-12,18:00:00,44433.96094,44508.96094,44418.96094,44448.96094,0,DIRECTA
DITAS,15M,2026-03-12 18:15:00,2026-03-12,18:15:00,44463.96094,44503.96094,44428.96094,44478.96094,0,DIRECTA
DITAS,15M,2026-03-12 18:30:00,2026-03-12,18:30:00,44478.96094,44538.96094,44463.96094,44473.96094,0,DIRECTA
DITAS,15M,2026-03-12 18:45:00,2026-03-12,18:45:00,44453.96094,44473.96094,44408.96094,44448.96094,0,DIRECTA
DITAS,15M,2026-03-12 19:00:00,2026-03-12,19:00:00,44453.96094,44503.96094,44453.96094,44503.96094,0,DIRECTA
DITAS,15M,2026-03-12 19:15:00,2026-03-12,19:15:00,44508.96094,44518.96094,44438.96094,44458.96094,0,DIRECTA
DITAS,15M,2026-03-12 19:30:00,2026-03-12,19:30:00,44453.96094,44478.96094,44428.96094,44453.96094,0,DIRECTA
DITAS,15M,2026-03-12 19:45:00,2026-03-12,19:45:00,44443.96094,44473.96094,44423.96094,44423.96094,0,DIRECTA
DITAS,15M,2026-03-12 20:00:00,2026-03-12,20:00:00,44413.96094,44448.96094,44383.96094,44413.96094,0,DIRECTA
DITAS,15M,2026-03-12 20:15:00,2026-03-12,20:15:00,44428.96094,44453.96094,44413.96094,44448.96094,0,DIRECTA
DITAS,15M,2026-03-12 20:30:00,2026-03-12,20:30:00,44458.96094,44473.96094,44423.96094,44423.96094,0,DIRECTA
DITAS,15M,2026-03-12 20:45:00,2026-03-12,20:45:00,44423.96094,44423.96094,44373.96094,44373.96094,0,DIRECTA
DITAS,15M,2026-03-12 21:00:00,2026-03-12,21:00:00,44368.96094,44378.96094,44358.96094,44373.96094,0,DIRECTA
DITAS,15M,2026-03-12 21:15:00,2026-03-12,21:15:00,44368.96094,44378.96094,44363.96094,44373.96094,0,DIRECTA
DITAS,15M,2026-03-12 21:30:00,2026-03-12,21:30:00,44363.96094,44378.96094,44353.96094,44368.96094,0,DIRECTA
DITAS,15M,2026-03-12 21:45:00,2026-03-12,21:45:00,44373.96094,44373.96094,44348.96094,44353.96094,0,DIRECTA
DITAS,15M,2026-03-13 08:00:00,2026-03-13,08:00:00,44371.17969,44371.17969,44216.17969,44226.17969,0,DIRECTA
DITAS,15M,2026-03-13 08:15:00,2026-03-13,08:15:00,44226.17969,44286.17969,44191.17969,44286.17969,0,DIRECTA
DITAS,15M,2026-03-13 08:30:00,2026-03-13,08:30:00,44271.17969,44296.17969,44246.17969,44256.17969,0,DIRECTA
DITAS,15M,2026-03-13 08:45:00,2026-03-13,08:45:00,44266.17969,44276.17969,44151.17969,44181.17969,0,DIRECTA
DITAS,15M,2026-03-13 09:00:00,2026-03-13,09:00:00,44126.17969,44166.17969,43936.17969,43966.17969,0,DIRECTA
DITAS,15M,2026-03-13 09:15:00,2026-03-13,09:15:00,43951.17969,43961.17969,43816.17969,43886.17969,0,DIRECTA
DITAS,15M,2026-03-13 09:30:00,2026-03-13,09:30:00,43906.17969,44091.17969,43906.17969,44046.17969,0,DIRECTA
DITAS,15M,2026-03-13 09:45:00,2026-03-13,09:45:00,44031.17969,44221.17969,44006.17969,44211.17969,0,DIRECTA
DITAS,15M,2026-03-13 10:00:00,2026-03-13,10:00:00,44206.17969,44281.17969,44171.17969,44201.17969,0,DIRECTA
DITAS,15M,2026-03-13 10:15:00,2026-03-13,10:15:00,44196.17969,44291.17969,44156.17969,44286.17969,0,DIRECTA
DITAS,15M,2026-03-13 10:30:00,2026-03-13,10:30:00,44291.17969,44291.17969,44146.17969,44191.17969,0,DIRECTA
DITAS,15M,2026-03-13 10:45:00,2026-03-13,10:45:00,44191.17969,44306.17969,44181.17969,44261.17969,0,DIRECTA
DITAS,15M,2026-03-13 11:00:00,2026-03-13,11:00:00,44246.17969,44441.17969,44246.17969,44426.17969,0,DIRECTA
DITAS,15M,2026-03-13 11:15:00,2026-03-13,11:15:00,44426.17969,44471.17969,44411.17969,44431.17969,0,DIRECTA
DITAS,15M,2026-03-13 11:30:00,2026-03-13,11:30:00,44431.17969,44436.17969,44326.17969,44326.17969,0,DIRECTA
DITAS,15M,2026-03-13 11:45:00,2026-03-13,11:45:00,44331.17969,44481.17969,44326.17969,44476.17969,0,DIRECTA
DITAS,15M,2026-03-13 12:00:00,2026-03-13,12:00:00,44471.17969,44541.17969,44436.17969,44456.17969,0,DIRECTA
DITAS,15M,2026-03-13 12:15:00,2026-03-13,12:15:00,44456.17969,44566.17969,44451.17969,44521.17969,0,DIRECTA
DITAS,15M,2026-03-13 12:30:00,2026-03-13,12:30:00,44531.17969,44571.17969,44496.17969,44536.17969,0,DIRECTA
DITAS,15M,2026-03-13 12:45:00,2026-03-13,12:45:00,44576.17969,44621.17969,44556.17969,44606.17969,0,DIRECTA
DITAS,15M,2026-03-13 13:00:00,2026-03-13,13:00:00,44616.17969,44686.17969,44611.17969,44661.17969,0,DIRECTA
DITAS,15M,2026-03-13 13:15:00,2026-03-13,13:15:00,44666.17969,44691.17969,44641.17969,44671.17969,0,DIRECTA
DITAS,15M,2026-03-13 13:30:00,2026-03-13,13:30:00,44671.17969,44716.17969,44616.17969,44641.17969,0,DIRECTA
DITAS,15M,2026-03-13 13:45:00,2026-03-13,13:45:00,44651.17969,44816.17969,44651.17969,44716.17969,0,DIRECTA
DITAS,15M,2026-03-13 14:00:00,2026-03-13,14:00:00,44721.17969,44791.17969,44701.17969,44741.17969,0,DIRECTA
DITAS,15M,2026-03-13 14:15:00,2026-03-13,14:15:00,44721.17969,44746.17969,44701.17969,44731.17969,0,DIRECTA
DITAS,15M,2026-03-13 14:30:00,2026-03-13,14:30:00,44736.17969,44876.17969,44696.17969,44861.17969,0,DIRECTA
DITAS,15M,2026-03-13 14:45:00,2026-03-13,14:45:00,44866.17969,44911.17969,44726.17969,44726.17969,0,DIRECTA
DITAS,15M,2026-03-13 15:00:00,2026-03-13,15:00:00,44731.17969,44751.17969,44591.17969,44606.17969,0,DIRECTA
DITAS,15M,2026-03-13 15:15:00,2026-03-13,15:15:00,44606.17969,44661.17969,44561.17969,44656.17969,0,DIRECTA
DITAS,15M,2026-03-13 15:30:00,2026-03-13,15:30:00,44666.17969,44731.17969,44576.17969,44576.17969,0,DIRECTA
DITAS,15M,2026-03-13 15:45:00,2026-03-13,15:45:00,44571.17969,44621.17969,44451.17969,44451.17969,0,DIRECTA
DITAS,15M,2026-03-13 16:00:00,2026-03-13,16:00:00,44486.17969,44516.17969,44421.17969,44516.17969,0,DIRECTA
DITAS,15M,2026-03-13 16:15:00,2026-03-13,16:15:00,44516.17969,44526.17969,44371.17969,44411.17969,0,DIRECTA
DITAS,15M,2026-03-13 16:30:00,2026-03-13,16:30:00,44416.17969,44446.17969,44326.17969,44361.17969,0,DIRECTA
DITAS,15M,2026-03-13 16:45:00,2026-03-13,16:45:00,44361.17969,44436.17969,44256.17969,44261.17969,0,DIRECTA
DITAS,15M,2026-03-13 17:00:00,2026-03-13,17:00:00,44261.17969,44331.17969,44261.17969,44281.17969,0,DIRECTA
DITAS,15M,2026-03-13 17:15:00,2026-03-13,17:15:00,44281.17969,44336.17969,44231.17969,44311.17969,0,DIRECTA
DITAS,15M,2026-03-13 17:30:00,2026-03-13,17:30:00,44306.17969,44361.17969,44286.17969,44291.17969,0,DIRECTA
DITAS,15M,2026-03-13 17:45:00,2026-03-13,17:45:00,44286.17969,44336.17969,44241.17969,44261.17969,0,DIRECTA
DITAS,15M,2026-03-13 18:00:00,2026-03-13,18:00:00,44276.17969,44306.17969,44241.17969,44306.17969,0,DIRECTA
DITAS,15M,2026-03-13 18:15:00,2026-03-13,18:15:00,44311.17969,44336.17969,44256.17969,44266.17969,0,DIRECTA
DITAS,15M,2026-03-13 18:30:00,2026-03-13,18:30:00,44266.17969,44276.17969,44236.17969,44261.17969,0,DIRECTA
DITAS,15M,2026-03-13 18:45:00,2026-03-13,18:45:00,44261.17969,44261.17969,44171.17969,44171.17969,0,DIRECTA
DITAS,15M,2026-03-13 19:00:00,2026-03-13,19:00:00,44186.17969,44216.17969,44186.17969,44216.17969,0,DIRECTA
DITAS,15M,2026-03-13 19:15:00,2026-03-13,19:15:00,44201.17969,44226.17969,44171.17969,44221.17969,0,DIRECTA
DITAS,15M,2026-03-13 19:30:00,2026-03-13,19:30:00,44236.17969,44336.17969,44231.17969,44331.17969,0,DIRECTA
DITAS,15M,2026-03-13 19:45:00,2026-03-13,19:45:00,44331.17969,44351.17969,44321.17969,44331.17969,0,DIRECTA
DITAS,15M,2026-03-13 20:00:00,2026-03-13,20:00:00,44326.17969,44326.17969,44281.17969,44281.17969,0,DIRECTA
DITAS,15M,2026-03-13 20:15:00,2026-03-13,20:15:00,44276.17969,44281.17969,44206.17969,44226.17969,0,DIRECTA
DITAS,15M,2026-03-13 20:30:00,2026-03-13,20:30:00,44226.17969,44236.17969,44156.17969,44176.17969,0,DIRECTA
DITAS,15M,2026-03-13 20:45:00,2026-03-13,20:45:00,44181.17969,44226.17969,44161.17969,44226.17969,0,DIRECTA
DITAS,15M,2026-03-13 21:00:00,2026-03-13,21:00:00,44206.17969,44206.17969,44191.17969,44206.17969,0,DIRECTA
DITAS,15M,2026-03-13 21:15:00,2026-03-13,21:15:00,44201.17969,44206.17969,44186.17969,44186.17969,0,DIRECTA
DITAS,15M,2026-03-13 21:30:00,2026-03-13,21:30:00,44186.17969,44196.17969,44181.17969,44196.17969,0,DIRECTA
DITAS,15M,2026-03-13 21:45:00,2026-03-13,21:45:00,44186.17969,44206.17969,44161.17969,44161.17969,0,DIRECTA
DITAS,15M,2026-03-16 08:00:00,2026-03-16,08:00:00,44458.92188,44673.92188,44403.92188,44413.92188,0,DIRECTA
DITAS,15M,2026-03-16 08:15:00,2026-03-16,08:15:00,44403.92188,44413.92188,44303.92188,44303.92188,0,DIRECTA
DITAS,15M,2026-03-16 08:30:00,2026-03-16,08:30:00,44323.92188,44323.92188,44208.92188,44258.92188,0,DIRECTA
DITAS,15M,2026-03-16 08:45:00,2026-03-16,08:45:00,44258.92188,44298.92188,44208.92188,44208.92188,0,DIRECTA
DITAS,15M,2026-03-16 09:00:00,2026-03-16,09:00:00,44178.92188,44453.92188,44123.92188,44253.92188,0,DIRECTA
DITAS,15M,2026-03-16 09:15:00,2026-03-16,09:15:00,44238.92188,44238.92188,44108.92188,44138.92188,0,DIRECTA
DITAS,15M,2026-03-16 09:30:00,2026-03-16,09:30:00,44143.92188,44193.92188,44043.92188,44048.92188,0,DIRECTA
DITAS,15M,2026-03-16 09:45:00,2026-03-16,09:45:00,44053.92188,44163.92188,43988.92188,44048.92188,0,DIRECTA
DITAS,15M,2026-03-16 10:00:00,2026-03-16,10:00:00,44063.92188,44103.92188,43903.92188,44078.92188,0,DIRECTA
DITAS,15M,2026-03-16 10:15:00,2026-03-16,10:15:00,44058.92188,44058.92188,43928.92188,43938.92188,0,DIRECTA
DITAS,15M,2026-03-16 10:30:00,2026-03-16,10:30:00,43923.92188,43923.92188,43818.92188,43843.92188,0,DIRECTA
DITAS,15M,2026-03-16 10:45:00,2026-03-16,10:45:00,43848.92188,43968.92188,43833.92188,43848.92188,0,DIRECTA
DITAS,15M,2026-03-16 11:00:00,2026-03-16,11:00:00,43833.92188,43913.92188,43828.92188,43873.92188,0,DIRECTA
DITAS,15M,2026-03-16 11:15:00,2026-03-16,11:15:00,43883.92188,44078.92188,43883.92188,44038.92188,0,DIRECTA
DITAS,15M,2026-03-16 11:30:00,2026-03-16,11:30:00,44048.92188,44078.92188,44003.92188,44048.92188,0,DIRECTA
DITAS,15M,2026-03-16 11:45:00,2026-03-16,11:45:00,44038.92188,44178.92188,44038.92188,44168.92188,0,DIRECTA
DITAS,15M,2026-03-16 12:00:00,2026-03-16,12:00:00,44163.92188,44218.92188,44153.92188,44188.92188,0,DIRECTA
DITAS,15M,2026-03-16 12:15:00,2026-03-16,12:15:00,44193.92188,44233.92188,44183.92188,44193.92188,0,DIRECTA
DITAS,15M,2026-03-16 12:30:00,2026-03-16,12:30:00,44188.92188,44243.92188,44163.92188,44228.92188,0,DIRECTA
DITAS,15M,2026-03-16 12:45:00,2026-03-16,12:45:00,44228.92188,44243.92188,44218.92188,44233.92188,0,DIRECTA
DITAS,15M,2026-03-16 13:00:00,2026-03-16,13:00:00,44228.92188,44348.92188,44228.92188,44323.92188,0,DIRECTA
DITAS,15M,2026-03-16 13:15:00,2026-03-16,13:15:00,44323.92188,44338.92188,44283.92188,44298.92188,0,DIRECTA
DITAS,15M,2026-03-16 13:30:00,2026-03-16,13:30:00,44313.92188,44373.92188,44303.92188,44368.92188,0,DIRECTA
DITAS,15M,2026-03-16 13:45:00,2026-03-16,13:45:00,44373.92188,44393.92188,44273.92188,44283.92188,0,DIRECTA
DITAS,15M,2026-03-16 14:00:00,2026-03-16,14:00:00,44293.92188,44333.92188,44293.92188,44323.92188,0,DIRECTA
DITAS,15M,2026-03-16 14:15:00,2026-03-16,14:15:00,44338.92188,44378.92188,44318.92188,44378.92188,0,DIRECTA
DITAS,15M,2026-03-16 14:30:00,2026-03-16,14:30:00,44373.92188,44493.92188,44373.92188,44488.92188,0,DIRECTA
DITAS,15M,2026-03-16 14:45:00,2026-03-16,14:45:00,44493.92188,44538.92188,44463.92188,44538.92188,0,DIRECTA
DITAS,15M,2026-03-16 15:00:00,2026-03-16,15:00:00,44528.92188,44568.92188,44503.92188,44523.92188,0,DIRECTA
DITAS,15M,2026-03-16 15:15:00,2026-03-16,15:15:00,44523.92188,44548.92188,44473.92188,44473.92188,0,DIRECTA
DITAS,15M,2026-03-16 15:30:00,2026-03-16,15:30:00,44463.92188,44478.92188,44363.92188,44368.92188,0,DIRECTA
DITAS,15M,2026-03-16 15:45:00,2026-03-16,15:45:00,44393.92188,44498.92188,44373.92188,44498.92188,0,DIRECTA
DITAS,15M,2026-03-16 16:00:00,2026-03-16,16:00:00,44493.92188,44513.92188,44443.92188,44498.92188,0,DIRECTA
DITAS,15M,2026-03-16 16:15:00,2026-03-16,16:15:00,44483.92188,44553.92188,44483.92188,44508.92188,0,DIRECTA
DITAS,15M,2026-03-16 16:30:00,2026-03-16,16:30:00,44523.92188,44588.92188,44523.92188,44573.92188,0,DIRECTA
DITAS,15M,2026-03-16 16:45:00,2026-03-16,16:45:00,44563.92188,44588.92188,44433.92188,44433.92188,0,DIRECTA
DITAS,15M,2026-03-16 17:00:00,2026-03-16,17:00:00,44433.92188,44453.92188,44368.92188,44408.92188,0,DIRECTA
DITAS,15M,2026-03-16 17:15:00,2026-03-16,17:15:00,44413.92188,44453.92188,44313.92188,44318.92188,0,DIRECTA
DITAS,15M,2026-03-16 17:30:00,2026-03-16,17:30:00,44328.92188,44408.92188,44308.92188,44388.92188,0,DIRECTA
DITAS,15M,2026-03-16 17:45:00,2026-03-16,17:45:00,44378.92188,44393.92188,44338.92188,44353.92188,0,DIRECTA
DITAS,15M,2026-03-16 18:00:00,2026-03-16,18:00:00,44373.92188,44428.92188,44368.92188,44428.92188,0,DIRECTA
DITAS,15M,2026-03-16 18:15:00,2026-03-16,18:15:00,44428.92188,44443.92188,44403.92188,44423.92188,0,DIRECTA
DITAS,15M,2026-03-16 18:30:00,2026-03-16,18:30:00,44433.92188,44443.92188,44378.92188,44378.92188,0,DIRECTA
DITAS,15M,2026-03-16 18:45:00,2026-03-16,18:45:00,44383.92188,44388.92188,44333.92188,44378.92188,0,DIRECTA
DITAS,15M,2026-03-16 19:00:00,2026-03-16,19:00:00,44403.92188,44458.92188,44403.92188,44438.92188,0,DIRECTA
DITAS,15M,2026-03-16 19:15:00,2026-03-16,19:15:00,44463.92188,44483.92188,44453.92188,44468.92188,0,DIRECTA
DITAS,15M,2026-03-16 19:30:00,2026-03-16,19:30:00,44483.92188,44483.92188,44458.92188,44473.92188,0,DIRECTA
DITAS,15M,2026-03-16 19:45:00,2026-03-16,19:45:00,44478.92188,44488.92188,44468.92188,44468.92188,0,DIRECTA
DITAS,15M,2026-03-16 20:00:00,2026-03-16,20:00:00,44478.92188,44553.92188,44458.92188,44488.92188,0,DIRECTA
DITAS,15M,2026-03-16 20:15:00,2026-03-16,20:15:00,44483.92188,44488.92188,44448.92188,44458.92188,0,DIRECTA
DITAS,15M,2026-03-16 20:30:00,2026-03-16,20:30:00,44458.92188,44478.92188,44423.92188,44423.92188,0,DIRECTA
DITAS,15M,2026-03-16 20:45:00,2026-03-16,20:45:00,44423.92188,44478.92188,44418.92188,44468.92188,0,DIRECTA
DITAS,15M,2026-03-16 21:00:00,2026-03-16,21:00:00,44488.92188,44488.92188,44458.92188,44478.92188,0,DIRECTA
DITAS,15M,2026-03-16 21:15:00,2026-03-16,21:15:00,44473.92188,44473.92188,44443.92188,44458.92188,0,DIRECTA
DITAS,15M,2026-03-16 21:30:00,2026-03-16,21:30:00,44458.92188,44468.92188,44448.92188,44453.92188,0,DIRECTA
DITAS,15M,2026-03-16 21:45:00,2026-03-16,21:45:00,44453.92188,44468.92188,44443.92188,44443.92188,0,DIRECTA
DITAS,15M,2026-03-17 08:00:00,2026-03-17,08:00:00,44180.55859,44215.55859,44105.55859,44165.55859,0,DIRECTA
DITAS,15M,2026-03-17 08:15:00,2026-03-17,08:15:00,44150.55859,44220.55859,44145.55859,44215.55859,0,DIRECTA
DITAS,15M,2026-03-17 08:30:00,2026-03-17,08:30:00,44215.55859,44225.55859,44185.55859,44185.55859,0,DIRECTA
DITAS,15M,2026-03-17 08:45:00,2026-03-17,08:45:00,44180.55859,44215.55859,44135.55859,44175.55859,0,DIRECTA
DITAS,15M,2026-03-17 09:00:00,2026-03-17,09:00:00,44185.55859,44365.55859,44185.55859,44260.55859,0,DIRECTA
DITAS,15M,2026-03-17 09:15:00,2026-03-17,09:15:00,44265.55859,44385.55859,44260.55859,44300.55859,0,DIRECTA
DITAS,15M,2026-03-17 09:30:00,2026-03-17,09:30:00,44310.55859,44440.55859,44280.55859,44410.55859,0,DIRECTA
DITAS,15M,2026-03-17 09:45:00,2026-03-17,09:45:00,44410.55859,44420.55859,44290.55859,44395.55859,0,DIRECTA
DITAS,15M,2026-03-17 10:00:00,2026-03-17,10:00:00,44405.55859,44485.55859,44405.55859,44450.55859,0,DIRECTA
DITAS,15M,2026-03-17 10:15:00,2026-03-17,10:15:00,44445.55859,44580.55859,44440.55859,44580.55859,0,DIRECTA
DITAS,15M,2026-03-17 10:30:00,2026-03-17,10:30:00,44600.55859,44700.55859,44590.55859,44690.55859,0,DIRECTA
DITAS,15M,2026-03-17 10:45:00,2026-03-17,10:45:00,44685.55859,44745.55859,44675.55859,44720.55859,0,DIRECTA
DITAS,15M,2026-03-17 11:00:00,2026-03-17,11:00:00,44715.55859,44715.55859,44635.55859,44665.55859,0,DIRECTA
DITAS,15M,2026-03-17 11:15:00,2026-03-17,11:15:00,44680.55859,44680.55859,44600.55859,44625.55859,0,DIRECTA
DITAS,15M,2026-03-17 11:30:00,2026-03-17,11:30:00,44630.55859,44695.55859,44610.55859,44685.55859,0,DIRECTA
DITAS,15M,2026-03-17 11:45:00,2026-03-17,11:45:00,44690.55859,44695.55859,44635.55859,44680.55859,0,DIRECTA
DITAS,15M,2026-03-17 12:00:00,2026-03-17,12:00:00,44690.55859,44720.55859,44670.55859,44710.55859,0,DIRECTA
DITAS,15M,2026-03-17 12:15:00,2026-03-17,12:15:00,44720.55859,44740.55859,44690.55859,44715.55859,0,DIRECTA
DITAS,15M,2026-03-17 12:30:00,2026-03-17,12:30:00,44715.55859,44790.55859,44695.55859,44775.55859,0,DIRECTA
DITAS,15M,2026-03-17 12:45:00,2026-03-17,12:45:00,44785.55859,44805.55859,44750.55859,44760.55859,0,DIRECTA
DITAS,15M,2026-03-17 13:00:00,2026-03-17,13:00:00,44765.55859,44900.55859,44765.55859,44860.55859,0,DIRECTA
DITAS,15M,2026-03-17 13:15:00,2026-03-17,13:15:00,44865.55859,44930.55859,44840.55859,44915.55859,0,DIRECTA
DITAS,15M,2026-03-17 13:30:00,2026-03-17,13:30:00,44925.55859,44960.55859,44880.55859,44895.55859,0,DIRECTA
DITAS,15M,2026-03-17 13:45:00,2026-03-17,13:45:00,44895.55859,44920.55859,44875.55859,44910.55859,0,DIRECTA
DITAS,15M,2026-03-17 14:00:00,2026-03-17,14:00:00,44920.55859,45015.55859,44910.55859,44995.55859,0,DIRECTA
DITAS,15M,2026-03-17 14:15:00,2026-03-17,14:15:00,45000.55859,45075.55859,45000.55859,45055.55859,0,DIRECTA
DITAS,15M,2026-03-17 14:30:00,2026-03-17,14:30:00,45065.55859,45125.55859,45040.55859,45085.55859,0,DIRECTA
DITAS,15M,2026-03-17 14:45:00,2026-03-17,14:45:00,45075.55859,45100.55859,45060.55859,45080.55859,0,DIRECTA
DITAS,15M,2026-03-17 15:00:00,2026-03-17,15:00:00,45065.55859,45125.55859,45045.55859,45075.55859,0,DIRECTA
DITAS,15M,2026-03-17 15:15:00,2026-03-17,15:15:00,45060.55859,45100.55859,45055.55859,45060.55859,0,DIRECTA
DITAS,15M,2026-03-17 15:30:00,2026-03-17,15:30:00,45060.55859,45110.55859,45040.55859,45100.55859,0,DIRECTA
DITAS,15M,2026-03-17 15:45:00,2026-03-17,15:45:00,45120.55859,45125.55859,45085.55859,45085.55859,0,DIRECTA
DITAS,15M,2026-03-17 16:00:00,2026-03-17,16:00:00,45095.55859,45105.55859,45010.55859,45015.55859,0,DIRECTA
DITAS,15M,2026-03-17 16:15:00,2026-03-17,16:15:00,45015.55859,45030.55859,44915.55859,44935.55859,0,DIRECTA
DITAS,15M,2026-03-17 16:30:00,2026-03-17,16:30:00,44935.55859,44935.55859,44880.55859,44935.55859,0,DIRECTA
DITAS,15M,2026-03-17 16:45:00,2026-03-17,16:45:00,44930.55859,44965.55859,44905.55859,44915.55859,0,DIRECTA
DITAS,15M,2026-03-17 17:00:00,2026-03-17,17:00:00,44915.55859,44935.55859,44840.55859,44910.55859,0,DIRECTA
DITAS,15M,2026-03-17 17:15:00,2026-03-17,17:15:00,44910.55859,44940.55859,44830.55859,44860.55859,0,DIRECTA
DITAS,15M,2026-03-17 17:30:00,2026-03-17,17:30:00,44855.55859,44915.55859,44790.55859,44915.55859,0,DIRECTA
DITAS,15M,2026-03-17 17:45:00,2026-03-17,17:45:00,44925.55859,44930.55859,44845.55859,44845.55859,0,DIRECTA
DITAS,15M,2026-03-17 18:00:00,2026-03-17,18:00:00,44840.55859,44895.55859,44840.55859,44875.55859,0,DIRECTA
DITAS,15M,2026-03-17 18:15:00,2026-03-17,18:15:00,44870.55859,44895.55859,44865.55859,44895.55859,0,DIRECTA
DITAS,15M,2026-03-17 18:30:00,2026-03-17,18:30:00,44885.55859,44905.55859,44880.55859,44890.55859,0,DIRECTA
DITAS,15M,2026-03-17 18:45:00,2026-03-17,18:45:00,44885.55859,44915.55859,44885.55859,44910.55859,0,DIRECTA
DITAS,15M,2026-03-17 19:00:00,2026-03-17,19:00:00,44920.55859,44930.55859,44900.55859,44930.55859,0,DIRECTA
DITAS,15M,2026-03-17 19:15:00,2026-03-17,19:15:00,44915.55859,44915.55859,44850.55859,44850.55859,0,DIRECTA
DITAS,15M,2026-03-17 19:30:00,2026-03-17,19:30:00,44865.55859,44875.55859,44865.55859,44870.55859,0,DIRECTA
DITAS,15M,2026-03-17 19:45:00,2026-03-17,19:45:00,44880.55859,44910.55859,44880.55859,44900.55859,0,DIRECTA
DITAS,15M,2026-03-17 20:00:00,2026-03-17,20:00:00,44880.55859,44885.55859,44865.55859,44885.55859,0,DIRECTA
DITAS,15M,2026-03-17 20:15:00,2026-03-17,20:15:00,44900.55859,44910.55859,44880.55859,44880.55859,0,DIRECTA
DITAS,15M,2026-03-17 20:30:00,2026-03-17,20:30:00,44885.55859,44885.55859,44865.55859,44865.55859,0,DIRECTA
DITAS,15M,2026-03-17 20:45:00,2026-03-17,20:45:00,44870.55859,44885.55859,44865.55859,44885.55859,0,DIRECTA
DITAS,15M,2026-03-17 21:00:00,2026-03-17,21:00:00,44900.55859,44900.55859,44885.55859,44895.55859,0,DIRECTA
DITAS,15M,2026-03-17 21:15:00,2026-03-17,21:15:00,44890.55859,44895.55859,44890.55859,44895.55859,0,DIRECTA
DITAS,15M,2026-03-17 21:30:00,2026-03-17,21:30:00,44900.55859,44920.55859,44890.55859,44915.55859,0,DIRECTA
DITAS,15M,2026-03-17 21:45:00,2026-03-17,21:45:00,44905.55859,44905.55859,44890.55859,44895.55859,0,DIRECTA
DITAS,15M,2026-03-18 08:00:00,2026-03-18,08:00:00,45151.53906,45406.53906,45151.53906,45216.53906,0,DIRECTA
DITAS,15M,2026-03-18 08:15:00,2026-03-18,08:15:00,45211.53906,45256.53906,45191.53906,45216.53906,0,DIRECTA
DITAS,15M,2026-03-18 08:30:00,2026-03-18,08:30:00,45211.53906,45236.53906,45166.53906,45166.53906,0,DIRECTA
DITAS,15M,2026-03-18 08:45:00,2026-03-18,08:45:00,45166.53906,45166.53906,45126.53906,45146.53906,0,DIRECTA
DITAS,15M,2026-03-18 09:00:00,2026-03-18,09:00:00,45121.53906,45181.53906,45086.53906,45161.53906,0,DIRECTA
DITAS,15M,2026-03-18 09:15:00,2026-03-18,09:15:00,45161.53906,45171.53906,45061.53906,45076.53906,0,DIRECTA
DITAS,15M,2026-03-18 09:30:00,2026-03-18,09:30:00,45081.53906,45126.53906,45036.53906,45111.53906,0,DIRECTA
DITAS,15M,2026-03-18 09:45:00,2026-03-18,09:45:00,45116.53906,45256.53906,45096.53906,45246.53906,0,DIRECTA
DITAS,15M,2026-03-18 10:00:00,2026-03-18,10:00:00,45251.53906,45291.53906,45211.53906,45216.53906,0,DIRECTA
DITAS,15M,2026-03-18 10:15:00,2026-03-18,10:15:00,45211.53906,45271.53906,45201.53906,45246.53906,0,DIRECTA
DITAS,15M,2026-03-18 10:30:00,2026-03-18,10:30:00,45241.53906,45321.53906,45241.53906,45306.53906,0,DIRECTA
DITAS,15M,2026-03-18 10:45:00,2026-03-18,10:45:00,45311.53906,45331.53906,45286.53906,45301.53906,0,DIRECTA
DITAS,15M,2026-03-18 11:00:00,2026-03-18,11:00:00,45291.53906,45361.53906,45291.53906,45311.53906,0,DIRECTA
DITAS,15M,2026-03-18 11:15:00,2026-03-18,11:15:00,45311.53906,45361.53906,45311.53906,45316.53906,0,DIRECTA
DITAS,15M,2026-03-18 11:30:00,2026-03-18,11:30:00,45311.53906,45361.53906,45311.53906,45351.53906,0,DIRECTA
DITAS,15M,2026-03-18 11:45:00,2026-03-18,11:45:00,45346.53906,45361.53906,45291.53906,45306.53906,0,DIRECTA
DITAS,15M,2026-03-18 12:00:00,2026-03-18,12:00:00,45301.53906,45366.53906,45281.53906,45351.53906,0,DIRECTA
DITAS,15M,2026-03-18 12:15:00,2026-03-18,12:15:00,45351.53906,45391.53906,45201.53906,45201.53906,0,DIRECTA
DITAS,15M,2026-03-18 12:30:00,2026-03-18,12:30:00,45186.53906,45276.53906,45181.53906,45241.53906,0,DIRECTA
DITAS,15M,2026-03-18 12:45:00,2026-03-18,12:45:00,45226.53906,45281.53906,45196.53906,45251.53906,0,DIRECTA
DITAS,15M,2026-03-18 13:00:00,2026-03-18,13:00:00,45256.53906,45256.53906,45061.53906,45106.53906,0,DIRECTA
DITAS,15M,2026-03-18 13:15:00,2026-03-18,13:15:00,45111.53906,45121.53906,44931.53906,45056.53906,0,DIRECTA
DITAS,15M,2026-03-18 13:30:00,2026-03-18,13:30:00,45041.53906,45041.53906,44796.53906,44841.53906,0,DIRECTA
DITAS,15M,2026-03-18 13:45:00,2026-03-18,13:45:00,44836.53906,44851.53906,44721.53906,44741.53906,0,DIRECTA
DITAS,15M,2026-03-18 14:00:00,2026-03-18,14:00:00,44751.53906,44781.53906,44661.53906,44706.53906,0,DIRECTA
DITAS,15M,2026-03-18 14:15:00,2026-03-18,14:15:00,44706.53906,44881.53906,44651.53906,44856.53906,0,DIRECTA
DITAS,15M,2026-03-18 14:30:00,2026-03-18,14:30:00,44846.53906,44906.53906,44791.53906,44796.53906,0,DIRECTA
DITAS,15M,2026-03-18 14:45:00,2026-03-18,14:45:00,44811.53906,44846.53906,44741.53906,44816.53906,0,DIRECTA
DITAS,15M,2026-03-18 15:00:00,2026-03-18,15:00:00,44816.53906,44866.53906,44716.53906,44726.53906,0,DIRECTA
DITAS,15M,2026-03-18 15:15:00,2026-03-18,15:15:00,44726.53906,44741.53906,44611.53906,44631.53906,0,DIRECTA
DITAS,15M,2026-03-18 15:30:00,2026-03-18,15:30:00,44626.53906,44661.53906,44531.53906,44551.53906,0,DIRECTA
DITAS,15M,2026-03-18 15:45:00,2026-03-18,15:45:00,44561.53906,44646.53906,44506.53906,44646.53906,0,DIRECTA
DITAS,15M,2026-03-18 16:00:00,2026-03-18,16:00:00,44656.53906,44776.53906,44631.53906,44741.53906,0,DIRECTA
DITAS,15M,2026-03-18 16:15:00,2026-03-18,16:15:00,44756.53906,44776.53906,44646.53906,44761.53906,0,DIRECTA
DITAS,15M,2026-03-18 16:30:00,2026-03-18,16:30:00,44741.53906,44756.53906,44686.53906,44711.53906,0,DIRECTA
DITAS,15M,2026-03-18 16:45:00,2026-03-18,16:45:00,44716.53906,44736.53906,44671.53906,44711.53906,0,DIRECTA
DITAS,15M,2026-03-18 17:00:00,2026-03-18,17:00:00,44711.53906,44711.53906,44646.53906,44696.53906,0,DIRECTA
DITAS,15M,2026-03-18 17:15:00,2026-03-18,17:15:00,44686.53906,44796.53906,44676.53906,44786.53906,0,DIRECTA
DITAS,15M,2026-03-18 17:30:00,2026-03-18,17:30:00,44776.53906,44796.53906,44711.53906,44711.53906,0,DIRECTA
DITAS,15M,2026-03-18 17:45:00,2026-03-18,17:45:00,44716.53906,44756.53906,44711.53906,44741.53906,0,DIRECTA
DITAS,15M,2026-03-18 18:00:00,2026-03-18,18:00:00,44751.53906,44751.53906,44696.53906,44696.53906,0,DIRECTA
DITAS,15M,2026-03-18 18:15:00,2026-03-18,18:15:00,44701.53906,44741.53906,44691.53906,44716.53906,0,DIRECTA
DITAS,15M,2026-03-18 18:30:00,2026-03-18,18:30:00,44706.53906,44766.53906,44701.53906,44751.53906,0,DIRECTA
DITAS,15M,2026-03-18 18:45:00,2026-03-18,18:45:00,44771.53906,44801.53906,44741.53906,44756.53906,0,DIRECTA
DITAS,15M,2026-03-18 19:00:00,2026-03-18,19:00:00,44791.53906,44821.53906,44771.53906,44776.53906,0,DIRECTA
DITAS,15M,2026-03-18 19:15:00,2026-03-18,19:15:00,44766.53906,44766.53906,44671.53906,44716.53906,0,DIRECTA
DITAS,15M,2026-03-18 19:30:00,2026-03-18,19:30:00,44716.53906,44731.53906,44611.53906,44641.53906,0,DIRECTA
DITAS,15M,2026-03-18 19:45:00,2026-03-18,19:45:00,44631.53906,44641.53906,44556.53906,44556.53906,0,DIRECTA
DITAS,15M,2026-03-18 20:00:00,2026-03-18,20:00:00,44541.53906,44571.53906,44521.53906,44546.53906,0,DIRECTA
DITAS,15M,2026-03-18 20:15:00,2026-03-18,20:15:00,44546.53906,44556.53906,44406.53906,44431.53906,0,DIRECTA
DITAS,15M,2026-03-18 20:30:00,2026-03-18,20:30:00,44441.53906,44441.53906,44326.53906,44346.53906,0,DIRECTA
DITAS,15M,2026-03-18 20:45:00,2026-03-18,20:45:00,44341.53906,44361.53906,44316.53906,44326.53906,0,DIRECTA
DITAS,15M,2026-03-18 21:00:00,2026-03-18,21:00:00,44341.53906,44341.53906,44286.53906,44301.53906,0,DIRECTA
DITAS,15M,2026-03-18 21:15:00,2026-03-18,21:15:00,44291.53906,44291.53906,44176.53906,44181.53906,0,DIRECTA
DITAS,15M,2026-03-18 21:30:00,2026-03-18,21:30:00,44171.53906,44196.53906,44161.53906,44196.53906,0,DIRECTA
DITAS,15M,2026-03-18 21:45:00,2026-03-18,21:45:00,44206.53906,44216.53906,44166.53906,44181.53906,0,DIRECTA
DITAS,15M,2026-03-19 08:00:00,2026-03-19,08:00:00,44098.33984,44173.33984,43958.33984,44053.33984,0,DIRECTA
DITAS,15M,2026-03-19 08:15:00,2026-03-19,08:15:00,44078.33984,44188.33984,44078.33984,44183.33984,0,DIRECTA
DITAS,15M,2026-03-19 08:30:00,2026-03-19,08:30:00,44143.33984,44163.33984,44048.33984,44058.33984,0,DIRECTA
DITAS,15M,2026-03-19 08:45:00,2026-03-19,08:45:00,44073.33984,44103.33984,43983.33984,44058.33984,0,DIRECTA
DITAS,15M,2026-03-19 09:00:00,2026-03-19,09:00:00,44058.33984,44233.33984,44058.33984,44208.33984,0,DIRECTA
DITAS,15M,2026-03-19 09:15:00,2026-03-19,09:15:00,44223.33984,44228.33984,43918.33984,43948.33984,0,DIRECTA
DITAS,15M,2026-03-19 09:30:00,2026-03-19,09:30:00,43933.33984,44048.33984,43793.33984,43793.33984,0,DIRECTA
DITAS,15M,2026-03-19 09:45:00,2026-03-19,09:45:00,43798.33984,43973.33984,43798.33984,43883.33984,0,DIRECTA
DITAS,15M,2026-03-19 10:15:00,2026-03-19,10:15:00,44013.33984,44043.33984,43743.33984,43778.33984,0,DIRECTA
DITAS,15M,2026-03-19 10:30:00,2026-03-19,10:30:00,43788.33984,43868.33984,43688.33984,43823.33984,0,DIRECTA
DITAS,15M,2026-03-19 10:45:00,2026-03-19,10:45:00,43828.33984,44008.33984,43818.33984,43988.33984,0,DIRECTA
DITAS,15M,2026-03-19 11:00:00,2026-03-19,11:00:00,43983.33984,43983.33984,43778.33984,43778.33984,0,DIRECTA
DITAS,15M,2026-03-19 11:15:00,2026-03-19,11:15:00,43783.33984,43798.33984,43738.33984,43788.33984,0,DIRECTA
DITAS,15M,2026-03-19 11:30:00,2026-03-19,11:30:00,43783.33984,43838.33984,43733.33984,43748.33984,0,DIRECTA
DITAS,15M,2026-03-19 11:45:00,2026-03-19,11:45:00,43773.33984,43808.33984,43728.33984,43728.33984,0,DIRECTA
DITAS,15M,2026-03-19 12:00:00,2026-03-19,12:00:00,43743.33984,43773.33984,43648.33984,43708.33984,0,DIRECTA
DITAS,15M,2026-03-19 12:15:00,2026-03-19,12:15:00,43708.33984,43728.33984,43593.33984,43658.33984,0,DIRECTA
DITAS,15M,2026-03-19 12:30:00,2026-03-19,12:30:00,43673.33984,43688.33984,43613.33984,43633.33984,0,DIRECTA
DITAS,15M,2026-03-19 12:45:00,2026-03-19,12:45:00,43618.33984,43763.33984,43608.33984,43748.33984,0,DIRECTA
DITAS,15M,2026-03-19 13:00:00,2026-03-19,13:00:00,43708.33984,43778.33984,43648.33984,43668.33984,0,DIRECTA
DITAS,15M,2026-03-19 13:15:00,2026-03-19,13:15:00,43673.33984,43688.33984,43543.33984,43553.33984,0,DIRECTA
DITAS,15M,2026-03-19 13:30:00,2026-03-19,13:30:00,43553.33984,43648.33984,43518.33984,43648.33984,0,DIRECTA
DITAS,15M,2026-03-19 13:45:00,2026-03-19,13:45:00,43653.33984,43653.33984,43538.33984,43623.33984,0,DIRECTA
DITAS,15M,2026-03-19 14:00:00,2026-03-19,14:00:00,43623.33984,43623.33984,43478.33984,43493.33984,0,DIRECTA
DITAS,15M,2026-03-19 14:15:00,2026-03-19,14:15:00,43488.33984,43643.33984,43433.33984,43453.33984,0,DIRECTA
DITAS,15M,2026-03-19 14:30:00,2026-03-19,14:30:00,43468.33984,43543.33984,43398.33984,43533.33984,0,DIRECTA
DITAS,15M,2026-03-19 14:45:00,2026-03-19,14:45:00,43513.33984,43718.33984,43503.33984,43693.33984,0,DIRECTA
DITAS,15M,2026-03-19 15:00:00,2026-03-19,15:00:00,43738.33984,43773.33984,43693.33984,43733.33984,0,DIRECTA
DITAS,15M,2026-03-19 15:15:00,2026-03-19,15:15:00,43743.33984,43743.33984,43533.33984,43558.33984,0,DIRECTA
DITAS,15M,2026-03-19 15:30:00,2026-03-19,15:30:00,43573.33984,43743.33984,43573.33984,43708.33984,0,DIRECTA
DITAS,15M,2026-03-19 15:45:00,2026-03-19,15:45:00,43713.33984,43713.33984,43648.33984,43648.33984,0,DIRECTA
DITAS,15M,2026-03-19 16:00:00,2026-03-19,16:00:00,43653.33984,43778.33984,43638.33984,43753.33984,0,DIRECTA
DITAS,15M,2026-03-19 16:15:00,2026-03-19,16:15:00,43748.33984,43803.33984,43658.33984,43693.33984,0,DIRECTA
DITAS,15M,2026-03-19 16:30:00,2026-03-19,16:30:00,43688.33984,43688.33984,43618.33984,43663.33984,0,DIRECTA
DITAS,15M,2026-03-19 16:45:00,2026-03-19,16:45:00,43638.33984,43753.33984,43613.33984,43753.33984,0,DIRECTA
DITAS,15M,2026-03-19 17:00:00,2026-03-19,17:00:00,43733.33984,43828.33984,43688.33984,43723.33984,0,DIRECTA
DITAS,15M,2026-03-19 17:15:00,2026-03-19,17:15:00,43723.33984,43738.33984,43668.33984,43688.33984,0,DIRECTA
DITAS,15M,2026-03-19 17:30:00,2026-03-19,17:30:00,43698.33984,43713.33984,43638.33984,43678.33984,0,DIRECTA
DITAS,15M,2026-03-19 17:45:00,2026-03-19,17:45:00,43663.33984,43708.33984,43568.33984,43593.33984,0,DIRECTA
DITAS,15M,2026-03-19 18:00:00,2026-03-19,18:00:00,43598.33984,43633.33984,43498.33984,43498.33984,0,DIRECTA
DITAS,15M,2026-03-19 18:15:00,2026-03-19,18:15:00,43563.33984,43658.33984,43543.33984,43658.33984,0,DIRECTA
DITAS,15M,2026-03-19 18:30:00,2026-03-19,18:30:00,43663.33984,43668.33984,43608.33984,43608.33984,0,DIRECTA
DITAS,15M,2026-03-19 18:45:00,2026-03-19,18:45:00,43588.33984,43613.33984,43588.33984,43598.33984,0,DIRECTA
DITAS,15M,2026-03-19 19:00:00,2026-03-19,19:00:00,43593.33984,43658.33984,43573.33984,43658.33984,0,DIRECTA
DITAS,15M,2026-03-19 19:15:00,2026-03-19,19:15:00,43663.33984,43668.33984,43643.33984,43648.33984,0,DIRECTA
DITAS,15M,2026-03-19 19:30:00,2026-03-19,19:30:00,43643.33984,43643.33984,43593.33984,43598.33984,0,DIRECTA
DITAS,15M,2026-03-19 19:45:00,2026-03-19,19:45:00,43598.33984,43688.33984,43598.33984,43673.33984,0,DIRECTA
DITAS,15M,2026-03-19 20:00:00,2026-03-19,20:00:00,43728.33984,44053.33984,43728.33984,43943.33984,0,DIRECTA
DITAS,15M,2026-03-19 20:15:00,2026-03-19,20:15:00,44028.33984,44083.33984,43893.33984,43928.33984,0,DIRECTA
DITAS,15M,2026-03-19 20:30:00,2026-03-19,20:30:00,43893.33984,43968.33984,43873.33984,43968.33984,0,DIRECTA
DITAS,15M,2026-03-19 20:45:00,2026-03-19,20:45:00,44023.33984,44023.33984,43958.33984,43963.33984,0,DIRECTA
DITAS,15M,2026-03-19 21:00:00,2026-03-19,21:00:00,43963.33984,43978.33984,43963.33984,43978.33984,0,DIRECTA
DITAS,15M,2026-03-19 21:15:00,2026-03-19,21:15:00,43983.33984,44013.33984,43973.33984,44008.33984,0,DIRECTA
DITAS,15M,2026-03-19 21:30:00,2026-03-19,21:30:00,44018.33984,44018.33984,43918.33984,43963.33984,0,DIRECTA
DITAS,15M,2026-03-19 21:45:00,2026-03-19,21:45:00,43938.33984,43963.33984,43868.33984,43868.33984,0,DIRECTA
DITAS,15M,2026-03-20 08:00:00,2026-03-20,08:00:00,43835.37891,43980.37891,43820.37891,43920.37891,0,DIRECTA
DITAS,15M,2026-03-20 08:15:00,2026-03-20,08:15:00,43930.37891,44105.37891,43930.37891,44075.37891,0,DIRECTA
DITAS,15M,2026-03-20 08:30:00,2026-03-20,08:30:00,44090.37891,44170.37891,44085.37891,44145.37891,0,DIRECTA
DITAS,15M,2026-03-20 08:45:00,2026-03-20,08:45:00,44160.37891,44190.37891,43960.37891,43975.37891,0,DIRECTA
DITAS,15M,2026-03-20 09:00:00,2026-03-20,09:00:00,44015.37891,44240.37891,44015.37891,44240.37891,0,DIRECTA
DITAS,15M,2026-03-20 09:15:00,2026-03-20,09:15:00,44240.37891,44335.37891,44195.37891,44290.37891,0,DIRECTA
DITAS,15M,2026-03-20 09:30:00,2026-03-20,09:30:00,44255.37891,44390.37891,44115.37891,44130.37891,0,DIRECTA
DITAS,15M,2026-03-20 09:45:00,2026-03-20,09:45:00,44120.37891,44210.37891,44075.37891,44080.37891,0,DIRECTA
DITAS,15M,2026-03-20 10:00:00,2026-03-20,10:00:00,44065.37891,44150.37891,44015.37891,44015.37891,0,DIRECTA
DITAS,15M,2026-03-20 10:15:00,2026-03-20,10:15:00,43995.37891,44000.37891,43910.37891,43960.37891,0,DIRECTA
DITAS,15M,2026-03-20 10:30:00,2026-03-20,10:30:00,43955.37891,44060.37891,43865.37891,43920.37891,0,DIRECTA
DITAS,15M,2026-03-20 10:45:00,2026-03-20,10:45:00,43915.37891,43915.37891,43700.37891,43765.37891,0,DIRECTA
DITAS,15M,2026-03-20 11:00:00,2026-03-20,11:00:00,43760.37891,43785.37891,43585.37891,43645.37891,0,DIRECTA
DITAS,15M,2026-03-20 11:15:00,2026-03-20,11:15:00,43640.37891,43665.37891,43520.37891,43655.37891,0,DIRECTA
DITAS,15M,2026-03-20 11:30:00,2026-03-20,11:30:00,43665.37891,43880.37891,43660.37891,43795.37891,0,DIRECTA
DITAS,15M,2026-03-20 11:45:00,2026-03-20,11:45:00,43800.37891,43800.37891,43630.37891,43710.37891,0,DIRECTA
DITAS,15M,2026-03-20 12:00:00,2026-03-20,12:00:00,43725.37891,43945.37891,43695.37891,43880.37891,0,DIRECTA
DITAS,15M,2026-03-20 12:15:00,2026-03-20,12:15:00,43870.37891,43965.37891,43810.37891,43840.37891,0,DIRECTA
DITAS,15M,2026-03-20 12:30:00,2026-03-20,12:30:00,43850.37891,43915.37891,43805.37891,43885.37891,0,DIRECTA
DITAS,15M,2026-03-20 12:45:00,2026-03-20,12:45:00,43885.37891,43910.37891,43805.37891,43890.37891,0,DIRECTA
DITAS,15M,2026-03-20 13:00:00,2026-03-20,13:00:00,43890.37891,43945.37891,43810.37891,43895.37891,0,DIRECTA
DITAS,15M,2026-03-20 13:15:00,2026-03-20,13:15:00,43880.37891,43885.37891,43785.37891,43870.37891,0,DIRECTA
DITAS,15M,2026-03-20 13:30:00,2026-03-20,13:30:00,43870.37891,43910.37891,43780.37891,43855.37891,0,DIRECTA
DITAS,15M,2026-03-20 13:45:00,2026-03-20,13:45:00,43865.37891,43905.37891,43815.37891,43820.37891,0,DIRECTA
DITAS,15M,2026-03-20 14:00:00,2026-03-20,14:00:00,43830.37891,43860.37891,43745.37891,43785.37891,0,DIRECTA
DITAS,15M,2026-03-20 14:15:00,2026-03-20,14:15:00,43785.37891,43815.37891,43720.37891,43735.37891,0,DIRECTA
DITAS,15M,2026-03-20 14:30:00,2026-03-20,14:30:00,43730.37891,43745.37891,43615.37891,43730.37891,0,DIRECTA
DITAS,15M,2026-03-20 14:45:00,2026-03-20,14:45:00,43740.37891,43750.37891,43485.37891,43505.37891,0,DIRECTA
DITAS,15M,2026-03-20 15:00:00,2026-03-20,15:00:00,43505.37891,43505.37891,43250.37891,43250.37891,0,DIRECTA
DITAS,15M,2026-03-20 15:15:00,2026-03-20,15:15:00,43260.37891,43275.37891,43085.37891,43095.37891,0,DIRECTA
DITAS,15M,2026-03-20 15:30:00,2026-03-20,15:30:00,43085.37891,43230.37891,43045.37891,43060.37891,0,DIRECTA
DITAS,15M,2026-03-20 15:45:00,2026-03-20,15:45:00,43060.37891,43095.37891,42875.37891,42960.37891,0,DIRECTA
DITAS,15M,2026-03-20 16:00:00,2026-03-20,16:00:00,42960.37891,43070.37891,42910.37891,43005.37891,0,DIRECTA
DITAS,15M,2026-03-20 16:15:00,2026-03-20,16:15:00,43015.37891,43050.37891,42780.37891,42850.37891,0,DIRECTA
DITAS,15M,2026-03-20 16:30:00,2026-03-20,16:30:00,42845.37891,42985.37891,42845.37891,42915.37891,0,DIRECTA
DITAS,15M,2026-03-20 16:45:00,2026-03-20,16:45:00,42910.37891,42995.37891,42875.37891,42925.37891,0,DIRECTA
DITAS,15M,2026-03-20 17:00:00,2026-03-20,17:00:00,42915.37891,43020.37891,42870.37891,42925.37891,0,DIRECTA
DITAS,15M,2026-03-20 17:15:00,2026-03-20,17:15:00,42940.37891,43005.37891,42885.37891,42930.37891,0,DIRECTA
DITAS,15M,2026-03-20 17:30:00,2026-03-20,17:30:00,42925.37891,42925.37891,42785.37891,42785.37891,0,DIRECTA
DITAS,15M,2026-03-20 17:45:00,2026-03-20,17:45:00,42775.37891,42835.37891,42680.37891,42790.37891,0,DIRECTA
DITAS,15M,2026-03-20 18:00:00,2026-03-20,18:00:00,42805.37891,42850.37891,42720.37891,42770.37891,0,DIRECTA
DITAS,15M,2026-03-20 18:15:00,2026-03-20,18:15:00,42790.37891,42835.37891,42750.37891,42775.37891,0,DIRECTA
DITAS,15M,2026-03-20 18:30:00,2026-03-20,18:30:00,42765.37891,42790.37891,42655.37891,42720.37891,0,DIRECTA
DITAS,15M,2026-03-20 18:45:00,2026-03-20,18:45:00,42735.37891,42780.37891,42710.37891,42770.37891,0,DIRECTA
DITAS,15M,2026-03-20 19:00:00,2026-03-20,19:00:00,42785.37891,42785.37891,42690.37891,42690.37891,0,DIRECTA
DITAS,15M,2026-03-20 19:15:00,2026-03-20,19:15:00,42700.37891,42700.37891,42215.37891,42535.37891,0,DIRECTA
DITAS,15M,2026-03-20 19:30:00,2026-03-20,19:30:00,42550.37891,42555.37891,42465.37891,42470.37891,0,DIRECTA
DITAS,15M,2026-03-20 19:45:00,2026-03-20,19:45:00,42480.37891,42505.37891,42465.37891,42490.37891,0,DIRECTA
DITAS,15M,2026-03-20 20:00:00,2026-03-20,20:00:00,42500.37891,42525.37891,42465.37891,42520.37891,0,DIRECTA
DITAS,15M,2026-03-20 20:15:00,2026-03-20,20:15:00,42505.37891,42530.37891,42440.37891,42470.37891,0,DIRECTA
DITAS,15M,2026-03-20 20:30:00,2026-03-20,20:30:00,42475.37891,42495.37891,42385.37891,42495.37891,0,DIRECTA
DITAS,15M,2026-03-20 20:45:00,2026-03-20,20:45:00,42485.37891,42610.37891,42450.37891,42590.37891,0,DIRECTA
DITAS,15M,2026-03-20 21:00:00,2026-03-20,21:00:00,42610.37891,42680.37891,42610.37891,42680.37891,0,DIRECTA
DITAS,15M,2026-03-20 21:15:00,2026-03-20,21:15:00,42675.37891,42675.37891,42615.37891,42615.37891,0,DIRECTA
DITAS,15M,2026-03-20 21:30:00,2026-03-20,21:30:00,42615.37891,42690.37891,42480.37891,42490.37891,0,DIRECTA
DITAS,15M,2026-03-20 21:45:00,2026-03-20,21:45:00,42515.37891,42630.37891,42465.37891,42465.37891,0,DIRECTA
DITAS,15M,2026-03-23 08:00:00,2026-03-23,08:00:00,42045.89844,42270.89844,41710.89844,42255.89844,0,DIRECTA
DITAS,15M,2026-03-23 08:15:00,2026-03-23,08:15:00,42255.89844,42280.89844,42100.89844,42165.89844,0,DIRECTA
DITAS,15M,2026-03-23 08:30:00,2026-03-23,08:30:00,42175.89844,42230.89844,42115.89844,42180.89844,0,DIRECTA
DITAS,15M,2026-03-23 08:45:00,2026-03-23,08:45:00,42210.89844,42235.89844,42045.89844,42070.89844,0,DIRECTA
DITAS,15M,2026-03-23 09:00:00,2026-03-23,09:00:00,42080.89844,42220.89844,42035.89844,42150.89844,0,DIRECTA
DITAS,15M,2026-03-23 09:15:00,2026-03-23,09:15:00,42150.89844,42165.89844,41985.89844,42035.89844,0,DIRECTA
DITAS,15M,2026-03-23 09:30:00,2026-03-23,09:30:00,42035.89844,42210.89844,41965.89844,41990.89844,0,DIRECTA
DITAS,15M,2026-03-23 09:45:00,2026-03-23,09:45:00,41995.89844,42130.89844,41975.89844,42010.89844,0,DIRECTA
DITAS,15M,2026-03-23 10:00:00,2026-03-23,10:00:00,41990.89844,42000.89844,41845.89844,41870.89844,0,DIRECTA
DITAS,15M,2026-03-23 10:15:00,2026-03-23,10:15:00,41870.89844,42005.89844,41795.89844,41885.89844,0,DIRECTA
DITAS,15M,2026-03-23 10:30:00,2026-03-23,10:30:00,41865.89844,41900.89844,41645.89844,41765.89844,0,DIRECTA
DITAS,15M,2026-03-23 10:45:00,2026-03-23,10:45:00,41770.89844,41915.89844,41750.89844,41785.89844,0,DIRECTA
DITAS,15M,2026-03-23 11:00:00,2026-03-23,11:00:00,41785.89844,41870.89844,41745.89844,41760.89844,0,DIRECTA
DITAS,15M,2026-03-23 11:15:00,2026-03-23,11:15:00,41745.89844,41805.89844,41715.89844,41720.89844,0,DIRECTA
DITAS,15M,2026-03-23 11:30:00,2026-03-23,11:30:00,41730.89844,41860.89844,41710.89844,41740.89844,0,DIRECTA
DITAS,15M,2026-03-23 11:45:00,2026-03-23,11:45:00,41735.89844,41825.89844,41655.89844,41770.89844,0,DIRECTA
DITAS,15M,2026-03-23 12:00:00,2026-03-23,12:00:00,41785.89844,43850.89844,41785.89844,43775.89844,0,DIRECTA
DITAS,15M,2026-03-23 12:15:00,2026-03-23,12:15:00,43775.89844,43945.89844,43200.89844,43515.89844,0,DIRECTA
DITAS,15M,2026-03-23 12:30:00,2026-03-23,12:30:00,43510.89844,43700.89844,43285.89844,43300.89844,0,DIRECTA
DITAS,15M,2026-03-23 12:45:00,2026-03-23,12:45:00,43335.89844,43410.89844,43140.89844,43175.89844,0,DIRECTA
DITAS,15M,2026-03-23 13:00:00,2026-03-23,13:00:00,43170.89844,43380.89844,43085.89844,43110.89844,0,DIRECTA
DITAS,15M,2026-03-23 13:15:00,2026-03-23,13:15:00,43130.89844,43585.89844,43115.89844,43580.89844,0,DIRECTA
DITAS,15M,2026-03-23 13:30:00,2026-03-23,13:30:00,43530.89844,43690.89844,43300.89844,43665.89844,0,DIRECTA
DITAS,15M,2026-03-23 13:45:00,2026-03-23,13:45:00,43685.89844,43740.89844,43620.89844,43665.89844,0,DIRECTA
DITAS,15M,2026-03-23 14:00:00,2026-03-23,14:00:00,43675.89844,43740.89844,43560.89844,43570.89844,0,DIRECTA
DITAS,15M,2026-03-23 14:15:00,2026-03-23,14:15:00,43570.89844,43595.89844,43395.89844,43400.89844,0,DIRECTA
DITAS,15M,2026-03-23 14:30:00,2026-03-23,14:30:00,43410.89844,43710.89844,43345.89844,43570.89844,0,DIRECTA
DITAS,15M,2026-03-23 14:45:00,2026-03-23,14:45:00,43545.89844,43675.89844,43540.89844,43655.89844,0,DIRECTA
DITAS,15M,2026-03-23 15:00:00,2026-03-23,15:00:00,43660.89844,43780.89844,43630.89844,43675.89844,0,DIRECTA
DITAS,15M,2026-03-23 15:15:00,2026-03-23,15:15:00,43670.89844,43910.89844,43665.89844,43795.89844,0,DIRECTA
DITAS,15M,2026-03-23 15:30:00,2026-03-23,15:30:00,43785.89844,43795.89844,43630.89844,43755.89844,0,DIRECTA
DITAS,15M,2026-03-23 15:45:00,2026-03-23,15:45:00,43735.89844,43940.89844,43710.89844,43875.89844,0,DIRECTA
DITAS,15M,2026-03-23 16:00:00,2026-03-23,16:00:00,43860.89844,44050.89844,43860.89844,43980.89844,0,DIRECTA
DITAS,15M,2026-03-23 16:15:00,2026-03-23,16:15:00,44000.89844,44000.89844,43815.89844,43815.89844,0,DIRECTA
DITAS,15M,2026-03-23 16:30:00,2026-03-23,16:30:00,43835.89844,43855.89844,43595.89844,43630.89844,0,DIRECTA
DITAS,15M,2026-03-23 16:45:00,2026-03-23,16:45:00,43620.89844,43685.89844,43275.89844,43290.89844,0,DIRECTA
DITAS,15M,2026-03-23 17:00:00,2026-03-23,17:00:00,43275.89844,43420.89844,43265.89844,43410.89844,0,DIRECTA
DITAS,15M,2026-03-23 17:15:00,2026-03-23,17:15:00,43395.89844,43415.89844,43225.89844,43225.89844,0,DIRECTA
DITAS,15M,2026-03-23 17:30:00,2026-03-23,17:30:00,43210.89844,43310.89844,43140.89844,43310.89844,0,DIRECTA
DITAS,15M,2026-03-23 17:45:00,2026-03-23,17:45:00,43300.89844,43390.89844,43275.89844,43310.89844,0,DIRECTA
DITAS,15M,2026-03-23 18:00:00,2026-03-23,18:00:00,43315.89844,43410.89844,43270.89844,43360.89844,0,DIRECTA
DITAS,15M,2026-03-23 18:15:00,2026-03-23,18:15:00,43360.89844,43475.89844,43325.89844,43475.89844,0,DIRECTA
DITAS,15M,2026-03-23 18:30:00,2026-03-23,18:30:00,43470.89844,43700.89844,43470.89844,43600.89844,0,DIRECTA
DITAS,15M,2026-03-23 18:45:00,2026-03-23,18:45:00,43595.89844,43635.89844,43540.89844,43625.89844,0,DIRECTA
DITAS,15M,2026-03-23 19:00:00,2026-03-23,19:00:00,43620.89844,43635.89844,43520.89844,43620.89844,0,DIRECTA
DITAS,15M,2026-03-23 19:15:00,2026-03-23,19:15:00,43615.89844,43645.89844,43575.89844,43620.89844,0,DIRECTA
DITAS,15M,2026-03-23 19:30:00,2026-03-23,19:30:00,43635.89844,43795.89844,43635.89844,43770.89844,0,DIRECTA
DITAS,15M,2026-03-23 19:45:00,2026-03-23,19:45:00,43765.89844,43795.89844,43740.89844,43740.89844,0,DIRECTA
DITAS,15M,2026-03-23 20:00:00,2026-03-23,20:00:00,43730.89844,43730.89844,43685.89844,43700.89844,0,DIRECTA
DITAS,15M,2026-03-23 20:15:00,2026-03-23,20:15:00,43705.89844,43705.89844,43560.89844,43590.89844,0,DIRECTA
DITAS,15M,2026-03-23 20:30:00,2026-03-23,20:30:00,43600.89844,43635.89844,43580.89844,43615.89844,0,DIRECTA
DITAS,15M,2026-03-23 20:45:00,2026-03-23,20:45:00,43620.89844,43675.89844,43495.89844,43505.89844,0,DIRECTA
DITAS,15M,2026-03-23 21:00:00,2026-03-23,21:00:00,43485.89844,43515.89844,43455.89844,43500.89844,0,DIRECTA
DITAS,15M,2026-03-23 21:15:00,2026-03-23,21:15:00,43500.89844,43525.89844,43485.89844,43520.89844,0,DIRECTA
DITAS,15M,2026-03-23 21:30:00,2026-03-23,21:30:00,43510.89844,43570.89844,43500.89844,43570.89844,0,DIRECTA
DITAS,15M,2026-03-23 21:45:00,2026-03-23,21:45:00,43570.89844,43585.89844,43550.89844,43585.89844,0,DIRECTA
DITAS,15M,2026-03-24 08:00:00,2026-03-24,08:00:00,43126.80078,43351.80078,43106.80078,43336.80078,0,DIRECTA
DITAS,15M,2026-03-24 08:15:00,2026-03-24,08:15:00,43341.80078,43401.80078,43311.80078,43336.80078,0,DIRECTA
DITAS,15M,2026-03-24 08:30:00,2026-03-24,08:30:00,43346.80078,43346.80078,43261.80078,43296.80078,0,DIRECTA
DITAS,15M,2026-03-24 08:45:00,2026-03-24,08:45:00,43291.80078,43341.80078,43236.80078,43286.80078,0,DIRECTA
DITAS,15M,2026-03-24 09:00:00,2026-03-24,09:00:00,43231.80078,43396.80078,43206.80078,43286.80078,0,DIRECTA
DITAS,15M,2026-03-24 09:15:00,2026-03-24,09:15:00,43291.80078,43366.80078,43026.80078,43071.80078,0,DIRECTA
DITAS,15M,2026-03-24 09:30:00,2026-03-24,09:30:00,43061.80078,43136.80078,42971.80078,42996.80078,0,DIRECTA
DITAS,15M,2026-03-24 09:45:00,2026-03-24,09:45:00,42991.80078,43086.80078,42871.80078,42931.80078,0,DIRECTA
DITAS,15M,2026-03-24 10:00:00,2026-03-24,10:00:00,42916.80078,43026.80078,42811.80078,42811.80078,0,DIRECTA
DITAS,15M,2026-03-24 10:15:00,2026-03-24,10:15:00,42811.80078,43026.80078,42776.80078,43001.80078,0,DIRECTA
DITAS,15M,2026-03-24 10:30:00,2026-03-24,10:30:00,43006.80078,43046.80078,42906.80078,43031.80078,0,DIRECTA
DITAS,15M,2026-03-24 10:45:00,2026-03-24,10:45:00,43016.80078,43231.80078,42971.80078,43206.80078,0,DIRECTA
DITAS,15M,2026-03-24 11:00:00,2026-03-24,11:00:00,43201.80078,43236.80078,43071.80078,43191.80078,0,DIRECTA
DITAS,15M,2026-03-24 11:15:00,2026-03-24,11:15:00,43196.80078,43231.80078,43131.80078,43141.80078,0,DIRECTA
DITAS,15M,2026-03-24 11:30:00,2026-03-24,11:30:00,43131.80078,43271.80078,43116.80078,43266.80078,0,DIRECTA
DITAS,15M,2026-03-24 11:45:00,2026-03-24,11:45:00,43276.80078,43301.80078,43186.80078,43261.80078,0,DIRECTA
DITAS,15M,2026-03-24 12:00:00,2026-03-24,12:00:00,43256.80078,43366.80078,43211.80078,43346.80078,0,DIRECTA
DITAS,15M,2026-03-24 12:15:00,2026-03-24,12:15:00,43331.80078,43331.80078,43241.80078,43291.80078,0,DIRECTA
DITAS,15M,2026-03-24 12:30:00,2026-03-24,12:30:00,43291.80078,43316.80078,43261.80078,43266.80078,0,DIRECTA
DITAS,15M,2026-03-24 12:45:00,2026-03-24,12:45:00,43266.80078,43396.80078,43121.80078,43361.80078,0,DIRECTA
DITAS,15M,2026-03-24 13:00:00,2026-03-24,13:00:00,43366.80078,43376.80078,43171.80078,43236.80078,0,DIRECTA
DITAS,15M,2026-03-24 13:15:00,2026-03-24,13:15:00,43236.80078,43296.80078,43211.80078,43241.80078,0,DIRECTA
DITAS,15M,2026-03-24 13:30:00,2026-03-24,13:30:00,43241.80078,43241.80078,42981.80078,42991.80078,0,DIRECTA
DITAS,15M,2026-03-24 13:45:00,2026-03-24,13:45:00,43001.80078,43041.80078,42956.80078,42966.80078,0,DIRECTA
DITAS,15M,2026-03-24 14:00:00,2026-03-24,14:00:00,42966.80078,43016.80078,42831.80078,42961.80078,0,DIRECTA
DITAS,15M,2026-03-24 14:15:00,2026-03-24,14:15:00,42971.80078,42986.80078,42826.80078,42886.80078,0,DIRECTA
DITAS,15M,2026-03-24 14:30:00,2026-03-24,14:30:00,42871.80078,42996.80078,42851.80078,42861.80078,0,DIRECTA
DITAS,15M,2026-03-24 14:45:00,2026-03-24,14:45:00,42851.80078,42951.80078,42761.80078,42951.80078,0,DIRECTA
DITAS,15M,2026-03-24 15:00:00,2026-03-24,15:00:00,42951.80078,43066.80078,42901.80078,42986.80078,0,DIRECTA
DITAS,15M,2026-03-24 15:15:00,2026-03-24,15:15:00,42976.80078,43041.80078,42946.80078,43006.80078,0,DIRECTA
DITAS,15M,2026-03-24 15:30:00,2026-03-24,15:30:00,43016.80078,43151.80078,43016.80078,43126.80078,0,DIRECTA
DITAS,15M,2026-03-24 15:45:00,2026-03-24,15:45:00,43121.80078,43361.80078,43026.80078,43271.80078,0,DIRECTA
DITAS,15M,2026-03-24 16:00:00,2026-03-24,16:00:00,43281.80078,43351.80078,43266.80078,43336.80078,0,DIRECTA
DITAS,15M,2026-03-24 16:15:00,2026-03-24,16:15:00,43321.80078,43451.80078,43321.80078,43366.80078,0,DIRECTA
DITAS,15M,2026-03-24 16:30:00,2026-03-24,16:30:00,43361.80078,43416.80078,43321.80078,43381.80078,0,DIRECTA
DITAS,15M,2026-03-24 16:45:00,2026-03-24,16:45:00,43381.80078,43441.80078,43256.80078,43256.80078,0,DIRECTA
DITAS,15M,2026-03-24 17:00:00,2026-03-24,17:00:00,43256.80078,43286.80078,43196.80078,43251.80078,0,DIRECTA
DITAS,15M,2026-03-24 17:15:00,2026-03-24,17:15:00,43271.80078,43406.80078,43271.80078,43406.80078,0,DIRECTA
DITAS,15M,2026-03-24 17:30:00,2026-03-24,17:30:00,43406.80078,43416.80078,43201.80078,43301.80078,0,DIRECTA
DITAS,15M,2026-03-24 17:45:00,2026-03-24,17:45:00,43316.80078,43351.80078,43231.80078,43261.80078,0,DIRECTA
DITAS,15M,2026-03-24 18:00:00,2026-03-24,18:00:00,43261.80078,43266.80078,43016.80078,43061.80078,0,DIRECTA
DITAS,15M,2026-03-24 18:15:00,2026-03-24,18:15:00,43061.80078,43111.80078,43041.80078,43111.80078,0,DIRECTA
DITAS,15M,2026-03-24 18:30:00,2026-03-24,18:30:00,43116.80078,43146.80078,43041.80078,43046.80078,0,DIRECTA
DITAS,15M,2026-03-24 18:45:00,2026-03-24,18:45:00,43061.80078,43221.80078,43056.80078,43206.80078,0,DIRECTA
DITAS,15M,2026-03-24 19:00:00,2026-03-24,19:00:00,43211.80078,43246.80078,43181.80078,43191.80078,0,DIRECTA
DITAS,15M,2026-03-24 19:15:00,2026-03-24,19:15:00,43166.80078,43231.80078,43141.80078,43211.80078,0,DIRECTA
DITAS,15M,2026-03-24 19:30:00,2026-03-24,19:30:00,43211.80078,43391.80078,43206.80078,43301.80078,0,DIRECTA
DITAS,15M,2026-03-24 19:45:00,2026-03-24,19:45:00,43301.80078,43326.80078,43246.80078,43266.80078,0,DIRECTA
DITAS,15M,2026-03-24 20:00:00,2026-03-24,20:00:00,43271.80078,43361.80078,43266.80078,43351.80078,0,DIRECTA
DITAS,15M,2026-03-24 20:15:00,2026-03-24,20:15:00,43361.80078,43361.80078,43281.80078,43281.80078,0,DIRECTA
DITAS,15M,2026-03-24 20:30:00,2026-03-24,20:30:00,43261.80078,43281.80078,43241.80078,43261.80078,0,DIRECTA
DITAS,15M,2026-03-24 20:45:00,2026-03-24,20:45:00,43246.80078,43246.80078,43186.80078,43186.80078,0,DIRECTA
DITAS,15M,2026-03-24 21:00:00,2026-03-24,21:00:00,43206.80078,43216.80078,43186.80078,43201.80078,0,DIRECTA
DITAS,15M,2026-03-24 21:15:00,2026-03-24,21:15:00,43201.80078,43726.80078,43191.80078,43536.80078,0,DIRECTA
DITAS,15M,2026-03-24 21:30:00,2026-03-24,21:30:00,43581.80078,43796.80078,43571.80078,43636.80078,0,DIRECTA
DITAS,15M,2026-03-24 21:45:00,2026-03-24,21:45:00,43661.80078,43731.80078,43586.80078,43676.80078,0,DIRECTA
DITAS,15M,2026-03-25 08:00:00,2026-03-25,08:00:00,43704.53125,43729.53125,43669.53125,43729.53125,0,DIRECTA
DITAS,15M,2026-03-25 08:15:00,2026-03-25,08:15:00,43699.53125,43754.53125,43649.53125,43674.53125,0,DIRECTA
DITAS,15M,2026-03-25 08:30:00,2026-03-25,08:30:00,43684.53125,43774.53125,43669.53125,43759.53125,0,DIRECTA
DITAS,15M,2026-03-25 08:45:00,2026-03-25,08:45:00,43759.53125,43889.53125,43749.53125,43889.53125,0,DIRECTA
DITAS,15M,2026-03-25 09:00:00,2026-03-25,09:00:00,43884.53125,43994.53125,43744.53125,43974.53125,0,DIRECTA
DITAS,15M,2026-03-25 09:15:00,2026-03-25,09:15:00,43969.53125,44129.53125,43969.53125,44074.53125,0,DIRECTA
DITAS,15M,2026-03-25 09:30:00,2026-03-25,09:30:00,44079.53125,44159.53125,43984.53125,44094.53125,0,DIRECTA
DITAS,15M,2026-03-25 09:45:00,2026-03-25,09:45:00,44089.53125,44149.53125,43974.53125,44039.53125,0,DIRECTA
DITAS,15M,2026-03-25 10:00:00,2026-03-25,10:00:00,44024.53125,44109.53125,43984.53125,44089.53125,0,DIRECTA
DITAS,15M,2026-03-25 10:15:00,2026-03-25,10:15:00,44084.53125,44099.53125,43929.53125,43964.53125,0,DIRECTA
DITAS,15M,2026-03-25 10:30:00,2026-03-25,10:30:00,43974.53125,44044.53125,43959.53125,43959.53125,0,DIRECTA
DITAS,15M,2026-03-25 10:45:00,2026-03-25,10:45:00,43954.53125,44039.53125,43884.53125,43994.53125,0,DIRECTA
DITAS,15M,2026-03-25 11:00:00,2026-03-25,11:00:00,43999.53125,44069.53125,43994.53125,44034.53125,0,DIRECTA
DITAS,15M,2026-03-25 11:15:00,2026-03-25,11:15:00,44019.53125,44054.53125,43994.53125,44019.53125,0,DIRECTA
DITAS,15M,2026-03-25 11:30:00,2026-03-25,11:30:00,44019.53125,44094.53125,44009.53125,44009.53125,0,DIRECTA
DITAS,15M,2026-03-25 11:45:00,2026-03-25,11:45:00,43994.53125,44089.53125,43994.53125,44064.53125,0,DIRECTA
DITAS,15M,2026-03-25 12:00:00,2026-03-25,12:00:00,44069.53125,44144.53125,44064.53125,44124.53125,0,DIRECTA
DITAS,15M,2026-03-25 12:15:00,2026-03-25,12:15:00,44124.53125,44169.53125,44094.53125,44114.53125,0,DIRECTA
DITAS,15M,2026-03-25 12:30:00,2026-03-25,12:30:00,44129.53125,44189.53125,44129.53125,44179.53125,0,DIRECTA
DITAS,15M,2026-03-25 12:45:00,2026-03-25,12:45:00,44179.53125,44194.53125,44029.53125,44174.53125,0,DIRECTA
DITAS,15M,2026-03-25 13:00:00,2026-03-25,13:00:00,44189.53125,44244.53125,44164.53125,44214.53125,0,DIRECTA
DITAS,15M,2026-03-25 13:15:00,2026-03-25,13:15:00,44214.53125,44214.53125,43939.53125,43959.53125,0,DIRECTA
DITAS,15M,2026-03-25 13:30:00,2026-03-25,13:30:00,43949.53125,44034.53125,43854.53125,43989.53125,0,DIRECTA
DITAS,15M,2026-03-25 13:45:00,2026-03-25,13:45:00,43984.53125,44089.53125,43964.53125,44049.53125,0,DIRECTA
DITAS,15M,2026-03-25 14:00:00,2026-03-25,14:00:00,44059.53125,44144.53125,44024.53125,44059.53125,0,DIRECTA
DITAS,15M,2026-03-25 14:15:00,2026-03-25,14:15:00,44064.53125,44099.53125,44049.53125,44074.53125,0,DIRECTA
DITAS,15M,2026-03-25 14:30:00,2026-03-25,14:30:00,44099.53125,44159.53125,44049.53125,44054.53125,0,DIRECTA
DITAS,15M,2026-03-25 14:45:00,2026-03-25,14:45:00,44069.53125,44084.53125,43929.53125,43964.53125,0,DIRECTA
DITAS,15M,2026-03-25 15:00:00,2026-03-25,15:00:00,43954.53125,44089.53125,43879.53125,44084.53125,0,DIRECTA
DITAS,15M,2026-03-25 15:15:00,2026-03-25,15:15:00,44089.53125,44144.53125,44034.53125,44059.53125,0,DIRECTA
DITAS,15M,2026-03-25 15:30:00,2026-03-25,15:30:00,44064.53125,44114.53125,44004.53125,44039.53125,0,DIRECTA
DITAS,15M,2026-03-25 15:45:00,2026-03-25,15:45:00,44034.53125,44134.53125,44019.53125,44019.53125,0,DIRECTA
DITAS,15M,2026-03-25 16:00:00,2026-03-25,16:00:00,44034.53125,44064.53125,43869.53125,43869.53125,0,DIRECTA
DITAS,15M,2026-03-25 16:15:00,2026-03-25,16:15:00,43854.53125,43994.53125,43739.53125,43994.53125,0,DIRECTA
DITAS,15M,2026-03-25 16:30:00,2026-03-25,16:30:00,44004.53125,44019.53125,43909.53125,43979.53125,0,DIRECTA
DITAS,15M,2026-03-25 16:45:00,2026-03-25,16:45:00,43974.53125,43984.53125,43899.53125,43919.53125,0,DIRECTA
DITAS,15M,2026-03-25 17:00:00,2026-03-25,17:00:00,43914.53125,43929.53125,43869.53125,43909.53125,0,DIRECTA
DITAS,15M,2026-03-25 17:15:00,2026-03-25,17:15:00,43904.53125,43994.53125,43844.53125,43994.53125,0,DIRECTA
DITAS,15M,2026-03-25 17:30:00,2026-03-25,17:30:00,43999.53125,44074.53125,43974.53125,44049.53125,0,DIRECTA
DITAS,15M,2026-03-25 17:45:00,2026-03-25,17:45:00,44049.53125,44069.53125,44004.53125,44044.53125,0,DIRECTA
DITAS,15M,2026-03-25 18:00:00,2026-03-25,18:00:00,44049.53125,44084.53125,44009.53125,44059.53125,0,DIRECTA
DITAS,15M,2026-03-25 18:15:00,2026-03-25,18:15:00,44034.53125,44079.53125,44009.53125,44054.53125,0,DIRECTA
DITAS,15M,2026-03-25 18:30:00,2026-03-25,18:30:00,44049.53125,44129.53125,44049.53125,44119.53125,0,DIRECTA
DITAS,15M,2026-03-25 18:45:00,2026-03-25,18:45:00,44099.53125,44104.53125,44024.53125,44039.53125,0,DIRECTA
DITAS,15M,2026-03-25 19:00:00,2026-03-25,19:00:00,44024.53125,44054.53125,44019.53125,44029.53125,0,DIRECTA
DITAS,15M,2026-03-25 19:15:00,2026-03-25,19:15:00,44039.53125,44044.53125,44029.53125,44034.53125,0,DIRECTA
DITAS,15M,2026-03-25 19:30:00,2026-03-25,19:30:00,44034.53125,44044.53125,44019.53125,44019.53125,0,DIRECTA
DITAS,15M,2026-03-25 19:45:00,2026-03-25,19:45:00,44014.53125,44029.53125,43919.53125,43979.53125,0,DIRECTA
DITAS,15M,2026-03-25 20:00:00,2026-03-25,20:00:00,43984.53125,44009.53125,43944.53125,44009.53125,0,DIRECTA
DITAS,15M,2026-03-25 20:15:00,2026-03-25,20:15:00,44014.53125,44049.53125,44014.53125,44024.53125,0,DIRECTA
DITAS,15M,2026-03-25 20:30:00,2026-03-25,20:30:00,44019.53125,44019.53125,43969.53125,43974.53125,0,DIRECTA
DITAS,15M,2026-03-25 20:45:00,2026-03-25,20:45:00,43974.53125,44004.53125,43969.53125,43974.53125,0,DIRECTA
DITAS,15M,2026-03-25 21:00:00,2026-03-25,21:00:00,43989.53125,44004.53125,43989.53125,44004.53125,0,DIRECTA
DITAS,15M,2026-03-25 21:15:00,2026-03-25,21:15:00,44004.53125,44019.53125,43969.53125,43969.53125,0,DIRECTA
DITAS,15M,2026-03-25 21:30:00,2026-03-25,21:30:00,43979.53125,43989.53125,43969.53125,43979.53125,0,DIRECTA
DITAS,15M,2026-03-25 21:45:00,2026-03-25,21:45:00,43974.53125,44004.53125,43959.53125,43974.53125,0,DIRECTA
DITAS,15M,2026-03-26 08:00:00,2026-03-26,08:00:00,43783.28906,43818.28906,43703.28906,43718.28906,0,DIRECTA
DITAS,15M,2026-03-26 08:15:00,2026-03-26,08:15:00,43713.28906,43763.28906,43653.28906,43728.28906,0,DIRECTA
DITAS,15M,2026-03-26 08:30:00,2026-03-26,08:30:00,43718.28906,43718.28906,43648.28906,43658.28906,0,DIRECTA
DITAS,15M,2026-03-26 08:45:00,2026-03-26,08:45:00,43698.28906,43763.28906,43698.28906,43748.28906,0,DIRECTA
DITAS,15M,2026-03-26 09:00:00,2026-03-26,09:00:00,43748.28906,43808.28906,43638.28906,43658.28906,0,DIRECTA
DITAS,15M,2026-03-26 09:15:00,2026-03-26,09:15:00,43658.28906,43783.28906,43658.28906,43673.28906,0,DIRECTA
DITAS,15M,2026-03-26 09:30:00,2026-03-26,09:30:00,43673.28906,43753.28906,43628.28906,43628.28906,0,DIRECTA
DITAS,15M,2026-03-26 09:45:00,2026-03-26,09:45:00,43618.28906,43703.28906,43588.28906,43658.28906,0,DIRECTA
DITAS,15M,2026-03-26 10:00:00,2026-03-26,10:00:00,43673.28906,43673.28906,43543.28906,43568.28906,0,DIRECTA
DITAS,15M,2026-03-26 10:15:00,2026-03-26,10:15:00,43568.28906,43578.28906,43448.28906,43468.28906,0,DIRECTA
DITAS,15M,2026-03-26 10:30:00,2026-03-26,10:30:00,43448.28906,43448.28906,43368.28906,43408.28906,0,DIRECTA
DITAS,15M,2026-03-26 10:45:00,2026-03-26,10:45:00,43408.28906,43513.28906,43393.28906,43493.28906,0,DIRECTA
DITAS,15M,2026-03-26 11:00:00,2026-03-26,11:00:00,43478.28906,43578.28906,43438.28906,43578.28906,0,DIRECTA
DITAS,15M,2026-03-26 11:15:00,2026-03-26,11:15:00,43578.28906,43638.28906,43543.28906,43633.28906,0,DIRECTA
DITAS,15M,2026-03-26 11:30:00,2026-03-26,11:30:00,43638.28906,43683.28906,43588.28906,43588.28906,0,DIRECTA
DITAS,15M,2026-03-26 11:45:00,2026-03-26,11:45:00,43583.28906,43623.28906,43578.28906,43618.28906,0,DIRECTA
DITAS,15M,2026-03-26 12:00:00,2026-03-26,12:00:00,43618.28906,43668.28906,43568.28906,43603.28906,0,DIRECTA
DITAS,15M,2026-03-26 12:15:00,2026-03-26,12:15:00,43598.28906,43638.28906,43523.28906,43583.28906,0,DIRECTA
DITAS,15M,2026-03-26 12:30:00,2026-03-26,12:30:00,43578.28906,43588.28906,43518.28906,43523.28906,0,DIRECTA
DITAS,15M,2026-03-26 12:45:00,2026-03-26,12:45:00,43523.28906,43548.28906,43458.28906,43458.28906,0,DIRECTA
DITAS,15M,2026-03-26 13:00:00,2026-03-26,13:00:00,43463.28906,43588.28906,43428.28906,43573.28906,0,DIRECTA
DITAS,15M,2026-03-26 13:15:00,2026-03-26,13:15:00,43578.28906,43583.28906,43538.28906,43543.28906,0,DIRECTA
DITAS,15M,2026-03-26 13:30:00,2026-03-26,13:30:00,43533.28906,43533.28906,43433.28906,43438.28906,0,DIRECTA
DITAS,15M,2026-03-26 13:45:00,2026-03-26,13:45:00,43453.28906,43518.28906,43453.28906,43518.28906,0,DIRECTA
DITAS,15M,2026-03-26 14:00:00,2026-03-26,14:00:00,43518.28906,43538.28906,43458.28906,43508.28906,0,DIRECTA
DITAS,15M,2026-03-26 14:15:00,2026-03-26,14:15:00,43503.28906,43538.28906,43493.28906,43538.28906,0,DIRECTA
DITAS,15M,2026-03-26 14:30:00,2026-03-26,14:30:00,43528.28906,43673.28906,43513.28906,43673.28906,0,DIRECTA
DITAS,15M,2026-03-26 14:45:00,2026-03-26,14:45:00,43688.28906,43768.28906,43648.28906,43758.28906,0,DIRECTA
DITAS,15M,2026-03-26 15:00:00,2026-03-26,15:00:00,43758.28906,43768.28906,43668.28906,43768.28906,0,DIRECTA
DITAS,15M,2026-03-26 15:15:00,2026-03-26,15:15:00,43778.28906,43808.28906,43748.28906,43778.28906,0,DIRECTA
DITAS,15M,2026-03-26 15:30:00,2026-03-26,15:30:00,43778.28906,43923.28906,43743.28906,43763.28906,0,DIRECTA
DITAS,15M,2026-03-26 15:45:00,2026-03-26,15:45:00,43748.28906,43793.28906,43648.28906,43738.28906,0,DIRECTA
DITAS,15M,2026-03-26 16:00:00,2026-03-26,16:00:00,43738.28906,43778.28906,43713.28906,43743.28906,0,DIRECTA
DITAS,15M,2026-03-26 16:15:00,2026-03-26,16:15:00,43738.28906,43738.28906,43648.28906,43688.28906,0,DIRECTA
DITAS,15M,2026-03-26 16:30:00,2026-03-26,16:30:00,43678.28906,43683.28906,43598.28906,43618.28906,0,DIRECTA
DITAS,15M,2026-03-26 16:45:00,2026-03-26,16:45:00,43628.28906,43753.28906,43613.28906,43733.28906,0,DIRECTA
DITAS,15M,2026-03-26 17:00:00,2026-03-26,17:00:00,43718.28906,43798.28906,43718.28906,43723.28906,0,DIRECTA
DITAS,15M,2026-03-26 17:15:00,2026-03-26,17:15:00,43713.28906,43713.28906,43578.28906,43633.28906,0,DIRECTA
DITAS,15M,2026-03-26 17:30:00,2026-03-26,17:30:00,43643.28906,43713.28906,43593.28906,43693.28906,0,DIRECTA
DITAS,15M,2026-03-26 17:45:00,2026-03-26,17:45:00,43688.28906,43703.28906,43638.28906,43653.28906,0,DIRECTA
DITAS,15M,2026-03-26 18:00:00,2026-03-26,18:00:00,43653.28906,43698.28906,43653.28906,43673.28906,0,DIRECTA
DITAS,15M,2026-03-26 18:15:00,2026-03-26,18:15:00,43653.28906,43663.28906,43578.28906,43613.28906,0,DIRECTA
DITAS,15M,2026-03-26 18:30:00,2026-03-26,18:30:00,43623.28906,43648.28906,43578.28906,43578.28906,0,DIRECTA
DITAS,15M,2026-03-26 18:45:00,2026-03-26,18:45:00,43578.28906,43583.28906,43538.28906,43543.28906,0,DIRECTA
DITAS,15M,2026-03-26 19:00:00,2026-03-26,19:00:00,43558.28906,43588.28906,43558.28906,43568.28906,0,DIRECTA
DITAS,15M,2026-03-26 19:15:00,2026-03-26,19:15:00,43568.28906,43568.28906,43548.28906,43553.28906,0,DIRECTA
DITAS,15M,2026-03-26 19:30:00,2026-03-26,19:30:00,43558.28906,43623.28906,43558.28906,43603.28906,0,DIRECTA
DITAS,15M,2026-03-26 19:45:00,2026-03-26,19:45:00,43608.28906,43613.28906,43573.28906,43598.28906,0,DIRECTA
DITAS,15M,2026-03-26 20:00:00,2026-03-26,20:00:00,43608.28906,43608.28906,43473.28906,43493.28906,0,DIRECTA
DITAS,15M,2026-03-26 20:15:00,2026-03-26,20:15:00,43503.28906,43528.28906,43483.28906,43508.28906,0,DIRECTA
DITAS,15M,2026-03-26 20:30:00,2026-03-26,20:30:00,43508.28906,43508.28906,43448.28906,43463.28906,0,DIRECTA
DITAS,15M,2026-03-26 20:45:00,2026-03-26,20:45:00,43453.28906,43473.28906,43423.28906,43438.28906,0,DIRECTA
DITAS,15M,2026-03-26 21:00:00,2026-03-26,21:00:00,43448.28906,43863.28906,43438.28906,43663.28906,0,DIRECTA
DITAS,15M,2026-03-26 21:15:00,2026-03-26,21:15:00,43623.28906,43728.28906,43543.28906,43593.28906,0,DIRECTA
DITAS,15M,2026-03-26 21:30:00,2026-03-26,21:30:00,43603.28906,43688.28906,43603.28906,43683.28906,0,DIRECTA
DITAS,15M,2026-03-26 21:45:00,2026-03-26,21:45:00,43668.28906,43668.28906,43558.28906,43568.28906,0,DIRECTA
DITAS,15M,2026-03-27 08:00:00,2026-03-27,08:00:00,43708.83984,43828.83984,43708.83984,43798.83984,0,DIRECTA
DITAS,15M,2026-03-27 08:15:00,2026-03-27,08:15:00,43783.83984,43783.83984,43728.83984,43728.83984,0,DIRECTA
DITAS,15M,2026-03-27 08:30:00,2026-03-27,08:30:00,43743.83984,43768.83984,43698.83984,43748.83984,0,DIRECTA
DITAS,15M,2026-03-27 08:45:00,2026-03-27,08:45:00,43748.83984,43813.83984,43748.83984,43813.83984,0,DIRECTA
DITAS,15M,2026-03-27 09:00:00,2026-03-27,09:00:00,43823.83984,43883.83984,43673.83984,43743.83984,0,DIRECTA
DITAS,15M,2026-03-27 09:15:00,2026-03-27,09:15:00,43753.83984,43758.83984,43528.83984,43563.83984,0,DIRECTA
DITAS,15M,2026-03-27 09:30:00,2026-03-27,09:30:00,43553.83984,43583.83984,43378.83984,43453.83984,0,DIRECTA
DITAS,15M,2026-03-27 09:45:00,2026-03-27,09:45:00,43458.83984,43483.83984,43338.83984,43393.83984,0,DIRECTA
DITAS,15M,2026-03-27 10:00:00,2026-03-27,10:00:00,43393.83984,43393.83984,43183.83984,43253.83984,0,DIRECTA
DITAS,15M,2026-03-27 10:15:00,2026-03-27,10:15:00,43248.83984,43408.83984,43248.83984,43363.83984,0,DIRECTA
DITAS,15M,2026-03-27 10:30:00,2026-03-27,10:30:00,43373.83984,43378.83984,43238.83984,43278.83984,0,DIRECTA
DITAS,15M,2026-03-27 10:45:00,2026-03-27,10:45:00,43243.83984,43243.83984,43168.83984,43193.83984,0,DIRECTA
DITAS,15M,2026-03-27 11:00:00,2026-03-27,11:00:00,43193.83984,43318.83984,43148.83984,43228.83984,0,DIRECTA
DITAS,15M,2026-03-27 11:15:00,2026-03-27,11:15:00,43223.83984,43323.83984,43213.83984,43293.83984,0,DIRECTA
DITAS,15M,2026-03-27 11:30:00,2026-03-27,11:30:00,43293.83984,43323.83984,43198.83984,43218.83984,0,DIRECTA
DITAS,15M,2026-03-27 11:45:00,2026-03-27,11:45:00,43223.83984,43223.83984,43088.83984,43093.83984,0,DIRECTA
DITAS,15M,2026-03-27 12:00:00,2026-03-27,12:00:00,43103.83984,43103.83984,42993.83984,43023.83984,0,DIRECTA
DITAS,15M,2026-03-27 12:15:00,2026-03-27,12:15:00,43023.83984,43143.83984,43013.83984,43143.83984,0,DIRECTA
DITAS,15M,2026-03-27 12:30:00,2026-03-27,12:30:00,43148.83984,43238.83984,43148.83984,43223.83984,0,DIRECTA
DITAS,15M,2026-03-27 12:45:00,2026-03-27,12:45:00,43233.83984,43273.83984,43203.83984,43203.83984,0,DIRECTA
DITAS,15M,2026-03-27 13:00:00,2026-03-27,13:00:00,43218.83984,43238.83984,43173.83984,43223.83984,0,DIRECTA
DITAS,15M,2026-03-27 13:15:00,2026-03-27,13:15:00,43228.83984,43278.83984,43213.83984,43263.83984,0,DIRECTA
DITAS,15M,2026-03-27 13:30:00,2026-03-27,13:30:00,43253.83984,43343.83984,43238.83984,43313.83984,0,DIRECTA
DITAS,15M,2026-03-27 13:45:00,2026-03-27,13:45:00,43313.83984,43348.83984,43253.83984,43293.83984,0,DIRECTA
DITAS,15M,2026-03-27 14:00:00,2026-03-27,14:00:00,43293.83984,43298.83984,43193.83984,43203.83984,0,DIRECTA
DITAS,15M,2026-03-27 14:15:00,2026-03-27,14:15:00,43198.83984,43333.83984,43198.83984,43293.83984,0,DIRECTA
DITAS,15M,2026-03-27 14:30:00,2026-03-27,14:30:00,43333.83984,43333.83984,43213.83984,43323.83984,0,DIRECTA
DITAS,15M,2026-03-27 14:45:00,2026-03-27,14:45:00,43328.83984,43368.83984,43183.83984,43218.83984,0,DIRECTA
DITAS,15M,2026-03-27 15:00:00,2026-03-27,15:00:00,43223.83984,43308.83984,43223.83984,43278.83984,0,DIRECTA
DITAS,15M,2026-03-27 15:15:00,2026-03-27,15:15:00,43278.83984,43368.83984,43258.83984,43288.83984,0,DIRECTA
DITAS,15M,2026-03-27 15:30:00,2026-03-27,15:30:00,43283.83984,43373.83984,43258.83984,43263.83984,0,DIRECTA
DITAS,15M,2026-03-27 15:45:00,2026-03-27,15:45:00,43278.83984,43333.83984,43238.83984,43298.83984,0,DIRECTA
DITAS,15M,2026-03-27 16:00:00,2026-03-27,16:00:00,43293.83984,43383.83984,43273.83984,43298.83984,0,DIRECTA
DITAS,15M,2026-03-27 16:15:00,2026-03-27,16:15:00,43298.83984,43448.83984,43223.83984,43413.83984,0,DIRECTA
DITAS,15M,2026-03-27 16:30:00,2026-03-27,16:30:00,43418.83984,43528.83984,43418.83984,43438.83984,0,DIRECTA
DITAS,15M,2026-03-27 16:45:00,2026-03-27,16:45:00,43443.83984,43498.83984,43383.83984,43393.83984,0,DIRECTA
DITAS,15M,2026-03-27 17:00:00,2026-03-27,17:00:00,43393.83984,43408.83984,43278.83984,43348.83984,0,DIRECTA
DITAS,15M,2026-03-27 17:15:00,2026-03-27,17:15:00,43358.83984,43373.83984,43318.83984,43373.83984,0,DIRECTA
DITAS,15M,2026-03-27 17:30:00,2026-03-27,17:30:00,43383.83984,43413.83984,43313.83984,43363.83984,0,DIRECTA
DITAS,15M,2026-03-27 17:45:00,2026-03-27,17:45:00,43353.83984,43428.83984,43348.83984,43378.83984,0,DIRECTA
DITAS,15M,2026-03-27 18:00:00,2026-03-27,18:00:00,43363.83984,43443.83984,43333.83984,43363.83984,0,DIRECTA
DITAS,15M,2026-03-27 18:15:00,2026-03-27,18:15:00,43353.83984,43353.83984,43243.83984,43263.83984,0,DIRECTA
DITAS,15M,2026-03-27 18:30:00,2026-03-27,18:30:00,43268.83984,43278.83984,43223.83984,43228.83984,0,DIRECTA
DITAS,15M,2026-03-27 18:45:00,2026-03-27,18:45:00,43248.83984,43253.83984,43213.83984,43223.83984,0,DIRECTA
DITAS,15M,2026-03-27 19:00:00,2026-03-27,19:00:00,43223.83984,43233.83984,43153.83984,43153.83984,0,DIRECTA
DITAS,15M,2026-03-27 19:15:00,2026-03-27,19:15:00,43168.83984,43203.83984,43143.83984,43168.83984,0,DIRECTA
DITAS,15M,2026-03-27 19:30:00,2026-03-27,19:30:00,43168.83984,43203.83984,43158.83984,43188.83984,0,DIRECTA
DITAS,15M,2026-03-27 19:45:00,2026-03-27,19:45:00,43188.83984,43188.83984,43158.83984,43168.83984,0,DIRECTA
DITAS,15M,2026-03-27 20:00:00,2026-03-27,20:00:00,43173.83984,43173.83984,43128.83984,43168.83984,0,DIRECTA
DITAS,15M,2026-03-27 20:15:00,2026-03-27,20:15:00,43163.83984,43168.83984,43133.83984,43138.83984,0,DIRECTA
DITAS,15M,2026-03-27 20:30:00,2026-03-27,20:30:00,43148.83984,43163.83984,43053.83984,43073.83984,0,DIRECTA
DITAS,15M,2026-03-27 20:45:00,2026-03-27,20:45:00,43063.83984,43178.83984,43048.83984,43178.83984,0,DIRECTA
DITAS,15M,2026-03-27 21:00:00,2026-03-27,21:00:00,43143.83984,43148.83984,43123.83984,43128.83984,0,DIRECTA
DITAS,15M,2026-03-27 21:15:00,2026-03-27,21:15:00,43133.83984,43138.83984,43068.83984,43083.83984,0,DIRECTA
DITAS,15M,2026-03-27 21:30:00,2026-03-27,21:30:00,43103.83984,43113.83984,43068.83984,43098.83984,0,DIRECTA
DITAS,15M,2026-03-27 21:45:00,2026-03-27,21:45:00,43103.83984,43108.83984,42978.83984,42993.83984,0,DIRECTA
DITAS,15M,2026-03-30 08:00:00,2026-03-30,08:00:00,43074.10156,43199.10156,43029.10156,43169.10156,0,DIRECTA
DITAS,15M,2026-03-30 08:15:00,2026-03-30,08:15:00,43174.10156,43229.10156,43169.10156,43219.10156,0,DIRECTA
DITAS,15M,2026-03-30 08:30:00,2026-03-30,08:30:00,43214.10156,43259.10156,43204.10156,43249.10156,0,DIRECTA
DITAS,15M,2026-03-30 08:45:00,2026-03-30,08:45:00,43264.10156,43349.10156,43254.10156,43294.10156,0,DIRECTA
DITAS,15M,2026-03-30 09:00:00,2026-03-30,09:00:00,43299.10156,43374.10156,43174.10156,43354.10156,0,DIRECTA
DITAS,15M,2026-03-30 09:15:00,2026-03-30,09:15:00,43349.10156,43379.10156,43259.10156,43294.10156,0,DIRECTA
DITAS,15M,2026-03-30 09:30:00,2026-03-30,09:30:00,43304.10156,43329.10156,43249.10156,43304.10156,0,DIRECTA
DITAS,15M,2026-03-30 09:45:00,2026-03-30,09:45:00,43304.10156,43429.10156,43269.10156,43424.10156,0,DIRECTA
DITAS,15M,2026-03-30 10:00:00,2026-03-30,10:00:00,43409.10156,43469.10156,43364.10156,43464.10156,0,DIRECTA
DITAS,15M,2026-03-30 10:15:00,2026-03-30,10:15:00,43454.10156,43569.10156,43449.10156,43549.10156,0,DIRECTA
DITAS,15M,2026-03-30 10:30:00,2026-03-30,10:30:00,43534.10156,43599.10156,43534.10156,43559.10156,0,DIRECTA
DITAS,15M,2026-03-30 10:45:00,2026-03-30,10:45:00,43554.10156,43604.10156,43534.10156,43589.10156,0,DIRECTA
DITAS,15M,2026-03-30 11:00:00,2026-03-30,11:00:00,43599.10156,43599.10156,43499.10156,43499.10156,0,DIRECTA
DITAS,15M,2026-03-30 11:15:00,2026-03-30,11:15:00,43494.10156,43494.10156,43419.10156,43419.10156,0,DIRECTA
DITAS,15M,2026-03-30 11:30:00,2026-03-30,11:30:00,43419.10156,43444.10156,43359.10156,43389.10156,0,DIRECTA
DITAS,15M,2026-03-30 11:45:00,2026-03-30,11:45:00,43394.10156,43429.10156,43344.10156,43429.10156,0,DIRECTA
DITAS,15M,2026-03-30 12:00:00,2026-03-30,12:00:00,43434.10156,43489.10156,43394.10156,43474.10156,0,DIRECTA
DITAS,15M,2026-03-30 12:15:00,2026-03-30,12:15:00,43484.10156,43544.10156,43479.10156,43499.10156,0,DIRECTA
DITAS,15M,2026-03-30 12:30:00,2026-03-30,12:30:00,43499.10156,43514.10156,43474.10156,43484.10156,0,DIRECTA
DITAS,15M,2026-03-30 12:45:00,2026-03-30,12:45:00,43494.10156,43574.10156,43494.10156,43559.10156,0,DIRECTA
DITAS,15M,2026-03-30 13:00:00,2026-03-30,13:00:00,43579.10156,43649.10156,43579.10156,43604.10156,0,DIRECTA
DITAS,15M,2026-03-30 13:15:00,2026-03-30,13:15:00,43609.10156,43884.10156,43594.10156,43704.10156,0,DIRECTA
DITAS,15M,2026-03-30 13:30:00,2026-03-30,13:30:00,43709.10156,43709.10156,43609.10156,43619.10156,0,DIRECTA
DITAS,15M,2026-03-30 13:45:00,2026-03-30,13:45:00,43619.10156,43674.10156,43574.10156,43599.10156,0,DIRECTA
DITAS,15M,2026-03-30 14:00:00,2026-03-30,14:00:00,43614.10156,43629.10156,43569.10156,43624.10156,0,DIRECTA
DITAS,15M,2026-03-30 14:15:00,2026-03-30,14:15:00,43614.10156,43694.10156,43609.10156,43689.10156,0,DIRECTA
DITAS,15M,2026-03-30 14:30:00,2026-03-30,14:30:00,43679.10156,43744.10156,43679.10156,43729.10156,0,DIRECTA
DITAS,15M,2026-03-30 14:45:00,2026-03-30,14:45:00,43734.10156,43749.10156,43699.10156,43714.10156,0,DIRECTA
DITAS,15M,2026-03-30 15:00:00,2026-03-30,15:00:00,43724.10156,43739.10156,43654.10156,43714.10156,0,DIRECTA
DITAS,15M,2026-03-30 15:15:00,2026-03-30,15:15:00,43709.10156,43744.10156,43694.10156,43729.10156,0,DIRECTA
DITAS,15M,2026-03-30 15:30:00,2026-03-30,15:30:00,43714.10156,43754.10156,43659.10156,43694.10156,0,DIRECTA
DITAS,15M,2026-03-30 15:45:00,2026-03-30,15:45:00,43694.10156,43699.10156,43574.10156,43599.10156,0,DIRECTA
DITAS,15M,2026-03-30 16:00:00,2026-03-30,16:00:00,43609.10156,43674.10156,43599.10156,43669.10156,0,DIRECTA
DITAS,15M,2026-03-30 16:15:00,2026-03-30,16:15:00,43654.10156,43674.10156,43609.10156,43639.10156,0,DIRECTA
DITAS,15M,2026-03-30 16:30:00,2026-03-30,16:30:00,43634.10156,43754.10156,43624.10156,43624.10156,0,DIRECTA
DITAS,15M,2026-03-30 16:45:00,2026-03-30,16:45:00,43614.10156,43794.10156,43599.10156,43794.10156,0,DIRECTA
DITAS,15M,2026-03-30 17:00:00,2026-03-30,17:00:00,43809.10156,43879.10156,43684.10156,43684.10156,0,DIRECTA
DITAS,15M,2026-03-30 17:15:00,2026-03-30,17:15:00,43694.10156,43764.10156,43669.10156,43734.10156,0,DIRECTA
DITAS,15M,2026-03-30 17:30:00,2026-03-30,17:30:00,43739.10156,43894.10156,43724.10156,43889.10156,0,DIRECTA
DITAS,15M,2026-03-30 17:45:00,2026-03-30,17:45:00,43889.10156,43939.10156,43859.10156,43874.10156,0,DIRECTA
DITAS,15M,2026-03-30 18:00:00,2026-03-30,18:00:00,43864.10156,43864.10156,43779.10156,43779.10156,0,DIRECTA
DITAS,15M,2026-03-30 18:15:00,2026-03-30,18:15:00,43774.10156,43774.10156,43709.10156,43709.10156,0,DIRECTA
DITAS,15M,2026-03-30 18:30:00,2026-03-30,18:30:00,43704.10156,43744.10156,43699.10156,43719.10156,0,DIRECTA
DITAS,15M,2026-03-30 18:45:00,2026-03-30,18:45:00,43714.10156,43714.10156,43699.10156,43709.10156,0,DIRECTA
DITAS,15M,2026-03-30 19:00:00,2026-03-30,19:00:00,43709.10156,43729.10156,43659.10156,43664.10156,0,DIRECTA
DITAS,15M,2026-03-30 19:15:00,2026-03-30,19:15:00,43664.10156,43664.10156,43584.10156,43584.10156,0,DIRECTA
DITAS,15M,2026-03-30 19:30:00,2026-03-30,19:30:00,43584.10156,43634.10156,43544.10156,43634.10156,0,DIRECTA
DITAS,15M,2026-03-30 19:45:00,2026-03-30,19:45:00,43634.10156,43634.10156,43584.10156,43594.10156,0,DIRECTA
DITAS,15M,2026-03-30 20:00:00,2026-03-30,20:00:00,43604.10156,43614.10156,43584.10156,43594.10156,0,DIRECTA
DITAS,15M,2026-03-30 20:15:00,2026-03-30,20:15:00,43614.10156,43639.10156,43574.10156,43574.10156,0,DIRECTA
DITAS,15M,2026-03-30 20:30:00,2026-03-30,20:30:00,43579.10156,43589.10156,43549.10156,43549.10156,0,DIRECTA
DITAS,15M,2026-03-30 20:45:00,2026-03-30,20:45:00,43574.10156,43579.10156,43514.10156,43519.10156,0,DIRECTA
DITAS,15M,2026-03-30 21:00:00,2026-03-30,21:00:00,43524.10156,43524.10156,43379.10156,43379.10156,0,DIRECTA
DITAS,15M,2026-03-30 21:15:00,2026-03-30,21:15:00,43389.10156,43419.10156,43374.10156,43419.10156,0,DIRECTA
DITAS,15M,2026-03-30 21:30:00,2026-03-30,21:30:00,43424.10156,43509.10156,43424.10156,43474.10156,0,DIRECTA
DITAS,15M,2026-03-30 21:45:00,2026-03-30,21:45:00,43474.10156,43544.10156,43464.10156,43544.10156,0,DIRECTA
DITAS,15M,2026-03-31 08:00:00,2026-03-31,08:00:00,43893.23828,43903.23828,43748.23828,43778.23828,0,DIRECTA
DITAS,15M,2026-03-31 08:15:00,2026-03-31,08:15:00,43798.23828,43873.23828,43788.23828,43828.23828,0,DIRECTA
DITAS,15M,2026-03-31 08:30:00,2026-03-31,08:30:00,43813.23828,43833.23828,43743.23828,43748.23828,0,DIRECTA
DITAS,15M,2026-03-31 08:45:00,2026-03-31,08:45:00,43763.23828,43783.23828,43698.23828,43783.23828,0,DIRECTA
DITAS,15M,2026-03-31 09:00:00,2026-03-31,09:00:00,43813.23828,43893.23828,43638.23828,43663.23828,0,DIRECTA
DITAS,15M,2026-03-31 09:15:00,2026-03-31,09:15:00,43663.23828,43748.23828,43633.23828,43748.23828,0,DIRECTA
DITAS,15M,2026-03-31 09:30:00,2026-03-31,09:30:00,43743.23828,43958.23828,43743.23828,43953.23828,0,DIRECTA
DITAS,15M,2026-03-31 09:45:00,2026-03-31,09:45:00,43963.23828,44113.23828,43948.23828,44103.23828,0,DIRECTA
DITAS,15M,2026-03-31 10:00:00,2026-03-31,10:00:00,44113.23828,44203.23828,44068.23828,44068.23828,0,DIRECTA
DITAS,15M,2026-03-31 10:15:00,2026-03-31,10:15:00,44068.23828,44158.23828,44053.23828,44078.23828,0,DIRECTA
DITAS,15M,2026-03-31 10:30:00,2026-03-31,10:30:00,44063.23828,44093.23828,44003.23828,44008.23828,0,DIRECTA
DITAS,15M,2026-03-31 10:45:00,2026-03-31,10:45:00,44018.23828,44073.23828,43988.23828,44013.23828,0,DIRECTA
DITAS,15M,2026-03-31 11:00:00,2026-03-31,11:00:00,44018.23828,44138.23828,44018.23828,44063.23828,0,DIRECTA
DITAS,15M,2026-03-31 11:15:00,2026-03-31,11:15:00,44078.23828,44118.23828,44028.23828,44048.23828,0,DIRECTA
DITAS,15M,2026-03-31 11:30:00,2026-03-31,11:30:00,44048.23828,44098.23828,44008.23828,44093.23828,0,DIRECTA
DITAS,15M,2026-03-31 11:45:00,2026-03-31,11:45:00,44088.23828,44143.23828,44043.23828,44098.23828,0,DIRECTA
DITAS,15M,2026-03-31 12:00:00,2026-03-31,12:00:00,44098.23828,44168.23828,44098.23828,44133.23828,0,DIRECTA
DITAS,15M,2026-03-31 12:15:00,2026-03-31,12:15:00,44128.23828,44148.23828,44113.23828,44123.23828,0,DIRECTA
DITAS,15M,2026-03-31 12:30:00,2026-03-31,12:30:00,44113.23828,44123.23828,43898.23828,43918.23828,0,DIRECTA
DITAS,15M,2026-03-31 12:45:00,2026-03-31,12:45:00,43908.23828,44058.23828,43888.23828,44058.23828,0,DIRECTA
DITAS,15M,2026-03-31 13:00:00,2026-03-31,13:00:00,44058.23828,44328.23828,43998.23828,44133.23828,0,DIRECTA
DITAS,15M,2026-03-31 13:15:00,2026-03-31,13:15:00,44138.23828,44278.23828,44123.23828,44188.23828,0,DIRECTA
DITAS,15M,2026-03-31 13:30:00,2026-03-31,13:30:00,44203.23828,44263.23828,44158.23828,44263.23828,0,DIRECTA
DITAS,15M,2026-03-31 13:45:00,2026-03-31,13:45:00,44253.23828,44253.23828,44158.23828,44253.23828,0,DIRECTA
DITAS,15M,2026-03-31 14:00:00,2026-03-31,14:00:00,44258.23828,44343.23828,44143.23828,44143.23828,0,DIRECTA
DITAS,15M,2026-03-31 14:15:00,2026-03-31,14:15:00,44128.23828,44313.23828,44098.23828,44313.23828,0,DIRECTA
DITAS,15M,2026-03-31 14:30:00,2026-03-31,14:30:00,44313.23828,44363.23828,44288.23828,44348.23828,0,DIRECTA
DITAS,15M,2026-03-31 14:45:00,2026-03-31,14:45:00,44353.23828,44398.23828,44298.23828,44303.23828,0,DIRECTA
DITAS,15M,2026-03-31 15:00:00,2026-03-31,15:00:00,44308.23828,44338.23828,44188.23828,44213.23828,0,DIRECTA
DITAS,15M,2026-03-31 15:15:00,2026-03-31,15:15:00,44223.23828,44323.23828,44213.23828,44278.23828,0,DIRECTA
DITAS,15M,2026-03-31 15:30:00,2026-03-31,15:30:00,44268.23828,44278.23828,44153.23828,44223.23828,0,DIRECTA
DITAS,15M,2026-03-31 15:45:00,2026-03-31,15:45:00,44238.23828,44433.23828,44233.23828,44423.23828,0,DIRECTA
DITAS,15M,2026-03-31 16:00:00,2026-03-31,16:00:00,44393.23828,44423.23828,44328.23828,44378.23828,0,DIRECTA
DITAS,15M,2026-03-31 16:15:00,2026-03-31,16:15:00,44373.23828,44393.23828,44308.23828,44378.23828,0,DIRECTA
DITAS,15M,2026-03-31 16:30:00,2026-03-31,16:30:00,44388.23828,44413.23828,44263.23828,44278.23828,0,DIRECTA
DITAS,15M,2026-03-31 16:45:00,2026-03-31,16:45:00,44278.23828,44323.23828,44213.23828,44233.23828,0,DIRECTA
DITAS,15M,2026-03-31 17:00:00,2026-03-31,17:00:00,44253.23828,44413.23828,44253.23828,44413.23828,0,DIRECTA
DITAS,15M,2026-03-31 17:15:00,2026-03-31,17:15:00,44418.23828,44418.23828,44243.23828,44243.23828,0,DIRECTA
DITAS,15M,2026-03-31 17:30:00,2026-03-31,17:30:00,44208.23828,44318.23828,44168.23828,44273.23828,0,DIRECTA
DITAS,15M,2026-03-31 17:45:00,2026-03-31,17:45:00,44268.23828,44303.23828,44183.23828,44203.23828,0,DIRECTA
DITAS,15M,2026-03-31 18:00:00,2026-03-31,18:00:00,44193.23828,44253.23828,44188.23828,44243.23828,0,DIRECTA
DITAS,15M,2026-03-31 18:15:00,2026-03-31,18:15:00,44253.23828,44313.23828,44238.23828,44298.23828,0,DIRECTA
DITAS,15M,2026-03-31 18:30:00,2026-03-31,18:30:00,44278.23828,45363.23828,44258.23828,45018.23828,0,DIRECTA
DITAS,15M,2026-03-31 18:45:00,2026-03-31,18:45:00,44933.23828,44968.23828,44773.23828,44808.23828,0,DIRECTA
DITAS,15M,2026-03-31 19:00:00,2026-03-31,19:00:00,44808.23828,44858.23828,44708.23828,44748.23828,0,DIRECTA
DITAS,15M,2026-03-31 19:15:00,2026-03-31,19:15:00,44748.23828,44833.23828,44683.23828,44713.23828,0,DIRECTA
DITAS,15M,2026-03-31 19:30:00,2026-03-31,19:30:00,44728.23828,44818.23828,44683.23828,44693.23828,0,DIRECTA
DITAS,15M,2026-03-31 19:45:00,2026-03-31,19:45:00,44718.23828,44733.23828,44683.23828,44693.23828,0,DIRECTA
DITAS,15M,2026-03-31 20:00:00,2026-03-31,20:00:00,44698.23828,44753.23828,44698.23828,44723.23828,0,DIRECTA
DITAS,15M,2026-03-31 20:15:00,2026-03-31,20:15:00,44733.23828,44768.23828,44713.23828,44753.23828,0,DIRECTA
DITAS,15M,2026-03-31 20:30:00,2026-03-31,20:30:00,44753.23828,44788.23828,44703.23828,44748.23828,0,DIRECTA
DITAS,15M,2026-03-31 20:45:00,2026-03-31,20:45:00,44768.23828,44788.23828,44763.23828,44763.23828,0,DIRECTA
DITAS,15M,2026-03-31 21:00:00,2026-03-31,21:00:00,44778.23828,44823.23828,44758.23828,44823.23828,0,DIRECTA
DITAS,15M,2026-03-31 21:15:00,2026-03-31,21:15:00,44833.23828,44858.23828,44808.23828,44828.23828,0,DIRECTA
DITAS,15M,2026-03-31 21:30:00,2026-03-31,21:30:00,44858.23828,44953.23828,44858.23828,44943.23828,0,DIRECTA
DITAS,15M,2026-03-31 21:45:00,2026-03-31,21:45:00,44923.23828,45018.23828,44908.23828,45013.23828,0,DIRECTA
DITAS,15M,2026-04-01 08:00:00,2026-04-01,08:00:00,45128.71094,45243.71094,45043.71094,45178.71094,0,DIRECTA
DITAS,15M,2026-04-01 08:15:00,2026-04-01,08:15:00,45173.71094,45313.71094,45173.71094,45313.71094,0,DIRECTA
DITAS,15M,2026-04-01 08:30:00,2026-04-01,08:30:00,45303.71094,45378.71094,45303.71094,45373.71094,0,DIRECTA
DITAS,15M,2026-04-01 08:45:00,2026-04-01,08:45:00,45358.71094,45413.71094,45313.71094,45388.71094,0,DIRECTA
DITAS,15M,2026-04-01 09:00:00,2026-04-01,09:00:00,45403.71094,45498.71094,45343.71094,45403.71094,0,DIRECTA
DITAS,15M,2026-04-01 09:15:00,2026-04-01,09:15:00,45393.71094,45483.71094,45393.71094,45483.71094,0,DIRECTA
DITAS,15M,2026-04-01 09:30:00,2026-04-01,09:30:00,45483.71094,45598.71094,45483.71094,45583.71094,0,DIRECTA
DITAS,15M,2026-04-01 09:45:00,2026-04-01,09:45:00,45598.71094,45628.71094,45373.71094,45438.71094,0,DIRECTA
DITAS,15M,2026-04-01 10:00:00,2026-04-01,10:00:00,45418.71094,45493.71094,45378.71094,45428.71094,0,DIRECTA
DITAS,15M,2026-04-01 10:15:00,2026-04-01,10:15:00,45433.71094,45653.71094,45428.71094,45603.71094,0,DIRECTA
DITAS,15M,2026-04-01 10:30:00,2026-04-01,10:30:00,45593.71094,45693.71094,45588.71094,45623.71094,0,DIRECTA
DITAS,15M,2026-04-01 10:45:00,2026-04-01,10:45:00,45623.71094,45658.71094,45528.71094,45613.71094,0,DIRECTA
DITAS,15M,2026-04-01 11:00:00,2026-04-01,11:00:00,45608.71094,45668.71094,45493.71094,45508.71094,0,DIRECTA
DITAS,15M,2026-04-01 11:15:00,2026-04-01,11:15:00,45503.71094,45528.71094,45383.71094,45453.71094,0,DIRECTA
DITAS,15M,2026-04-01 11:30:00,2026-04-01,11:30:00,45478.71094,45563.71094,45468.71094,45548.71094,0,DIRECTA
DITAS,15M,2026-04-01 11:45:00,2026-04-01,11:45:00,45553.71094,45663.71094,45548.71094,45583.71094,0,DIRECTA
DITAS,15M,2026-04-01 12:00:00,2026-04-01,12:00:00,45578.71094,45623.71094,45473.71094,45543.71094,0,DIRECTA
DITAS,15M,2026-04-01 12:15:00,2026-04-01,12:15:00,45538.71094,45568.71094,45508.71094,45538.71094,0,DIRECTA
DITAS,15M,2026-04-01 12:30:00,2026-04-01,12:30:00,45563.71094,45608.71094,45523.71094,45598.71094,0,DIRECTA
DITAS,15M,2026-04-01 12:45:00,2026-04-01,12:45:00,45603.71094,45708.71094,45603.71094,45698.71094,0,DIRECTA
DITAS,15M,2026-04-01 13:00:00,2026-04-01,13:00:00,45698.71094,45743.71094,45693.71094,45738.71094,0,DIRECTA
DITAS,15M,2026-04-01 13:15:00,2026-04-01,13:15:00,45733.71094,45773.71094,45688.71094,45743.71094,0,DIRECTA
DITAS,15M,2026-04-01 13:30:00,2026-04-01,13:30:00,45743.71094,45808.71094,45733.71094,45773.71094,0,DIRECTA
DITAS,15M,2026-04-01 13:45:00,2026-04-01,13:45:00,45768.71094,45808.71094,45748.71094,45763.71094,0,DIRECTA
DITAS,15M,2026-04-01 14:00:00,2026-04-01,14:00:00,45773.71094,45773.71094,45683.71094,45698.71094,0,DIRECTA
DITAS,15M,2026-04-01 14:15:00,2026-04-01,14:15:00,45708.71094,45733.71094,45668.71094,45708.71094,0,DIRECTA
DITAS,15M,2026-04-01 14:30:00,2026-04-01,14:30:00,45708.71094,45948.71094,45643.71094,45828.71094,0,DIRECTA
DITAS,15M,2026-04-01 14:45:00,2026-04-01,14:45:00,45793.71094,45848.71094,45583.71094,45603.71094,0,DIRECTA
DITAS,15M,2026-04-01 15:00:00,2026-04-01,15:00:00,45598.71094,45688.71094,45593.71094,45658.71094,0,DIRECTA
DITAS,15M,2026-04-01 15:15:00,2026-04-01,15:15:00,45663.71094,45753.71094,45663.71094,45733.71094,0,DIRECTA
DITAS,15M,2026-04-01 15:30:00,2026-04-01,15:30:00,45738.71094,45773.71094,45568.71094,45623.71094,0,DIRECTA
DITAS,15M,2026-04-01 15:45:00,2026-04-01,15:45:00,45638.71094,45703.71094,45583.71094,45703.71094,0,DIRECTA
DITAS,15M,2026-04-01 16:00:00,2026-04-01,16:00:00,45703.71094,45708.71094,45603.71094,45673.71094,0,DIRECTA
DITAS,15M,2026-04-01 16:15:00,2026-04-01,16:15:00,45658.71094,45743.71094,45638.71094,45663.71094,0,DIRECTA
DITAS,15M,2026-04-01 16:30:00,2026-04-01,16:30:00,45663.71094,45728.71094,45593.71094,45693.71094,0,DIRECTA
DITAS,15M,2026-04-01 16:45:00,2026-04-01,16:45:00,45708.71094,45753.71094,45693.71094,45703.71094,0,DIRECTA
DITAS,15M,2026-04-01 17:00:00,2026-04-01,17:00:00,45693.71094,45763.71094,45638.71094,45648.71094,0,DIRECTA
DITAS,15M,2026-04-01 17:15:00,2026-04-01,17:15:00,45658.71094,45723.71094,45653.71094,45663.71094,0,DIRECTA
DITAS,15M,2026-04-01 17:30:00,2026-04-01,17:30:00,45658.71094,45788.71094,45623.71094,45788.71094,0,DIRECTA
DITAS,15M,2026-04-01 17:45:00,2026-04-01,17:45:00,45783.71094,45853.71094,45783.71094,45833.71094,0,DIRECTA
DITAS,15M,2026-04-01 18:00:00,2026-04-01,18:00:00,45828.71094,45838.71094,45773.71094,45773.71094,0,DIRECTA
DITAS,15M,2026-04-01 18:15:00,2026-04-01,18:15:00,45793.71094,45803.71094,45743.71094,45748.71094,0,DIRECTA
DITAS,15M,2026-04-01 18:30:00,2026-04-01,18:30:00,45748.71094,45793.71094,45738.71094,45793.71094,0,DIRECTA
DITAS,15M,2026-04-01 18:45:00,2026-04-01,18:45:00,45783.71094,45818.71094,45783.71094,45818.71094,0,DIRECTA
DITAS,15M,2026-04-01 19:00:00,2026-04-01,19:00:00,45823.71094,45853.71094,45823.71094,45848.71094,0,DIRECTA
DITAS,15M,2026-04-01 19:15:00,2026-04-01,19:15:00,45848.71094,45853.71094,45833.71094,45843.71094,0,DIRECTA
DITAS,15M,2026-04-01 19:30:00,2026-04-01,19:30:00,45833.71094,45843.71094,45813.71094,45813.71094,0,DIRECTA
DITAS,15M,2026-04-01 19:45:00,2026-04-01,19:45:00,45818.71094,45818.71094,45753.71094,45753.71094,0,DIRECTA
DITAS,15M,2026-04-01 20:00:00,2026-04-01,20:00:00,45758.71094,45758.71094,45683.71094,45683.71094,0,DIRECTA
DITAS,15M,2026-04-01 20:15:00,2026-04-01,20:15:00,45678.71094,45678.71094,45548.71094,45548.71094,0,DIRECTA
DITAS,15M,2026-04-01 20:30:00,2026-04-01,20:30:00,45548.71094,45608.71094,45503.71094,45588.71094,0,DIRECTA
DITAS,15M,2026-04-01 20:45:00,2026-04-01,20:45:00,45598.71094,45598.71094,45538.71094,45538.71094,0,DIRECTA
DITAS,15M,2026-04-01 21:00:00,2026-04-01,21:00:00,45548.71094,45598.71094,45538.71094,45593.71094,0,DIRECTA
DITAS,15M,2026-04-01 21:15:00,2026-04-01,21:15:00,45608.71094,45718.71094,45608.71094,45718.71094,0,DIRECTA
DITAS,15M,2026-04-01 21:30:00,2026-04-01,21:30:00,45708.71094,45788.71094,45703.71094,45768.71094,0,DIRECTA
DITAS,15M,2026-04-01 21:45:00,2026-04-01,21:45:00,45758.71094,45768.71094,45683.71094,45733.71094,0,DIRECTA
DITAS,15M,2026-04-02 08:00:00,2026-04-02,08:00:00,45044.94922,45119.94922,44864.94922,44934.94922,0,DIRECTA
DITAS,15M,2026-04-02 08:15:00,2026-04-02,08:15:00,44964.94922,44984.94922,44919.94922,44934.94922,0,DIRECTA
DITAS,15M,2026-04-02 08:30:00,2026-04-02,08:30:00,44929.94922,44979.94922,44919.94922,44974.94922,0,DIRECTA
DITAS,15M,2026-04-02 08:45:00,2026-04-02,08:45:00,44959.94922,45064.94922,44914.94922,44999.94922,0,DIRECTA
DITAS,15M,2026-04-02 09:00:00,2026-04-02,09:00:00,45044.94922,45124.94922,44939.94922,45084.94922,0,DIRECTA
DITAS,15M,2026-04-02 09:15:00,2026-04-02,09:15:00,45069.94922,45194.94922,45034.94922,45134.94922,0,DIRECTA
DITAS,15M,2026-04-02 09:30:00,2026-04-02,09:30:00,45134.94922,45189.94922,45084.94922,45139.94922,0,DIRECTA
DITAS,15M,2026-04-02 09:45:00,2026-04-02,09:45:00,45154.94922,45304.94922,45149.94922,45299.94922,0,DIRECTA
DITAS,15M,2026-04-02 10:00:00,2026-04-02,10:00:00,45304.94922,45309.94922,45154.94922,45194.94922,0,DIRECTA
DITAS,15M,2026-04-02 10:15:00,2026-04-02,10:15:00,45199.94922,45249.94922,45164.94922,45219.94922,0,DIRECTA
DITAS,15M,2026-04-02 10:30:00,2026-04-02,10:30:00,45234.94922,45279.94922,45219.94922,45224.94922,0,DIRECTA
DITAS,15M,2026-04-02 10:45:00,2026-04-02,10:45:00,45239.94922,45274.94922,45209.94922,45259.94922,0,DIRECTA
DITAS,15M,2026-04-02 11:00:00,2026-04-02,11:00:00,45254.94922,45269.94922,45119.94922,45134.94922,0,DIRECTA
DITAS,15M,2026-04-02 11:15:00,2026-04-02,11:15:00,45129.94922,45194.94922,45129.94922,45174.94922,0,DIRECTA
DITAS,15M,2026-04-02 11:30:00,2026-04-02,11:30:00,45179.94922,45179.94922,45094.94922,45104.94922,0,DIRECTA
DITAS,15M,2026-04-02 11:45:00,2026-04-02,11:45:00,45114.94922,45194.94922,45089.94922,45159.94922,0,DIRECTA
DITAS,15M,2026-04-02 12:00:00,2026-04-02,12:00:00,45144.94922,45169.94922,45079.94922,45079.94922,0,DIRECTA
DITAS,15M,2026-04-02 12:15:00,2026-04-02,12:15:00,45079.94922,45079.94922,45029.94922,45039.94922,0,DIRECTA
DITAS,15M,2026-04-02 12:30:00,2026-04-02,12:30:00,45044.94922,45094.94922,45009.94922,45069.94922,0,DIRECTA
DITAS,15M,2026-04-02 12:45:00,2026-04-02,12:45:00,45074.94922,45074.94922,45024.94922,45069.94922,0,DIRECTA
DITAS,15M,2026-04-02 13:00:00,2026-04-02,13:00:00,45059.94922,45114.94922,45049.94922,45059.94922,0,DIRECTA
DITAS,15M,2026-04-02 13:15:00,2026-04-02,13:15:00,45064.94922,45064.94922,44974.94922,44974.94922,0,DIRECTA
DITAS,15M,2026-04-02 13:30:00,2026-04-02,13:30:00,44969.94922,45014.94922,44929.94922,44929.94922,0,DIRECTA
DITAS,15M,2026-04-02 13:45:00,2026-04-02,13:45:00,44924.94922,44984.94922,44904.94922,44904.94922,0,DIRECTA
DITAS,15M,2026-04-02 14:00:00,2026-04-02,14:00:00,44899.94922,44899.94922,44769.94922,44774.94922,0,DIRECTA
DITAS,15M,2026-04-02 14:15:00,2026-04-02,14:15:00,44779.94922,44884.94922,44764.94922,44859.94922,0,DIRECTA
DITAS,15M,2026-04-02 14:30:00,2026-04-02,14:30:00,44884.94922,44909.94922,44864.94922,44904.94922,0,DIRECTA
DITAS,15M,2026-04-02 14:45:00,2026-04-02,14:45:00,44899.94922,44949.94922,44859.94922,44859.94922,0,DIRECTA
DITAS,15M,2026-04-02 15:00:00,2026-04-02,15:00:00,44869.94922,44904.94922,44804.94922,44814.94922,0,DIRECTA
DITAS,15M,2026-04-02 15:15:00,2026-04-02,15:15:00,44824.94922,44889.94922,44819.94922,44889.94922,0,DIRECTA
DITAS,15M,2026-04-02 15:30:00,2026-04-02,15:30:00,44914.94922,44979.94922,44884.94922,44944.94922,0,DIRECTA
DITAS,15M,2026-04-02 15:45:00,2026-04-02,15:45:00,44959.94922,45174.94922,44959.94922,45154.94922,0,DIRECTA
DITAS,15M,2026-04-02 16:00:00,2026-04-02,16:00:00,45164.94922,45189.94922,45099.94922,45139.94922,0,DIRECTA
DITAS,15M,2026-04-02 16:15:00,2026-04-02,16:15:00,45149.94922,45244.94922,45139.94922,45219.94922,0,DIRECTA
DITAS,15M,2026-04-02 16:30:00,2026-04-02,16:30:00,45214.94922,45709.94922,45214.94922,45599.94922,0,DIRECTA
DITAS,15M,2026-04-02 16:45:00,2026-04-02,16:45:00,45594.94922,45624.94922,45459.94922,45564.94922,0,DIRECTA
DITAS,15M,2026-04-02 17:00:00,2026-04-02,17:00:00,45569.94922,45594.94922,45484.94922,45519.94922,0,DIRECTA
DITAS,15M,2026-04-02 17:15:00,2026-04-02,17:15:00,45534.94922,45564.94922,45444.94922,45514.94922,0,DIRECTA
DITAS,15M,2026-04-02 17:30:00,2026-04-02,17:30:00,45519.94922,45669.94922,45509.94922,45649.94922,0,DIRECTA
DITAS,15M,2026-04-02 17:45:00,2026-04-02,17:45:00,45604.94922,45624.94922,45514.94922,45589.94922,0,DIRECTA
DITAS,15M,2026-04-02 18:00:00,2026-04-02,18:00:00,45604.94922,45629.94922,45519.94922,45559.94922,0,DIRECTA
DITAS,15M,2026-04-02 18:15:00,2026-04-02,18:15:00,45569.94922,45589.94922,45509.94922,45549.94922,0,DIRECTA
DITAS,15M,2026-04-02 18:30:00,2026-04-02,18:30:00,45539.94922,45639.94922,45529.94922,45639.94922,0,DIRECTA
DITAS,15M,2026-04-02 18:45:00,2026-04-02,18:45:00,45634.94922,45644.94922,45584.94922,45584.94922,0,DIRECTA
DITAS,15M,2026-04-02 19:00:00,2026-04-02,19:00:00,45584.94922,45679.94922,45569.94922,45669.94922,0,DIRECTA
DITAS,15M,2026-04-02 19:15:00,2026-04-02,19:15:00,45679.94922,45724.94922,45664.94922,45699.94922,0,DIRECTA
DITAS,15M,2026-04-02 19:30:00,2026-04-02,19:30:00,45704.94922,45709.94922,45664.94922,45684.94922,0,DIRECTA
DITAS,15M,2026-04-02 19:45:00,2026-04-02,19:45:00,45659.94922,45659.94922,45589.94922,45619.94922,0,DIRECTA
DITAS,15M,2026-04-02 20:00:00,2026-04-02,20:00:00,45624.94922,45659.94922,45624.94922,45649.94922,0,DIRECTA
DITAS,15M,2026-04-02 20:15:00,2026-04-02,20:15:00,45649.94922,45649.94922,45629.94922,45644.94922,0,DIRECTA
DITAS,15M,2026-04-02 20:30:00,2026-04-02,20:30:00,45644.94922,45694.94922,45644.94922,45679.94922,0,DIRECTA
DITAS,15M,2026-04-02 20:45:00,2026-04-02,20:45:00,45684.94922,45739.94922,45684.94922,45694.94922,0,DIRECTA
DITAS,15M,2026-04-02 21:00:00,2026-04-02,21:00:00,45699.94922,45734.94922,45694.94922,45704.94922,0,DIRECTA
DITAS,15M,2026-04-02 21:15:00,2026-04-02,21:15:00,45704.94922,45734.94922,45704.94922,45714.94922,0,DIRECTA
DITAS,15M,2026-04-02 21:30:00,2026-04-02,21:30:00,45709.94922,45764.94922,45709.94922,45734.94922,0,DIRECTA
DITAS,15M,2026-04-02 21:45:00,2026-04-02,21:45:00,45719.94922,45904.94922,45704.94922,45839.94922,0,DIRECTA
