symbol,timeframe,timestamp,date,time,open,high,low,close,volume,source
DITAS,1H,2025-12-23 08:00:00,2025-12-23,08:00:00,44600.60156,44625.60156,44565.60156,44580.60156,0,DIRECTA
DITAS,1H,2025-12-23 09:00:00,2025-12-23,09:00:00,44565.60156,44710.60156,44475.60156,44540.60156,0,DIRECTA
DITAS,1H,2025-12-23 10:00:00,2025-12-23,10:00:00,44535.60156,44605.60156,44495.60156,44515.60156,0,DIRECTA
DITAS,1H,2025-12-23 11:00:00,2025-12-23,11:00:00,44530.60156,44595.60156,44500.60156,44500.60156,0,DIRECTA
DITAS,1H,2025-12-23 12:00:00,2025-12-23,12:00:00,44495.60156,44515.60156,44445.60156,44455.60156,0,DIRECTA
DITAS,1H,2025-12-23 13:00:00,2025-12-23,13:00:00,44465.60156,44495.60156,44445.60156,44470.60156,0,DIRECTA
DITAS,1H,2025-12-23 14:00:00,2025-12-23,14:00:00,44475.60156,44510.60156,44455.60156,44500.60156,0,DIRECTA
DITAS,1H,2025-12-23 15:00:00,2025-12-23,15:00:00,44490.60156,44675.60156,44490.60156,44625.60156,0,DIRECTA
DITAS,1H,2025-12-23 16:00:00,2025-12-23,16:00:00,44630.60156,44705.60156,44600.60156,44670.60156,0,DIRECTA
DITAS,1H,2025-12-23 17:00:00,2025-12-23,17:00:00,44660.60156,44675.60156,44585.60156,44590.60156,0,DIRECTA
DITAS,1H,2025-12-23 18:00:00,2025-12-23,18:00:00,44580.60156,44605.60156,44580.60156,44580.60156,0,DIRECTA
DITAS,1H,2025-12-23 19:00:00,2025-12-23,19:00:00,44585.60156,44615.60156,44585.60156,44595.60156,0,DIRECTA
DITAS,1H,2025-12-23 20:00:00,2025-12-23,20:00:00,44595.60156,44600.60156,44575.60156,44575.60156,0,DIRECTA
DITAS,1H,2025-12-23 21:00:00,2025-12-23,21:00:00,44570.60156,44600.60156,44535.60156,44540.60156,0,DIRECTA
DITAS,1H,2025-12-29 08:00:00,2025-12-29,08:00:00,44680.57813,44715.57813,44645.57813,44665.57813,0,DIRECTA
DITAS,1H,2025-12-29 09:00:00,2025-12-29,09:00:00,44660.57813,44675.57813,44410.57813,44435.57813,0,DIRECTA
DITAS,1H,2025-12-29 10:00:00,2025-12-29,10:00:00,44450.57813,44515.57813,44425.57813,44470.57813,0,DIRECTA
DITAS,1H,2025-12-29 11:00:00,2025-12-29,11:00:00,44465.57813,44535.57813,44440.57813,44530.57813,0,DIRECTA
DITAS,1H,2025-12-29 12:00:00,2025-12-29,12:00:00,44530.57813,44575.57813,44505.57813,44550.57813,0,DIRECTA
DITAS,1H,2025-12-29 13:00:00,2025-12-29,13:00:00,44550.57813,44560.57813,44470.57813,44510.57813,0,DIRECTA
DITAS,1H,2025-12-29 14:00:00,2025-12-29,14:00:00,44510.57813,44555.57813,44500.57813,44545.57813,0,DIRECTA
DITAS,1H,2025-12-29 15:00:00,2025-12-29,15:00:00,44545.57813,44555.57813,44460.57813,44480.57813,0,DIRECTA
DITAS,1H,2025-12-29 16:00:00,2025-12-29,16:00:00,44475.57813,44520.57813,44420.57813,44520.57813,0,DIRECTA
DITAS,1H,2025-12-29 17:00:00,2025-12-29,17:00:00,44520.57813,44530.57813,44400.57813,44430.57813,0,DIRECTA
DITAS,1H,2025-12-29 18:00:00,2025-12-29,18:00:00,44445.57813,44445.57813,44400.57813,44435.57813,0,DIRECTA
DITAS,1H,2025-12-29 19:00:00,2025-12-29,19:00:00,44430.57813,44460.57813,44425.57813,44425.57813,0,DIRECTA
DITAS,1H,2025-12-29 20:00:00,2025-12-29,20:00:00,44420.57813,44460.57813,44410.57813,44460.57813,0,DIRECTA
DITAS,1H,2025-12-29 21:00:00,2025-12-29,21:00:00,44450.57813,44465.57813,44425.57813,44425.57813,0,DIRECTA
DITAS,1H,2025-12-30 08:00:00,2025-12-30,08:00:00,44420.01172,44475.01172,44405.01172,44415.01172,0,DIRECTA
DITAS,1H,2025-12-30 09:00:00,2025-12-30,09:00:00,44420.01172,44670.01172,44420.01172,44660.01172,0,DIRECTA
DITAS,1H,2025-12-30 10:00:00,2025-12-30,10:00:00,44655.01172,44785.01172,44650.01172,44780.01172,0,DIRECTA
DITAS,1H,2025-12-30 11:00:00,2025-12-30,11:00:00,44785.01172,44845.01172,44780.01172,44840.01172,0,DIRECTA
DITAS,1H,2025-12-30 12:00:00,2025-12-30,12:00:00,44835.01172,44905.01172,44810.01172,44890.01172,0,DIRECTA
DITAS,1H,2025-12-30 13:00:00,2025-12-30,13:00:00,44895.01172,44940.01172,44890.01172,44925.01172,0,DIRECTA
DITAS,1H,2025-12-30 14:00:00,2025-12-30,14:00:00,44935.01172,44995.01172,44925.01172,44975.01172,0,DIRECTA
DITAS,1H,2025-12-30 15:00:00,2025-12-30,15:00:00,44980.01172,44990.01172,44860.01172,44895.01172,0,DIRECTA
DITAS,1H,2025-12-30 16:00:00,2025-12-30,16:00:00,44900.01172,45010.01172,44890.01172,45005.01172,0,DIRECTA
DITAS,1H,2025-12-30 17:00:00,2025-12-30,17:00:00,44990.01172,45025.01172,44935.01172,44945.01172,0,DIRECTA
DITAS,1H,2025-12-30 18:00:00,2025-12-30,18:00:00,44945.01172,44975.01172,44940.01172,44975.01172,0,DIRECTA
DITAS,1H,2025-12-30 19:00:00,2025-12-30,19:00:00,44975.01172,45010.01172,44965.01172,45005.01172,0,DIRECTA
DITAS,1H,2025-12-30 20:00:00,2025-12-30,20:00:00,44980.01172,44980.01172,44960.01172,44970.01172,0,DIRECTA
DITAS,1H,2025-12-30 21:00:00,2025-12-30,21:00:00,44980.01172,45035.01172,44960.01172,44970.01172,0,DIRECTA
DITAS,1H,2026-01-02 08:00:00,2026-01-02,08:00:00,44996.53906,45006.53906,44841.53906,44916.53906,0,DIRECTA
DITAS,1H,2026-01-02 09:00:00,2026-01-02,09:00:00,44946.53906,45311.53906,44881.53906,45296.53906,0,DIRECTA
DITAS,1H,2026-01-02 10:00:00,2026-01-02,10:00:00,45301.53906,45346.53906,45176.53906,45241.53906,0,DIRECTA
DITAS,1H,2026-01-02 11:00:00,2026-01-02,11:00:00,45236.53906,45236.53906,45031.53906,45106.53906,0,DIRECTA
DITAS,1H,2026-01-02 12:00:00,2026-01-02,12:00:00,45121.53906,45206.53906,45096.53906,45201.53906,0,DIRECTA
DITAS,1H,2026-01-02 13:00:00,2026-01-02,13:00:00,45196.53906,45206.53906,45156.53906,45191.53906,0,DIRECTA
DITAS,1H,2026-01-02 14:00:00,2026-01-02,14:00:00,45186.53906,45341.53906,45181.53906,45336.53906,0,DIRECTA
DITAS,1H,2026-01-02 15:00:00,2026-01-02,15:00:00,45341.53906,45386.53906,45296.53906,45321.53906,0,DIRECTA
DITAS,1H,2026-01-02 16:00:00,2026-01-02,16:00:00,45321.53906,45346.53906,45221.53906,45311.53906,0,DIRECTA
DITAS,1H,2026-01-02 17:00:00,2026-01-02,17:00:00,45311.53906,45371.53906,45231.53906,45326.53906,0,DIRECTA
DITAS,1H,2026-01-02 18:00:00,2026-01-02,18:00:00,45336.53906,45356.53906,45306.53906,45336.53906,0,DIRECTA
DITAS,1H,2026-01-02 19:00:00,2026-01-02,19:00:00,45326.53906,45326.53906,45276.53906,45321.53906,0,DIRECTA
DITAS,1H,2026-01-02 20:00:00,2026-01-02,20:00:00,45331.53906,45451.53906,45331.53906,45441.53906,0,DIRECTA
DITAS,1H,2026-01-02 21:00:00,2026-01-02,21:00:00,45436.53906,45506.53906,45436.53906,45501.53906,0,DIRECTA
DITAS,1H,2026-01-05 08:00:00,2026-01-05,08:00:00,45607.03125,45807.03125,45572.03125,45652.03125,0,DIRECTA
DITAS,1H,2026-01-05 09:00:00,2026-01-05,09:00:00,45637.03125,45757.03125,45567.03125,45582.03125,0,DIRECTA
DITAS,1H,2026-01-05 10:00:00,2026-01-05,10:00:00,45577.03125,45692.03125,45547.03125,45657.03125,0,DIRECTA
DITAS,1H,2026-01-05 11:00:00,2026-01-05,11:00:00,45662.03125,45662.03125,45557.03125,45642.03125,0,DIRECTA
DITAS,1H,2026-01-05 12:00:00,2026-01-05,12:00:00,45647.03125,45732.03125,45642.03125,45667.03125,0,DIRECTA
DITAS,1H,2026-01-05 13:00:00,2026-01-05,13:00:00,45677.03125,45682.03125,45567.03125,45627.03125,0,DIRECTA
DITAS,1H,2026-01-05 14:00:00,2026-01-05,14:00:00,45637.03125,45717.03125,45637.03125,45672.03125,0,DIRECTA
DITAS,1H,2026-01-05 15:00:00,2026-01-05,15:00:00,45677.03125,45732.03125,45657.03125,45697.03125,0,DIRECTA
DITAS,1H,2026-01-05 16:00:00,2026-01-05,16:00:00,45697.03125,45847.03125,45682.03125,45827.03125,0,DIRECTA
DITAS,1H,2026-01-05 17:00:00,2026-01-05,17:00:00,45832.03125,45872.03125,45792.03125,45862.03125,0,DIRECTA
DITAS,1H,2026-01-05 18:00:00,2026-01-05,18:00:00,45867.03125,45877.03125,45857.03125,45862.03125,0,DIRECTA
DITAS,1H,2026-01-05 19:00:00,2026-01-05,19:00:00,45857.03125,45862.03125,45832.03125,45847.03125,0,DIRECTA
DITAS,1H,2026-01-05 20:00:00,2026-01-05,20:00:00,45847.03125,45857.03125,45837.03125,45852.03125,0,DIRECTA
DITAS,1H,2026-01-05 21:00:00,2026-01-05,21:00:00,45857.03125,45892.03125,45847.03125,45887.03125,0,DIRECTA
DITAS,1H,2026-01-06 08:00:00,2026-01-06,08:00:00,45939.32031,46059.32031,45909.32031,45994.32031,0,DIRECTA
DITAS,1H,2026-01-06 09:00:00,2026-01-06,09:00:00,45954.32031,46184.32031,45949.32031,46004.32031,0,DIRECTA
DITAS,1H,2026-01-06 10:00:00,2026-01-06,10:00:00,46004.32031,46034.32031,45809.32031,45829.32031,0,DIRECTA
DITAS,1H,2026-01-06 11:00:00,2026-01-06,11:00:00,45834.32031,45939.32031,45829.32031,45924.32031,0,DIRECTA
DITAS,1H,2026-01-06 12:00:00,2026-01-06,12:00:00,45919.32031,46049.32031,45919.32031,45974.32031,0,DIRECTA
DITAS,1H,2026-01-06 13:00:00,2026-01-06,13:00:00,45984.32031,46059.32031,45964.32031,46034.32031,0,DIRECTA
DITAS,1H,2026-01-06 14:00:00,2026-01-06,14:00:00,46049.32031,46064.32031,45974.32031,46029.32031,0,DIRECTA
DITAS,1H,2026-01-06 15:00:00,2026-01-06,15:00:00,46034.32031,46054.32031,45939.32031,45954.32031,0,DIRECTA
DITAS,1H,2026-01-06 16:00:00,2026-01-06,16:00:00,45954.32031,45969.32031,45849.32031,45859.32031,0,DIRECTA
DITAS,1H,2026-01-06 17:00:00,2026-01-06,17:00:00,45859.32031,45864.32031,45734.32031,45749.32031,0,DIRECTA
DITAS,1H,2026-01-06 18:00:00,2026-01-06,18:00:00,45744.32031,45789.32031,45739.32031,45779.32031,0,DIRECTA
DITAS,1H,2026-01-06 19:00:00,2026-01-06,19:00:00,45769.32031,45819.32031,45744.32031,45774.32031,0,DIRECTA
DITAS,1H,2026-01-06 20:00:00,2026-01-06,20:00:00,45794.32031,45819.32031,45789.32031,45804.32031,0,DIRECTA
DITAS,1H,2026-01-06 21:00:00,2026-01-06,21:00:00,45804.32031,45819.32031,45764.32031,45774.32031,0,DIRECTA
DITAS,1H,2026-01-07 08:00:00,2026-01-07,08:00:00,45747.42969,45892.42969,45747.42969,45857.42969,0,DIRECTA
DITAS,1H,2026-01-07 09:00:00,2026-01-07,09:00:00,45857.42969,45972.42969,45742.42969,45882.42969,0,DIRECTA
DITAS,1H,2026-01-07 10:00:00,2026-01-07,10:00:00,45877.42969,45892.42969,45702.42969,45702.42969,0,DIRECTA
DITAS,1H,2026-01-07 11:00:00,2026-01-07,11:00:00,45702.42969,45737.42969,45562.42969,45647.42969,0,DIRECTA
DITAS,1H,2026-01-07 12:00:00,2026-01-07,12:00:00,45652.42969,45732.42969,45637.42969,45687.42969,0,DIRECTA
DITAS,1H,2026-01-07 13:00:00,2026-01-07,13:00:00,45687.42969,45702.42969,45592.42969,45657.42969,0,DIRECTA
DITAS,1H,2026-01-07 14:00:00,2026-01-07,14:00:00,45667.42969,45762.42969,45642.42969,45747.42969,0,DIRECTA
DITAS,1H,2026-01-07 15:00:00,2026-01-07,15:00:00,45747.42969,45747.42969,45582.42969,45607.42969,0,DIRECTA
DITAS,1H,2026-01-07 16:00:00,2026-01-07,16:00:00,45602.42969,45682.42969,45557.42969,45672.42969,0,DIRECTA
DITAS,1H,2026-01-07 17:00:00,2026-01-07,17:00:00,45682.42969,45687.42969,45552.42969,45647.42969,0,DIRECTA
DITAS,1H,2026-01-07 18:00:00,2026-01-07,18:00:00,45647.42969,45652.42969,45592.42969,45597.42969,0,DIRECTA
DITAS,1H,2026-01-07 19:00:00,2026-01-07,19:00:00,45587.42969,45592.42969,45552.42969,45587.42969,0,DIRECTA
DITAS,1H,2026-01-07 20:00:00,2026-01-07,20:00:00,45587.42969,45587.42969,45542.42969,45577.42969,0,DIRECTA
DITAS,1H,2026-01-07 21:00:00,2026-01-07,21:00:00,45577.42969,45582.42969,45442.42969,45507.42969,0,DIRECTA
DITAS,1H,2026-01-08 08:00:00,2026-01-08,08:00:00,45421.67969,45466.67969,45376.67969,45431.67969,0,DIRECTA
DITAS,1H,2026-01-08 09:00:00,2026-01-08,09:00:00,45436.67969,45681.67969,45401.67969,45571.67969,0,DIRECTA
DITAS,1H,2026-01-08 10:00:00,2026-01-08,10:00:00,45576.67969,45621.67969,45471.67969,45501.67969,0,DIRECTA
DITAS,1H,2026-01-08 11:00:00,2026-01-08,11:00:00,45486.67969,45501.67969,45421.67969,45441.67969,0,DIRECTA
DITAS,1H,2026-01-08 12:00:00,2026-01-08,12:00:00,45441.67969,45536.67969,45431.67969,45526.67969,0,DIRECTA
DITAS,1H,2026-01-08 13:00:00,2026-01-08,13:00:00,45516.67969,45531.67969,45421.67969,45441.67969,0,DIRECTA
DITAS,1H,2026-01-08 14:00:00,2026-01-08,14:00:00,45431.67969,45591.67969,45411.67969,45571.67969,0,DIRECTA
DITAS,1H,2026-01-08 15:00:00,2026-01-08,15:00:00,45571.67969,45636.67969,45561.67969,45631.67969,0,DIRECTA
DITAS,1H,2026-01-08 16:00:00,2026-01-08,16:00:00,45626.67969,45711.67969,45596.67969,45646.67969,0,DIRECTA
DITAS,1H,2026-01-08 17:00:00,2026-01-08,17:00:00,45651.67969,45716.67969,45636.67969,45716.67969,0,DIRECTA
DITAS,1H,2026-01-08 18:00:00,2026-01-08,18:00:00,45711.67969,45741.67969,45701.67969,45731.67969,0,DIRECTA
DITAS,1H,2026-01-08 19:00:00,2026-01-08,19:00:00,45721.67969,45731.67969,45691.67969,45716.67969,0,DIRECTA
DITAS,1H,2026-01-08 20:00:00,2026-01-08,20:00:00,45716.67969,45736.67969,45701.67969,45731.67969,0,DIRECTA
DITAS,1H,2026-01-08 21:00:00,2026-01-08,21:00:00,45731.67969,45791.67969,45731.67969,45786.67969,0,DIRECTA
DITAS,1H,2026-01-09 08:00:00,2026-01-09,08:00:00,45809.69922,45809.69922,45744.69922,45759.69922,0,DIRECTA
DITAS,1H,2026-01-09 09:00:00,2026-01-09,09:00:00,45774.69922,45774.69922,45569.69922,45654.69922,0,DIRECTA
DITAS,1H,2026-01-09 10:00:00,2026-01-09,10:00:00,45664.69922,45729.69922,45634.69922,45664.69922,0,DIRECTA
DITAS,1H,2026-01-09 11:00:00,2026-01-09,11:00:00,45659.69922,45749.69922,45639.69922,45724.69922,0,DIRECTA
DITAS,1H,2026-01-09 12:00:00,2026-01-09,12:00:00,45724.69922,45749.69922,45699.69922,45749.69922,0,DIRECTA
DITAS,1H,2026-01-09 13:00:00,2026-01-09,13:00:00,45749.69922,45764.69922,45664.69922,45694.69922,0,DIRECTA
DITAS,1H,2026-01-09 14:00:00,2026-01-09,14:00:00,45694.69922,45774.69922,45694.69922,45709.69922,0,DIRECTA
DITAS,1H,2026-01-09 15:00:00,2026-01-09,15:00:00,45714.69922,45744.69922,45674.69922,45709.69922,0,DIRECTA
DITAS,1H,2026-01-09 16:00:00,2026-01-09,16:00:00,45719.69922,45724.69922,45574.69922,45689.69922,0,DIRECTA
DITAS,1H,2026-01-09 17:00:00,2026-01-09,17:00:00,45694.69922,45759.69922,45669.69922,45759.69922,0,DIRECTA
DITAS,1H,2026-01-09 18:00:00,2026-01-09,18:00:00,45754.69922,45779.69922,45734.69922,45734.69922,0,DIRECTA
DITAS,1H,2026-01-09 19:00:00,2026-01-09,19:00:00,45729.69922,45759.69922,45714.69922,45749.69922,0,DIRECTA
DITAS,1H,2026-01-09 20:00:00,2026-01-09,20:00:00,45729.69922,45744.69922,45724.69922,45734.69922,0,DIRECTA
DITAS,1H,2026-01-09 21:00:00,2026-01-09,21:00:00,45724.69922,45754.69922,45724.69922,45744.69922,0,DIRECTA
DITAS,1H,2026-01-12 08:00:00,2026-01-12,08:00:00,45691.26172,45721.26172,45601.26172,45656.26172,0,DIRECTA
DITAS,1H,2026-01-12 09:00:00,2026-01-12,09:00:00,45641.26172,45641.26172,45366.26172,45441.26172,0,DIRECTA
DITAS,1H,2026-01-12 10:00:00,2026-01-12,10:00:00,45441.26172,45536.26172,45426.26172,45526.26172,0,DIRECTA
DITAS,1H,2026-01-12 11:00:00,2026-01-12,11:00:00,45531.26172,45666.26172,45511.26172,45656.26172,0,DIRECTA
DITAS,1H,2026-01-12 12:00:00,2026-01-12,12:00:00,45656.26172,45741.26172,45646.26172,45666.26172,0,DIRECTA
DITAS,1H,2026-01-12 13:00:00,2026-01-12,13:00:00,45671.26172,45766.26172,45671.26172,45756.26172,0,DIRECTA
DITAS,1H,2026-01-12 14:00:00,2026-01-12,14:00:00,45756.26172,45756.26172,45646.26172,45651.26172,0,DIRECTA
DITAS,1H,2026-01-12 15:00:00,2026-01-12,15:00:00,45651.26172,45751.26172,45616.26172,45751.26172,0,DIRECTA
DITAS,1H,2026-01-12 16:00:00,2026-01-12,16:00:00,45746.26172,45751.26172,45671.26172,45716.26172,0,DIRECTA
DITAS,1H,2026-01-12 17:00:00,2026-01-12,17:00:00,45711.26172,45766.26172,45666.26172,45741.26172,0,DIRECTA
DITAS,1H,2026-01-12 18:00:00,2026-01-12,18:00:00,45736.26172,45746.26172,45721.26172,45741.26172,0,DIRECTA
DITAS,1H,2026-01-12 19:00:00,2026-01-12,19:00:00,45741.26172,45746.26172,45721.26172,45741.26172,0,DIRECTA
DITAS,1H,2026-01-12 20:00:00,2026-01-12,20:00:00,45741.26172,45771.26172,45741.26172,45761.26172,0,DIRECTA
DITAS,1H,2026-01-12 21:00:00,2026-01-12,21:00:00,45761.26172,45826.26172,45736.26172,45826.26172,0,DIRECTA
DITAS,1H,2026-01-13 08:00:00,2026-01-13,08:00:00,45846.19922,45851.19922,45736.19922,45821.19922,0,DIRECTA
DITAS,1H,2026-01-13 09:00:00,2026-01-13,09:00:00,45826.19922,45826.19922,45636.19922,45716.19922,0,DIRECTA
DITAS,1H,2026-01-13 10:00:00,2026-01-13,10:00:00,45716.19922,45741.19922,45636.19922,45706.19922,0,DIRECTA
DITAS,1H,2026-01-13 11:00:00,2026-01-13,11:00:00,45696.19922,45701.19922,45626.19922,45681.19922,0,DIRECTA
DITAS,1H,2026-01-13 12:00:00,2026-01-13,12:00:00,45681.19922,45691.19922,45606.19922,45651.19922,0,DIRECTA
DITAS,1H,2026-01-13 13:00:00,2026-01-13,13:00:00,45651.19922,45686.19922,45621.19922,45661.19922,0,DIRECTA
DITAS,1H,2026-01-13 14:00:00,2026-01-13,14:00:00,45661.19922,45711.19922,45621.19922,45636.19922,0,DIRECTA
DITAS,1H,2026-01-13 15:00:00,2026-01-13,15:00:00,45636.19922,45666.19922,45566.19922,45586.19922,0,DIRECTA
DITAS,1H,2026-01-13 16:00:00,2026-01-13,16:00:00,45581.19922,45586.19922,45501.19922,45571.19922,0,DIRECTA
DITAS,1H,2026-01-13 17:00:00,2026-01-13,17:00:00,45586.19922,45586.19922,45471.19922,45541.19922,0,DIRECTA
DITAS,1H,2026-01-13 18:00:00,2026-01-13,18:00:00,45546.19922,45566.19922,45531.19922,45546.19922,0,DIRECTA
DITAS,1H,2026-01-13 19:00:00,2026-01-13,19:00:00,45546.19922,45546.19922,45516.19922,45531.19922,0,DIRECTA
DITAS,1H,2026-01-13 20:00:00,2026-01-13,20:00:00,45531.19922,45531.19922,45501.19922,45526.19922,0,DIRECTA
DITAS,1H,2026-01-13 21:00:00,2026-01-13,21:00:00,45521.19922,45521.19922,45441.19922,45491.19922,0,DIRECTA
DITAS,1H,2026-01-14 08:00:00,2026-01-14,08:00:00,45518.10156,45593.10156,45518.10156,45593.10156,0,DIRECTA
DITAS,1H,2026-01-14 09:00:00,2026-01-14,09:00:00,45588.10156,45738.10156,45533.10156,45733.10156,0,DIRECTA
DITAS,1H,2026-01-14 10:00:00,2026-01-14,10:00:00,45728.10156,45778.10156,45688.10156,45763.10156,0,DIRECTA
DITAS,1H,2026-01-14 11:00:00,2026-01-14,11:00:00,45763.10156,45783.10156,45568.10156,45583.10156,0,DIRECTA
DITAS,1H,2026-01-14 12:00:00,2026-01-14,12:00:00,45573.10156,45613.10156,45523.10156,45578.10156,0,DIRECTA
DITAS,1H,2026-01-14 13:00:00,2026-01-14,13:00:00,45568.10156,45663.10156,45548.10156,45658.10156,0,DIRECTA
DITAS,1H,2026-01-14 14:00:00,2026-01-14,14:00:00,45663.10156,45738.10156,45648.10156,45713.10156,0,DIRECTA
DITAS,1H,2026-01-14 15:00:00,2026-01-14,15:00:00,45713.10156,45733.10156,45648.10156,45683.10156,0,DIRECTA
DITAS,1H,2026-01-14 16:00:00,2026-01-14,16:00:00,45668.10156,45723.10156,45638.10156,45678.10156,0,DIRECTA
DITAS,1H,2026-01-14 17:00:00,2026-01-14,17:00:00,45673.10156,45683.10156,45563.10156,45603.10156,0,DIRECTA
DITAS,1H,2026-01-14 18:00:00,2026-01-14,18:00:00,45603.10156,45638.10156,45593.10156,45608.10156,0,DIRECTA
DITAS,1H,2026-01-14 19:00:00,2026-01-14,19:00:00,45588.10156,45663.10156,45588.10156,45663.10156,0,DIRECTA
DITAS,1H,2026-01-14 20:00:00,2026-01-14,20:00:00,45663.10156,45678.10156,45638.10156,45668.10156,0,DIRECTA
DITAS,1H,2026-01-14 21:00:00,2026-01-14,21:00:00,45648.10156,45728.10156,45623.10156,45728.10156,0,DIRECTA
DITAS,1H,2026-01-15 08:00:00,2026-01-15,08:00:00,45791.39844,45841.39844,45706.39844,45766.39844,0,DIRECTA
DITAS,1H,2026-01-15 09:00:00,2026-01-15,09:00:00,45761.39844,45866.39844,45701.39844,45861.39844,0,DIRECTA
DITAS,1H,2026-01-15 10:00:00,2026-01-15,10:00:00,45856.39844,45936.39844,45826.39844,45886.39844,0,DIRECTA
DITAS,1H,2026-01-15 11:00:00,2026-01-15,11:00:00,45891.39844,45891.39844,45806.39844,45826.39844,0,DIRECTA
DITAS,1H,2026-01-15 12:00:00,2026-01-15,12:00:00,45821.39844,45831.39844,45766.39844,45801.39844,0,DIRECTA
DITAS,1H,2026-01-15 13:00:00,2026-01-15,13:00:00,45811.39844,45816.39844,45761.39844,45771.39844,0,DIRECTA
DITAS,1H,2026-01-15 14:00:00,2026-01-15,14:00:00,45766.39844,45836.39844,45751.39844,45791.39844,0,DIRECTA
DITAS,1H,2026-01-15 15:00:00,2026-01-15,15:00:00,45791.39844,45801.39844,45716.39844,45791.39844,0,DIRECTA
DITAS,1H,2026-01-15 16:00:00,2026-01-15,16:00:00,45796.39844,45901.39844,45781.39844,45896.39844,0,DIRECTA
DITAS,1H,2026-01-15 17:00:00,2026-01-15,17:00:00,45901.39844,45921.39844,45816.39844,45841.39844,0,DIRECTA
DITAS,1H,2026-01-15 18:00:00,2026-01-15,18:00:00,45841.39844,45846.39844,45801.39844,45801.39844,0,DIRECTA
DITAS,1H,2026-01-15 19:00:00,2026-01-15,19:00:00,45796.39844,45846.39844,45796.39844,45826.39844,0,DIRECTA
DITAS,1H,2026-01-15 20:00:00,2026-01-15,20:00:00,45826.39844,45841.39844,45786.39844,45791.39844,0,DIRECTA
DITAS,1H,2026-01-15 21:00:00,2026-01-15,21:00:00,45781.39844,45791.39844,45726.39844,45726.39844,0,DIRECTA
DITAS,1H,2026-01-16 08:00:00,2026-01-16,08:00:00,45795.76953,45825.76953,45770.76953,45795.76953,0,DIRECTA
DITAS,1H,2026-01-16 09:00:00,2026-01-16,09:00:00,45780.76953,45820.76953,45695.76953,45710.76953,0,DIRECTA
DITAS,1H,2026-01-16 10:00:00,2026-01-16,10:00:00,45715.76953,45740.76953,45665.76953,45705.76953,0,DIRECTA
DITAS,1H,2026-01-16 11:00:00,2026-01-16,11:00:00,45705.76953,45770.76953,45675.76953,45700.76953,0,DIRECTA
DITAS,1H,2026-01-16 12:00:00,2026-01-16,12:00:00,45685.76953,45750.76953,45660.76953,45675.76953,0,DIRECTA
DITAS,1H,2026-01-16 13:00:00,2026-01-16,13:00:00,45680.76953,45760.76953,45645.76953,45740.76953,0,DIRECTA
DITAS,1H,2026-01-16 14:00:00,2026-01-16,14:00:00,45735.76953,45750.76953,45685.76953,45695.76953,0,DIRECTA
DITAS,1H,2026-01-16 15:00:00,2026-01-16,15:00:00,45705.76953,45715.76953,45630.76953,45635.76953,0,DIRECTA
DITAS,1H,2026-01-16 16:00:00,2026-01-16,16:00:00,45635.76953,45745.76953,45635.76953,45710.76953,0,DIRECTA
DITAS,1H,2026-01-16 17:00:00,2026-01-16,17:00:00,45710.76953,45820.76953,45695.76953,45720.76953,0,DIRECTA
DITAS,1H,2026-01-16 18:00:00,2026-01-16,18:00:00,45720.76953,45750.76953,45710.76953,45750.76953,0,DIRECTA
DITAS,1H,2026-01-16 19:00:00,2026-01-16,19:00:00,45755.76953,45785.76953,45750.76953,45760.76953,0,DIRECTA
DITAS,1H,2026-01-16 20:00:00,2026-01-16,20:00:00,45765.76953,45790.76953,45740.76953,45790.76953,0,DIRECTA
DITAS,1H,2026-01-16 21:00:00,2026-01-16,21:00:00,45790.76953,45815.76953,45770.76953,45785.76953,0,DIRECTA
DITAS,1H,2026-01-19 08:00:00,2026-01-19,08:00:00,45247.69141,45252.69141,45157.69141,45242.69141,0,DIRECTA
DITAS,1H,2026-01-19 09:00:00,2026-01-19,09:00:00,45222.69141,45502.69141,45172.69141,45342.69141,0,DIRECTA
DITAS,1H,2026-01-19 10:00:00,2026-01-19,10:00:00,45347.69141,45347.69141,45067.69141,45102.69141,0,DIRECTA
DITAS,1H,2026-01-19 11:00:00,2026-01-19,11:00:00,45092.69141,45182.69141,45062.69141,45067.69141,0,DIRECTA
DITAS,1H,2026-01-19 12:00:00,2026-01-19,12:00:00,45067.69141,45217.69141,45067.69141,45212.69141,0,DIRECTA
DITAS,1H,2026-01-19 13:00:00,2026-01-19,13:00:00,45207.69141,45312.69141,45207.69141,45312.69141,0,DIRECTA
DITAS,1H,2026-01-19 14:00:00,2026-01-19,14:00:00,45312.69141,45402.69141,45312.69141,45382.69141,0,DIRECTA
DITAS,1H,2026-01-19 15:00:00,2026-01-19,15:00:00,45387.69141,45407.69141,45297.69141,45402.69141,0,DIRECTA
DITAS,1H,2026-01-19 16:00:00,2026-01-19,16:00:00,45392.69141,45392.69141,45282.69141,45292.69141,0,DIRECTA
DITAS,1H,2026-01-19 17:00:00,2026-01-19,17:00:00,45292.69141,45347.69141,45222.69141,45237.69141,0,DIRECTA
DITAS,1H,2026-01-19 18:00:00,2026-01-19,18:00:00,45242.69141,45282.69141,45217.69141,45237.69141,0,DIRECTA
DITAS,1H,2026-01-19 19:00:00,2026-01-19,19:00:00,45227.69141,45227.69141,45162.69141,45172.69141,0,DIRECTA
DITAS,1H,2026-01-19 20:00:00,2026-01-19,20:00:00,45167.69141,45202.69141,45167.69141,45197.69141,0,DIRECTA
DITAS,1H,2026-01-19 21:00:00,2026-01-19,21:00:00,45197.69141,45202.69141,45157.69141,45157.69141,0,DIRECTA
DITAS,1H,2026-01-20 08:00:00,2026-01-20,08:00:00,44939.89063,44949.89063,44794.89063,44874.89063,0,DIRECTA
DITAS,1H,2026-01-20 09:00:00,2026-01-20,09:00:00,44879.89063,44924.89063,44569.89063,44584.89063,0,DIRECTA
DITAS,1H,2026-01-20 10:00:00,2026-01-20,10:00:00,44599.89063,44609.89063,44459.89063,44484.89063,0,DIRECTA
DITAS,1H,2026-01-20 11:00:00,2026-01-20,11:00:00,44489.89063,44634.89063,44449.89063,44534.89063,0,DIRECTA
DITAS,1H,2026-01-20 12:00:00,2026-01-20,12:00:00,44534.89063,44574.89063,44454.89063,44509.89063,0,DIRECTA
DITAS,1H,2026-01-20 13:00:00,2026-01-20,13:00:00,44499.89063,44619.89063,44484.89063,44609.89063,0,DIRECTA
DITAS,1H,2026-01-20 14:00:00,2026-01-20,14:00:00,44614.89063,44639.89063,44469.89063,44499.89063,0,DIRECTA
DITAS,1H,2026-01-20 15:00:00,2026-01-20,15:00:00,44499.89063,44679.89063,44449.89063,44674.89063,0,DIRECTA
DITAS,1H,2026-01-20 16:00:00,2026-01-20,16:00:00,44669.89063,44769.89063,44624.89063,44709.89063,0,DIRECTA
DITAS,1H,2026-01-20 17:00:00,2026-01-20,17:00:00,44709.89063,44754.89063,44644.89063,44699.89063,0,DIRECTA
DITAS,1H,2026-01-20 18:00:00,2026-01-20,18:00:00,44704.89063,44714.89063,44569.89063,44599.89063,0,DIRECTA
DITAS,1H,2026-01-20 19:00:00,2026-01-20,19:00:00,44599.89063,44609.89063,44479.89063,44494.89063,0,DIRECTA
DITAS,1H,2026-01-20 20:00:00,2026-01-20,20:00:00,44509.89063,44509.89063,44404.89063,44439.89063,0,DIRECTA
DITAS,1H,2026-01-20 21:00:00,2026-01-20,21:00:00,44424.89063,44449.89063,44379.89063,44389.89063,0,DIRECTA
DITAS,1H,2026-01-21 08:00:00,2026-01-21,08:00:00,44522.46094,44667.46094,44492.46094,44602.46094,0,DIRECTA
DITAS,1H,2026-01-21 09:00:00,2026-01-21,09:00:00,44572.46094,44642.46094,44487.46094,44502.46094,0,DIRECTA
DITAS,1H,2026-01-21 10:00:00,2026-01-21,10:00:00,44502.46094,44537.46094,44322.46094,44327.46094,0,DIRECTA
DITAS,1H,2026-01-21 11:00:00,2026-01-21,11:00:00,44332.46094,44427.46094,44292.46094,44322.46094,0,DIRECTA
DITAS,1H,2026-01-21 12:00:00,2026-01-21,12:00:00,44322.46094,44342.46094,44177.46094,44192.46094,0,DIRECTA
DITAS,1H,2026-01-21 13:00:00,2026-01-21,13:00:00,44182.46094,44232.46094,44117.46094,44197.46094,0,DIRECTA
DITAS,1H,2026-01-21 14:00:00,2026-01-21,14:00:00,44202.46094,44252.46094,44052.46094,44237.46094,0,DIRECTA
DITAS,1H,2026-01-21 15:00:00,2026-01-21,15:00:00,44237.46094,44602.46094,44182.46094,44582.46094,0,DIRECTA
DITAS,1H,2026-01-21 16:00:00,2026-01-21,16:00:00,44592.46094,44672.46094,44527.46094,44592.46094,0,DIRECTA
DITAS,1H,2026-01-21 17:00:00,2026-01-21,17:00:00,44592.46094,44592.46094,44312.46094,44322.46094,0,DIRECTA
DITAS,1H,2026-01-21 18:00:00,2026-01-21,18:00:00,44337.46094,44377.46094,44207.46094,44377.46094,0,DIRECTA
DITAS,1H,2026-01-21 19:00:00,2026-01-21,19:00:00,44347.46094,44422.46094,44292.46094,44402.46094,0,DIRECTA
DITAS,1H,2026-01-21 20:00:00,2026-01-21,20:00:00,44412.46094,44982.46094,44377.46094,44982.46094,0,DIRECTA
DITAS,1H,2026-01-21 21:00:00,2026-01-21,21:00:00,44987.46094,44987.46094,44837.46094,44902.46094,0,DIRECTA
DITAS,1H,2026-01-22 08:00:00,2026-01-22,08:00:00,44922.35938,44952.35938,44837.35938,44932.35938,0,DIRECTA
DITAS,1H,2026-01-22 09:00:00,2026-01-22,09:00:00,44937.35938,44997.35938,44762.35938,44792.35938,0,DIRECTA
DITAS,1H,2026-01-22 10:00:00,2026-01-22,10:00:00,44797.35938,45012.35938,44792.35938,44997.35938,0,DIRECTA
DITAS,1H,2026-01-22 11:00:00,2026-01-22,11:00:00,45002.35938,45037.35938,44857.35938,44872.35938,0,DIRECTA
DITAS,1H,2026-01-22 12:00:00,2026-01-22,12:00:00,44882.35938,44972.35938,44792.35938,44872.35938,0,DIRECTA
DITAS,1H,2026-01-22 13:00:00,2026-01-22,13:00:00,44867.35938,44997.35938,44857.35938,44937.35938,0,DIRECTA
DITAS,1H,2026-01-22 14:00:00,2026-01-22,14:00:00,44942.35938,45017.35938,44892.35938,45012.35938,0,DIRECTA
DITAS,1H,2026-01-22 15:00:00,2026-01-22,15:00:00,45017.35938,45182.35938,44972.35938,45097.35938,0,DIRECTA
DITAS,1H,2026-01-22 16:00:00,2026-01-22,16:00:00,45097.35938,45097.35938,44947.35938,45067.35938,0,DIRECTA
DITAS,1H,2026-01-22 17:00:00,2026-01-22,17:00:00,45092.35938,45157.35938,45052.35938,45057.35938,0,DIRECTA
DITAS,1H,2026-01-22 18:00:00,2026-01-22,18:00:00,45052.35938,45077.35938,45032.35938,45052.35938,0,DIRECTA
DITAS,1H,2026-01-22 19:00:00,2026-01-22,19:00:00,45042.35938,45062.35938,45022.35938,45042.35938,0,DIRECTA
DITAS,1H,2026-01-22 20:00:00,2026-01-22,20:00:00,45057.35938,45077.35938,44992.35938,44997.35938,0,DIRECTA
DITAS,1H,2026-01-22 21:00:00,2026-01-22,21:00:00,44992.35938,45037.35938,44982.35938,45002.35938,0,DIRECTA
DITAS,1H,2026-01-23 08:00:00,2026-01-23,08:00:00,44997.23047,44997.23047,44937.23047,44967.23047,0,DIRECTA
DITAS,1H,2026-01-23 09:00:00,2026-01-23,09:00:00,44977.23047,44977.23047,44797.23047,44817.23047,0,DIRECTA
DITAS,1H,2026-01-23 10:00:00,2026-01-23,10:00:00,44827.23047,44977.23047,44812.23047,44902.23047,0,DIRECTA
DITAS,1H,2026-01-23 11:00:00,2026-01-23,11:00:00,44897.23047,44902.23047,44807.23047,44837.23047,0,DIRECTA
DITAS,1H,2026-01-23 12:00:00,2026-01-23,12:00:00,44847.23047,44912.23047,44832.23047,44852.23047,0,DIRECTA
DITAS,1H,2026-01-23 13:00:00,2026-01-23,13:00:00,44857.23047,44877.23047,44727.23047,44792.23047,0,DIRECTA
DITAS,1H,2026-01-23 14:00:00,2026-01-23,14:00:00,44792.23047,44802.23047,44722.23047,44737.23047,0,DIRECTA
DITAS,1H,2026-01-23 15:00:00,2026-01-23,15:00:00,44732.23047,44762.23047,44622.23047,44702.23047,0,DIRECTA
DITAS,1H,2026-01-23 16:00:00,2026-01-23,16:00:00,44702.23047,44762.23047,44667.23047,44752.23047,0,DIRECTA
DITAS,1H,2026-01-23 17:00:00,2026-01-23,17:00:00,44732.23047,44877.23047,44717.23047,44842.23047,0,DIRECTA
DITAS,1H,2026-01-23 18:00:00,2026-01-23,18:00:00,44837.23047,44867.23047,44757.23047,44767.23047,0,DIRECTA
DITAS,1H,2026-01-23 19:00:00,2026-01-23,19:00:00,44777.23047,44852.23047,44772.23047,44847.23047,0,DIRECTA
DITAS,1H,2026-01-23 20:00:00,2026-01-23,20:00:00,44847.23047,44882.23047,44842.23047,44857.23047,0,DIRECTA
DITAS,1H,2026-01-23 21:00:00,2026-01-23,21:00:00,44857.23047,44867.23047,44817.23047,44842.23047,0,DIRECTA
DITAS,1H,2026-01-26 08:00:00,2026-01-26,08:00:00,44846.60156,44871.60156,44796.60156,44866.60156,0,DIRECTA
DITAS,1H,2026-01-26 09:00:00,2026-01-26,09:00:00,44881.60156,44981.60156,44851.60156,44966.60156,0,DIRECTA
DITAS,1H,2026-01-26 10:00:00,2026-01-26,10:00:00,44956.60156,44986.60156,44841.60156,44906.60156,0,DIRECTA
DITAS,1H,2026-01-26 11:00:00,2026-01-26,11:00:00,44906.60156,45021.60156,44866.60156,44961.60156,0,DIRECTA
DITAS,1H,2026-01-26 12:00:00,2026-01-26,12:00:00,44966.60156,44981.60156,44961.60156,44976.60156,0,DIRECTA
DITAS,1H,2026-01-26 13:00:00,2026-01-26,13:00:00,44986.60156,45021.60156,44971.60156,45001.60156,0,DIRECTA
DITAS,1H,2026-01-26 14:00:00,2026-01-26,14:00:00,45006.60156,45026.60156,44916.60156,44976.60156,0,DIRECTA
DITAS,1H,2026-01-26 15:00:00,2026-01-26,15:00:00,44976.60156,45066.60156,44966.60156,45051.60156,0,DIRECTA
DITAS,1H,2026-01-26 16:00:00,2026-01-26,16:00:00,45061.60156,45096.60156,44936.60156,45001.60156,0,DIRECTA
DITAS,1H,2026-01-26 17:00:00,2026-01-26,17:00:00,45001.60156,45006.60156,44911.60156,44946.60156,0,DIRECTA
DITAS,1H,2026-01-26 18:00:00,2026-01-26,18:00:00,44941.60156,45006.60156,44941.60156,44976.60156,0,DIRECTA
DITAS,1H,2026-01-26 19:00:00,2026-01-26,19:00:00,44966.60156,44996.60156,44956.60156,44986.60156,0,DIRECTA
DITAS,1H,2026-01-26 20:00:00,2026-01-26,20:00:00,44981.60156,44986.60156,44941.60156,44941.60156,0,DIRECTA
DITAS,1H,2026-01-26 21:00:00,2026-01-26,21:00:00,44946.60156,45016.60156,44946.60156,44971.60156,0,DIRECTA
DITAS,1H,2026-01-27 08:00:00,2026-01-27,08:00:00,44949.60156,45009.60156,44934.60156,44989.60156,0,DIRECTA
DITAS,1H,2026-01-27 09:00:00,2026-01-27,09:00:00,44989.60156,45109.60156,44879.60156,44924.60156,0,DIRECTA
DITAS,1H,2026-01-27 10:00:00,2026-01-27,10:00:00,44914.60156,44954.60156,44864.60156,44944.60156,0,DIRECTA
DITAS,1H,2026-01-27 11:00:00,2026-01-27,11:00:00,44949.60156,45044.60156,44934.60156,44994.60156,0,DIRECTA
DITAS,1H,2026-01-27 12:00:00,2026-01-27,12:00:00,44984.60156,45024.60156,44974.60156,44989.60156,0,DIRECTA
DITAS,1H,2026-01-27 13:00:00,2026-01-27,13:00:00,44994.60156,45024.60156,44979.60156,45014.60156,0,DIRECTA
DITAS,1H,2026-01-27 14:00:00,2026-01-27,14:00:00,45024.60156,45164.60156,45024.60156,45164.60156,0,DIRECTA
DITAS,1H,2026-01-27 15:00:00,2026-01-27,15:00:00,45169.60156,45309.60156,45164.60156,45254.60156,0,DIRECTA
DITAS,1H,2026-01-27 16:00:00,2026-01-27,16:00:00,45259.60156,45299.60156,45199.60156,45294.60156,0,DIRECTA
DITAS,1H,2026-01-27 17:00:00,2026-01-27,17:00:00,45299.60156,45404.60156,45259.60156,45299.60156,0,DIRECTA
DITAS,1H,2026-01-27 18:00:00,2026-01-27,18:00:00,45289.60156,45329.60156,45274.60156,45304.60156,0,DIRECTA
DITAS,1H,2026-01-27 19:00:00,2026-01-27,19:00:00,45294.60156,45319.60156,45269.60156,45319.60156,0,DIRECTA
DITAS,1H,2026-01-27 20:00:00,2026-01-27,20:00:00,45314.60156,45394.60156,45314.60156,45389.60156,0,DIRECTA
DITAS,1H,2026-01-27 21:00:00,2026-01-27,21:00:00,45389.60156,45414.60156,45289.60156,45304.60156,0,DIRECTA
DITAS,1H,2026-01-28 08:00:00,2026-01-28,08:00:00,44937.60156,44967.60156,44822.60156,44857.60156,0,DIRECTA
DITAS,1H,2026-01-28 09:00:00,2026-01-28,09:00:00,44897.60156,44897.60156,44482.60156,44492.60156,0,DIRECTA
DITAS,1H,2026-01-28 10:00:00,2026-01-28,10:00:00,44502.60156,45576.44144,44502.60156,45171.44141,0,DIRECTA
DITAS,1H,2026-01-28 11:00:00,2026-01-28,11:00:00,45166.44141,45191.44141,45101.44141,45111.44141,0,DIRECTA
DITAS,1H,2026-01-28 12:00:00,2026-01-28,12:00:00,45126.44141,45151.44141,45071.44141,45081.44141,0,DIRECTA
DITAS,1H,2026-01-28 13:00:00,2026-01-28,13:00:00,45071.44141,45076.44141,44901.44141,44931.44141,0,DIRECTA
DITAS,1H,2026-01-28 14:00:00,2026-01-28,14:00:00,44931.44141,45046.44141,44926.44141,45021.44141,0,DIRECTA
DITAS,1H,2026-01-28 15:00:00,2026-01-28,15:00:00,45026.44141,45206.44141,45026.44141,45141.44141,0,DIRECTA
DITAS,1H,2026-01-28 16:00:00,2026-01-28,16:00:00,45146.44141,45216.44141,45101.44141,45181.44141,0,DIRECTA
DITAS,1H,2026-01-28 17:00:00,2026-01-28,17:00:00,45186.44141,45221.44141,45066.44141,45101.44141,0,DIRECTA
DITAS,1H,2026-01-28 18:00:00,2026-01-28,18:00:00,45111.44141,45176.44141,45111.44141,45176.44141,0,DIRECTA
DITAS,1H,2026-01-28 19:00:00,2026-01-28,19:00:00,45156.44141,45196.44141,45151.44141,45161.44141,0,DIRECTA
DITAS,1H,2026-01-28 20:00:00,2026-01-28,20:00:00,45171.44141,45216.44141,45136.44141,45186.44141,0,DIRECTA
DITAS,1H,2026-01-28 21:00:00,2026-01-28,21:00:00,45186.44141,45231.44141,45161.44141,45161.44141,0,DIRECTA
DITAS,1H,2026-01-29 08:00:00,2026-01-29,08:00:00,45233.73047,45348.73047,45223.73047,45343.73047,0,DIRECTA
DITAS,1H,2026-01-29 09:00:00,2026-01-29,09:00:00,45348.73047,45433.73047,45268.73047,45368.73047,0,DIRECTA
DITAS,1H,2026-01-29 10:00:00,2026-01-29,10:00:00,45368.73047,45458.73047,45343.73047,45343.73047,0,DIRECTA
DITAS,1H,2026-01-29 11:00:00,2026-01-29,11:00:00,45343.73047,45448.73047,45308.73047,45323.73047,0,DIRECTA
DITAS,1H,2026-01-29 12:00:00,2026-01-29,12:00:00,45318.73047,45408.73047,45288.73047,45388.73047,0,DIRECTA
DITAS,1H,2026-01-29 13:00:00,2026-01-29,13:00:00,45388.73047,45408.73047,45333.73047,45388.73047,0,DIRECTA
DITAS,1H,2026-01-29 14:00:00,2026-01-29,14:00:00,45388.73047,45508.73047,45378.73047,45498.73047,0,DIRECTA
DITAS,1H,2026-01-29 15:00:00,2026-01-29,15:00:00,45493.73047,45578.73047,45313.73047,45313.73047,0,DIRECTA
DITAS,1H,2026-01-29 16:00:00,2026-01-29,16:00:00,45323.73047,45333.73047,45038.73047,45073.73047,0,DIRECTA
DITAS,1H,2026-01-29 17:00:00,2026-01-29,17:00:00,45078.73047,45173.73047,44973.73047,45083.73047,0,DIRECTA
DITAS,1H,2026-01-29 18:00:00,2026-01-29,18:00:00,45083.73047,45273.73047,45083.73047,45163.73047,0,DIRECTA
DITAS,1H,2026-01-29 19:00:00,2026-01-29,19:00:00,45168.73047,45273.73047,45148.73047,45228.73047,0,DIRECTA
DITAS,1H,2026-01-29 20:00:00,2026-01-29,20:00:00,45218.73047,45308.73047,45213.73047,45283.73047,0,DIRECTA
DITAS,1H,2026-01-29 21:00:00,2026-01-29,21:00:00,45283.73047,45318.73047,45278.73047,45318.73047,0,DIRECTA
DITAS,1H,2026-01-30 08:00:00,2026-01-30,08:00:00,45192.60156,45207.60156,45127.60156,45147.60156,0,DIRECTA
DITAS,1H,2026-01-30 09:00:00,2026-01-30,09:00:00,45112.60156,45432.60156,45097.60156,45417.60156,0,DIRECTA
DITAS,1H,2026-01-30 10:00:00,2026-01-30,10:00:00,45422.60156,45472.60156,45267.60156,45287.60156,0,DIRECTA
DITAS,1H,2026-01-30 11:00:00,2026-01-30,11:00:00,45302.60156,45357.60156,45247.60156,45317.60156,0,DIRECTA
DITAS,1H,2026-01-30 12:00:00,2026-01-30,12:00:00,45322.60156,45532.60156,45317.60156,45512.60156,0,DIRECTA
DITAS,1H,2026-01-30 13:00:00,2026-01-30,13:00:00,45522.60156,45557.60156,45467.60156,45482.60156,0,DIRECTA
DITAS,1H,2026-01-30 14:00:00,2026-01-30,14:00:00,45472.60156,45522.60156,45432.60156,45437.60156,0,DIRECTA
DITAS,1H,2026-01-30 15:00:00,2026-01-30,15:00:00,45447.60156,45582.60156,45447.60156,45497.60156,0,DIRECTA
DITAS,1H,2026-01-30 16:00:00,2026-01-30,16:00:00,45522.60156,45587.60156,45482.60156,45482.60156,0,DIRECTA
DITAS,1H,2026-01-30 17:00:00,2026-01-30,17:00:00,45477.60156,45577.60156,45422.60156,45482.60156,0,DIRECTA
DITAS,1H,2026-01-30 18:00:00,2026-01-30,18:00:00,45482.60156,45522.60156,45402.60156,45442.60156,0,DIRECTA
DITAS,1H,2026-01-30 19:00:00,2026-01-30,19:00:00,45437.60156,45502.60156,45302.60156,45482.60156,0,DIRECTA
DITAS,1H,2026-01-30 20:00:00,2026-01-30,20:00:00,45497.60156,45537.60156,45447.60156,45492.60156,0,DIRECTA
DITAS,1H,2026-01-30 21:00:00,2026-01-30,21:00:00,45492.60156,45552.60156,45447.60156,45512.60156,0,DIRECTA
DITAS,1H,2026-02-02 08:00:00,2026-02-02,08:00:00,45141.42188,45281.42188,45121.42188,45216.42188,0,DIRECTA
DITAS,1H,2026-02-02 09:00:00,2026-02-02,09:00:00,45226.42188,45516.42188,45136.42188,45461.42188,0,DIRECTA
DITAS,1H,2026-02-02 10:00:00,2026-02-02,10:00:00,45456.42188,45551.42188,45351.42188,45511.42188,0,DIRECTA
DITAS,1H,2026-02-02 11:00:00,2026-02-02,11:00:00,45526.42188,45676.42188,45521.42188,45676.42188,0,DIRECTA
DITAS,1H,2026-02-02 12:00:00,2026-02-02,12:00:00,45676.42188,45841.42188,45671.42188,45836.42188,0,DIRECTA
DITAS,1H,2026-02-02 13:00:00,2026-02-02,13:00:00,45846.42188,45916.42188,45831.42188,45851.42188,0,DIRECTA
DITAS,1H,2026-02-02 14:00:00,2026-02-02,14:00:00,45856.42188,45881.42188,45761.42188,45871.42188,0,DIRECTA
DITAS,1H,2026-02-02 15:00:00,2026-02-02,15:00:00,45876.42188,46006.42188,45876.42188,45931.42188,0,DIRECTA
DITAS,1H,2026-02-02 16:00:00,2026-02-02,16:00:00,45956.42188,46061.42188,45916.42188,46011.42188,0,DIRECTA
DITAS,1H,2026-02-02 17:00:00,2026-02-02,17:00:00,46021.42188,46101.42188,45971.42188,46031.42188,0,DIRECTA
DITAS,1H,2026-02-02 18:00:00,2026-02-02,18:00:00,46041.42188,46126.42188,46041.42188,46116.42188,0,DIRECTA
DITAS,1H,2026-02-02 19:00:00,2026-02-02,19:00:00,46121.42188,46126.42188,46081.42188,46121.42188,0,DIRECTA
DITAS,1H,2026-02-02 20:00:00,2026-02-02,20:00:00,46111.42188,46136.42188,46096.42188,46096.42188,0,DIRECTA
DITAS,1H,2026-02-02 21:00:00,2026-02-02,21:00:00,46101.42188,46146.42188,46096.42188,46146.42188,0,DIRECTA
DITAS,1H,2026-02-03 08:00:00,2026-02-03,08:00:00,46193.21094,46458.21094,46133.21094,46383.21094,0,DIRECTA
DITAS,1H,2026-02-03 09:00:00,2026-02-03,09:00:00,46368.21094,46473.21094,46203.21094,46438.21094,0,DIRECTA
DITAS,1H,2026-02-03 10:00:00,2026-02-03,10:00:00,46448.21094,46503.21094,46323.21094,46418.21094,0,DIRECTA
DITAS,1H,2026-02-03 11:00:00,2026-02-03,11:00:00,46423.21094,46483.21094,46398.21094,46433.21094,0,DIRECTA
DITAS,1H,2026-02-03 12:00:00,2026-02-03,12:00:00,46433.21094,46438.21094,46338.21094,46408.21094,0,DIRECTA
DITAS,1H,2026-02-03 13:00:00,2026-02-03,13:00:00,46393.21094,46528.21094,46393.21094,46468.21094,0,DIRECTA
DITAS,1H,2026-02-03 14:00:00,2026-02-03,14:00:00,46468.21094,46468.21094,46323.21094,46393.21094,0,DIRECTA
DITAS,1H,2026-02-03 15:00:00,2026-02-03,15:00:00,46388.21094,46443.21094,46248.21094,46248.21094,0,DIRECTA
DITAS,1H,2026-02-03 16:00:00,2026-02-03,16:00:00,46243.21094,46383.21094,46243.21094,46358.21094,0,DIRECTA
DITAS,1H,2026-02-03 17:00:00,2026-02-03,17:00:00,46358.21094,46398.21094,46333.21094,46388.21094,0,DIRECTA
DITAS,1H,2026-02-03 18:00:00,2026-02-03,18:00:00,46378.21094,46388.21094,46268.21094,46268.21094,0,DIRECTA
DITAS,1H,2026-02-03 19:00:00,2026-02-03,19:00:00,46273.21094,46303.21094,46163.21094,46188.21094,0,DIRECTA
DITAS,1H,2026-02-03 20:00:00,2026-02-03,20:00:00,46173.21094,46273.21094,46128.21094,46268.21094,0,DIRECTA
DITAS,1H,2026-02-03 21:00:00,2026-02-03,21:00:00,46273.21094,46408.21094,46248.21094,46403.21094,0,DIRECTA
DITAS,1H,2026-02-04 08:00:00,2026-02-04,08:00:00,46450.51953,46605.51953,46450.51953,46550.51953,0,DIRECTA
DITAS,1H,2026-02-04 09:00:00,2026-02-04,09:00:00,46585.51953,46755.51953,46540.51953,46695.51953,0,DIRECTA
DITAS,1H,2026-02-04 10:00:00,2026-02-04,10:00:00,46700.51953,46715.51953,46495.51953,46675.51953,0,DIRECTA
DITAS,1H,2026-02-04 11:00:00,2026-02-04,11:00:00,46675.51953,46830.51953,46675.51953,46825.51953,0,DIRECTA
DITAS,1H,2026-02-04 12:00:00,2026-02-04,12:00:00,46830.51953,46975.51953,46810.51953,46965.51953,0,DIRECTA
DITAS,1H,2026-02-04 13:00:00,2026-02-04,13:00:00,46970.51953,46990.51953,46845.51953,46860.51953,0,DIRECTA
DITAS,1H,2026-02-04 14:00:00,2026-02-04,14:00:00,46850.51953,46905.51953,46790.51953,46880.51953,0,DIRECTA
DITAS,1H,2026-02-04 15:00:00,2026-02-04,15:00:00,46885.51953,47100.51953,46850.51953,46980.51953,0,DIRECTA
DITAS,1H,2026-02-04 16:00:00,2026-02-04,16:00:00,47000.51953,47035.51953,46820.51953,46825.51953,0,DIRECTA
DITAS,1H,2026-02-04 17:00:00,2026-02-04,17:00:00,46845.51953,46850.51953,46530.51953,46660.51953,0,DIRECTA
DITAS,1H,2026-02-04 18:00:00,2026-02-04,18:00:00,46655.51953,46695.51953,46455.51953,46515.51953,0,DIRECTA
DITAS,1H,2026-02-04 19:00:00,2026-02-04,19:00:00,46505.51953,46540.51953,46420.51953,46495.51953,0,DIRECTA
DITAS,1H,2026-02-04 20:00:00,2026-02-04,20:00:00,46490.51953,46610.51953,46445.51953,46610.51953,0,DIRECTA
DITAS,1H,2026-02-04 21:00:00,2026-02-04,21:00:00,46620.51953,46625.51953,46565.51953,46570.51953,0,DIRECTA
DITAS,1H,2026-02-05 08:00:00,2026-02-05,08:00:00,46645.42969,46690.42969,46570.42969,46610.42969,0,DIRECTA
DITAS,1H,2026-02-05 09:00:00,2026-02-05,09:00:00,46610.42969,46755.42969,46395.42969,46435.42969,0,DIRECTA
DITAS,1H,2026-02-05 10:00:00,2026-02-05,10:00:00,46430.42969,46515.42969,46250.42969,46325.42969,0,DIRECTA
DITAS,1H,2026-02-05 11:00:00,2026-02-05,11:00:00,46295.42969,46545.42969,46255.42969,46535.42969,0,DIRECTA
DITAS,1H,2026-02-05 12:00:00,2026-02-05,12:00:00,46525.42969,46545.42969,46475.42969,46505.42969,0,DIRECTA
DITAS,1H,2026-02-05 13:00:00,2026-02-05,13:00:00,46505.42969,46580.42969,46165.42969,46220.42969,0,DIRECTA
DITAS,1H,2026-02-05 14:00:00,2026-02-05,14:00:00,46215.42969,46300.42969,46040.42969,46045.42969,0,DIRECTA
DITAS,1H,2026-02-05 15:00:00,2026-02-05,15:00:00,46050.42969,46130.42969,45850.42969,45900.42969,0,DIRECTA
DITAS,1H,2026-02-05 16:00:00,2026-02-05,16:00:00,45890.42969,45910.42969,45570.42969,45685.42969,0,DIRECTA
DITAS,1H,2026-02-05 17:00:00,2026-02-05,17:00:00,45675.42969,45855.42969,45575.42969,45855.42969,0,DIRECTA
DITAS,1H,2026-02-05 18:00:00,2026-02-05,18:00:00,45855.42969,45895.42969,45750.42969,45785.42969,0,DIRECTA
DITAS,1H,2026-02-05 19:00:00,2026-02-05,19:00:00,45790.42969,45830.42969,45645.42969,45690.42969,0,DIRECTA
DITAS,1H,2026-02-05 20:00:00,2026-02-05,20:00:00,45680.42969,45795.42969,45665.42969,45735.42969,0,DIRECTA
DITAS,1H,2026-02-05 21:00:00,2026-02-05,21:00:00,45725.42969,45785.42969,45585.42969,45600.42969,0,DIRECTA
DITAS,1H,2026-02-06 08:00:00,2026-02-06,08:00:00,45728.57031,45743.57031,45428.57031,45573.57031,0,DIRECTA
DITAS,1H,2026-02-06 09:00:00,2026-02-06,09:00:00,45593.57031,45683.57031,45378.57031,45513.57031,0,DIRECTA
DITAS,1H,2026-02-06 10:00:00,2026-02-06,10:00:00,45503.57031,45718.57031,45473.57031,45653.57031,0,DIRECTA
DITAS,1H,2026-02-06 11:00:00,2026-02-06,11:00:00,45658.57031,45703.57031,45613.57031,45688.57031,0,DIRECTA
DITAS,1H,2026-02-06 12:00:00,2026-02-06,12:00:00,45683.57031,45713.57031,45623.57031,45698.57031,0,DIRECTA
DITAS,1H,2026-02-06 13:00:00,2026-02-06,13:00:00,45693.57031,45708.57031,45608.57031,45633.57031,0,DIRECTA
DITAS,1H,2026-02-06 14:00:00,2026-02-06,14:00:00,45633.57031,45773.57031,45623.57031,45713.57031,0,DIRECTA
DITAS,1H,2026-02-06 15:00:00,2026-02-06,15:00:00,45708.57031,45903.57031,45693.57031,45858.57031,0,DIRECTA
DITAS,1H,2026-02-06 16:00:00,2026-02-06,16:00:00,45863.57031,45963.57031,45793.57031,45893.57031,0,DIRECTA
DITAS,1H,2026-02-06 17:00:00,2026-02-06,17:00:00,45893.57031,45923.57031,45828.57031,45853.57031,0,DIRECTA
DITAS,1H,2026-02-06 18:00:00,2026-02-06,18:00:00,45858.57031,45918.57031,45848.57031,45903.57031,0,DIRECTA
DITAS,1H,2026-02-06 19:00:00,2026-02-06,19:00:00,45888.57031,45958.57031,45883.57031,45923.57031,0,DIRECTA
DITAS,1H,2026-02-06 20:00:00,2026-02-06,20:00:00,45933.57031,45958.57031,45918.57031,45948.57031,0,DIRECTA
DITAS,1H,2026-02-06 21:00:00,2026-02-06,21:00:00,45938.57031,46028.57031,45938.57031,46013.57031,0,DIRECTA
DITAS,1H,2026-02-09 08:00:00,2026-02-09,08:00:00,46218.19922,46273.19922,46148.19922,46193.19922,0,DIRECTA
DITAS,1H,2026-02-09 09:00:00,2026-02-09,09:00:00,46223.19922,46483.19922,46163.19922,46363.19922,0,DIRECTA
DITAS,1H,2026-02-09 10:00:00,2026-02-09,10:00:00,46368.19922,46503.19922,46338.19922,46418.19922,0,DIRECTA
DITAS,1H,2026-02-09 11:00:00,2026-02-09,11:00:00,46413.19922,46413.19922,46273.19922,46353.19922,0,DIRECTA
DITAS,1H,2026-02-09 12:00:00,2026-02-09,12:00:00,46348.19922,46448.19922,46293.19922,46438.19922,0,DIRECTA
DITAS,1H,2026-02-09 13:00:00,2026-02-09,13:00:00,46433.19922,46458.19922,46388.19922,46458.19922,0,DIRECTA
DITAS,1H,2026-02-09 14:00:00,2026-02-09,14:00:00,46458.19922,46553.19922,46448.19922,46528.19922,0,DIRECTA
DITAS,1H,2026-02-09 15:00:00,2026-02-09,15:00:00,46523.19922,46573.19922,46433.19922,46538.19922,0,DIRECTA
DITAS,1H,2026-02-09 16:00:00,2026-02-09,16:00:00,46533.19922,46823.19922,46533.19922,46803.19922,0,DIRECTA
DITAS,1H,2026-02-09 17:00:00,2026-02-09,17:00:00,46808.19922,46833.19922,46763.19922,46793.19922,0,DIRECTA
DITAS,1H,2026-02-09 18:00:00,2026-02-09,18:00:00,46803.19922,46823.19922,46778.19922,46798.19922,0,DIRECTA
DITAS,1H,2026-02-09 19:00:00,2026-02-09,19:00:00,46793.19922,46823.19922,46743.19922,46808.19922,0,DIRECTA
DITAS,1H,2026-02-09 20:00:00,2026-02-09,20:00:00,46813.19922,46863.19922,46813.19922,46843.19922,0,DIRECTA
DITAS,1H,2026-02-09 21:00:00,2026-02-09,21:00:00,46838.19922,46848.19922,46818.19922,46828.19922,0,DIRECTA
DITAS,1H,2026-02-10 08:00:00,2026-02-10,08:00:00,46826.80859,46916.80859,46781.80859,46916.80859,0,DIRECTA
DITAS,1H,2026-02-10 09:00:00,2026-02-10,09:00:00,46896.80859,46921.80859,46621.80859,46811.80859,0,DIRECTA
DITAS,1H,2026-02-10 10:00:00,2026-02-10,10:00:00,46816.80859,46886.80859,46721.80859,46776.80859,0,DIRECTA
DITAS,1H,2026-02-10 11:00:00,2026-02-10,11:00:00,46766.80859,46806.80859,46726.80859,46781.80859,0,DIRECTA
DITAS,1H,2026-02-10 12:00:00,2026-02-10,12:00:00,46771.80859,46991.80859,46731.80859,46911.80859,0,DIRECTA
DITAS,1H,2026-02-10 13:00:00,2026-02-10,13:00:00,46916.80859,46971.80859,46896.80859,46956.80859,0,DIRECTA
DITAS,1H,2026-02-10 14:00:00,2026-02-10,14:00:00,46956.80859,46956.80859,46871.80859,46901.80859,0,DIRECTA
DITAS,1H,2026-02-10 15:00:00,2026-02-10,15:00:00,46906.80859,46921.80859,46806.80859,46861.80859,0,DIRECTA
DITAS,1H,2026-02-10 16:00:00,2026-02-10,16:00:00,46866.80859,46876.80859,46791.80859,46826.80859,0,DIRECTA
DITAS,1H,2026-02-10 17:00:00,2026-02-10,17:00:00,46841.80859,46841.80859,46741.80859,46836.80859,0,DIRECTA
DITAS,1H,2026-02-10 18:00:00,2026-02-10,18:00:00,46846.80859,46856.80859,46796.80859,46851.80859,0,DIRECTA
DITAS,1H,2026-02-10 19:00:00,2026-02-10,19:00:00,46836.80859,46836.80859,46741.80859,46781.80859,0,DIRECTA
DITAS,1H,2026-02-10 20:00:00,2026-02-10,20:00:00,46781.80859,46821.80859,46766.80859,46791.80859,0,DIRECTA
DITAS,1H,2026-02-10 21:00:00,2026-02-10,21:00:00,46806.80859,46806.80859,46696.80859,46701.80859,0,DIRECTA
DITAS,1H,2026-02-11 08:00:00,2026-02-11,08:00:00,46793.98828,46858.98828,46718.98828,46833.98828,0,DIRECTA
DITAS,1H,2026-02-11 09:00:00,2026-02-11,09:00:00,46833.98828,46848.98828,46268.98828,46288.98828,0,DIRECTA
DITAS,1H,2026-02-11 10:00:00,2026-02-11,10:00:00,46293.98828,46498.98828,46218.98828,46293.98828,0,DIRECTA
DITAS,1H,2026-02-11 11:00:00,2026-02-11,11:00:00,46278.98828,46463.98828,46243.98828,46408.98828,0,DIRECTA
DITAS,1H,2026-02-11 12:00:00,2026-02-11,12:00:00,46423.98828,46473.98828,46353.98828,46353.98828,0,DIRECTA
DITAS,1H,2026-02-11 13:00:00,2026-02-11,13:00:00,46363.98828,46483.98828,46343.98828,46413.98828,0,DIRECTA
DITAS,1H,2026-02-11 14:00:00,2026-02-11,14:00:00,46408.98828,46648.98828,46368.98828,46623.98828,0,DIRECTA
DITAS,1H,2026-02-11 15:00:00,2026-02-11,15:00:00,46628.98828,46718.98828,46518.98828,46543.98828,0,DIRECTA
DITAS,1H,2026-02-11 16:00:00,2026-02-11,16:00:00,46558.98828,46558.98828,46353.98828,46498.98828,0,DIRECTA
DITAS,1H,2026-02-11 17:00:00,2026-02-11,17:00:00,46513.98828,46658.98828,46458.98828,46463.98828,0,DIRECTA
DITAS,1H,2026-02-11 18:00:00,2026-02-11,18:00:00,46468.98828,46593.98828,46468.98828,46548.98828,0,DIRECTA
DITAS,1H,2026-02-11 19:00:00,2026-02-11,19:00:00,46548.98828,46573.98828,46503.98828,46558.98828,0,DIRECTA
DITAS,1H,2026-02-11 20:00:00,2026-02-11,20:00:00,46563.98828,46698.98828,46563.98828,46688.98828,0,DIRECTA
DITAS,1H,2026-02-11 21:00:00,2026-02-11,21:00:00,46678.98828,46698.98828,46623.98828,46648.98828,0,DIRECTA
DITAS,1H,2026-02-12 08:00:00,2026-02-12,08:00:00,46698.82813,46738.82813,46663.82813,46738.82813,0,DIRECTA
DITAS,1H,2026-02-12 09:00:00,2026-02-12,09:00:00,46693.82813,46943.82813,46658.82813,46853.82813,0,DIRECTA
DITAS,1H,2026-02-12 10:00:00,2026-02-12,10:00:00,46858.82813,46913.82813,46643.82813,46698.82813,0,DIRECTA
DITAS,1H,2026-02-12 11:00:00,2026-02-12,11:00:00,46693.82813,46733.82813,46613.82813,46673.82813,0,DIRECTA
DITAS,1H,2026-02-12 12:00:00,2026-02-12,12:00:00,46663.82813,46723.82813,46573.82813,46633.82813,0,DIRECTA
DITAS,1H,2026-02-12 13:00:00,2026-02-12,13:00:00,46633.82813,46693.82813,46608.82813,46688.82813,0,DIRECTA
DITAS,1H,2026-02-12 14:00:00,2026-02-12,14:00:00,46683.82813,46743.82813,46643.82813,46718.82813,0,DIRECTA
DITAS,1H,2026-02-12 15:00:00,2026-02-12,15:00:00,46718.82813,46778.82813,46578.82813,46593.82813,0,DIRECTA
DITAS,1H,2026-02-12 16:00:00,2026-02-12,16:00:00,46588.82813,46643.82813,46433.82813,46438.82813,0,DIRECTA
DITAS,1H,2026-02-12 17:00:00,2026-02-12,17:00:00,46438.82813,46438.82813,46113.82813,46213.82813,0,DIRECTA
DITAS,1H,2026-02-12 18:00:00,2026-02-12,18:00:00,46223.82813,46293.82813,46128.82813,46128.82813,0,DIRECTA
DITAS,1H,2026-02-12 19:00:00,2026-02-12,19:00:00,46128.82813,46288.82813,46113.82813,46248.82813,0,DIRECTA
DITAS,1H,2026-02-12 20:00:00,2026-02-12,20:00:00,46273.82813,46353.82813,46263.82813,46308.82813,0,DIRECTA
DITAS,1H,2026-02-12 21:00:00,2026-02-12,21:00:00,46333.82813,46348.82813,46173.82813,46193.82813,0,DIRECTA
DITAS,1H,2026-02-13 08:00:00,2026-02-13,08:00:00,46150.94922,46205.94922,46120.94922,46150.94922,0,DIRECTA
DITAS,1H,2026-02-13 09:00:00,2026-02-13,09:00:00,46135.94922,46160.94922,45855.94922,46035.94922,0,DIRECTA
DITAS,1H,2026-02-13 10:00:00,2026-02-13,10:00:00,46050.94922,46050.94922,45720.94922,45730.94922,0,DIRECTA
DITAS,1H,2026-02-13 11:00:00,2026-02-13,11:00:00,45710.94922,45780.94922,45495.94922,45550.94922,0,DIRECTA
DITAS,1H,2026-02-13 12:00:00,2026-02-13,12:00:00,45545.94922,45570.94922,45320.94922,45525.94922,0,DIRECTA
DITAS,1H,2026-02-13 13:00:00,2026-02-13,13:00:00,45530.94922,45565.94922,45370.94922,45445.94922,0,DIRECTA
DITAS,1H,2026-02-13 14:00:00,2026-02-13,14:00:00,45445.94922,45560.94922,45285.94922,45450.94922,0,DIRECTA
DITAS,1H,2026-02-13 15:00:00,2026-02-13,15:00:00,45435.94922,45535.94922,45105.94922,45180.94922,0,DIRECTA
DITAS,1H,2026-02-13 16:00:00,2026-02-13,16:00:00,45200.94922,45510.94922,45195.94922,45385.94922,0,DIRECTA
DITAS,1H,2026-02-13 17:00:00,2026-02-13,17:00:00,45390.94922,45525.94922,45380.94922,45445.94922,0,DIRECTA
DITAS,1H,2026-02-13 18:00:00,2026-02-13,18:00:00,45435.94922,45545.94922,45430.94922,45505.94922,0,DIRECTA
DITAS,1H,2026-02-13 19:00:00,2026-02-13,19:00:00,45475.94922,45540.94922,45455.94922,45475.94922,0,DIRECTA
DITAS,1H,2026-02-13 20:00:00,2026-02-13,20:00:00,45470.94922,45505.94922,45390.94922,45390.94922,0,DIRECTA
DITAS,1H,2026-02-13 21:00:00,2026-02-13,21:00:00,45405.94922,45410.94922,45275.94922,45355.94922,0,DIRECTA
DITAS,1H,2026-02-16 08:00:00,2026-02-16,08:00:00,45460.62109,45590.62109,45390.62109,45590.62109,0,DIRECTA
DITAS,1H,2026-02-16 09:00:00,2026-02-16,09:00:00,45595.62109,45710.62109,45480.62109,45590.62109,0,DIRECTA
DITAS,1H,2026-02-16 10:00:00,2026-02-16,10:00:00,45600.62109,45760.62109,45595.62109,45665.62109,0,DIRECTA
DITAS,1H,2026-02-16 11:00:00,2026-02-16,11:00:00,45670.62109,45670.62109,45550.62109,45605.62109,0,DIRECTA
DITAS,1H,2026-02-16 12:00:00,2026-02-16,12:00:00,45595.62109,45630.62109,45535.62109,45535.62109,0,DIRECTA
DITAS,1H,2026-02-16 13:00:00,2026-02-16,13:00:00,45530.62109,45635.62109,45530.62109,45615.62109,0,DIRECTA
DITAS,1H,2026-02-16 14:00:00,2026-02-16,14:00:00,45620.62109,45620.62109,45545.62109,45575.62109,0,DIRECTA
DITAS,1H,2026-02-16 15:00:00,2026-02-16,15:00:00,45565.62109,45565.62109,45480.62109,45550.62109,0,DIRECTA
DITAS,1H,2026-02-16 16:00:00,2026-02-16,16:00:00,45550.62109,45625.62109,45505.62109,45515.62109,0,DIRECTA
DITAS,1H,2026-02-16 17:00:00,2026-02-16,17:00:00,45515.62109,45530.62109,45380.62109,45450.62109,0,DIRECTA
DITAS,1H,2026-02-16 18:00:00,2026-02-16,18:00:00,45450.62109,45470.62109,45435.62109,45435.62109,0,DIRECTA
DITAS,1H,2026-02-16 19:00:00,2026-02-16,19:00:00,45435.62109,45445.62109,45415.62109,45415.62109,0,DIRECTA
DITAS,1H,2026-02-16 20:00:00,2026-02-16,20:00:00,45410.62109,45420.62109,45405.62109,45415.62109,0,DIRECTA
DITAS,1H,2026-02-16 21:00:00,2026-02-16,21:00:00,45420.62109,45435.62109,45380.62109,45425.62109,0,DIRECTA
DITAS,1H,2026-02-17 08:00:00,2026-02-17,08:00:00,45283.19922,45308.19922,45208.19922,45253.19922,0,DIRECTA
DITAS,1H,2026-02-17 09:00:00,2026-02-17,09:00:00,45308.19922,45618.19922,45298.19922,45503.19922,0,DIRECTA
DITAS,1H,2026-02-17 10:00:00,2026-02-17,10:00:00,45528.19922,45693.19922,45528.19922,45668.19922,0,DIRECTA
DITAS,1H,2026-02-17 11:00:00,2026-02-17,11:00:00,45683.19922,45718.19922,45588.19922,45603.19922,0,DIRECTA
DITAS,1H,2026-02-17 12:00:00,2026-02-17,12:00:00,45593.19922,45763.19922,45553.19922,45738.19922,0,DIRECTA
DITAS,1H,2026-02-17 13:00:00,2026-02-17,13:00:00,45728.19922,45748.19922,45473.19922,45473.19922,0,DIRECTA
DITAS,1H,2026-02-17 14:00:00,2026-02-17,14:00:00,45468.19922,45643.19922,45398.19922,45543.19922,0,DIRECTA
DITAS,1H,2026-02-17 15:00:00,2026-02-17,15:00:00,45573.19922,45743.19922,45538.19922,45548.19922,0,DIRECTA
DITAS,1H,2026-02-17 16:00:00,2026-02-17,16:00:00,45568.19922,45728.19922,45528.19922,45573.19922,0,DIRECTA
DITAS,1H,2026-02-17 17:00:00,2026-02-17,17:00:00,45608.19922,45798.19922,45583.19922,45753.19922,0,DIRECTA
DITAS,1H,2026-02-17 18:00:00,2026-02-17,18:00:00,45748.19922,45748.19922,45618.19922,45698.19922,0,DIRECTA
DITAS,1H,2026-02-17 19:00:00,2026-02-17,19:00:00,45698.19922,45863.19922,45668.19922,45843.19922,0,DIRECTA
DITAS,1H,2026-02-17 20:00:00,2026-02-17,20:00:00,45848.19922,45863.19922,45813.19922,45858.19922,0,DIRECTA
DITAS,1H,2026-02-17 21:00:00,2026-02-17,21:00:00,45843.19922,45858.19922,45798.19922,45838.19922,0,DIRECTA
DITAS,1H,2026-02-18 08:00:00,2026-02-18,08:00:00,45890.07031,45940.07031,45860.07031,45940.07031,0,DIRECTA
DITAS,1H,2026-02-18 09:00:00,2026-02-18,09:00:00,45935.07031,46215.07031,45905.07031,46200.07031,0,DIRECTA
DITAS,1H,2026-02-18 10:00:00,2026-02-18,10:00:00,46205.07031,46225.07031,46075.07031,46205.07031,0,DIRECTA
DITAS,1H,2026-02-18 11:00:00,2026-02-18,11:00:00,46210.07031,46355.07031,46205.07031,46340.07031,0,DIRECTA
DITAS,1H,2026-02-18 12:00:00,2026-02-18,12:00:00,46345.07031,46395.07031,46300.07031,46300.07031,0,DIRECTA
DITAS,1H,2026-02-18 13:00:00,2026-02-18,13:00:00,46310.07031,46390.07031,46240.07031,46320.07031,0,DIRECTA
DITAS,1H,2026-02-18 14:00:00,2026-02-18,14:00:00,46310.07031,46320.07031,46235.07031,46235.07031,0,DIRECTA
DITAS,1H,2026-02-18 15:00:00,2026-02-18,15:00:00,46235.07031,46395.07031,46210.07031,46380.07031,0,DIRECTA
DITAS,1H,2026-02-18 16:00:00,2026-02-18,16:00:00,46390.07031,46415.07031,46325.07031,46390.07031,0,DIRECTA
DITAS,1H,2026-02-18 17:00:00,2026-02-18,17:00:00,46385.07031,46410.07031,46300.07031,46340.07031,0,DIRECTA
DITAS,1H,2026-02-18 18:00:00,2026-02-18,18:00:00,46340.07031,46385.07031,46335.07031,46375.07031,0,DIRECTA
DITAS,1H,2026-02-18 19:00:00,2026-02-18,19:00:00,46380.07031,46400.07031,46300.07031,46355.07031,0,DIRECTA
DITAS,1H,2026-02-18 20:00:00,2026-02-18,20:00:00,46340.07031,46350.07031,46235.07031,46245.07031,0,DIRECTA
DITAS,1H,2026-02-18 21:00:00,2026-02-18,21:00:00,46265.07031,46315.07031,46205.07031,46310.07031,0,DIRECTA
DITAS,1H,2026-02-19 08:00:00,2026-02-19,08:00:00,46324.08984,46354.08984,46259.08984,46274.08984,0,DIRECTA
DITAS,1H,2026-02-19 09:00:00,2026-02-19,09:00:00,46239.08984,46294.08984,45989.08984,46044.08984,0,DIRECTA
DITAS,1H,2026-02-19 10:00:00,2026-02-19,10:00:00,46034.08984,46079.08984,45904.08984,45909.08984,0,DIRECTA
DITAS,1H,2026-02-19 11:00:00,2026-02-19,11:00:00,45904.08984,45909.08984,45734.08984,45734.08984,0,DIRECTA
DITAS,1H,2026-02-19 12:00:00,2026-02-19,12:00:00,45744.08984,45799.08984,45659.08984,45684.08984,0,DIRECTA
DITAS,1H,2026-02-19 13:00:00,2026-02-19,13:00:00,45679.08984,45749.08984,45639.08984,45719.08984,0,DIRECTA
DITAS,1H,2026-02-19 14:00:00,2026-02-19,14:00:00,45724.08984,45739.08984,45584.08984,45624.08984,0,DIRECTA
DITAS,1H,2026-02-19 15:00:00,2026-02-19,15:00:00,45624.08984,45664.08984,45549.08984,45569.08984,0,DIRECTA
DITAS,1H,2026-02-19 16:00:00,2026-02-19,16:00:00,45574.08984,45764.08984,45574.08984,45734.08984,0,DIRECTA
DITAS,1H,2026-02-19 17:00:00,2026-02-19,17:00:00,45739.08984,45839.08984,45644.08984,45819.08984,0,DIRECTA
DITAS,1H,2026-02-19 18:00:00,2026-02-19,18:00:00,45824.08984,45839.08984,45769.08984,45789.08984,0,DIRECTA
DITAS,1H,2026-02-19 19:00:00,2026-02-19,19:00:00,45784.08984,45839.08984,45749.08984,45834.08984,0,DIRECTA
DITAS,1H,2026-02-19 20:00:00,2026-02-19,20:00:00,45834.08984,45839.08984,45779.08984,45814.08984,0,DIRECTA
DITAS,1H,2026-02-19 21:00:00,2026-02-19,21:00:00,45834.08984,45869.08984,45814.08984,45869.08984,0,DIRECTA
DITAS,1H,2026-02-20 08:00:00,2026-02-20,08:00:00,45926.21875,46021.21875,45926.21875,45991.21875,0,DIRECTA
DITAS,1H,2026-02-20 09:00:00,2026-02-20,09:00:00,45996.21875,46136.21875,45881.21875,46121.21875,0,DIRECTA
DITAS,1H,2026-02-20 10:00:00,2026-02-20,10:00:00,46136.21875,46256.21875,46136.21875,46226.21875,0,DIRECTA
DITAS,1H,2026-02-20 11:00:00,2026-02-20,11:00:00,46231.21875,46291.21875,46221.21875,46246.21875,0,DIRECTA
DITAS,1H,2026-02-20 12:00:00,2026-02-20,12:00:00,46231.21875,46281.21875,46196.21875,46236.21875,0,DIRECTA
DITAS,1H,2026-02-20 13:00:00,2026-02-20,13:00:00,46211.21875,46251.21875,46196.21875,46226.21875,0,DIRECTA
DITAS,1H,2026-02-20 14:00:00,2026-02-20,14:00:00,46226.21875,46321.21875,46221.21875,46301.21875,0,DIRECTA
DITAS,1H,2026-02-20 15:00:00,2026-02-20,15:00:00,46301.21875,46431.21875,46291.21875,46381.21875,0,DIRECTA
DITAS,1H,2026-02-20 16:00:00,2026-02-20,16:00:00,46406.21875,46716.21875,46336.21875,46481.21875,0,DIRECTA
DITAS,1H,2026-02-20 17:00:00,2026-02-20,17:00:00,46476.21875,46536.21875,46426.21875,46496.21875,0,DIRECTA
DITAS,1H,2026-02-20 18:00:00,2026-02-20,18:00:00,46516.21875,46516.21875,46376.21875,46441.21875,0,DIRECTA
DITAS,1H,2026-02-20 19:00:00,2026-02-20,19:00:00,46451.21875,46556.21875,46416.21875,46541.21875,0,DIRECTA
DITAS,1H,2026-02-20 20:00:00,2026-02-20,20:00:00,46546.21875,46546.21875,46486.21875,46506.21875,0,DIRECTA
DITAS,1H,2026-02-20 21:00:00,2026-02-20,21:00:00,46496.21875,46596.21875,46496.21875,46566.21875,0,DIRECTA
DITAS,1H,2026-02-23 08:00:00,2026-02-23,08:00:00,46382.98047,46612.98047,46352.98047,46612.98047,0,DIRECTA
DITAS,1H,2026-02-23 09:00:00,2026-02-23,09:00:00,46622.98047,46762.98047,46457.98047,46737.98047,0,DIRECTA
DITAS,1H,2026-02-23 10:00:00,2026-02-23,10:00:00,46757.98047,46832.98047,46747.98047,46792.98047,0,DIRECTA
DITAS,1H,2026-02-23 11:00:00,2026-02-23,11:00:00,46787.98047,46887.98047,46682.98047,46832.98047,0,DIRECTA
DITAS,1H,2026-02-23 12:00:00,2026-02-23,12:00:00,46867.98047,46942.98047,46842.98047,46892.98047,0,DIRECTA
DITAS,1H,2026-02-23 13:00:00,2026-02-23,13:00:00,46897.98047,46912.98047,46822.98047,46847.98047,0,DIRECTA
DITAS,1H,2026-02-23 14:00:00,2026-02-23,14:00:00,46837.98047,46932.98047,46837.98047,46912.98047,0,DIRECTA
DITAS,1H,2026-02-23 15:00:00,2026-02-23,15:00:00,46917.98047,47102.98047,46917.98047,47022.98047,0,DIRECTA
DITAS,1H,2026-02-23 16:00:00,2026-02-23,16:00:00,47037.98047,47057.98047,46657.98047,46662.98047,0,DIRECTA
DITAS,1H,2026-02-23 17:00:00,2026-02-23,17:00:00,46672.98047,46732.98047,46622.98047,46647.98047,0,DIRECTA
DITAS,1H,2026-02-23 18:00:00,2026-02-23,18:00:00,46647.98047,46652.98047,46517.98047,46597.98047,0,DIRECTA
DITAS,1H,2026-02-23 19:00:00,2026-02-23,19:00:00,46612.98047,46707.98047,46612.98047,46647.98047,0,DIRECTA
DITAS,1H,2026-02-23 20:00:00,2026-02-23,20:00:00,46642.98047,46647.98047,46592.98047,46632.98047,0,DIRECTA
DITAS,1H,2026-02-23 21:00:00,2026-02-23,21:00:00,46632.98047,46672.98047,46612.98047,46647.98047,0,DIRECTA
DITAS,1H,2026-02-24 08:00:00,2026-02-24,08:00:00,46712.28906,46747.28906,46612.28906,46637.28906,0,DIRECTA
DITAS,1H,2026-02-24 09:00:00,2026-02-24,09:00:00,46627.28906,46667.28906,46382.28906,46552.28906,0,DIRECTA
DITAS,1H,2026-02-24 10:00:00,2026-02-24,10:00:00,46547.28906,46647.28906,46467.28906,46567.28906,0,DIRECTA
DITAS,1H,2026-02-24 11:00:00,2026-02-24,11:00:00,46562.28906,46612.28906,46452.28906,46527.28906,0,DIRECTA
DITAS,1H,2026-02-24 12:00:00,2026-02-24,12:00:00,46532.28906,46577.28906,46467.28906,46537.28906,0,DIRECTA
DITAS,1H,2026-02-24 13:00:00,2026-02-24,13:00:00,46537.28906,46557.28906,46412.28906,46467.28906,0,DIRECTA
DITAS,1H,2026-02-24 14:00:00,2026-02-24,14:00:00,46477.28906,46582.28906,46457.28906,46557.28906,0,DIRECTA
DITAS,1H,2026-02-24 15:00:00,2026-02-24,15:00:00,46537.28906,46692.28906,46467.28906,46622.28906,0,DIRECTA
DITAS,1H,2026-02-24 16:00:00,2026-02-24,16:00:00,46632.28906,46737.28906,46587.28906,46617.28906,0,DIRECTA
DITAS,1H,2026-02-24 17:00:00,2026-02-24,17:00:00,46632.28906,46697.28906,46562.28906,46682.28906,0,DIRECTA
DITAS,1H,2026-02-24 18:00:00,2026-02-24,18:00:00,46687.28906,46702.28906,46667.28906,46692.28906,0,DIRECTA
DITAS,1H,2026-02-24 19:00:00,2026-02-24,19:00:00,46697.28906,46762.28906,46697.28906,46737.28906,0,DIRECTA
DITAS,1H,2026-02-24 20:00:00,2026-02-24,20:00:00,46737.28906,46752.28906,46707.28906,46747.28906,0,DIRECTA
DITAS,1H,2026-02-24 21:00:00,2026-02-24,21:00:00,46752.28906,46827.28906,46737.28906,46792.28906,0,DIRECTA
DITAS,1H,2026-02-25 08:00:00,2026-02-25,08:00:00,46859.28906,46989.28906,46844.28906,46944.28906,0,DIRECTA
DITAS,1H,2026-02-25 09:00:00,2026-02-25,09:00:00,46929.28906,47144.28906,46904.28906,47139.28906,0,DIRECTA
DITAS,1H,2026-02-25 10:00:00,2026-02-25,10:00:00,47144.28906,47154.28906,47049.28906,47134.28906,0,DIRECTA
DITAS,1H,2026-02-25 11:00:00,2026-02-25,11:00:00,47144.28906,47154.28906,47104.28906,47129.28906,0,DIRECTA
DITAS,1H,2026-02-25 12:00:00,2026-02-25,12:00:00,47139.28906,47164.28906,47064.28906,47149.28906,0,DIRECTA
DITAS,1H,2026-02-25 13:00:00,2026-02-25,13:00:00,47144.28906,47164.28906,47124.28906,47144.28906,0,DIRECTA
DITAS,1H,2026-02-25 14:00:00,2026-02-25,14:00:00,47154.28906,47164.28906,47099.28906,47154.28906,0,DIRECTA
DITAS,1H,2026-02-25 15:00:00,2026-02-25,15:00:00,47154.28906,47169.28906,47009.28906,47019.28906,0,DIRECTA
DITAS,1H,2026-02-25 16:00:00,2026-02-25,16:00:00,47014.28906,47129.28906,46954.28906,47119.28906,0,DIRECTA
DITAS,1H,2026-02-25 17:00:00,2026-02-25,17:00:00,47119.28906,47209.28906,47089.28906,47174.28906,0,DIRECTA
DITAS,1H,2026-02-25 18:00:00,2026-02-25,18:00:00,47184.28906,47249.28906,47179.28906,47234.28906,0,DIRECTA
DITAS,1H,2026-02-25 19:00:00,2026-02-25,19:00:00,47234.28906,47234.28906,47204.28906,47229.28906,0,DIRECTA
DITAS,1H,2026-02-25 20:00:00,2026-02-25,20:00:00,47234.28906,47249.28906,47229.28906,47239.28906,0,DIRECTA
DITAS,1H,2026-02-25 21:00:00,2026-02-25,21:00:00,47244.28906,47299.28906,47244.28906,47264.28906,0,DIRECTA
DITAS,1H,2026-02-26 08:00:00,2026-02-26,08:00:00,47154.44141,47219.44141,47094.44141,47099.44141,0,DIRECTA
DITAS,1H,2026-02-26 09:00:00,2026-02-26,09:00:00,47139.44141,47274.44141,47049.44141,47254.44141,0,DIRECTA
DITAS,1H,2026-02-26 10:00:00,2026-02-26,10:00:00,47259.44141,47279.44141,47094.44141,47214.44141,0,DIRECTA
DITAS,1H,2026-02-26 11:00:00,2026-02-26,11:00:00,47224.44141,47249.44141,47144.44141,47204.44141,0,DIRECTA
DITAS,1H,2026-02-26 12:00:00,2026-02-26,12:00:00,47194.44141,47314.44141,47194.44141,47294.44141,0,DIRECTA
DITAS,1H,2026-02-26 13:00:00,2026-02-26,13:00:00,47309.44141,47319.44141,47249.44141,47269.44141,0,DIRECTA
DITAS,1H,2026-02-26 14:00:00,2026-02-26,14:00:00,47264.44141,47409.44141,47254.44141,47349.44141,0,DIRECTA
DITAS,1H,2026-02-26 15:00:00,2026-02-26,15:00:00,47354.44141,47429.44141,47299.44141,47314.44141,0,DIRECTA
DITAS,1H,2026-02-26 16:00:00,2026-02-26,16:00:00,47339.44141,47399.44141,47229.44141,47364.44141,0,DIRECTA
DITAS,1H,2026-02-26 17:00:00,2026-02-26,17:00:00,47384.44141,47449.44141,47304.44141,47304.44141,0,DIRECTA
DITAS,1H,2026-02-26 18:00:00,2026-02-26,18:00:00,47319.44141,47334.44141,47249.44141,47279.44141,0,DIRECTA
DITAS,1H,2026-02-26 19:00:00,2026-02-26,19:00:00,47274.44141,47414.44141,47259.44141,47374.44141,0,DIRECTA
DITAS,1H,2026-02-26 20:00:00,2026-02-26,20:00:00,47364.44141,47434.44141,47364.44141,47424.44141,0,DIRECTA
DITAS,1H,2026-02-26 21:00:00,2026-02-26,21:00:00,47424.44141,47489.44141,47424.44141,47479.44141,0,DIRECTA
DITAS,1H,2026-02-27 08:00:00,2026-02-27,08:00:00,47424.94141,47574.94141,47389.94141,47514.94141,0,DIRECTA
DITAS,1H,2026-02-27 09:00:00,2026-02-27,09:00:00,47499.94141,47619.94141,47334.94141,47584.94141,0,DIRECTA
DITAS,1H,2026-02-27 10:00:00,2026-02-27,10:00:00,47604.94141,47659.94141,47419.94141,47449.94141,0,DIRECTA
DITAS,1H,2026-02-27 11:00:00,2026-02-27,11:00:00,47454.94141,47529.94141,47419.94141,47459.94141,0,DIRECTA
DITAS,1H,2026-02-27 12:00:00,2026-02-27,12:00:00,47464.94141,47504.94141,47429.94141,47474.94141,0,DIRECTA
DITAS,1H,2026-02-27 13:00:00,2026-02-27,13:00:00,47469.94141,47489.94141,47369.94141,47419.94141,0,DIRECTA
DITAS,1H,2026-02-27 14:00:00,2026-02-27,14:00:00,47424.94141,47434.94141,47149.94141,47314.94141,0,DIRECTA
DITAS,1H,2026-02-27 15:00:00,2026-02-27,15:00:00,47314.94141,47384.94141,47124.94141,47129.94141,0,DIRECTA
DITAS,1H,2026-02-27 16:00:00,2026-02-27,16:00:00,47129.94141,47294.94141,47114.94141,47239.94141,0,DIRECTA
DITAS,1H,2026-02-27 17:00:00,2026-02-27,17:00:00,47249.94141,47279.94141,46994.94141,47004.94141,0,DIRECTA
DITAS,1H,2026-02-27 18:00:00,2026-02-27,18:00:00,46999.94141,47084.94141,46884.94141,46919.94141,0,DIRECTA
DITAS,1H,2026-02-27 19:00:00,2026-02-27,19:00:00,46939.94141,46939.94141,46864.94141,46914.94141,0,DIRECTA
DITAS,1H,2026-02-27 20:00:00,2026-02-27,20:00:00,46914.94141,46944.94141,46804.94141,46804.94141,0,DIRECTA
DITAS,1H,2026-02-27 21:00:00,2026-02-27,21:00:00,46809.94141,46924.94141,46809.94141,46909.94141,0,DIRECTA
DITAS,1H,2026-03-02 08:00:00,2026-03-02,08:00:00,46343.89063,46368.89063,45958.89063,46038.89063,0,DIRECTA
DITAS,1H,2026-03-02 09:00:00,2026-03-02,09:00:00,46043.89063,46268.89063,45838.89063,46163.89063,0,DIRECTA
DITAS,1H,2026-03-02 10:00:00,2026-03-02,10:00:00,46183.89063,46378.89063,46073.89063,46278.89063,0,DIRECTA
DITAS,1H,2026-03-02 11:00:00,2026-03-02,11:00:00,46273.89063,46448.89063,46243.89063,46403.89063,0,DIRECTA
DITAS,1H,2026-03-02 12:00:00,2026-03-02,12:00:00,46418.89063,46503.89063,46308.89063,46348.89063,0,DIRECTA
DITAS,1H,2026-03-02 13:00:00,2026-03-02,13:00:00,46363.89063,46393.89063,46158.89063,46218.89063,0,DIRECTA
DITAS,1H,2026-03-02 14:00:00,2026-03-02,14:00:00,46223.89063,46228.89063,45968.89063,46008.89063,0,DIRECTA
DITAS,1H,2026-03-02 15:00:00,2026-03-02,15:00:00,46003.89063,46223.89063,45953.89063,46093.89063,0,DIRECTA
DITAS,1H,2026-03-02 16:00:00,2026-03-02,16:00:00,46108.89063,46258.89063,46043.89063,46073.89063,0,DIRECTA
DITAS,1H,2026-03-02 17:00:00,2026-03-02,17:00:00,46058.89063,46388.89063,46048.89063,46358.89063,0,DIRECTA
DITAS,1H,2026-03-02 18:00:00,2026-03-02,18:00:00,46358.89063,46418.89063,46333.89063,46393.89063,0,DIRECTA
DITAS,1H,2026-03-02 19:00:00,2026-03-02,19:00:00,46388.89063,46393.89063,46308.89063,46308.89063,0,DIRECTA
DITAS,1H,2026-03-02 20:00:00,2026-03-02,20:00:00,46318.89063,46428.89063,46298.89063,46423.89063,0,DIRECTA
DITAS,1H,2026-03-02 21:00:00,2026-03-02,21:00:00,46428.89063,46428.89063,46223.89063,46358.89063,0,DIRECTA
DITAS,1H,2026-03-03 08:00:00,2026-03-03,08:00:00,45959.39844,46029.39844,45649.39844,45709.39844,0,DIRECTA
DITAS,1H,2026-03-03 09:00:00,2026-03-03,09:00:00,45724.39844,45724.39844,44499.39844,44539.39844,0,DIRECTA
DITAS,1H,2026-03-03 10:00:00,2026-03-03,10:00:00,44564.39844,44839.39844,44514.39844,44624.39844,0,DIRECTA
DITAS,1H,2026-03-03 11:00:00,2026-03-03,11:00:00,44624.39844,44634.39844,44019.39844,44374.39844,0,DIRECTA
DITAS,1H,2026-03-03 12:00:00,2026-03-03,12:00:00,44349.39844,44479.39844,44159.39844,44444.39844,0,DIRECTA
DITAS,1H,2026-03-03 13:00:00,2026-03-03,13:00:00,44439.39844,44664.39844,44359.39844,44609.39844,0,DIRECTA
DITAS,1H,2026-03-03 14:00:00,2026-03-03,14:00:00,44619.39844,44619.39844,44289.39844,44299.39844,0,DIRECTA
DITAS,1H,2026-03-03 15:00:00,2026-03-03,15:00:00,44299.39844,44379.39844,44059.39844,44114.39844,0,DIRECTA
DITAS,1H,2026-03-03 16:00:00,2026-03-03,16:00:00,44129.39844,44389.39844,44024.39844,44374.39844,0,DIRECTA
DITAS,1H,2026-03-03 17:00:00,2026-03-03,17:00:00,44369.39844,44684.39844,44274.39844,44599.39844,0,DIRECTA
DITAS,1H,2026-03-03 18:00:00,2026-03-03,18:00:00,44579.39844,44709.39844,44469.39844,44654.39844,0,DIRECTA
DITAS,1H,2026-03-03 19:00:00,2026-03-03,19:00:00,44659.39844,44969.39844,44659.39844,44904.39844,0,DIRECTA
DITAS,1H,2026-03-03 20:00:00,2026-03-03,20:00:00,44914.39844,45074.39844,44804.39844,45039.39844,0,DIRECTA
DITAS,1H,2026-03-03 21:00:00,2026-03-03,21:00:00,45034.39844,45094.39844,44939.39844,44949.39844,0,DIRECTA
DITAS,1H,2026-03-04 08:00:00,2026-03-04,08:00:00,44596.46094,44801.46094,44376.46094,44511.46094,0,DIRECTA
DITAS,1H,2026-03-04 09:00:00,2026-03-04,09:00:00,44476.46094,44696.46094,44321.46094,44441.46094,0,DIRECTA
DITAS,1H,2026-03-04 10:00:00,2026-03-04,10:00:00,44421.46094,44866.46094,44361.46094,44861.46094,0,DIRECTA
DITAS,1H,2026-03-04 11:00:00,2026-03-04,11:00:00,44836.46094,45111.46094,44796.46094,45086.46094,0,DIRECTA
DITAS,1H,2026-03-04 12:00:00,2026-03-04,12:00:00,45091.46094,45256.46094,45041.46094,45076.46094,0,DIRECTA
DITAS,1H,2026-03-04 13:00:00,2026-03-04,13:00:00,45071.46094,45151.46094,44921.46094,45121.46094,0,DIRECTA
DITAS,1H,2026-03-04 14:00:00,2026-03-04,14:00:00,45136.46094,45296.46094,45136.46094,45236.46094,0,DIRECTA
DITAS,1H,2026-03-04 15:00:00,2026-03-04,15:00:00,45241.46094,45296.46094,45106.46094,45241.46094,0,DIRECTA
DITAS,1H,2026-03-04 16:00:00,2026-03-04,16:00:00,45256.46094,45491.46094,45256.46094,45466.46094,0,DIRECTA
DITAS,1H,2026-03-04 17:00:00,2026-03-04,17:00:00,45466.46094,45516.46094,45256.46094,45356.46094,0,DIRECTA
DITAS,1H,2026-03-04 18:00:00,2026-03-04,18:00:00,45351.46094,45381.46094,45261.46094,45351.46094,0,DIRECTA
DITAS,1H,2026-03-04 19:00:00,2026-03-04,19:00:00,45366.46094,45446.46094,45346.46094,45436.46094,0,DIRECTA
DITAS,1H,2026-03-04 20:00:00,2026-03-04,20:00:00,45441.46094,45466.46094,45426.46094,45451.46094,0,DIRECTA
DITAS,1H,2026-03-04 21:00:00,2026-03-04,21:00:00,45446.46094,45486.46094,45411.46094,45461.46094,0,DIRECTA
DITAS,1H,2026-03-05 08:00:00,2026-03-05,08:00:00,45247.87891,45302.87891,45092.87891,45242.87891,0,DIRECTA
DITAS,1H,2026-03-05 09:00:00,2026-03-05,09:00:00,45282.87891,45282.87891,44912.87891,45202.87891,0,DIRECTA
DITAS,1H,2026-03-05 10:00:00,2026-03-05,10:00:00,45192.87891,45677.87891,45187.87891,45532.87891,0,DIRECTA
DITAS,1H,2026-03-05 11:00:00,2026-03-05,11:00:00,45522.87891,45627.87891,45442.87891,45477.87891,0,DIRECTA
DITAS,1H,2026-03-05 12:00:00,2026-03-05,12:00:00,45507.87891,45632.87891,45452.87891,45497.87891,0,DIRECTA
DITAS,1H,2026-03-05 13:00:00,2026-03-05,13:00:00,45487.87891,45487.87891,45237.87891,45257.87891,0,DIRECTA
DITAS,1H,2026-03-05 14:00:00,2026-03-05,14:00:00,45262.87891,45262.87891,45067.87891,45092.87891,0,DIRECTA
DITAS,1H,2026-03-05 15:00:00,2026-03-05,15:00:00,45092.87891,45172.87891,44967.87891,45137.87891,0,DIRECTA
DITAS,1H,2026-03-05 16:00:00,2026-03-05,16:00:00,45132.87891,45182.87891,44672.87891,44862.87891,0,DIRECTA
DITAS,1H,2026-03-05 17:00:00,2026-03-05,17:00:00,44862.87891,44877.87891,44542.87891,44727.87891,0,DIRECTA
DITAS,1H,2026-03-05 18:00:00,2026-03-05,18:00:00,44717.87891,44802.87891,44397.87891,44437.87891,0,DIRECTA
DITAS,1H,2026-03-05 19:00:00,2026-03-05,19:00:00,44422.87891,44562.87891,44382.87891,44482.87891,0,DIRECTA
DITAS,1H,2026-03-05 20:00:00,2026-03-05,20:00:00,44492.87891,44542.87891,44397.87891,44457.87891,0,DIRECTA
DITAS,1H,2026-03-05 21:00:00,2026-03-05,21:00:00,44467.87891,44702.87891,44442.87891,44657.87891,0,DIRECTA
DITAS,1H,2026-03-06 08:00:00,2026-03-06,08:00:00,44908.55078,44978.55078,44853.55078,44918.55078,0,DIRECTA
DITAS,1H,2026-03-06 09:00:00,2026-03-06,09:00:00,44858.55078,45063.55078,44648.55078,44933.55078,0,DIRECTA
DITAS,1H,2026-03-06 10:00:00,2026-03-06,10:00:00,44933.55078,44943.55078,44348.55078,44508.55078,0,DIRECTA
DITAS,1H,2026-03-06 11:00:00,2026-03-06,11:00:00,44503.55078,44668.55078,44478.55078,44478.55078,0,DIRECTA
DITAS,1H,2026-03-06 12:00:00,2026-03-06,12:00:00,44463.55078,44478.55078,44053.55078,44098.55078,0,DIRECTA
DITAS,1H,2026-03-06 13:00:00,2026-03-06,13:00:00,44093.55078,44238.55078,44043.55078,44208.55078,0,DIRECTA
DITAS,1H,2026-03-06 14:00:00,2026-03-06,14:00:00,44198.55078,44413.55078,43893.55078,43938.55078,0,DIRECTA
DITAS,1H,2026-03-06 15:00:00,2026-03-06,15:00:00,43948.55078,44003.55078,43663.55078,43798.55078,0,DIRECTA
DITAS,1H,2026-03-06 16:00:00,2026-03-06,16:00:00,43818.55078,44148.55078,43818.55078,44083.55078,0,DIRECTA
DITAS,1H,2026-03-06 17:00:00,2026-03-06,17:00:00,44068.55078,44273.55078,43998.55078,44213.55078,0,DIRECTA
DITAS,1H,2026-03-06 18:00:00,2026-03-06,18:00:00,44198.55078,44263.55078,44108.55078,44163.55078,0,DIRECTA
DITAS,1H,2026-03-06 19:00:00,2026-03-06,19:00:00,44173.55078,44348.55078,44163.55078,44278.55078,0,DIRECTA
DITAS,1H,2026-03-06 20:00:00,2026-03-06,20:00:00,44283.55078,44368.55078,44248.55078,44353.55078,0,DIRECTA
DITAS,1H,2026-03-06 21:00:00,2026-03-06,21:00:00,44358.55078,44388.55078,44198.55078,44253.55078,0,DIRECTA
DITAS,1H,2026-03-09 08:00:00,2026-03-09,08:00:00,43108.26172,43303.26172,42693.26172,42993.26172,0,DIRECTA
DITAS,1H,2026-03-09 09:00:00,2026-03-09,09:00:00,43013.26172,43208.26172,42823.26172,43048.26172,0,DIRECTA
DITAS,1H,2026-03-09 10:00:00,2026-03-09,10:00:00,43063.26172,43523.26172,42918.26172,43473.26172,0,DIRECTA
DITAS,1H,2026-03-09 11:00:00,2026-03-09,11:00:00,43478.26172,43523.26172,43263.26172,43433.26172,0,DIRECTA
DITAS,1H,2026-03-09 12:00:00,2026-03-09,12:00:00,43423.26172,43563.26172,43358.26172,43503.26172,0,DIRECTA
DITAS,1H,2026-03-09 13:00:00,2026-03-09,13:00:00,43508.26172,43688.26172,43383.26172,43448.26172,0,DIRECTA
DITAS,1H,2026-03-09 14:00:00,2026-03-09,14:00:00,43463.26172,43743.26172,43388.26172,43543.26172,0,DIRECTA
DITAS,1H,2026-03-09 15:00:00,2026-03-09,15:00:00,43543.26172,43848.26172,43343.26172,43828.26172,0,DIRECTA
DITAS,1H,2026-03-09 16:00:00,2026-03-09,16:00:00,43843.26172,44048.26172,43808.26172,43983.26172,0,DIRECTA
DITAS,1H,2026-03-09 17:00:00,2026-03-09,17:00:00,43988.26172,44158.26172,43883.26172,44108.26172,0,DIRECTA
DITAS,1H,2026-03-09 18:00:00,2026-03-09,18:00:00,44108.26172,44108.26172,43853.26172,43893.26172,0,DIRECTA
DITAS,1H,2026-03-09 19:00:00,2026-03-09,19:00:00,43913.26172,44078.26172,43913.26172,43998.26172,0,DIRECTA
DITAS,1H,2026-03-09 20:00:00,2026-03-09,20:00:00,44018.26172,44953.26172,43988.26172,44738.26172,0,DIRECTA
DITAS,1H,2026-03-09 21:00:00,2026-03-09,21:00:00,44758.26172,44828.26172,44643.26172,44798.26172,0,DIRECTA
DITAS,1H,2026-03-10 08:00:00,2026-03-10,08:00:00,44642.96094,45007.96094,44617.96094,44957.96094,0,DIRECTA
DITAS,1H,2026-03-10 09:00:00,2026-03-10,09:00:00,44942.96094,45257.96094,44917.96094,45147.96094,0,DIRECTA
DITAS,1H,2026-03-10 10:00:00,2026-03-10,10:00:00,45142.96094,45322.96094,45117.96094,45192.96094,0,DIRECTA
DITAS,1H,2026-03-10 11:00:00,2026-03-10,11:00:00,45192.96094,45267.96094,45102.96094,45257.96094,0,DIRECTA
DITAS,1H,2026-03-10 12:00:00,2026-03-10,12:00:00,45262.96094,45302.96094,44982.96094,45017.96094,0,DIRECTA
DITAS,1H,2026-03-10 13:00:00,2026-03-10,13:00:00,45002.96094,45042.96094,44792.96094,45022.96094,0,DIRECTA
DITAS,1H,2026-03-10 14:00:00,2026-03-10,14:00:00,45017.96094,45127.96094,44877.96094,44907.96094,0,DIRECTA
DITAS,1H,2026-03-10 15:00:00,2026-03-10,15:00:00,44897.96094,45397.96094,44817.96094,45382.96094,0,DIRECTA
DITAS,1H,2026-03-10 16:00:00,2026-03-10,16:00:00,45392.96094,45407.96094,45212.96094,45232.96094,0,DIRECTA
DITAS,1H,2026-03-10 17:00:00,2026-03-10,17:00:00,45222.96094,45322.96094,45147.96094,45322.96094,0,DIRECTA
DITAS,1H,2026-03-10 18:00:00,2026-03-10,18:00:00,45322.96094,45477.96094,45277.96094,45342.96094,0,DIRECTA
DITAS,1H,2026-03-10 19:00:00,2026-03-10,19:00:00,45332.96094,45347.96094,44897.96094,44952.96094,0,DIRECTA
DITAS,1H,2026-03-10 20:00:00,2026-03-10,20:00:00,44957.96094,45042.96094,44862.96094,44912.96094,0,DIRECTA
DITAS,1H,2026-03-10 21:00:00,2026-03-10,21:00:00,44897.96094,44962.96094,44882.96094,44887.96094,0,DIRECTA
DITAS,1H,2026-03-11 08:00:00,2026-03-11,08:00:00,45021.69141,45061.69141,44646.69141,44726.69141,0,DIRECTA
DITAS,1H,2026-03-11 09:00:00,2026-03-11,09:00:00,44761.69141,44946.69141,44711.69141,44761.69141,0,DIRECTA
DITAS,1H,2026-03-11 10:00:00,2026-03-11,10:00:00,44746.69141,44821.69141,44631.69141,44686.69141,0,DIRECTA
DITAS,1H,2026-03-11 11:00:00,2026-03-11,11:00:00,44686.69141,45106.69141,44681.69141,45076.69141,0,DIRECTA
DITAS,1H,2026-03-11 12:00:00,2026-03-11,12:00:00,45061.69141,45121.69141,44741.69141,44771.69141,0,DIRECTA
DITAS,1H,2026-03-11 13:00:00,2026-03-11,13:00:00,44771.69141,44836.69141,44581.69141,44676.69141,0,DIRECTA
DITAS,1H,2026-03-11 14:00:00,2026-03-11,14:00:00,44686.69141,44881.69141,44666.69141,44876.69141,0,DIRECTA
DITAS,1H,2026-03-11 15:00:00,2026-03-11,15:00:00,44871.69141,45061.69141,44706.69141,44981.69141,0,DIRECTA
DITAS,1H,2026-03-11 16:00:00,2026-03-11,16:00:00,44976.69141,44996.69141,44641.69141,44681.69141,0,DIRECTA
DITAS,1H,2026-03-11 17:00:00,2026-03-11,17:00:00,44676.69141,44866.69141,44606.69141,44861.69141,0,DIRECTA
DITAS,1H,2026-03-11 18:00:00,2026-03-11,18:00:00,44856.69141,44896.69141,44701.69141,44806.69141,0,DIRECTA
DITAS,1H,2026-03-11 19:00:00,2026-03-11,19:00:00,44796.69141,44881.69141,44741.69141,44866.69141,0,DIRECTA
DITAS,1H,2026-03-11 20:00:00,2026-03-11,20:00:00,44871.69141,44931.69141,44821.69141,44916.69141,0,DIRECTA
DITAS,1H,2026-03-11 21:00:00,2026-03-11,21:00:00,44926.69141,44926.69141,44771.69141,44791.69141,0,DIRECTA
DITAS,1H,2026-03-12 08:00:00,2026-03-12,08:00:00,44548.96094,44628.96094,44383.96094,44623.96094,0,DIRECTA
DITAS,1H,2026-03-12 09:00:00,2026-03-12,09:00:00,44618.96094,44818.96094,44528.96094,44743.96094,0,DIRECTA
DITAS,1H,2026-03-12 10:00:00,2026-03-12,10:00:00,44758.96094,44758.96094,44433.96094,44698.96094,0,DIRECTA
DITAS,1H,2026-03-12 11:00:00,2026-03-12,11:00:00,44688.96094,44718.96094,44508.96094,44508.96094,0,DIRECTA
DITAS,1H,2026-03-12 12:00:00,2026-03-12,12:00:00,44503.96094,44668.96094,44438.96094,44513.96094,0,DIRECTA
DITAS,1H,2026-03-12 13:00:00,2026-03-12,13:00:00,44533.96094,44533.96094,44278.96094,44398.96094,0,DIRECTA
DITAS,1H,2026-03-12 14:00:00,2026-03-12,14:00:00,44408.96094,44468.96094,44088.96094,44153.96094,0,DIRECTA
DITAS,1H,2026-03-12 15:00:00,2026-03-12,15:00:00,44153.96094,44253.96094,43998.96094,44178.96094,0,DIRECTA
DITAS,1H,2026-03-12 16:00:00,2026-03-12,16:00:00,44173.96094,44348.96094,43978.96094,44343.96094,0,DIRECTA
DITAS,1H,2026-03-12 17:00:00,2026-03-12,17:00:00,44343.96094,44543.96094,44243.96094,44423.96094,0,DIRECTA
DITAS,1H,2026-03-12 18:00:00,2026-03-12,18:00:00,44433.96094,44538.96094,44408.96094,44448.96094,0,DIRECTA
DITAS,1H,2026-03-12 19:00:00,2026-03-12,19:00:00,44453.96094,44518.96094,44423.96094,44423.96094,0,DIRECTA
DITAS,1H,2026-03-12 20:00:00,2026-03-12,20:00:00,44413.96094,44473.96094,44373.96094,44373.96094,0,DIRECTA
DITAS,1H,2026-03-12 21:00:00,2026-03-12,21:00:00,44368.96094,44378.96094,44348.96094,44353.96094,0,DIRECTA
DITAS,1H,2026-03-13 08:00:00,2026-03-13,08:00:00,44371.17969,44371.17969,44151.17969,44181.17969,0,DIRECTA
DITAS,1H,2026-03-13 09:00:00,2026-03-13,09:00:00,44126.17969,44221.17969,43816.17969,44211.17969,0,DIRECTA
DITAS,1H,2026-03-13 10:00:00,2026-03-13,10:00:00,44206.17969,44306.17969,44146.17969,44261.17969,0,DIRECTA
DITAS,1H,2026-03-13 11:00:00,2026-03-13,11:00:00,44246.17969,44481.17969,44246.17969,44476.17969,0,DIRECTA
DITAS,1H,2026-03-13 12:00:00,2026-03-13,12:00:00,44471.17969,44621.17969,44436.17969,44606.17969,0,DIRECTA
DITAS,1H,2026-03-13 13:00:00,2026-03-13,13:00:00,44616.17969,44816.17969,44611.17969,44716.17969,0,DIRECTA
DITAS,1H,2026-03-13 14:00:00,2026-03-13,14:00:00,44721.17969,44911.17969,44696.17969,44726.17969,0,DIRECTA
DITAS,1H,2026-03-13 15:00:00,2026-03-13,15:00:00,44731.17969,44751.17969,44451.17969,44451.17969,0,DIRECTA
DITAS,1H,2026-03-13 16:00:00,2026-03-13,16:00:00,44486.17969,44526.17969,44256.17969,44261.17969,0,DIRECTA
DITAS,1H,2026-03-13 17:00:00,2026-03-13,17:00:00,44261.17969,44361.17969,44231.17969,44261.17969,0,DIRECTA
DITAS,1H,2026-03-13 18:00:00,2026-03-13,18:00:00,44276.17969,44336.17969,44171.17969,44171.17969,0,DIRECTA
DITAS,1H,2026-03-13 19:00:00,2026-03-13,19:00:00,44186.17969,44351.17969,44171.17969,44331.17969,0,DIRECTA
DITAS,1H,2026-03-13 20:00:00,2026-03-13,20:00:00,44326.17969,44326.17969,44156.17969,44226.17969,0,DIRECTA
DITAS,1H,2026-03-13 21:00:00,2026-03-13,21:00:00,44206.17969,44206.17969,44161.17969,44161.17969,0,DIRECTA
DITAS,1H,2026-03-16 08:00:00,2026-03-16,08:00:00,44458.92188,44673.92188,44208.92188,44208.92188,0,DIRECTA
DITAS,1H,2026-03-16 09:00:00,2026-03-16,09:00:00,44178.92188,44453.92188,43988.92188,44048.92188,0,DIRECTA
DITAS,1H,2026-03-16 10:00:00,2026-03-16,10:00:00,44063.92188,44103.92188,43818.92188,43848.92188,0,DIRECTA
DITAS,1H,2026-03-16 11:00:00,2026-03-16,11:00:00,43833.92188,44178.92188,43828.92188,44168.92188,0,DIRECTA
DITAS,1H,2026-03-16 12:00:00,2026-03-16,12:00:00,44163.92188,44243.92188,44153.92188,44233.92188,0,DIRECTA
DITAS,1H,2026-03-16 13:00:00,2026-03-16,13:00:00,44228.92188,44393.92188,44228.92188,44283.92188,0,DIRECTA
DITAS,1H,2026-03-16 14:00:00,2026-03-16,14:00:00,44293.92188,44538.92188,44293.92188,44538.92188,0,DIRECTA
DITAS,1H,2026-03-16 15:00:00,2026-03-16,15:00:00,44528.92188,44568.92188,44363.92188,44498.92188,0,DIRECTA
DITAS,1H,2026-03-16 16:00:00,2026-03-16,16:00:00,44493.92188,44588.92188,44433.92188,44433.92188,0,DIRECTA
DITAS,1H,2026-03-16 17:00:00,2026-03-16,17:00:00,44433.92188,44453.92188,44308.92188,44353.92188,0,DIRECTA
DITAS,1H,2026-03-16 18:00:00,2026-03-16,18:00:00,44373.92188,44443.92188,44333.92188,44378.92188,0,DIRECTA
DITAS,1H,2026-03-16 19:00:00,2026-03-16,19:00:00,44403.92188,44488.92188,44403.92188,44468.92188,0,DIRECTA
DITAS,1H,2026-03-16 20:00:00,2026-03-16,20:00:00,44478.92188,44553.92188,44418.92188,44468.92188,0,DIRECTA
DITAS,1H,2026-03-16 21:00:00,2026-03-16,21:00:00,44488.92188,44488.92188,44443.92188,44443.92188,0,DIRECTA
DITAS,1H,2026-03-17 08:00:00,2026-03-17,08:00:00,44180.55859,44225.55859,44105.55859,44175.55859,0,DIRECTA
DITAS,1H,2026-03-17 09:00:00,2026-03-17,09:00:00,44185.55859,44440.55859,44185.55859,44395.55859,0,DIRECTA
DITAS,1H,2026-03-17 10:00:00,2026-03-17,10:00:00,44405.55859,44745.55859,44405.55859,44720.55859,0,DIRECTA
DITAS,1H,2026-03-17 11:00:00,2026-03-17,11:00:00,44715.55859,44715.55859,44600.55859,44680.55859,0,DIRECTA
DITAS,1H,2026-03-17 12:00:00,2026-03-17,12:00:00,44690.55859,44805.55859,44670.55859,44760.55859,0,DIRECTA
DITAS,1H,2026-03-17 13:00:00,2026-03-17,13:00:00,44765.55859,44960.55859,44765.55859,44910.55859,0,DIRECTA
DITAS,1H,2026-03-17 14:00:00,2026-03-17,14:00:00,44920.55859,45125.55859,44910.55859,45080.55859,0,DIRECTA
DITAS,1H,2026-03-17 15:00:00,2026-03-17,15:00:00,45065.55859,45125.55859,45040.55859,45085.55859,0,DIRECTA
DITAS,1H,2026-03-17 16:00:00,2026-03-17,16:00:00,45095.55859,45105.55859,44880.55859,44915.55859,0,DIRECTA
DITAS,1H,2026-03-17 17:00:00,2026-03-17,17:00:00,44915.55859,44940.55859,44790.55859,44845.55859,0,DIRECTA
DITAS,1H,2026-03-17 18:00:00,2026-03-17,18:00:00,44840.55859,44915.55859,44840.55859,44910.55859,0,DIRECTA
DITAS,1H,2026-03-17 19:00:00,2026-03-17,19:00:00,44920.55859,44930.55859,44850.55859,44900.55859,0,DIRECTA
DITAS,1H,2026-03-17 20:00:00,2026-03-17,20:00:00,44880.55859,44910.55859,44865.55859,44885.55859,0,DIRECTA
DITAS,1H,2026-03-17 21:00:00,2026-03-17,21:00:00,44900.55859,44920.55859,44885.55859,44895.55859,0,DIRECTA
DITAS,1H,2026-03-18 08:00:00,2026-03-18,08:00:00,45151.53906,45406.53906,45126.53906,45146.53906,0,DIRECTA
DITAS,1H,2026-03-18 09:00:00,2026-03-18,09:00:00,45121.53906,45256.53906,45036.53906,45246.53906,0,DIRECTA
DITAS,1H,2026-03-18 10:00:00,2026-03-18,10:00:00,45251.53906,45331.53906,45201.53906,45301.53906,0,DIRECTA
DITAS,1H,2026-03-18 11:00:00,2026-03-18,11:00:00,45291.53906,45361.53906,45291.53906,45306.53906,0,DIRECTA
DITAS,1H,2026-03-18 12:00:00,2026-03-18,12:00:00,45301.53906,45391.53906,45181.53906,45251.53906,0,DIRECTA
DITAS,1H,2026-03-18 13:00:00,2026-03-18,13:00:00,45256.53906,45256.53906,44721.53906,44741.53906,0,DIRECTA
DITAS,1H,2026-03-18 14:00:00,2026-03-18,14:00:00,44751.53906,44906.53906,44651.53906,44816.53906,0,DIRECTA
DITAS,1H,2026-03-18 15:00:00,2026-03-18,15:00:00,44816.53906,44866.53906,44506.53906,44646.53906,0,DIRECTA
DITAS,1H,2026-03-18 16:00:00,2026-03-18,16:00:00,44656.53906,44776.53906,44631.53906,44711.53906,0,DIRECTA
DITAS,1H,2026-03-18 17:00:00,2026-03-18,17:00:00,44711.53906,44796.53906,44646.53906,44741.53906,0,DIRECTA
DITAS,1H,2026-03-18 18:00:00,2026-03-18,18:00:00,44751.53906,44801.53906,44691.53906,44756.53906,0,DIRECTA
DITAS,1H,2026-03-18 19:00:00,2026-03-18,19:00:00,44791.53906,44821.53906,44556.53906,44556.53906,0,DIRECTA
DITAS,1H,2026-03-18 20:00:00,2026-03-18,20:00:00,44541.53906,44571.53906,44316.53906,44326.53906,0,DIRECTA
DITAS,1H,2026-03-18 21:00:00,2026-03-18,21:00:00,44341.53906,44341.53906,44161.53906,44181.53906,0,DIRECTA
DITAS,1H,2026-03-19 08:00:00,2026-03-19,08:00:00,44098.33984,44188.33984,43958.33984,44058.33984,0,DIRECTA
DITAS,1H,2026-03-19 09:00:00,2026-03-19,09:00:00,44058.33984,44233.33984,43793.33984,43883.33984,0,DIRECTA
DITAS,1H,2026-03-19 11:00:00,2026-03-19,11:00:00,43983.33984,43983.33984,43728.33984,43728.33984,0,DIRECTA
DITAS,1H,2026-03-19 12:00:00,2026-03-19,12:00:00,43743.33984,43773.33984,43593.33984,43748.33984,0,DIRECTA
DITAS,1H,2026-03-19 13:00:00,2026-03-19,13:00:00,43708.33984,43778.33984,43518.33984,43623.33984,0,DIRECTA
DITAS,1H,2026-03-19 14:00:00,2026-03-19,14:00:00,43623.33984,43718.33984,43398.33984,43693.33984,0,DIRECTA
DITAS,1H,2026-03-19 15:00:00,2026-03-19,15:00:00,43738.33984,43773.33984,43533.33984,43648.33984,0,DIRECTA
DITAS,1H,2026-03-19 16:00:00,2026-03-19,16:00:00,43653.33984,43803.33984,43613.33984,43753.33984,0,DIRECTA
DITAS,1H,2026-03-19 17:00:00,2026-03-19,17:00:00,43733.33984,43828.33984,43568.33984,43593.33984,0,DIRECTA
DITAS,1H,2026-03-19 18:00:00,2026-03-19,18:00:00,43598.33984,43668.33984,43498.33984,43598.33984,0,DIRECTA
DITAS,1H,2026-03-19 19:00:00,2026-03-19,19:00:00,43593.33984,43688.33984,43573.33984,43673.33984,0,DIRECTA
DITAS,1H,2026-03-19 20:00:00,2026-03-19,20:00:00,43728.33984,44083.33984,43728.33984,43963.33984,0,DIRECTA
DITAS,1H,2026-03-19 21:00:00,2026-03-19,21:00:00,43963.33984,44018.33984,43868.33984,43868.33984,0,DIRECTA
DITAS,1H,2026-03-20 08:00:00,2026-03-20,08:00:00,43835.37891,44190.37891,43820.37891,43975.37891,0,DIRECTA
DITAS,1H,2026-03-20 09:00:00,2026-03-20,09:00:00,44015.37891,44390.37891,44015.37891,44080.37891,0,DIRECTA
DITAS,1H,2026-03-20 10:00:00,2026-03-20,10:00:00,44065.37891,44150.37891,43700.37891,43765.37891,0,DIRECTA
DITAS,1H,2026-03-20 11:00:00,2026-03-20,11:00:00,43760.37891,43880.37891,43520.37891,43710.37891,0,DIRECTA
DITAS,1H,2026-03-20 12:00:00,2026-03-20,12:00:00,43725.37891,43965.37891,43695.37891,43890.37891,0,DIRECTA
DITAS,1H,2026-03-20 13:00:00,2026-03-20,13:00:00,43890.37891,43945.37891,43780.37891,43820.37891,0,DIRECTA
DITAS,1H,2026-03-20 14:00:00,2026-03-20,14:00:00,43830.37891,43860.37891,43485.37891,43505.37891,0,DIRECTA
DITAS,1H,2026-03-20 15:00:00,2026-03-20,15:00:00,43505.37891,43505.37891,42875.37891,42960.37891,0,DIRECTA
DITAS,1H,2026-03-20 16:00:00,2026-03-20,16:00:00,42960.37891,43070.37891,42780.37891,42925.37891,0,DIRECTA
DITAS,1H,2026-03-20 17:00:00,2026-03-20,17:00:00,42915.37891,43020.37891,42680.37891,42790.37891,0,DIRECTA
DITAS,1H,2026-03-20 18:00:00,2026-03-20,18:00:00,42805.37891,42850.37891,42655.37891,42770.37891,0,DIRECTA
DITAS,1H,2026-03-20 19:00:00,2026-03-20,19:00:00,42785.37891,42785.37891,42215.37891,42490.37891,0,DIRECTA
DITAS,1H,2026-03-20 20:00:00,2026-03-20,20:00:00,42500.37891,42610.37891,42385.37891,42590.37891,0,DIRECTA
DITAS,1H,2026-03-20 21:00:00,2026-03-20,21:00:00,42610.37891,42690.37891,42465.37891,42465.37891,0,DIRECTA
DITAS,1H,2026-03-23 08:00:00,2026-03-23,08:00:00,42045.89844,42280.89844,41710.89844,42070.89844,0,DIRECTA
DITAS,1H,2026-03-23 09:00:00,2026-03-23,09:00:00,42080.89844,42220.89844,41965.89844,42010.89844,0,DIRECTA
DITAS,1H,2026-03-23 10:00:00,2026-03-23,10:00:00,41990.89844,42005.89844,41645.89844,41785.89844,0,DIRECTA
DITAS,1H,2026-03-23 11:00:00,2026-03-23,11:00:00,41785.89844,41870.89844,41655.89844,41770.89844,0,DIRECTA
DITAS,1H,2026-03-23 12:00:00,2026-03-23,12:00:00,41785.89844,43945.89844,41785.89844,43175.89844,0,DIRECTA
DITAS,1H,2026-03-23 13:00:00,2026-03-23,13:00:00,43170.89844,43740.89844,43085.89844,43665.89844,0,DIRECTA
DITAS,1H,2026-03-23 14:00:00,2026-03-23,14:00:00,43675.89844,43740.89844,43345.89844,43655.89844,0,DIRECTA
DITAS,1H,2026-03-23 15:00:00,2026-03-23,15:00:00,43660.89844,43940.89844,43630.89844,43875.89844,0,DIRECTA
DITAS,1H,2026-03-23 16:00:00,2026-03-23,16:00:00,43860.89844,44050.89844,43275.89844,43290.89844,0,DIRECTA
DITAS,1H,2026-03-23 17:00:00,2026-03-23,17:00:00,43275.89844,43420.89844,43140.89844,43310.89844,0,DIRECTA
DITAS,1H,2026-03-23 18:00:00,2026-03-23,18:00:00,43315.89844,43700.89844,43270.89844,43625.89844,0,DIRECTA
DITAS,1H,2026-03-23 19:00:00,2026-03-23,19:00:00,43620.89844,43795.89844,43520.89844,43740.89844,0,DIRECTA
DITAS,1H,2026-03-23 20:00:00,2026-03-23,20:00:00,43730.89844,43730.89844,43495.89844,43505.89844,0,DIRECTA
DITAS,1H,2026-03-23 21:00:00,2026-03-23,21:00:00,43485.89844,43585.89844,43455.89844,43585.89844,0,DIRECTA
DITAS,1H,2026-03-24 08:00:00,2026-03-24,08:00:00,43126.80078,43401.80078,43106.80078,43286.80078,0,DIRECTA
DITAS,1H,2026-03-24 09:00:00,2026-03-24,09:00:00,43231.80078,43396.80078,42871.80078,42931.80078,0,DIRECTA
DITAS,1H,2026-03-24 10:00:00,2026-03-24,10:00:00,42916.80078,43231.80078,42776.80078,43206.80078,0,DIRECTA
DITAS,1H,2026-03-24 11:00:00,2026-03-24,11:00:00,43201.80078,43301.80078,43071.80078,43261.80078,0,DIRECTA
DITAS,1H,2026-03-24 12:00:00,2026-03-24,12:00:00,43256.80078,43396.80078,43121.80078,43361.80078,0,DIRECTA
DITAS,1H,2026-03-24 13:00:00,2026-03-24,13:00:00,43366.80078,43376.80078,42956.80078,42966.80078,0,DIRECTA
DITAS,1H,2026-03-24 14:00:00,2026-03-24,14:00:00,42966.80078,43016.80078,42761.80078,42951.80078,0,DIRECTA
DITAS,1H,2026-03-24 15:00:00,2026-03-24,15:00:00,42951.80078,43361.80078,42901.80078,43271.80078,0,DIRECTA
DITAS,1H,2026-03-24 16:00:00,2026-03-24,16:00:00,43281.80078,43451.80078,43256.80078,43256.80078,0,DIRECTA
DITAS,1H,2026-03-24 17:00:00,2026-03-24,17:00:00,43256.80078,43416.80078,43196.80078,43261.80078,0,DIRECTA
DITAS,1H,2026-03-24 18:00:00,2026-03-24,18:00:00,43261.80078,43266.80078,43016.80078,43206.80078,0,DIRECTA
DITAS,1H,2026-03-24 19:00:00,2026-03-24,19:00:00,43211.80078,43391.80078,43141.80078,43266.80078,0,DIRECTA
DITAS,1H,2026-03-24 20:00:00,2026-03-24,20:00:00,43271.80078,43361.80078,43186.80078,43186.80078,0,DIRECTA
DITAS,1H,2026-03-24 21:00:00,2026-03-24,21:00:00,43206.80078,43796.80078,43186.80078,43676.80078,0,DIRECTA
DITAS,1H,2026-03-25 08:00:00,2026-03-25,08:00:00,43704.53125,43889.53125,43649.53125,43889.53125,0,DIRECTA
DITAS,1H,2026-03-25 09:00:00,2026-03-25,09:00:00,43884.53125,44159.53125,43744.53125,44039.53125,0,DIRECTA
DITAS,1H,2026-03-25 10:00:00,2026-03-25,10:00:00,44024.53125,44109.53125,43884.53125,43994.53125,0,DIRECTA
DITAS,1H,2026-03-25 11:00:00,2026-03-25,11:00:00,43999.53125,44094.53125,43994.53125,44064.53125,0,DIRECTA
DITAS,1H,2026-03-25 12:00:00,2026-03-25,12:00:00,44069.53125,44194.53125,44029.53125,44174.53125,0,DIRECTA
DITAS,1H,2026-03-25 13:00:00,2026-03-25,13:00:00,44189.53125,44244.53125,43854.53125,44049.53125,0,DIRECTA
DITAS,1H,2026-03-25 14:00:00,2026-03-25,14:00:00,44059.53125,44159.53125,43929.53125,43964.53125,0,DIRECTA
DITAS,1H,2026-03-25 15:00:00,2026-03-25,15:00:00,43954.53125,44144.53125,43879.53125,44019.53125,0,DIRECTA
DITAS,1H,2026-03-25 16:00:00,2026-03-25,16:00:00,44034.53125,44064.53125,43739.53125,43919.53125,0,DIRECTA
DITAS,1H,2026-03-25 17:00:00,2026-03-25,17:00:00,43914.53125,44074.53125,43844.53125,44044.53125,0,DIRECTA
DITAS,1H,2026-03-25 18:00:00,2026-03-25,18:00:00,44049.53125,44129.53125,44009.53125,44039.53125,0,DIRECTA
DITAS,1H,2026-03-25 19:00:00,2026-03-25,19:00:00,44024.53125,44054.53125,43919.53125,43979.53125,0,DIRECTA
DITAS,1H,2026-03-25 20:00:00,2026-03-25,20:00:00,43984.53125,44049.53125,43944.53125,43974.53125,0,DIRECTA
DITAS,1H,2026-03-25 21:00:00,2026-03-25,21:00:00,43989.53125,44019.53125,43959.53125,43974.53125,0,DIRECTA
DITAS,1H,2026-03-26 08:00:00,2026-03-26,08:00:00,43783.28906,43818.28906,43648.28906,43748.28906,0,DIRECTA
DITAS,1H,2026-03-26 09:00:00,2026-03-26,09:00:00,43748.28906,43808.28906,43588.28906,43658.28906,0,DIRECTA
DITAS,1H,2026-03-26 10:00:00,2026-03-26,10:00:00,43673.28906,43673.28906,43368.28906,43493.28906,0,DIRECTA
DITAS,1H,2026-03-26 11:00:00,2026-03-26,11:00:00,43478.28906,43683.28906,43438.28906,43618.28906,0,DIRECTA
DITAS,1H,2026-03-26 12:00:00,2026-03-26,12:00:00,43618.28906,43668.28906,43458.28906,43458.28906,0,DIRECTA
DITAS,1H,2026-03-26 13:00:00,2026-03-26,13:00:00,43463.28906,43588.28906,43428.28906,43518.28906,0,DIRECTA
DITAS,1H,2026-03-26 14:00:00,2026-03-26,14:00:00,43518.28906,43768.28906,43458.28906,43758.28906,0,DIRECTA
DITAS,1H,2026-03-26 15:00:00,2026-03-26,15:00:00,43758.28906,43923.28906,43648.28906,43738.28906,0,DIRECTA
DITAS,1H,2026-03-26 16:00:00,2026-03-26,16:00:00,43738.28906,43778.28906,43598.28906,43733.28906,0,DIRECTA
DITAS,1H,2026-03-26 17:00:00,2026-03-26,17:00:00,43718.28906,43798.28906,43578.28906,43653.28906,0,DIRECTA
DITAS,1H,2026-03-26 18:00:00,2026-03-26,18:00:00,43653.28906,43698.28906,43538.28906,43543.28906,0,DIRECTA
DITAS,1H,2026-03-26 19:00:00,2026-03-26,19:00:00,43558.28906,43623.28906,43548.28906,43598.28906,0,DIRECTA
DITAS,1H,2026-03-26 20:00:00,2026-03-26,20:00:00,43608.28906,43608.28906,43423.28906,43438.28906,0,DIRECTA
DITAS,1H,2026-03-26 21:00:00,2026-03-26,21:00:00,43448.28906,43863.28906,43438.28906,43568.28906,0,DIRECTA
DITAS,1H,2026-03-27 08:00:00,2026-03-27,08:00:00,43708.83984,43828.83984,43698.83984,43813.83984,0,DIRECTA
DITAS,1H,2026-03-27 09:00:00,2026-03-27,09:00:00,43823.83984,43883.83984,43338.83984,43393.83984,0,DIRECTA
DITAS,1H,2026-03-27 10:00:00,2026-03-27,10:00:00,43393.83984,43408.83984,43168.83984,43193.83984,0,DIRECTA
DITAS,1H,2026-03-27 11:00:00,2026-03-27,11:00:00,43193.83984,43323.83984,43088.83984,43093.83984,0,DIRECTA
DITAS,1H,2026-03-27 12:00:00,2026-03-27,12:00:00,43103.83984,43273.83984,42993.83984,43203.83984,0,DIRECTA
DITAS,1H,2026-03-27 13:00:00,2026-03-27,13:00:00,43218.83984,43348.83984,43173.83984,43293.83984,0,DIRECTA
DITAS,1H,2026-03-27 14:00:00,2026-03-27,14:00:00,43293.83984,43368.83984,43183.83984,43218.83984,0,DIRECTA
DITAS,1H,2026-03-27 15:00:00,2026-03-27,15:00:00,43223.83984,43373.83984,43223.83984,43298.83984,0,DIRECTA
DITAS,1H,2026-03-27 16:00:00,2026-03-27,16:00:00,43293.83984,43528.83984,43223.83984,43393.83984,0,DIRECTA
DITAS,1H,2026-03-27 17:00:00,2026-03-27,17:00:00,43393.83984,43428.83984,43278.83984,43378.83984,0,DIRECTA
DITAS,1H,2026-03-27 18:00:00,2026-03-27,18:00:00,43363.83984,43443.83984,43213.83984,43223.83984,0,DIRECTA
DITAS,1H,2026-03-27 19:00:00,2026-03-27,19:00:00,43223.83984,43233.83984,43143.83984,43168.83984,0,DIRECTA
DITAS,1H,2026-03-27 20:00:00,2026-03-27,20:00:00,43173.83984,43178.83984,43048.83984,43178.83984,0,DIRECTA
DITAS,1H,2026-03-27 21:00:00,2026-03-27,21:00:00,43143.83984,43148.83984,42978.83984,42993.83984,0,DIRECTA
DITAS,1H,2026-03-30 08:00:00,2026-03-30,08:00:00,43074.10156,43349.10156,43029.10156,43294.10156,0,DIRECTA
DITAS,1H,2026-03-30 09:00:00,2026-03-30,09:00:00,43299.10156,43429.10156,43174.10156,43424.10156,0,DIRECTA
DITAS,1H,2026-03-30 10:00:00,2026-03-30,10:00:00,43409.10156,43604.10156,43364.10156,43589.10156,0,DIRECTA
DITAS,1H,2026-03-30 11:00:00,2026-03-30,11:00:00,43599.10156,43599.10156,43344.10156,43429.10156,0,DIRECTA
DITAS,1H,2026-03-30 12:00:00,2026-03-30,12:00:00,43434.10156,43574.10156,43394.10156,43559.10156,0,DIRECTA
DITAS,1H,2026-03-30 13:00:00,2026-03-30,13:00:00,43579.10156,43884.10156,43574.10156,43599.10156,0,DIRECTA
DITAS,1H,2026-03-30 14:00:00,2026-03-30,14:00:00,43614.10156,43749.10156,43569.10156,43714.10156,0,DIRECTA
DITAS,1H,2026-03-30 15:00:00,2026-03-30,15:00:00,43724.10156,43754.10156,43574.10156,43599.10156,0,DIRECTA
DITAS,1H,2026-03-30 16:00:00,2026-03-30,16:00:00,43609.10156,43794.10156,43599.10156,43794.10156,0,DIRECTA
DITAS,1H,2026-03-30 17:00:00,2026-03-30,17:00:00,43809.10156,43939.10156,43669.10156,43874.10156,0,DIRECTA
DITAS,1H,2026-03-30 18:00:00,2026-03-30,18:00:00,43864.10156,43864.10156,43699.10156,43709.10156,0,DIRECTA
DITAS,1H,2026-03-30 19:00:00,2026-03-30,19:00:00,43709.10156,43729.10156,43544.10156,43594.10156,0,DIRECTA
DITAS,1H,2026-03-30 20:00:00,2026-03-30,20:00:00,43604.10156,43639.10156,43514.10156,43519.10156,0,DIRECTA
DITAS,1H,2026-03-30 21:00:00,2026-03-30,21:00:00,43524.10156,43544.10156,43374.10156,43544.10156,0,DIRECTA
DITAS,1H,2026-03-31 08:00:00,2026-03-31,08:00:00,43893.23828,43903.23828,43698.23828,43783.23828,0,DIRECTA
DITAS,1H,2026-03-31 09:00:00,2026-03-31,09:00:00,43813.23828,44113.23828,43633.23828,44103.23828,0,DIRECTA
DITAS,1H,2026-03-31 10:00:00,2026-03-31,10:00:00,44113.23828,44203.23828,43988.23828,44013.23828,0,DIRECTA
DITAS,1H,2026-03-31 11:00:00,2026-03-31,11:00:00,44018.23828,44143.23828,44008.23828,44098.23828,0,DIRECTA
DITAS,1H,2026-03-31 12:00:00,2026-03-31,12:00:00,44098.23828,44168.23828,43888.23828,44058.23828,0,DIRECTA
DITAS,1H,2026-03-31 13:00:00,2026-03-31,13:00:00,44058.23828,44328.23828,43998.23828,44253.23828,0,DIRECTA
DITAS,1H,2026-03-31 14:00:00,2026-03-31,14:00:00,44258.23828,44398.23828,44098.23828,44303.23828,0,DIRECTA
DITAS,1H,2026-03-31 15:00:00,2026-03-31,15:00:00,44308.23828,44433.23828,44153.23828,44423.23828,0,DIRECTA
DITAS,1H,2026-03-31 16:00:00,2026-03-31,16:00:00,44393.23828,44423.23828,44213.23828,44233.23828,0,DIRECTA
DITAS,1H,2026-03-31 17:00:00,2026-03-31,17:00:00,44253.23828,44418.23828,44168.23828,44203.23828,0,DIRECTA
DITAS,1H,2026-03-31 18:00:00,2026-03-31,18:00:00,44193.23828,45363.23828,44188.23828,44808.23828,0,DIRECTA
DITAS,1H,2026-03-31 19:00:00,2026-03-31,19:00:00,44808.23828,44858.23828,44683.23828,44693.23828,0,DIRECTA
DITAS,1H,2026-03-31 20:00:00,2026-03-31,20:00:00,44698.23828,44788.23828,44698.23828,44763.23828,0,DIRECTA
DITAS,1H,2026-03-31 21:00:00,2026-03-31,21:00:00,44778.23828,45018.23828,44758.23828,45013.23828,0,DIRECTA
DITAS,1H,2026-04-01 08:00:00,2026-04-01,08:00:00,45128.71094,45413.71094,45043.71094,45388.71094,0,DIRECTA
DITAS,1H,2026-04-01 09:00:00,2026-04-01,09:00:00,45403.71094,45628.71094,45343.71094,45438.71094,0,DIRECTA
DITAS,1H,2026-04-01 10:00:00,2026-04-01,10:00:00,45418.71094,45693.71094,45378.71094,45613.71094,0,DIRECTA
DITAS,1H,2026-04-01 11:00:00,2026-04-01,11:00:00,45608.71094,45668.71094,45383.71094,45583.71094,0,DIRECTA
DITAS,1H,2026-04-01 12:00:00,2026-04-01,12:00:00,45578.71094,45708.71094,45473.71094,45698.71094,0,DIRECTA
DITAS,1H,2026-04-01 13:00:00,2026-04-01,13:00:00,45698.71094,45808.71094,45688.71094,45763.71094,0,DIRECTA
DITAS,1H,2026-04-01 14:00:00,2026-04-01,14:00:00,45773.71094,45948.71094,45583.71094,45603.71094,0,DIRECTA
DITAS,1H,2026-04-01 15:00:00,2026-04-01,15:00:00,45598.71094,45773.71094,45568.71094,45703.71094,0,DIRECTA
DITAS,1H,2026-04-01 16:00:00,2026-04-01,16:00:00,45703.71094,45753.71094,45593.71094,45703.71094,0,DIRECTA
DITAS,1H,2026-04-01 17:00:00,2026-04-01,17:00:00,45693.71094,45853.71094,45623.71094,45833.71094,0,DIRECTA
DITAS,1H,2026-04-01 18:00:00,2026-04-01,18:00:00,45828.71094,45838.71094,45738.71094,45818.71094,0,DIRECTA
DITAS,1H,2026-04-01 19:00:00,2026-04-01,19:00:00,45823.71094,45853.71094,45753.71094,45753.71094,0,DIRECTA
DITAS,1H,2026-04-01 20:00:00,2026-04-01,20:00:00,45758.71094,45758.71094,45503.71094,45538.71094,0,DIRECTA
DITAS,1H,2026-04-01 21:00:00,2026-04-01,21:00:00,45548.71094,45788.71094,45538.71094,45733.71094,0,DIRECTA
DITAS,1H,2026-04-02 08:00:00,2026-04-02,08:00:00,45044.94922,45119.94922,44864.94922,44999.94922,0,DIRECTA
DITAS,1H,2026-04-02 09:00:00,2026-04-02,09:00:00,45044.94922,45304.94922,44939.94922,45299.94922,0,DIRECTA
DITAS,1H,2026-04-02 10:00:00,2026-04-02,10:00:00,45304.94922,45309.94922,45154.94922,45259.94922,0,DIRECTA
DITAS,1H,2026-04-02 11:00:00,2026-04-02,11:00:00,45254.94922,45269.94922,45089.94922,45159.94922,0,DIRECTA
DITAS,1H,2026-04-02 12:00:00,2026-04-02,12:00:00,45144.94922,45169.94922,45009.94922,45069.94922,0,DIRECTA
DITAS,1H,2026-04-02 13:00:00,2026-04-02,13:00:00,45059.94922,45114.94922,44904.94922,44904.94922,0,DIRECTA
DITAS,1H,2026-04-02 14:00:00,2026-04-02,14:00:00,44899.94922,44949.94922,44764.94922,44859.94922,0,DIRECTA
DITAS,1H,2026-04-02 15:00:00,2026-04-02,15:00:00,44869.94922,45174.94922,44804.94922,45154.94922,0,DIRECTA
DITAS,1H,2026-04-02 16:00:00,2026-04-02,16:00:00,45164.94922,45709.94922,45099.94922,45564.94922,0,DIRECTA
DITAS,1H,2026-04-02 17:00:00,2026-04-02,17:00:00,45569.94922,45669.94922,45444.94922,45589.94922,0,DIRECTA
DITAS,1H,2026-04-02 18:00:00,2026-04-02,18:00:00,45604.94922,45644.94922,45509.94922,45584.94922,0,DIRECTA
DITAS,1H,2026-04-02 19:00:00,2026-04-02,19:00:00,45584.94922,45724.94922,45569.94922,45619.94922,0,DIRECTA
DITAS,1H,2026-04-02 20:00:00,2026-04-02,20:00:00,45624.94922,45739.94922,45624.94922,45694.94922,0,DIRECTA
DITAS,1H,2026-04-02 21:00:00,2026-04-02,21:00:00,45699.94922,45904.94922,45694.94922,45839.94922,0,DIRECTA
